

================================================================
== Synthesis Summary Report of 'myproject'
================================================================
+ General Information: 
    * Date:           Mon Aug  3 11:07:23 2026
    * Version:        2023.2 (Build 4023990 on Oct 11 2023)
    * Project:        myproject_prj
    * Solution:       solution1 (Vivado IP Flow Target)
    * Product family: virtexu
    * Target device:  xcvu080-ffvb2104-2-e
    

+ Performance & Resource Estimates: 
    
    PS: '+' for module; 'o' for loop; '*' for dataflow
    +---------------------------------------------------------------------------------+------+------+---------+-----------+----------+---------+------+----------+----------+-----------+--------------+--------------+-----+
    |                                     Modules                                     | Issue|      | Latency |  Latency  | Iteration|         | Trip |          |          |           |              |              |     |
    |                                     & Loops                                     | Type | Slack| (cycles)|    (ns)   |  Latency | Interval| Count| Pipelined|   BRAM   |    DSP    |      FF      |      LUT     | URAM|
    +---------------------------------------------------------------------------------+------+------+---------+-----------+----------+---------+------+----------+----------+-----------+--------------+--------------+-----+
    |+ myproject*                                                                     |     -|  0.02|     4518|  2.259e+04|         -|     4483|     -|  dataflow|  281 (9%)|  291 (43%)|  124370 (13%)|  158711 (35%)|    -|
    | + zeropad2d_cl_array_ap_uint_1_1u_array_ap_uint_1_1u_config19_s                 |     -|  0.82|     1001|  5.005e+03|         -|     1001|     -|        no|         -|          -|      83 (~0%)|     779 (~0%)|    -|
    |  + zeropad2d_cl_array_array_ap_uint_1_1u_config19_Pipeline_PadTopWidth          |     -|  1.53|       40|    200.000|         -|       40|     -|        no|         -|          -|       9 (~0%)|      75 (~0%)|    -|
    |   o PadTopWidth                                                                 |     -|  3.65|       38|    190.000|         2|        1|    38|       yes|         -|          -|             -|             -|    -|
    |  + zeropad2d_cl_array_array_ap_uint_1_1u_config19_Pipeline_PadMain              |     -|  0.82|      914|  4.570e+03|         -|      914|     -|        no|         -|          -|      52 (~0%)|     517 (~0%)|    -|
    |   o PadMain                                                                     |    II|  3.65|      912|  4.560e+03|        39|       38|    24|       yes|         -|          -|             -|             -|    -|
    |  + zeropad2d_cl_array_array_ap_uint_1_1u_config19_Pipeline_PadBottomWidth       |     -|  1.53|       40|    200.000|         -|       40|     -|        no|         -|          -|       9 (~0%)|      75 (~0%)|    -|
    |   o PadBottomWidth                                                              |     -|  3.65|       38|    190.000|         2|        1|    38|       yes|         -|          -|             -|             -|    -|
    | + conv_2d_cl_array_ap_uint_1u_array_ap_fixed_22_13_5_3_0_12u_config2_s          |     -|  0.02|     2967|  1.484e+04|         -|     2967|     -|        no|         -|          -|     967 (~0%)|    3436 (~0%)|    -|
    |  o ReadInputHeight_ReadInputWidth                                               |    II|  3.65|     2965|  1.482e+04|         5|        3|   988|       yes|         -|          -|             -|             -|    -|
    |   + compute_output_buffer_2d_array_array_ap_fixed_22_13_5_3_0_12u_config2_s     |    II|  0.02|        3|     15.000|         -|        3|     -|       yes|         -|          -|     948 (~0%)|    3278 (~0%)|    -|
    |    + shift_line_buffer_array_ap_uint_1_1u_config2_s                             |    II|  1.95|        0|      0.000|         -|        1|     -|       yes|         -|          -|     129 (~0%)|     118 (~0%)|    -|
    |    + dense_latency_ap_uint_1_ap_fixed_22_13_5_3_0_config2_mult_s                |     -|  0.02|        1|      5.000|         -|        1|     -|       yes|         -|          -|     378 (~0%)|    2564 (~0%)|    -|
    | + normalize_array_ap_fixed_12u_array_ap_fixed_39_20_5_3_0_12u_config4_s         |     -|  0.30|      870|  4.350e+03|         -|      870|     -|        no|         -|    11 (1%)|    2561 (~0%)|    2268 (~0%)|    -|
    |  o BatchNormLoop                                                                |     -|  3.65|      868|  4.340e+03|         6|        1|   864|       yes|         -|          -|             -|             -|    -|
    | + relu_array_ap_fixed_12u_array_ap_ufixed_16_6_4_0_0_12u_relu_config5_s         |     -|  0.33|      868|  4.340e+03|         -|      868|     -|        no|         -|          -|     750 (~0%)|    2851 (~0%)|    -|
    |  o ReLUActLoop                                                                  |     -|  3.65|      866|  4.330e+03|         4|        1|   864|       yes|         -|          -|             -|             -|    -|
    | + pooling2d_cl_array_array_ap_ufixed_16_6_4_0_0_12u_config6_s                   |     -|  0.04|     1731|  8.655e+03|         -|     1731|     -|        no|         -|          -|    1912 (~0%)|    2869 (~0%)|    -|
    |  o ReadInputHeight_ReadInputWidth                                               |    II|  3.65|     1729|  8.645e+03|         4|        2|   864|       yes|         -|          -|             -|             -|    -|
    |   + shift_line_buffer_array_ap_ufixed_16_6_4_0_0_12u_config6_s                  |    II|  2.80|        0|      0.000|         -|        1|     -|       yes|         -|          -|     769 (~0%)|     600 (~0%)|    -|
    | + zeropad2d_cl_array_array_ap_ufixed_16_6_4_0_0_12u_config20_s                  |     -|  1.61|      293|  1.465e+03|         -|      293|     -|        no|         -|          -|     253 (~0%)|     502 (~0%)|    -|
    |  + zeropad2d_cl_array_array_ap_ufixed_12u_config20_Pipeline_PadTopWidth         |     -|  1.61|       22|    110.000|         -|       22|     -|        no|         -|          -|       8 (~0%)|      73 (~0%)|    -|
    |   o PadTopWidth                                                                 |     -|  3.65|       20|    100.000|         2|        1|    20|       yes|         -|          -|             -|             -|    -|
    |  + zeropad2d_cl_array_array_ap_ufixed_16_6_4_0_0_12u_config20_Pipeline_PadMain  |     -|  1.82|      242|  1.210e+03|         -|      242|     -|        no|         -|          -|     224 (~0%)|     244 (~0%)|    -|
    |   o PadMain                                                                     |    II|  3.65|      240|  1.200e+03|        21|       20|    12|       yes|         -|          -|             -|             -|    -|
    |  + zeropad2d_cl_array_array_ap_ufixed_12u_config20_Pipeline_PadBottomWidth      |     -|  1.61|       22|    110.000|         -|       22|     -|        no|         -|          -|       8 (~0%)|      73 (~0%)|    -|
    |   o PadBottomWidth                                                              |     -|  3.65|       20|    100.000|         2|        1|    20|       yes|         -|          -|             -|             -|    -|
    | + conv_2d_cl_array_array_ap_fixed_40_21_5_3_0_24u_config7_s                     |     -|  0.02|     4482|  2.241e+04|         -|     4482|     -|        no|         -|  146 (21%)|    36806 (4%)|   80927 (18%)|    -|
    |  o ReadInputHeight_ReadInputWidth                                               |     -|  3.65|     4480|  2.240e+04|        16|       16|   280|       yes|         -|          -|             -|             -|    -|
    |   + compute_output_buffer_2d_array_array_ap_fixed_40_21_5_3_0_24u_config7_s     |     -|  0.02|       14|     70.000|         -|       15|     -|       yes|         -|  146 (21%)|    36778 (4%)|   80761 (18%)|    -|
    |    + shift_line_buffer_array_ap_ufixed_16_6_4_0_0_12u_config7_s                 |    II|  1.95|        0|      0.000|         -|        1|     -|       yes|         -|          -|    1537 (~0%)|    1416 (~0%)|    -|
    |    + dense_latency_ap_ufixed_ap_fixed_40_21_5_3_0_config7_mult_s                |     -|  0.02|       12|     60.000|         -|       13|     -|       yes|         -|  146 (21%)|    32279 (3%)|   78725 (17%)|    -|
    | + normalize_array_ap_fixed_24u_array_ap_fixed_57_28_5_3_0_24u_config9_s         |     -|  0.32|      222|  1.110e+03|         -|      222|     -|        no|         -|    42 (6%)|    6491 (~0%)|    3364 (~0%)|    -|
    |  o BatchNormLoop                                                                |     -|  3.65|      220|  1.100e+03|         6|        1|   216|       yes|         -|          -|             -|             -|    -|
    | + relu_array_ap_fixed_24u_array_ap_ufixed_16_6_4_0_0_24u_relu_config10_s        |     -|  0.28|      220|  1.100e+03|         -|      220|     -|        no|         -|          -|    1912 (~0%)|     6651 (1%)|    -|
    |  o ReLUActLoop                                                                  |     -|  3.65|      218|  1.090e+03|         4|        1|   216|       yes|         -|          -|             -|             -|    -|
    | + pooling2d_cl_array_array_ap_ufixed_16_6_4_0_0_24u_config11_s                  |     -|  0.04|      435|  2.175e+03|         -|      435|     -|        no|         -|          -|    3638 (~0%)|     5121 (1%)|    -|
    |  o ReadInputHeight_ReadInputWidth                                               |    II|  3.65|      433|  2.165e+03|         4|        2|   216|       yes|         -|          -|             -|             -|    -|
    |   + shift_line_buffer_array_ap_ufixed_16_6_4_0_0_24u_config11_s                 |    II|  2.80|        0|      0.000|         -|        1|     -|       yes|         -|          -|    1537 (~0%)|    1200 (~0%)|    -|
    | + dense_array_ap_ufixed_24u_array_ap_fixed_16_6_5_3_0_12u_config13_s            |     -|  0.09|      279|  1.395e+03|         -|      279|     -|        no|   32 (1%)|   72 (10%)|    65456 (7%)|    44187 (9%)|    -|
    |  + dense_array_array_ap_fixed_16_6_5_3_0_12u_config13_Pipeline_DataPrepare      |     -|  1.53|       56|    280.000|         -|       56|     -|        no|         -|          -|    20751 (2%)|      75 (~0%)|    -|
    |   o DataPrepare                                                                 |     -|  3.65|       54|    270.000|         2|        1|    54|       yes|         -|          -|             -|             -|    -|
    |  + dense_resource_rf_leq_nin_ap_ufixed_ap_fixed_16_6_5_3_0_config13_s           |    II|  0.09|      219|  1.095e+03|         -|      216|     -|    rewind|   32 (1%)|   72 (10%)|    44504 (4%)|    44043 (9%)|    -|
    |   o ReuseLoop                                                                   |     -|  3.65|      218|  1.090e+03|         4|        1|   216|       yes|         -|          -|             -|             -|    -|
    | + normalize_array_ap_fixed_12u_array_ap_fixed_33_13_5_3_0_12u_config15_s        |     -|  0.09|        2|     10.000|         -|        2|     -|        no|         -|    12 (1%)|     506 (~0%)|     523 (~0%)|    -|
    | + relu_array_ap_fixed_12u_array_ap_ufixed_16_6_4_0_0_12u_relu_config16_s        |     -|  0.36|        2|     10.000|         -|        2|     -|        no|         -|          -|     665 (~0%)|    2578 (~0%)|    -|
    | + dense_array_ap_ufixed_12u_array_ap_fixed_37_18_5_3_0_1u_config17_s            |     -|  0.09|        3|     15.000|         -|        3|     -|        no|         -|     8 (1%)|     348 (~0%)|     345 (~0%)|    -|
    |  + dense_latency_wrapper_ap_ufixed_ap_fixed_37_18_5_3_0_config17_s              |     -|  0.09|        1|      5.000|         -|        1|     -|       yes|         -|     8 (1%)|     157 (~0%)|     281 (~0%)|    -|
    | + sigmoid_array_array_ap_fixed_16_6_5_3_0_1u_sigmoid_config18_s                 |     -|  0.36|        4|     20.000|         -|        4|     -|        no|   1 (~0%)|          -|      68 (~0%)|     294 (~0%)|    -|
    +---------------------------------------------------------------------------------+------+------+---------+-----------+----------+---------+------+----------+----------+-----------+--------------+--------------+-----+


================================================================
== HW Interfaces
================================================================
* AXIS
+-------------+-----------+---------------+-------+--------+--------+
| Interface   | Direction | Register Mode | TDATA | TREADY | TVALID |
+-------------+-----------+---------------+-------+--------+--------+
| input_layer | in        | both          | 8     | 1      | 1      |
| layer18_out | out       | both          | 16    | 1      | 1      |
+-------------+-----------+---------------+-------+--------+--------+

* TOP LEVEL CONTROL
+-----------+------------+-----------------------------------+
| Interface | Type       | Ports                             |
+-----------+------------+-----------------------------------+
| ap_clk    | clock      | ap_clk                            |
| ap_rst_n  | reset      | ap_rst_n                          |
| ap_ctrl   | ap_ctrl_hs | ap_done ap_idle ap_ready ap_start |
+-----------+------------+-----------------------------------+


================================================================
== SW I/O Information
================================================================
* Top Function Arguments
+-------------+-----------+-----------------------------------------------------------------+
| Argument    | Direction | Datatype                                                        |
+-------------+-----------+-----------------------------------------------------------------+
| input_layer | in        | stream<nnet::array<ap_uint<1>, 1>, 0>&                          |
| layer18_out | out       | stream<nnet::array<ap_fixed<16, 6, AP_TRN, AP_WRAP, 0>, 1>, 0>& |
+-------------+-----------+-----------------------------------------------------------------+

* SW-to-HW Mapping
+-------------+--------------+-----------+
| Argument    | HW Interface | HW Type   |
+-------------+--------------+-----------+
| input_layer | input_layer  | interface |
| layer18_out | layer18_out  | interface |
+-------------+--------------+-----------+


================================================================
== Bind Op Report
================================================================
+---------------------------------------------------------------------------------+-----+--------+---------------+-----+--------+---------+
| Name                                                                            | DSP | Pragma | Variable      | Op  | Impl   | Latency |
+---------------------------------------------------------------------------------+-----+--------+---------------+-----+--------+---------+
| + myproject                                                                     | 291 |        |               |     |        |         |
|  + zeropad2d_cl_array_ap_uint_1_1u_array_ap_uint_1_1u_config19_s                | 0   |        |               |     |        |         |
|   + zeropad2d_cl_array_array_ap_uint_1_1u_config19_Pipeline_PadTopWidth         | 0   |        |               |     |        |         |
|     j_2_fu_60_p2                                                                |     |        | j_2           | add | fabric | 0       |
|   + zeropad2d_cl_array_array_ap_uint_1_1u_config19_Pipeline_PadMain             | 0   |        |               |     |        |         |
|     i_2_fu_74_p2                                                                |     |        | i_2           | add | fabric | 0       |
|   + zeropad2d_cl_array_array_ap_uint_1_1u_config19_Pipeline_PadBottomWidth      | 0   |        |               |     |        |         |
|     j_3_fu_60_p2                                                                |     |        | j_3           | add | fabric | 0       |
|  + conv_2d_cl_array_ap_uint_1u_array_ap_fixed_22_13_5_3_0_12u_config2_s         | 0   |        |               |     |        |         |
|    add_ln25_fu_128_p2                                                           |     |        | add_ln25      | add | fabric | 0       |
|   + compute_output_buffer_2d_array_array_ap_fixed_22_13_5_3_0_12u_config2_s     | 0   |        |               |     |        |         |
|     add_ln303_fu_214_p2                                                         |     |        | add_ln303     | add | fabric | 0       |
|     add_ln318_fu_232_p2                                                         |     |        | add_ln318     | add | fabric | 0       |
|     add_ln307_fu_264_p2                                                         |     |        | add_ln307     | add | fabric | 0       |
|     add_ln313_fu_288_p2                                                         |     |        | add_ln313     | add | fabric | 0       |
|    + dense_latency_ap_uint_1_ap_fixed_22_13_5_3_0_config2_mult_s                | 0   |        |               |     |        |         |
|      add_ln58_fu_400_p2                                                         |     |        | add_ln58      | add | fabric | 0       |
|      add_ln58_80_fu_414_p2                                                      |     |        | add_ln58_80   | add | fabric | 0       |
|      add_ln58_81_fu_432_p2                                                      |     |        | add_ln58_81   | add | fabric | 0       |
|      add_ln58_82_fu_446_p2                                                      |     |        | add_ln58_82   | add | fabric | 0       |
|      add_ln58_83_fu_484_p2                                                      |     |        | add_ln58_83   | add | fabric | 0       |
|      add_ln58_86_fu_799_p2                                                      |     |        | add_ln58_86   | add | fabric | 0       |
|      add_ln58_87_fu_560_p2                                                      |     |        | add_ln58_87   | add | fabric | 0       |
|      add_ln58_88_fu_819_p2                                                      |     |        | add_ln58_88   | add | fabric | 0       |
|      add_ln58_93_fu_849_p2                                                      |     |        | add_ln58_93   | add | fabric | 0       |
|      add_ln58_94_fu_630_p2                                                      |     |        | add_ln58_94   | add | fabric | 0       |
|      add_ln58_95_fu_656_p2                                                      |     |        | add_ln58_95   | add | fabric | 0       |
|      add_ln58_96_fu_904_p2                                                      |     |        | add_ln58_96   | add | fabric | 0       |
|      add_ln58_98_fu_692_p2                                                      |     |        | add_ln58_98   | add | fabric | 0       |
|      add_ln58_99_fu_702_p2                                                      |     |        | add_ln58_99   | add | fabric | 0       |
|      add_ln58_105_fu_1057_p2                                                    |     |        | add_ln58_105  | add | fabric | 0       |
|      add_ln58_110_fu_1135_p2                                                    |     |        | add_ln58_110  | add | fabric | 0       |
|      add_ln58_113_fu_1265_p2                                                    |     |        | add_ln58_113  | add | fabric | 0       |
|      add_ln58_114_fu_1275_p2                                                    |     |        | add_ln58_114  | add | fabric | 0       |
|      add_ln58_117_fu_1337_p2                                                    |     |        | add_ln58_117  | add | fabric | 0       |
|      add_ln58_118_fu_1347_p2                                                    |     |        | add_ln58_118  | add | fabric | 0       |
|      add_ln58_123_fu_1413_p2                                                    |     |        | add_ln58_123  | add | fabric | 0       |
|      add_ln58_124_fu_1423_p2                                                    |     |        | add_ln58_124  | add | fabric | 0       |
|      add_ln58_125_fu_1433_p2                                                    |     |        | add_ln58_125  | add | fabric | 0       |
|      add_ln58_126_fu_1443_p2                                                    |     |        | add_ln58_126  | add | fabric | 0       |
|      add_ln58_129_fu_1469_p2                                                    |     |        | add_ln58_129  | add | fabric | 0       |
|      add_ln58_130_fu_1479_p2                                                    |     |        | add_ln58_130  | add | fabric | 0       |
|      add_ln58_131_fu_1489_p2                                                    |     |        | add_ln58_131  | add | fabric | 0       |
|      x_13_fu_1515_p2                                                            |     |        | x_13          | add | fabric | 0       |
|      add_ln58_137_fu_1545_p2                                                    |     |        | add_ln58_137  | add | fabric | 0       |
|      add_ln58_140_fu_1571_p2                                                    |     |        | add_ln58_140  | add | fabric | 0       |
|      add_ln58_143_fu_1601_p2                                                    |     |        | add_ln58_143  | add | fabric | 0       |
|      add_ln58_144_fu_1611_p2                                                    |     |        | add_ln58_144  | add | fabric | 0       |
|      add_ln58_149_fu_1653_p2                                                    |     |        | add_ln58_149  | add | fabric | 0       |
|      add_ln58_152_fu_1679_p2                                                    |     |        | add_ln58_152  | add | fabric | 0       |
|      add_ln58_153_fu_1689_p2                                                    |     |        | add_ln58_153  | add | fabric | 0       |
|      x_22_fu_1787_p2                                                            |     |        | x_22          | add | fabric | 0       |
|  + normalize_array_ap_fixed_12u_array_ap_fixed_39_20_5_3_0_12u_config4_s        | 11  |        |               |     |        |         |
|    i_10_fu_466813_p2                                                            |     |        | i_10          | add | fabric | 0       |
|    mul_22s_16ns_37_3_1_U33                                                      | 1   |        | mul_ln42      | mul | auto   | 2       |
|    add_ln42_fu_467020_p2                                                        |     |        | add_ln42      | add | fabric | 0       |
|    mul_22s_16ns_37_3_1_U32                                                      | 1   |        | mul_ln42_18   | mul | auto   | 2       |
|    add_ln42_24_fu_467029_p2                                                     |     |        | add_ln42_24   | add | fabric | 0       |
|    add_ln42_35_fu_467004_p2                                                     |     |        | add_ln42_35   | add | fabric | 0       |
|    add_ln42_25_fu_467014_p2                                                     |     |        | add_ln42_25   | add | fabric | 0       |
|    mul_22s_11ns_32_3_1_U41                                                      | 1   |        | mul_ln42_19   | mul | auto   | 2       |
|    add_ln42_26_fu_467041_p2                                                     |     |        | add_ln42_26   | add | fabric | 0       |
|    mul_22s_13ns_34_3_1_U36                                                      | 1   |        | mul_ln42_20   | mul | auto   | 2       |
|    add_ln42_27_fu_467050_p2                                                     |     |        | add_ln42_27   | add | fabric | 0       |
|    mul_22s_14ns_35_3_1_U35                                                      | 1   |        | mul_ln42_21   | mul | auto   | 2       |
|    add_ln42_28_fu_467059_p2                                                     |     |        | add_ln42_28   | add | fabric | 0       |
|    mul_22s_15ns_36_3_1_U42                                                      | 1   |        | mul_ln42_22   | mul | auto   | 2       |
|    add_ln42_29_fu_467068_p2                                                     |     |        | add_ln42_29   | add | fabric | 0       |
|    mul_22s_13ns_34_3_1_U37                                                      | 1   |        | mul_ln42_23   | mul | auto   | 2       |
|    add_ln42_30_fu_467077_p2                                                     |     |        | add_ln42_30   | add | fabric | 0       |
|    mul_22s_16ns_37_3_1_U39                                                      | 1   |        | mul_ln42_24   | mul | auto   | 2       |
|    add_ln42_31_fu_467086_p2                                                     |     |        | add_ln42_31   | add | fabric | 0       |
|    mul_22s_13ns_34_3_1_U38                                                      | 1   |        | mul_ln42_25   | mul | auto   | 2       |
|    add_ln42_32_fu_467095_p2                                                     |     |        | add_ln42_32   | add | fabric | 0       |
|    mul_22s_14ns_35_3_1_U40                                                      | 1   |        | mul_ln42_26   | mul | auto   | 2       |
|    add_ln42_33_fu_467104_p2                                                     |     |        | add_ln42_33   | add | fabric | 0       |
|    mul_22s_15ns_36_3_1_U34                                                      | 1   |        | mul_ln42_27   | mul | auto   | 2       |
|    add_ln42_34_fu_467113_p2                                                     |     |        | add_ln42_34   | add | fabric | 0       |
|  + relu_array_ap_fixed_12u_array_ap_ufixed_16_6_4_0_0_12u_relu_config5_s        | 0   |        |               |     |        |         |
|    i_8_fu_263_p2                                                                |     |        | i_8           | add | fabric | 0       |
|    add_ln52_fu_1140_p2                                                          |     |        | add_ln52      | add | fabric | 0       |
|    add_ln52_24_fu_1294_p2                                                       |     |        | add_ln52_24   | add | fabric | 0       |
|    add_ln52_25_fu_1448_p2                                                       |     |        | add_ln52_25   | add | fabric | 0       |
|    add_ln52_26_fu_1602_p2                                                       |     |        | add_ln52_26   | add | fabric | 0       |
|    add_ln52_27_fu_1756_p2                                                       |     |        | add_ln52_27   | add | fabric | 0       |
|    add_ln52_28_fu_1910_p2                                                       |     |        | add_ln52_28   | add | fabric | 0       |
|    add_ln52_29_fu_2064_p2                                                       |     |        | add_ln52_29   | add | fabric | 0       |
|    add_ln52_30_fu_2218_p2                                                       |     |        | add_ln52_30   | add | fabric | 0       |
|    add_ln52_31_fu_2372_p2                                                       |     |        | add_ln52_31   | add | fabric | 0       |
|    add_ln52_32_fu_2526_p2                                                       |     |        | add_ln52_32   | add | fabric | 0       |
|    add_ln52_33_fu_2680_p2                                                       |     |        | add_ln52_33   | add | fabric | 0       |
|    add_ln52_34_fu_2834_p2                                                       |     |        | add_ln52_34   | add | fabric | 0       |
|  + pooling2d_cl_array_array_ap_ufixed_16_6_4_0_0_12u_config6_s                  | 0   |        |               |     |        |         |
|    add_ln109_fu_404_p2                                                          |     |        | add_ln109     | add | fabric | 0       |
|    add_ln76_fu_462_p2                                                           |     |        | add_ln76      | add | fabric | 0       |
|    add_ln91_fu_488_p2                                                           |     |        | add_ln91      | add | fabric | 0       |
|    add_ln80_fu_516_p2                                                           |     |        | add_ln80      | add | fabric | 0       |
|    add_ln86_fu_552_p2                                                           |     |        | add_ln86      | add | fabric | 0       |
|  + zeropad2d_cl_array_array_ap_ufixed_16_6_4_0_0_12u_config20_s                 | 0   |        |               |     |        |         |
|   + zeropad2d_cl_array_array_ap_ufixed_12u_config20_Pipeline_PadTopWidth        | 0   |        |               |     |        |         |
|     j_5_fu_60_p2                                                                |     |        | j_5           | add | fabric | 0       |
|   + zeropad2d_cl_array_array_ap_ufixed_16_6_4_0_0_12u_config20_Pipeline_PadMain | 0   |        |               |     |        |         |
|     i_4_fu_75_p2                                                                |     |        | i_4           | add | fabric | 0       |
|   + zeropad2d_cl_array_array_ap_ufixed_12u_config20_Pipeline_PadBottomWidth     | 0   |        |               |     |        |         |
|     j_6_fu_60_p2                                                                |     |        | j_6           | add | fabric | 0       |
|  + conv_2d_cl_array_array_ap_fixed_40_21_5_3_0_24u_config7_s                    | 146 |        |               |     |        |         |
|    add_ln25_fu_668_p2                                                           |     |        | add_ln25      | add | fabric | 0       |
|   + compute_output_buffer_2d_array_array_ap_fixed_40_21_5_3_0_24u_config7_s     | 146 |        |               |     |        |         |
|     add_ln303_fu_1130_p2                                                        |     |        | add_ln303     | add | fabric | 0       |
|     add_ln318_fu_1147_p2                                                        |     |        | add_ln318     | add | fabric | 0       |
|     add_ln307_fu_1177_p2                                                        |     |        | add_ln307     | add | fabric | 0       |
|     add_ln313_fu_1199_p2                                                        |     |        | add_ln313     | add | fabric | 0       |
|    + dense_latency_ap_ufixed_ap_fixed_40_21_5_3_0_config7_mult_s                | 146 |        |               |     |        |         |
|      mul_16ns_8s_23_1_1_U245                                                    | 1   |        | mul_ln73      | mul | auto   | 0       |
|      mul_16ns_9s_25_1_1_U267                                                    | 1   |        | mul_ln73_7    | mul | auto   | 0       |
|      sub_ln73_fu_304425_p2                                                      |     |        | sub_ln73      | sub | fabric | 0       |
|      sub_ln73_2_fu_304450_p2                                                    |     |        | sub_ln73_2    | sub | fabric | 0       |
|      mul_16ns_10s_25_1_1_U266                                                   | 1   |        | mul_ln73_8    | mul | auto   | 0       |
|      mul_16ns_7s_23_1_1_U313                                                    | 1   |        | mul_ln73_9    | mul | auto   | 0       |
|      mul_16ns_10s_25_1_1_U347                                                   | 1   |        | mul_ln73_10   | mul | auto   | 0       |
|      sub_ln73_3_fu_304496_p2                                                    |     |        | sub_ln73_3    | sub | fabric | 0       |
|      mul_16ns_9s_25_1_1_U332                                                    | 1   |        | mul_ln73_11   | mul | auto   | 0       |
|      mul_16ns_9s_24_1_1_U383                                                    | 1   |        | mul_ln73_12   | mul | auto   | 0       |
|      sub_ln73_4_fu_304541_p2                                                    |     |        | sub_ln73_4    | sub | fabric | 0       |
|      mul_16ns_9s_24_1_1_U284                                                    | 1   |        | mul_ln73_13   | mul | auto   | 0       |
|      mul_16ns_9s_24_1_1_U339                                                    | 1   |        | mul_ln73_14   | mul | auto   | 0       |
|      mul_16ns_8s_24_1_1_U340                                                    | 1   |        | mul_ln73_15   | mul | auto   | 0       |
|      sub_ln73_5_fu_304561_p2                                                    |     |        | sub_ln73_5    | sub | fabric | 0       |
|      sub_ln73_6_fu_304586_p2                                                    |     |        | sub_ln73_6    | sub | fabric | 0       |
|      sub_ln73_7_fu_304602_p2                                                    |     |        | sub_ln73_7    | sub | fabric | 0       |
|      sub_ln73_8_fu_304622_p2                                                    |     |        | sub_ln73_8    | sub | fabric | 0       |
|      add_ln73_fu_304642_p2                                                      |     |        | add_ln73      | add | fabric | 0       |
|      add_ln73_1_fu_304658_p2                                                    |     |        | add_ln73_1    | add | fabric | 0       |
|      sub_ln73_9_fu_304678_p2                                                    |     |        | sub_ln73_9    | sub | fabric | 0       |
|      sub_ln73_10_fu_304694_p2                                                   |     |        | sub_ln73_10   | sub | fabric | 0       |
|      mul_16ns_9s_25_1_1_U370                                                    | 1   |        | mul_ln73_16   | mul | auto   | 0       |
|      mul_16ns_9s_24_1_1_U274                                                    | 1   |        | mul_ln73_17   | mul | auto   | 0       |
|      mul_16ns_9s_25_1_1_U275                                                    | 1   |        | mul_ln73_18   | mul | auto   | 0       |
|      mul_16ns_9s_24_1_1_U383                                                    | 1   |        | mul_ln73_19   | mul | auto   | 0       |
|      mul_16ns_8ns_23_1_1_U276                                                   | 1   |        | mul_ln73_20   | mul | auto   | 0       |
|      mul_16ns_8s_24_1_1_U263                                                    | 1   |        | mul_ln73_21   | mul | auto   | 0       |
|      mul_16ns_9s_25_1_1_U319                                                    | 1   |        | mul_ln73_22   | mul | auto   | 0       |
|      sub_ln73_11_fu_295124_p2                                                   |     |        | sub_ln73_11   | sub | fabric | 0       |
|      sub_ln73_12_fu_295145_p2                                                   |     |        | sub_ln73_12   | sub | fabric | 0       |
|      mul_16ns_10s_24_1_1_U355                                                   | 1   |        | mul_ln73_23   | mul | auto   | 0       |
|      mul_16ns_9s_25_1_1_U363                                                    | 1   |        | mul_ln73_24   | mul | auto   | 0       |
|      sub_ln73_13_fu_295180_p2                                                   |     |        | sub_ln73_13   | sub | fabric | 0       |
|      sub_ln73_14_fu_295205_p2                                                   |     |        | sub_ln73_14   | sub | fabric | 0       |
|      mul_16ns_8s_24_1_1_U314                                                    | 1   |        | mul_ln73_25   | mul | auto   | 0       |
|      mul_16ns_9s_24_1_1_U268                                                    | 1   |        | mul_ln73_26   | mul | auto   | 0       |
|      sub_ln73_15_fu_295236_p2                                                   |     |        | sub_ln73_15   | sub | fabric | 0       |
|      sub_ln73_16_fu_295251_p2                                                   |     |        | sub_ln73_16   | sub | fabric | 0       |
|      sub_ln73_17_fu_295271_p2                                                   |     |        | sub_ln73_17   | sub | fabric | 0       |
|      sub_ln73_18_fu_295287_p2                                                   |     |        | sub_ln73_18   | sub | fabric | 0       |
|      sub_ln73_19_fu_295308_p2                                                   |     |        | sub_ln73_19   | sub | fabric | 0       |
|      sub_ln73_20_fu_295324_p2                                                   |     |        | sub_ln73_20   | sub | fabric | 0       |
|      mul_16ns_9s_23_1_1_U349                                                    | 1   |        | mul_ln73_27   | mul | auto   | 0       |
|      mul_16ns_8s_24_1_1_U243                                                    | 1   |        | mul_ln73_28   | mul | auto   | 0       |
|      mul_16ns_10s_24_1_1_U345                                                   | 1   |        | mul_ln73_29   | mul | auto   | 0       |
|      mul_16ns_9s_23_1_1_U305                                                    | 1   |        | mul_ln73_30   | mul | auto   | 0       |
|      mul_16ns_8s_24_1_1_U259                                                    | 1   |        | mul_ln73_31   | mul | auto   | 0       |
|      mul_16ns_10s_25_1_1_U373                                                   | 1   |        | mul_ln73_32   | mul | auto   | 0       |
|      add_ln73_2_fu_296987_p2                                                    |     |        | add_ln73_2    | add | fabric | 0       |
|      sub_ln73_21_fu_297021_p2                                                   |     |        | sub_ln73_21   | sub | fabric | 0       |
|      sub_ln73_22_fu_297046_p2                                                   |     |        | sub_ln73_22   | sub | fabric | 0       |
|      mul_16ns_8ns_23_1_1_U377                                                   | 1   |        | mul_ln73_33   | mul | auto   | 0       |
|      sub_ln73_23_fu_297062_p2                                                   |     |        | sub_ln73_23   | sub | fabric | 0       |
|      sub_ln73_24_fu_297072_p2                                                   |     |        | sub_ln73_24   | sub | fabric | 0       |
|      mul_16ns_8s_23_1_1_U290                                                    | 1   |        | mul_ln73_34   | mul | auto   | 0       |
|      sub_ln73_25_fu_297098_p2                                                   |     |        | sub_ln73_25   | sub | fabric | 0       |
|      mul_16ns_9ns_24_1_1_U379                                                   | 1   |        | mul_ln73_35   | mul | auto   | 0       |
|      mul_16ns_9s_24_1_1_U282                                                    | 1   |        | mul_ln73_36   | mul | auto   | 0       |
|      mul_16ns_8s_23_1_1_U298                                                    | 1   |        | mul_ln73_37   | mul | auto   | 0       |
|      sub_ln73_26_fu_297129_p2                                                   |     |        | sub_ln73_26   | sub | fabric | 0       |
|      sub_ln73_27_fu_297139_p2                                                   |     |        | sub_ln73_27   | sub | fabric | 0       |
|      mul_16ns_9s_24_1_1_U251                                                    | 1   |        | mul_ln73_38   | mul | auto   | 0       |
|      mul_16ns_8s_24_1_1_U343                                                    | 1   |        | mul_ln73_39   | mul | auto   | 0       |
|      sub_ln73_28_fu_297155_p2                                                   |     |        | sub_ln73_28   | sub | fabric | 0       |
|      mul_16ns_9s_24_1_1_U299                                                    | 1   |        | mul_ln73_40   | mul | auto   | 0       |
|      mul_16ns_8s_24_1_1_U353                                                    | 1   |        | mul_ln73_41   | mul | auto   | 0       |
|      mul_16ns_8ns_23_1_1_U308                                                   | 1   |        | mul_ln73_42   | mul | auto   | 0       |
|      sub_ln73_29_fu_309272_p2                                                   |     |        | sub_ln73_29   | sub | fabric | 0       |
|      mul_16ns_9s_25_1_1_U257                                                    | 1   |        | mul_ln73_43   | mul | auto   | 0       |
|      sub_ln73_30_fu_309318_p2                                                   |     |        | sub_ln73_30   | sub | fabric | 0       |
|      mul_16ns_8s_24_1_1_U252                                                    | 1   |        | mul_ln73_44   | mul | auto   | 0       |
|      mul_16ns_10s_25_1_1_U337                                                   | 1   |        | mul_ln73_45   | mul | auto   | 0       |
|      mul_16ns_7s_23_1_1_U288                                                    | 1   |        | mul_ln73_46   | mul | auto   | 0       |
|      mul_16ns_9ns_24_1_1_U286                                                   | 1   |        | mul_ln73_47   | mul | auto   | 0       |
|      mul_16ns_10s_24_1_1_U281                                                   | 1   |        | mul_ln73_48   | mul | auto   | 0       |
|      mul_16ns_10s_24_1_1_U334                                                   | 1   |        | mul_ln73_49   | mul | auto   | 0       |
|      mul_16ns_9s_25_1_1_U378                                                    | 1   |        | mul_ln73_50   | mul | auto   | 0       |
|      sub_ln73_31_fu_309334_p2                                                   |     |        | sub_ln73_31   | sub | fabric | 0       |
|      mul_16ns_9s_25_1_1_U329                                                    | 1   |        | mul_ln73_51   | mul | auto   | 0       |
|      sub_ln73_32_fu_309369_p2                                                   |     |        | sub_ln73_32   | sub | fabric | 0       |
|      mul_16ns_10s_24_1_1_U280                                                   | 1   |        | mul_ln73_52   | mul | auto   | 0       |
|      sub_ln73_33_fu_309389_p2                                                   |     |        | sub_ln73_33   | sub | fabric | 0       |
|      sub_ln73_34_fu_309410_p2                                                   |     |        | sub_ln73_34   | sub | fabric | 0       |
|      mul_16ns_8s_24_1_1_U310                                                    | 1   |        | mul_ln73_53   | mul | auto   | 0       |
|      mul_16ns_9s_24_1_1_U364                                                    | 1   |        | mul_ln73_54   | mul | auto   | 0       |
|      mul_16ns_8s_24_1_1_U365                                                    | 1   |        | mul_ln73_55   | mul | auto   | 0       |
|      sub_ln73_35_fu_309429_p2                                                   |     |        | sub_ln73_35   | sub | fabric | 0       |
|      sub_ln73_36_fu_309449_p2                                                   |     |        | sub_ln73_36   | sub | fabric | 0       |
|      mul_16ns_9s_24_1_1_U367                                                    | 1   |        | mul_ln73_56   | mul | auto   | 0       |
|      mul_16ns_8s_24_1_1_U271                                                    | 1   |        | mul_ln73_57   | mul | auto   | 0       |
|      mul_16ns_9s_24_1_1_U369                                                    | 1   |        | mul_ln73_58   | mul | auto   | 0       |
|      sub_ln73_37_fu_295415_p2                                                   |     |        | sub_ln73_37   | sub | fabric | 0       |
|      mul_16ns_7ns_22_1_1_U293                                                   | 1   |        | mul_ln73_59   | mul | auto   | 0       |
|      mul_16ns_8s_24_1_1_U343                                                    | 1   |        | mul_ln73_60   | mul | auto   | 0       |
|      mul_16ns_9s_23_1_1_U344                                                    | 1   |        | mul_ln73_61   | mul | auto   | 0       |
|      mul_16ns_8s_24_1_1_U247                                                    | 1   |        | mul_ln73_62   | mul | auto   | 0       |
|      mul_16ns_8s_24_1_1_U360                                                    | 1   |        | mul_ln73_63   | mul | auto   | 0       |
|      mul_16ns_9s_24_1_1_U358                                                    | 1   |        | mul_ln73_64   | mul | auto   | 0       |
|      sub_ln73_38_fu_295445_p2                                                   |     |        | sub_ln73_38   | sub | fabric | 0       |
|      mul_16ns_7s_23_1_1_U269                                                    | 1   |        | mul_ln73_65   | mul | auto   | 0       |
|      mul_16ns_8s_24_1_1_U371                                                    | 1   |        | mul_ln73_66   | mul | auto   | 0       |
|      mul_16ns_8s_24_1_1_U372                                                    | 1   |        | mul_ln73_67   | mul | auto   | 0       |
|      sub_ln73_39_fu_295476_p2                                                   |     |        | sub_ln73_39   | sub | fabric | 0       |
|      sub_ln73_40_fu_295491_p2                                                   |     |        | sub_ln73_40   | sub | fabric | 0       |
|      mul_16ns_9s_23_1_1_U354                                                    | 1   |        | mul_ln73_68   | mul | auto   | 0       |
|      mul_16ns_9s_25_1_1_U302                                                    | 1   |        | mul_ln73_69   | mul | auto   | 0       |
|      mul_16ns_9s_25_1_1_U253                                                    | 1   |        | mul_ln73_70   | mul | auto   | 0       |
|      mul_16ns_10s_24_1_1_U300                                                   | 1   |        | mul_ln73_71   | mul | auto   | 0       |
|      sub_ln73_41_fu_295530_p2                                                   |     |        | sub_ln73_41   | sub | fabric | 0       |
|      sub_ln73_42_fu_295540_p2                                                   |     |        | sub_ln73_42   | sub | fabric | 0       |
|      sub_ln73_43_fu_295585_p2                                                   |     |        | sub_ln73_43   | sub | fabric | 0       |
|      mul_16ns_9s_25_1_1_U301                                                    | 1   |        | mul_ln73_72   | mul | auto   | 0       |
|      mul_16ns_9s_24_1_1_U351                                                    | 1   |        | mul_ln73_73   | mul | auto   | 0       |
|      mul_16ns_9s_24_1_1_U303                                                    | 1   |        | mul_ln73_74   | mul | auto   | 0       |
|      mul_16ns_10s_25_1_1_U244                                                   | 1   |        | mul_ln73_75   | mul | auto   | 0       |
|      add_ln73_3_fu_295624_p2                                                    |     |        | add_ln73_3    | add | fabric | 0       |
|      mul_16ns_10s_24_1_1_U254                                                   | 1   |        | mul_ln73_76   | mul | auto   | 0       |
|      mul_16ns_9s_23_1_1_U279                                                    | 1   |        | mul_ln73_77   | mul | auto   | 0       |
|      sub_ln73_44_fu_295659_p2                                                   |     |        | sub_ln73_44   | sub | fabric | 0       |
|      sub_ln73_45_fu_295675_p2                                                   |     |        | sub_ln73_45   | sub | fabric | 0       |
|      sub_ln73_46_fu_295685_p2                                                   |     |        | sub_ln73_46   | sub | fabric | 0       |
|      mul_16ns_9s_23_1_1_U326                                                    | 1   |        | mul_ln73_78   | mul | auto   | 0       |
|      add_ln73_4_fu_295705_p2                                                    |     |        | add_ln73_4    | add | fabric | 0       |
|      mul_16ns_9s_24_1_1_U330                                                    | 1   |        | mul_ln73_79   | mul | auto   | 0       |
|      mul_16ns_9s_25_1_1_U382                                                    | 1   |        | mul_ln73_80   | mul | auto   | 0       |
|      mul_16ns_9s_24_1_1_U262                                                    | 1   |        | mul_ln73_81   | mul | auto   | 0       |
|      mul_16ns_9s_24_1_1_U380                                                    | 1   |        | mul_ln73_82   | mul | auto   | 0       |
|      add_ln73_5_fu_294300_p2                                                    |     |        | add_ln73_5    | add | fabric | 0       |
|      mul_16ns_9s_25_1_1_U329                                                    | 1   |        | mul_ln73_83   | mul | auto   | 0       |
|      mul_16ns_9s_24_1_1_U384                                                    | 1   |        | mul_ln73_84   | mul | auto   | 0       |
|      mul_16ns_9s_23_1_1_U249                                                    | 1   |        | mul_ln73_85   | mul | auto   | 0       |
|      mul_16ns_10s_25_1_1_U356                                                   | 1   |        | mul_ln73_86   | mul | auto   | 0       |
|      mul_16ns_10s_24_1_1_U357                                                   | 1   |        | mul_ln73_87   | mul | auto   | 0       |
|      mul_16ns_10s_24_1_1_U260                                                   | 1   |        | mul_ln73_88   | mul | auto   | 0       |
|      sub_ln73_47_fu_299402_p2                                                   |     |        | sub_ln73_47   | sub | fabric | 0       |
|      mul_16ns_9s_24_1_1_U374                                                    | 1   |        | mul_ln73_89   | mul | auto   | 0       |
|      mul_16ns_9s_23_1_1_U278                                                    | 1   |        | mul_ln73_90   | mul | auto   | 0       |
|      add_ln73_6_fu_297235_p2                                                    |     |        | add_ln73_6    | add | fabric | 0       |
|      mul_16ns_10s_24_1_1_U381                                                   | 1   |        | mul_ln73_91   | mul | auto   | 0       |
|      sub_ln73_48_fu_299437_p2                                                   |     |        | sub_ln73_48   | sub | fabric | 0       |
|      mul_16ns_9s_23_1_1_U277                                                    | 1   |        | mul_ln73_92   | mul | auto   | 0       |
|      mul_16ns_9s_23_1_1_U336                                                    | 1   |        | mul_ln73_93   | mul | auto   | 0       |
|      mul_16ns_10s_25_1_1_U386                                                   | 1   |        | mul_ln73_94   | mul | auto   | 0       |
|      mul_16ns_10s_24_1_1_U338                                                   | 1   |        | mul_ln73_95   | mul | auto   | 0       |
|      mul_16ns_10s_24_1_1_U264                                                   | 1   |        | mul_ln73_96   | mul | auto   | 0       |
|      mul_16ns_9s_23_1_1_U315                                                    | 1   |        | mul_ln73_97   | mul | auto   | 0       |
|      mul_16ns_8s_23_1_1_U311                                                    | 1   |        | mul_ln73_98   | mul | auto   | 0       |
|      sub_ln73_49_fu_297266_p2                                                   |     |        | sub_ln73_49   | sub | fabric | 0       |
|      sub_ln73_50_fu_299479_p2                                                   |     |        | sub_ln73_50   | sub | fabric | 0       |
|      mul_16ns_10s_24_1_1_U361                                                   | 1   |        | mul_ln73_99   | mul | auto   | 0       |
|      mul_16ns_9s_25_1_1_U316                                                    | 1   |        | mul_ln73_100  | mul | auto   | 0       |
|      mul_16ns_9s_24_1_1_U317                                                    | 1   |        | mul_ln73_101  | mul | auto   | 0       |
|      sub_ln73_51_fu_299499_p2                                                   |     |        | sub_ln73_51   | sub | fabric | 0       |
|      mul_16ns_9s_23_1_1_U304                                                    | 1   |        | mul_ln73_102  | mul | auto   | 0       |
|      mul_16ns_10s_24_1_1_U338                                                   | 1   |        | mul_ln73_103  | mul | auto   | 0       |
|      mul_16ns_9s_24_1_1_U364                                                    | 1   |        | mul_ln73_104  | mul | auto   | 0       |
|      mul_16ns_10s_24_1_1_U334                                                   | 1   |        | mul_ln73_105  | mul | auto   | 0       |
|      sub_ln73_52_fu_295783_p2                                                   |     |        | sub_ln73_52   | sub | fabric | 0       |
|      sub_ln73_53_fu_295809_p2                                                   |     |        | sub_ln73_53   | sub | fabric | 0       |
|      mul_16ns_9s_24_1_1_U339                                                    | 1   |        | mul_ln73_106  | mul | auto   | 0       |
|      mul_16ns_9s_23_1_1_U350                                                    | 1   |        | mul_ln73_107  | mul | auto   | 0       |
|      mul_16ns_9s_25_1_1_U253                                                    | 1   |        | mul_ln73_108  | mul | auto   | 0       |
|      add_ln73_7_fu_295837_p2                                                    |     |        | add_ln73_7    | add | fabric | 0       |
|      sub_ln73_54_fu_295883_p2                                                   |     |        | sub_ln73_54   | sub | fabric | 0       |
|      mul_16ns_9s_24_1_1_U318                                                    | 1   |        | mul_ln73_109  | mul | auto   | 0       |
|      mul_16ns_10s_24_1_1_U345                                                   | 1   |        | mul_ln73_110  | mul | auto   | 0       |
|      add_ln73_8_fu_295899_p2                                                    |     |        | add_ln73_8    | add | fabric | 0       |
|      mul_16ns_8s_24_1_1_U252                                                    | 1   |        | mul_ln73_111  | mul | auto   | 0       |
|      sub_ln73_55_fu_295931_p2                                                   |     |        | sub_ln73_55   | sub | fabric | 0       |
|      sub_ln73_56_fu_295957_p2                                                   |     |        | sub_ln73_56   | sub | fabric | 0       |
|      mul_16ns_8s_24_1_1_U321                                                    | 1   |        | mul_ln73_112  | mul | auto   | 0       |
|      mul_16ns_9s_25_1_1_U382                                                    | 1   |        | mul_ln73_113  | mul | auto   | 0       |
|      mul_16ns_9s_24_1_1_U274                                                    | 1   |        | mul_ln73_114  | mul | auto   | 0       |
|      mul_16ns_10s_24_1_1_U361                                                   | 1   |        | mul_ln73_115  | mul | auto   | 0       |
|      mul_16ns_9s_25_1_1_U319                                                    | 1   |        | mul_ln73_116  | mul | auto   | 0       |
|      sub_ln73_57_fu_296038_p2                                                   |     |        | sub_ln73_57   | sub | fabric | 0       |
|      mul_16ns_8s_24_1_1_U296                                                    | 1   |        | mul_ln73_117  | mul | auto   | 0       |
|      add_ln73_9_fu_296082_p2                                                    |     |        | add_ln73_9    | add | fabric | 0       |
|      mul_16ns_10s_25_1_1_U246                                                   | 1   |        | mul_ln73_118  | mul | auto   | 0       |
|      mul_16ns_8s_23_1_1_U245                                                    | 1   |        | mul_ln73_119  | mul | auto   | 0       |
|      mul_16ns_9s_24_1_1_U256                                                    | 1   |        | mul_ln73_120  | mul | auto   | 0       |
|      mul_16ns_9s_24_1_1_U346                                                    | 1   |        | mul_ln73_121  | mul | auto   | 0       |
|      sub_ln73_58_fu_296098_p2                                                   |     |        | sub_ln73_58   | sub | fabric | 0       |
|      sub_ln73_59_fu_296130_p2                                                   |     |        | sub_ln73_59   | sub | fabric | 0       |
|      sub_ln73_60_fu_296152_p2                                                   |     |        | sub_ln73_60   | sub | fabric | 0       |
|      mul_16ns_9s_24_1_1_U251                                                    | 1   |        | mul_ln73_122  | mul | auto   | 0       |
|      mul_16ns_9s_23_1_1_U354                                                    | 1   |        | mul_ln73_123  | mul | auto   | 0       |
|      mul_16ns_9s_25_1_1_U324                                                    | 1   |        | mul_ln73_124  | mul | auto   | 0       |
|      sub_ln73_61_fu_296180_p2                                                   |     |        | sub_ln73_61   | sub | fabric | 0       |
|      mul_16ns_9s_23_1_1_U333                                                    | 1   |        | mul_ln73_125  | mul | auto   | 0       |
|      add_ln73_10_fu_296196_p2                                                   |     |        | add_ln73_10   | add | fabric | 0       |
|      mul_16ns_8s_24_1_1_U247                                                    | 1   |        | mul_ln73_126  | mul | auto   | 0       |
|      sub_ln73_62_fu_297372_p2                                                   |     |        | sub_ln73_62   | sub | fabric | 0       |
|      mul_16ns_9s_24_1_1_U299                                                    | 1   |        | mul_ln73_127  | mul | auto   | 0       |
|      sub_ln73_63_fu_297396_p2                                                   |     |        | sub_ln73_63   | sub | fabric | 0       |
|      mul_16ns_10s_24_1_1_U376                                                   | 1   |        | mul_ln73_128  | mul | auto   | 0       |
|      mul_16ns_9s_25_1_1_U267                                                    | 1   |        | mul_ln73_129  | mul | auto   | 0       |
|      mul_16ns_7s_23_1_1_U288                                                    | 1   |        | mul_ln73_130  | mul | auto   | 0       |
|      sub_ln73_64_fu_297428_p2                                                   |     |        | sub_ln73_64   | sub | fabric | 0       |
|      mul_16ns_9s_25_1_1_U378                                                    | 1   |        | mul_ln73_131  | mul | auto   | 0       |
|      mul_16ns_9s_24_1_1_U331                                                    | 1   |        | mul_ln73_132  | mul | auto   | 0       |
|      mul_16ns_9s_23_1_1_U320                                                    | 1   |        | mul_ln73_133  | mul | auto   | 0       |
|      mul_16ns_8ns_23_1_1_U377                                                   | 1   |        | mul_ln73_134  | mul | auto   | 0       |
|      mul_16ns_10s_25_1_1_U322                                                   | 1   |        | mul_ln73_135  | mul | auto   | 0       |
|      mul_16ns_9s_25_1_1_U301                                                    | 1   |        | mul_ln73_136  | mul | auto   | 0       |
|      mul_16ns_9s_25_1_1_U306                                                    | 1   |        | mul_ln73_137  | mul | auto   | 0       |
|      mul_16ns_8s_24_1_1_U255                                                    | 1   |        | mul_ln73_138  | mul | auto   | 0       |
|      sub_ln73_65_fu_309493_p2                                                   |     |        | sub_ln73_65   | sub | fabric | 0       |
|      mul_16ns_10s_25_1_1_U337                                                   | 1   |        | mul_ln73_139  | mul | auto   | 0       |
|      mul_16ns_8s_24_1_1_U314                                                    | 1   |        | mul_ln73_140  | mul | auto   | 0       |
|      sub_ln73_66_fu_309524_p2                                                   |     |        | sub_ln73_66   | sub | fabric | 0       |
|      mul_16ns_9s_25_1_1_U283                                                    | 1   |        | mul_ln73_141  | mul | auto   | 0       |
|      mul_16ns_10s_24_1_1_U254                                                   | 1   |        | mul_ln73_142  | mul | auto   | 0       |
|      mul_16ns_9s_23_1_1_U278                                                    | 1   |        | mul_ln73_143  | mul | auto   | 0       |
|      mul_16ns_9s_24_1_1_U358                                                    | 1   |        | mul_ln73_144  | mul | auto   | 0       |
|      mul_16ns_9s_25_1_1_U363                                                    | 1   |        | mul_ln73_145  | mul | auto   | 0       |
|      sub_ln73_67_fu_297496_p2                                                   |     |        | sub_ln73_67   | sub | fabric | 0       |
|      add_ln73_11_fu_297542_p2                                                   |     |        | add_ln73_11   | add | fabric | 0       |
|      mul_16ns_9s_23_1_1_U279                                                    | 1   |        | mul_ln73_146  | mul | auto   | 0       |
|      mul_16ns_8s_24_1_1_U273                                                    | 1   |        | mul_ln73_147  | mul | auto   | 0       |
|      mul_16ns_9s_23_1_1_U359                                                    | 1   |        | mul_ln73_148  | mul | auto   | 0       |
|      mul_16ns_9ns_24_1_1_U379                                                   | 1   |        | mul_ln73_149  | mul | auto   | 0       |
|      mul_16ns_10s_25_1_1_U347                                                   | 1   |        | mul_ln73_150  | mul | auto   | 0       |
|      mul_16ns_9s_25_1_1_U370                                                    | 1   |        | mul_ln73_151  | mul | auto   | 0       |
|      add_ln73_12_fu_297585_p2                                                   |     |        | add_ln73_12   | add | fabric | 0       |
|      mul_16ns_8s_24_1_1_U271                                                    | 1   |        | mul_ln73_152  | mul | auto   | 0       |
|      sub_ln73_68_fu_297605_p2                                                   |     |        | sub_ln73_68   | sub | fabric | 0       |
|      sub_ln73_69_fu_297615_p2                                                   |     |        | sub_ln73_69   | sub | fabric | 0       |
|      mul_16ns_9s_24_1_1_U284                                                    | 1   |        | mul_ln73_153  | mul | auto   | 0       |
|      mul_16ns_7s_23_1_1_U313                                                    | 1   |        | mul_ln73_154  | mul | auto   | 0       |
|      sub_ln73_70_fu_297635_p2                                                   |     |        | sub_ln73_70   | sub | fabric | 0       |
|      mul_16ns_10s_25_1_1_U373                                                   | 1   |        | mul_ln73_155  | mul | auto   | 0       |
|      mul_16ns_9s_25_1_1_U275                                                    | 1   |        | mul_ln73_156  | mul | auto   | 0       |
|      sub_ln73_71_fu_297650_p2                                                   |     |        | sub_ln73_71   | sub | fabric | 0       |
|      sub_ln73_72_fu_297660_p2                                                   |     |        | sub_ln73_72   | sub | fabric | 0       |
|      sub_ln73_73_fu_297676_p2                                                   |     |        | sub_ln73_73   | sub | fabric | 0       |
|      mul_16ns_10s_24_1_1_U260                                                   | 1   |        | mul_ln73_157  | mul | auto   | 0       |
|      mul_16ns_8s_24_1_1_U310                                                    | 1   |        | mul_ln73_158  | mul | auto   | 0       |
|      mul_16ns_8s_24_1_1_U259                                                    | 1   |        | mul_ln73_159  | mul | auto   | 0       |
|      mul_16ns_9s_23_1_1_U272                                                    | 1   |        | mul_ln73_160  | mul | auto   | 0       |
|      mul_16ns_8s_23_1_1_U290                                                    | 1   |        | mul_ln73_161  | mul | auto   | 0       |
|      mul_16ns_10s_24_1_1_U264                                                   | 1   |        | mul_ln73_162  | mul | auto   | 0       |
|      mul_16ns_9s_25_1_1_U258                                                    | 1   |        | mul_ln73_163  | mul | auto   | 0       |
|      sub_ln73_74_fu_297721_p2                                                   |     |        | sub_ln73_74   | sub | fabric | 0       |
|      add_ln73_13_fu_297752_p2                                                   |     |        | add_ln73_13   | add | fabric | 0       |
|      mul_16ns_9s_25_1_1_U297                                                    | 1   |        | mul_ln73_164  | mul | auto   | 0       |
|      sub_ln73_75_fu_297783_p2                                                   |     |        | sub_ln73_75   | sub | fabric | 0       |
|      mul_16ns_8s_24_1_1_U263                                                    | 1   |        | mul_ln73_165  | mul | auto   | 0       |
|      mul_16ns_9s_25_1_1_U250                                                    | 1   |        | mul_ln73_166  | mul | auto   | 0       |
|      mul_16ns_8s_22_1_1_U325                                                    | 1   |        | mul_ln73_167  | mul | auto   | 0       |
|      mul_16ns_8s_24_1_1_U243                                                    | 1   |        | mul_ln73_168  | mul | auto   | 0       |
|      mul_16ns_9s_23_1_1_U359                                                    | 1   |        | mul_ln73_169  | mul | auto   | 0       |
|      mul_16ns_9s_23_1_1_U349                                                    | 1   |        | mul_ln73_170  | mul | auto   | 0       |
|      mul_16ns_8s_24_1_1_U242                                                    | 1   |        | mul_ln73_171  | mul | auto   | 0       |
|      mul_16ns_10s_25_1_1_U266                                                   | 1   |        | mul_ln73_172  | mul | auto   | 0       |
|      mul_16ns_9s_23_1_1_U326                                                    | 1   |        | mul_ln73_173  | mul | auto   | 0       |
|      sub_ln73_76_fu_299586_p2                                                   |     |        | sub_ln73_76   | sub | fabric | 0       |
|      sub_ln73_77_fu_299606_p2                                                   |     |        | sub_ln73_77   | sub | fabric | 0       |
|      mul_16ns_10s_24_1_1_U281                                                   | 1   |        | mul_ln73_174  | mul | auto   | 0       |
|      sub_ln73_78_fu_309565_p2                                                   |     |        | sub_ln73_78   | sub | fabric | 0       |
|      mul_16ns_9s_23_1_1_U328                                                    | 1   |        | mul_ln73_175  | mul | auto   | 0       |
|      sub_ln73_79_fu_309592_p2                                                   |     |        | sub_ln73_79   | sub | fabric | 0       |
|      sub_ln73_80_fu_309621_p2                                                   |     |        | sub_ln73_80   | sub | fabric | 0       |
|      mul_16ns_8s_24_1_1_U372                                                    | 1   |        | mul_ln73_176  | mul | auto   | 0       |
|      sub_ln73_81_fu_309641_p2                                                   |     |        | sub_ln73_81   | sub | fabric | 0       |
|      mul_16ns_10s_24_1_1_U335                                                   | 1   |        | mul_ln73_177  | mul | auto   | 0       |
|      mul_16ns_9s_24_1_1_U323                                                    | 1   |        | mul_ln73_178  | mul | auto   | 0       |
|      mul_16ns_9s_24_1_1_U387                                                    | 1   |        | mul_ln73_179  | mul | auto   | 0       |
|      add_ln73_14_fu_309671_p2                                                   |     |        | add_ln73_14   | add | fabric | 0       |
|      sub_ln73_82_fu_309691_p2                                                   |     |        | sub_ln73_82   | sub | fabric | 0       |
|      mul_16ns_9s_25_1_1_U285                                                    | 1   |        | mul_ln73_180  | mul | auto   | 0       |
|      mul_16ns_8ns_23_1_1_U276                                                   | 1   |        | mul_ln73_181  | mul | auto   | 0       |
|      mul_16ns_9s_25_1_1_U332                                                    | 1   |        | mul_ln73_182  | mul | auto   | 0       |
|      mul_16ns_8s_23_1_1_U362                                                    | 1   |        | mul_ln73_183  | mul | auto   | 0       |
|      sub_ln73_83_fu_309711_p2                                                   |     |        | sub_ln73_83   | sub | fabric | 0       |
|      sub_ln73_84_fu_309732_p2                                                   |     |        | sub_ln73_84   | sub | fabric | 0       |
|      mul_16ns_8s_23_1_1_U298                                                    | 1   |        | mul_ln73_184  | mul | auto   | 0       |
|      mul_16ns_9s_24_1_1_U351                                                    | 1   |        | mul_ln73_185  | mul | auto   | 0       |
|      sub_ln73_85_fu_309748_p2                                                   |     |        | sub_ln73_85   | sub | fabric | 0       |
|      mul_16ns_10s_25_1_1_U386                                                   | 1   |        | mul_ln73_186  | mul | auto   | 0       |
|      mul_16ns_9s_25_1_1_U302                                                    | 1   |        | mul_ln73_187  | mul | auto   | 0       |
|      sub_ln73_86_fu_309793_p2                                                   |     |        | sub_ln73_86   | sub | fabric | 0       |
|      sub_ln73_87_fu_309818_p2                                                   |     |        | sub_ln73_87   | sub | fabric | 0       |
|      mul_16ns_8s_24_1_1_U368                                                    | 1   |        | mul_ln73_188  | mul | auto   | 0       |
|      mul_16ns_8s_24_1_1_U287                                                    | 1   |        | mul_ln73_189  | mul | auto   | 0       |
|      mul_16ns_9s_23_1_1_U344                                                    | 1   |        | mul_ln73_190  | mul | auto   | 0       |
|      mul_16ns_8s_24_1_1_U371                                                    | 1   |        | mul_ln73_191  | mul | auto   | 0       |
|      sub_ln73_88_fu_309860_p2                                                   |     |        | sub_ln73_88   | sub | fabric | 0       |
|      sub_ln73_89_fu_299648_p2                                                   |     |        | sub_ln73_89   | sub | fabric | 0       |
|      sub_ln73_90_fu_309880_p2                                                   |     |        | sub_ln73_90   | sub | fabric | 0       |
|      mul_16ns_9s_24_1_1_U268                                                    | 1   |        | mul_ln73_192  | mul | auto   | 0       |
|      mul_16ns_10s_24_1_1_U280                                                   | 1   |        | mul_ln73_193  | mul | auto   | 0       |
|      mul_16ns_9s_24_1_1_U256                                                    | 1   |        | mul_ln73_194  | mul | auto   | 0       |
|      mul_16ns_10s_25_1_1_U386                                                   | 1   |        | mul_ln73_195  | mul | auto   | 0       |
|      mul_16ns_9s_24_1_1_U307                                                    | 1   |        | mul_ln73_196  | mul | auto   | 0       |
|      mul_16ns_9s_24_1_1_U282                                                    | 1   |        | mul_ln73_197  | mul | auto   | 0       |
|      sub_ln73_91_fu_309896_p2                                                   |     |        | sub_ln73_91   | sub | fabric | 0       |
|      mul_16ns_9s_23_1_1_U315                                                    | 1   |        | mul_ln73_198  | mul | auto   | 0       |
|      mul_16ns_9s_25_1_1_U295                                                    | 1   |        | mul_ln73_199  | mul | auto   | 0       |
|      mul_16ns_8s_24_1_1_U340                                                    | 1   |        | mul_ln73_200  | mul | auto   | 0       |
|      add_ln73_15_fu_296411_p2                                                   |     |        | add_ln73_15   | add | fabric | 0       |
|      mul_16ns_10s_24_1_1_U264                                                   | 1   |        | mul_ln73_201  | mul | auto   | 0       |
|      mul_16ns_9s_24_1_1_U369                                                    | 1   |        | mul_ln73_202  | mul | auto   | 0       |
|      mul_16ns_9s_25_1_1_U294                                                    | 1   |        | mul_ln73_203  | mul | auto   | 0       |
|      mul_16ns_9s_25_1_1_U316                                                    | 1   |        | mul_ln73_204  | mul | auto   | 0       |
|      mul_16ns_9s_24_1_1_U303                                                    | 1   |        | mul_ln73_205  | mul | auto   | 0       |
|      mul_16ns_9s_25_1_1_U348                                                    | 1   |        | mul_ln73_206  | mul | auto   | 0       |
|      mul_16ns_8s_23_1_1_U311                                                    | 1   |        | mul_ln73_207  | mul | auto   | 0       |
|      sub_ln73_92_fu_304833_p2                                                   |     |        | sub_ln73_92   | sub | fabric | 0       |
|      mul_16ns_8s_24_1_1_U365                                                    | 1   |        | mul_ln73_208  | mul | auto   | 0       |
|      mul_16ns_9s_23_1_1_U291                                                    | 1   |        | mul_ln73_209  | mul | auto   | 0       |
|      mul_16ns_8ns_23_1_1_U248                                                   | 1   |        | mul_ln73_210  | mul | auto   | 0       |
|      mul_16ns_7ns_22_1_1_U293                                                   | 1   |        | mul_ln73_211  | mul | auto   | 0       |
|      sub_ln73_93_fu_304853_p2                                                   |     |        | sub_ln73_93   | sub | fabric | 0       |
|      sub_ln73_94_fu_304874_p2                                                   |     |        | sub_ln73_94   | sub | fabric | 0       |
|      add_ln73_16_fu_297888_p2                                                   |     |        | add_ln73_16   | add | fabric | 0       |
|      mul_16ns_9s_23_1_1_U249                                                    | 1   |        | mul_ln73_212  | mul | auto   | 0       |
|      add_ln73_17_fu_297914_p2                                                   |     |        | add_ln73_17   | add | fabric | 0       |
|      mul_16ns_10s_25_1_1_U356                                                   | 1   |        | mul_ln73_213  | mul | auto   | 0       |
|      sub_ln73_95_fu_304904_p2                                                   |     |        | sub_ln73_95   | sub | fabric | 0       |
|      mul_16ns_9s_25_1_1_U348                                                    | 1   |        | mul_ln73_214  | mul | auto   | 0       |
|      mul_16ns_10s_24_1_1_U357                                                   | 1   |        | mul_ln73_215  | mul | auto   | 0       |
|      mul_16ns_10s_24_1_1_U342                                                   | 1   |        | mul_ln73_216  | mul | auto   | 0       |
|      mul_16ns_10s_24_1_1_U385                                                   | 1   |        | mul_ln73_217  | mul | auto   | 0       |
|      mul_16ns_10s_24_1_1_U327                                                   | 1   |        | mul_ln73_218  | mul | auto   | 0       |
|      mul_16ns_9s_24_1_1_U282                                                    | 1   |        | mul_ln73_219  | mul | auto   | 0       |
|      mul_16ns_9s_25_1_1_U257                                                    | 1   |        | mul_ln73_220  | mul | auto   | 0       |
|      mul_16ns_9s_24_1_1_U330                                                    | 1   |        | mul_ln73_221  | mul | auto   | 0       |
|      mul_16ns_9s_24_1_1_U374                                                    | 1   |        | mul_ln73_222  | mul | auto   | 0       |
|      sub_ln73_96_fu_297959_p2                                                   |     |        | sub_ln73_96   | sub | fabric | 0       |
|      add_ln73_18_fu_298009_p2                                                   |     |        | add_ln73_18   | add | fabric | 0       |
|      mul_16ns_10s_24_1_1_U381                                                   | 1   |        | mul_ln73_223  | mul | auto   | 0       |
|      mul_16ns_9s_24_1_1_U307                                                    | 1   |        | mul_ln73_224  | mul | auto   | 0       |
|      mul_16ns_10s_25_1_1_U270                                                   | 1   |        | mul_ln73_225  | mul | auto   | 0       |
|      mul_16ns_10s_24_1_1_U355                                                   | 1   |        | mul_ln73_226  | mul | auto   | 0       |
|      mul_16ns_8s_24_1_1_U360                                                    | 1   |        | mul_ln73_227  | mul | auto   | 0       |
|      mul_16ns_9s_24_1_1_U367                                                    | 1   |        | mul_ln73_228  | mul | auto   | 0       |
|      sub_ln73_97_fu_298051_p2                                                   |     |        | sub_ln73_97   | sub | fabric | 0       |
|      mul_16ns_10s_24_1_1_U300                                                   | 1   |        | mul_ln73_229  | mul | auto   | 0       |
|      add_ln73_19_fu_298067_p2                                                   |     |        | add_ln73_19   | add | fabric | 0       |
|      mul_16ns_9s_24_1_1_U261                                                    | 1   |        | mul_ln73_230  | mul | auto   | 0       |
|      sub_ln73_98_fu_298091_p2                                                   |     |        | sub_ln73_98   | sub | fabric | 0       |
|      sub_ln73_99_fu_298101_p2                                                   |     |        | sub_ln73_99   | sub | fabric | 0       |
|      sub_ln73_100_fu_298127_p2                                                  |     |        | sub_ln73_100  | sub | fabric | 0       |
|      mul_16ns_9s_23_1_1_U277                                                    | 1   |        | mul_ln73_231  | mul | auto   | 0       |
|      sub_ln73_101_fu_298147_p2                                                  |     |        | sub_ln73_101  | sub | fabric | 0       |
|      mul_16ns_9s_24_1_1_U384                                                    | 1   |        | mul_ln73_232  | mul | auto   | 0       |
|      mul_16ns_9s_24_1_1_U352                                                    | 1   |        | mul_ln73_233  | mul | auto   | 0       |
|      sub_ln73_102_fu_298182_p2                                                  |     |        | sub_ln73_102  | sub | fabric | 0       |
|      sub_ln73_103_fu_298192_p2                                                  |     |        | sub_ln73_103  | sub | fabric | 0       |
|      mul_16ns_7s_23_1_1_U269                                                    | 1   |        | mul_ln73_234  | mul | auto   | 0       |
|      sub_ln73_104_fu_299732_p2                                                  |     |        | sub_ln73_104  | sub | fabric | 0       |
|      sub_ln73_105_fu_299763_p2                                                  |     |        | sub_ln73_105  | sub | fabric | 0       |
|      sub_ln73_106_fu_299798_p2                                                  |     |        | sub_ln73_106  | sub | fabric | 0       |
|      mul_16ns_9s_24_1_1_U341                                                    | 1   |        | mul_ln73_235  | mul | auto   | 0       |
|      mul_16ns_9ns_24_1_1_U286                                                   | 1   |        | mul_ln73_236  | mul | auto   | 0       |
|      mul_16ns_9s_24_1_1_U292                                                    | 1   |        | mul_ln73_237  | mul | auto   | 0       |
|      mul_16ns_10s_24_1_1_U385                                                   | 1   |        | mul_ln73_238  | mul | auto   | 0       |
|      mul_16ns_9s_24_1_1_U312                                                    | 1   |        | mul_ln73_239  | mul | auto   | 0       |
|      mul_16ns_9s_23_1_1_U309                                                    | 1   |        | mul_ln73_240  | mul | auto   | 0       |
|      add_ln73_20_fu_299841_p2                                                   |     |        | add_ln73_20   | add | fabric | 0       |
|      mul_16ns_8s_24_1_1_U366                                                    | 1   |        | mul_ln73_241  | mul | auto   | 0       |
|      mul_16ns_8ns_23_1_1_U308                                                   | 1   |        | mul_ln73_242  | mul | auto   | 0       |
|      mul_16ns_9s_23_1_1_U336                                                    | 1   |        | mul_ln73_243  | mul | auto   | 0       |
|      mul_16ns_8s_24_1_1_U343                                                    | 1   |        | mul_ln73_244  | mul | auto   | 0       |
|      sub_ln73_107_fu_299880_p2                                                  |     |        | sub_ln73_107  | sub | fabric | 0       |
|      add_ln73_21_fu_299896_p2                                                   |     |        | add_ln73_21   | add | fabric | 0       |
|      mul_16ns_9s_25_1_1_U301                                                    | 1   |        | mul_ln73_245  | mul | auto   | 0       |
|      sub_ln73_108_fu_299941_p2                                                  |     |        | sub_ln73_108  | sub | fabric | 0       |
|      sub_ln73_109_fu_304954_p2                                                  |     |        | sub_ln73_109  | sub | fabric | 0       |
|      mul_16ns_9s_25_1_1_U329                                                    | 1   |        | mul_ln73_246  | mul | auto   | 0       |
|      mul_16ns_9s_24_1_1_U317                                                    | 1   |        | mul_ln73_247  | mul | auto   | 0       |
|      mul_16ns_10s_25_1_1_U244                                                   | 1   |        | mul_ln73_248  | mul | auto   | 0       |
|      sub_ln73_110_fu_304974_p2                                                  |     |        | sub_ln73_110  | sub | fabric | 0       |
|      mul_16ns_8s_24_1_1_U265                                                    | 1   |        | mul_ln73_249  | mul | auto   | 0       |
|      sub_ln73_111_fu_305011_p2                                                  |     |        | sub_ln73_111  | sub | fabric | 0       |
|      mul_16ns_8s_24_1_1_U353                                                    | 1   |        | mul_ln73_250  | mul | auto   | 0       |
|      sub_ln73_112_fu_305042_p2                                                  |     |        | sub_ln73_112  | sub | fabric | 0       |
|      sub_ln73_113_fu_305052_p2                                                  |     |        | sub_ln73_113  | sub | fabric | 0       |
|      sub_ln73_114_fu_305083_p2                                                  |     |        | sub_ln73_114  | sub | fabric | 0       |
|      mul_16ns_9s_24_1_1_U375                                                    | 1   |        | mul_ln73_251  | mul | auto   | 0       |
|      mul_16ns_10s_24_1_1_U289                                                   | 1   |        | mul_ln73_252  | mul | auto   | 0       |
|      mul_16ns_9s_24_1_1_U380                                                    | 1   |        | mul_ln73_253  | mul | auto   | 0       |
|      sub_ln73_115_fu_305114_p2                                                  |     |        | sub_ln73_115  | sub | fabric | 0       |
|      mul_16ns_9s_23_1_1_U305                                                    | 1   |        | mul_ln73_254  | mul | auto   | 0       |
|      mul_16ns_9s_23_1_1_U305                                                    | 1   |        | mul_ln73_255  | mul | auto   | 0       |
|      mul_16ns_10s_25_1_1_U266                                                   | 1   |        | mul_ln73_256  | mul | auto   | 0       |
|      mul_16ns_9s_24_1_1_U383                                                    | 1   |        | mul_ln73_257  | mul | auto   | 0       |
|      sub_ln73_116_fu_305134_p2                                                  |     |        | sub_ln73_116  | sub | fabric | 0       |
|      mul_16ns_9s_24_1_1_U262                                                    | 1   |        | mul_ln73_258  | mul | auto   | 0       |
|      mul_16ns_9s_25_1_1_U283                                                    | 1   |        | mul_ln73_259  | mul | auto   | 0       |
|      mul_16ns_9s_23_1_1_U278                                                    | 1   |        | mul_ln73_260  | mul | auto   | 0       |
|      mul_16ns_10s_24_1_1_U289                                                   | 1   |        | mul_ln73_261  | mul | auto   | 0       |
|      mul_16ns_9s_24_1_1_U330                                                    | 1   |        | mul_ln73_262  | mul | auto   | 0       |
|      mul_16ns_8s_24_1_1_U340                                                    | 1   |        | mul_ln73_263  | mul | auto   | 0       |
|      mul_16ns_9s_23_1_1_U328                                                    | 1   |        | mul_ln73_264  | mul | auto   | 0       |
|      mul_16ns_7s_23_1_1_U313                                                    | 1   |        | mul_ln73_265  | mul | auto   | 0       |
|      mul_16ns_8s_23_1_1_U298                                                    | 1   |        | mul_ln73_266  | mul | auto   | 0       |
|      add_ln73_22_fu_298303_p2                                                   |     |        | add_ln73_22   | add | fabric | 0       |
|      mul_16ns_9s_24_1_1_U346                                                    | 1   |        | mul_ln73_267  | mul | auto   | 0       |
|      sub_ln73_117_fu_298331_p2                                                  |     |        | sub_ln73_117  | sub | fabric | 0       |
|      mul_16ns_8s_24_1_1_U271                                                    | 1   |        | mul_ln73_268  | mul | auto   | 0       |
|      mul_16ns_9s_24_1_1_U268                                                    | 1   |        | mul_ln73_269  | mul | auto   | 0       |
|      mul_16ns_9s_25_1_1_U382                                                    | 1   |        | mul_ln73_270  | mul | auto   | 0       |
|      mul_16ns_8s_24_1_1_U368                                                    | 1   |        | mul_ln73_271  | mul | auto   | 0       |
|      sub_ln73_118_fu_298347_p2                                                  |     |        | sub_ln73_118  | sub | fabric | 0       |
|      mul_16ns_10s_24_1_1_U260                                                   | 1   |        | mul_ln73_272  | mul | auto   | 0       |
|      mul_16ns_9s_24_1_1_U383                                                    | 1   |        | mul_ln73_273  | mul | auto   | 0       |
|      mul_16ns_9s_25_1_1_U285                                                    | 1   |        | mul_ln73_274  | mul | auto   | 0       |
|      mul_16ns_9s_23_1_1_U291                                                    | 1   |        | mul_ln73_275  | mul | auto   | 0       |
|      sub_ln73_119_fu_298363_p2                                                  |     |        | sub_ln73_119  | sub | fabric | 0       |
|      mul_16ns_7s_23_1_1_U288                                                    | 1   |        | mul_ln73_276  | mul | auto   | 0       |
|      mul_16ns_9s_25_1_1_U250                                                    | 1   |        | mul_ln73_277  | mul | auto   | 0       |
|      mul_16ns_10s_24_1_1_U342                                                   | 1   |        | mul_ln73_278  | mul | auto   | 0       |
|      mul_16ns_9s_23_1_1_U326                                                    | 1   |        | mul_ln73_279  | mul | auto   | 0       |
|      mul_16ns_9s_24_1_1_U358                                                    | 1   |        | mul_ln73_280  | mul | auto   | 0       |
|      mul_16ns_8ns_23_1_1_U276                                                   | 1   |        | mul_ln73_281  | mul | auto   | 0       |
|      mul_16ns_8s_23_1_1_U245                                                    | 1   |        | mul_ln73_282  | mul | auto   | 0       |
|      mul_16ns_9s_24_1_1_U282                                                    | 1   |        | mul_ln73_283  | mul | auto   | 0       |
|      sub_ln73_120_fu_300083_p2                                                  |     |        | sub_ln73_120  | sub | fabric | 0       |
|      mul_16ns_9s_23_1_1_U354                                                    | 1   |        | mul_ln73_284  | mul | auto   | 0       |
|      sub_ln73_121_fu_300114_p2                                                  |     |        | sub_ln73_121  | sub | fabric | 0       |
|      sub_ln73_122_fu_300135_p2                                                  |     |        | sub_ln73_122  | sub | fabric | 0       |
|      mul_16ns_9ns_24_1_1_U286                                                   | 1   |        | mul_ln73_285  | mul | auto   | 0       |
|      mul_16ns_9s_25_1_1_U267                                                    | 1   |        | mul_ln73_286  | mul | auto   | 0       |
|      mul_16ns_9s_25_1_1_U297                                                    | 1   |        | mul_ln73_287  | mul | auto   | 0       |
|      sub_ln73_123_fu_300155_p2                                                  |     |        | sub_ln73_123  | sub | fabric | 0       |
|      sub_ln73_124_fu_300180_p2                                                  |     |        | sub_ln73_124  | sub | fabric | 0       |
|      mul_16ns_9s_24_1_1_U369                                                    | 1   |        | mul_ln73_288  | mul | auto   | 0       |
|      mul_16ns_9s_23_1_1_U333                                                    | 1   |        | mul_ln73_289  | mul | auto   | 0       |
|      mul_16ns_9s_25_1_1_U257                                                    | 1   |        | mul_ln73_290  | mul | auto   | 0       |
|      mul_16ns_8s_24_1_1_U372                                                    | 1   |        | mul_ln73_291  | mul | auto   | 0       |
|      sub_ln73_125_fu_300215_p2                                                  |     |        | sub_ln73_125  | sub | fabric | 0       |
|      sub_ln73_126_fu_300235_p2                                                  |     |        | sub_ln73_126  | sub | fabric | 0       |
|      mul_16ns_8s_24_1_1_U353                                                    | 1   |        | mul_ln73_292  | mul | auto   | 0       |
|      mul_16ns_10s_25_1_1_U244                                                   | 1   |        | mul_ln73_293  | mul | auto   | 0       |
|      add_ln73_23_fu_300270_p2                                                   |     |        | add_ln73_23   | add | fabric | 0       |
|      mul_16ns_8s_24_1_1_U310                                                    | 1   |        | mul_ln73_294  | mul | auto   | 0       |
|      mul_16ns_9s_25_1_1_U294                                                    | 1   |        | mul_ln73_295  | mul | auto   | 0       |
|      mul_16ns_10s_24_1_1_U327                                                   | 1   |        | mul_ln73_296  | mul | auto   | 0       |
|      mul_16ns_9s_25_1_1_U275                                                    | 1   |        | mul_ln73_297  | mul | auto   | 0       |
|      sub_ln73_127_fu_300303_p2                                                  |     |        | sub_ln73_127  | sub | fabric | 0       |
|      mul_16ns_9s_24_1_1_U284                                                    | 1   |        | mul_ln73_298  | mul | auto   | 0       |
|      mul_16ns_10s_25_1_1_U373                                                   | 1   |        | mul_ln73_299  | mul | auto   | 0       |
|      sub_ln73_128_fu_300342_p2                                                  |     |        | sub_ln73_128  | sub | fabric | 0       |
|      mul_16ns_10s_24_1_1_U281                                                   | 1   |        | mul_ln73_300  | mul | auto   | 0       |
|      mul_16ns_7ns_22_1_1_U293                                                   | 1   |        | mul_ln73_301  | mul | auto   | 0       |
|      mul_16ns_9s_23_1_1_U309                                                    | 1   |        | mul_ln73_302  | mul | auto   | 0       |
|      sub_ln73_129_fu_300404_p2                                                  |     |        | sub_ln73_129  | sub | fabric | 0       |
|      mul_16ns_10s_24_1_1_U300                                                   | 1   |        | mul_ln73_303  | mul | auto   | 0       |
|      sub_ln73_130_fu_300439_p2                                                  |     |        | sub_ln73_130  | sub | fabric | 0       |
|      mul_16ns_9s_23_1_1_U359                                                    | 1   |        | mul_ln73_304  | mul | auto   | 0       |
|      mul_16ns_10s_25_1_1_U356                                                   | 1   |        | mul_ln73_305  | mul | auto   | 0       |
|      sub_ln73_131_fu_300467_p2                                                  |     |        | sub_ln73_131  | sub | fabric | 0       |
|      sub_ln73_132_fu_300483_p2                                                  |     |        | sub_ln73_132  | sub | fabric | 0       |
|      mul_16ns_9s_23_1_1_U349                                                    | 1   |        | mul_ln73_306  | mul | auto   | 0       |
|      mul_16ns_9s_25_1_1_U267                                                    | 1   |        | mul_ln73_307  | mul | auto   | 0       |
|      mul_16ns_9s_24_1_1_U256                                                    | 1   |        | mul_ln73_308  | mul | auto   | 0       |
|      mul_16ns_8s_24_1_1_U242                                                    | 1   |        | mul_ln73_309  | mul | auto   | 0       |
|      mul_16ns_10s_25_1_1_U373                                                   | 1   |        | mul_ln73_310  | mul | auto   | 0       |
|      mul_16ns_9s_23_1_1_U336                                                    | 1   |        | mul_ln73_311  | mul | auto   | 0       |
|      sub_ln73_133_fu_305211_p2                                                  |     |        | sub_ln73_133  | sub | fabric | 0       |
|      sub_ln73_134_fu_305221_p2                                                  |     |        | sub_ln73_134  | sub | fabric | 0       |
|      mul_16ns_10s_24_1_1_U338                                                   | 1   |        | mul_ln73_312  | mul | auto   | 0       |
|      sub_ln73_135_fu_305247_p2                                                  |     |        | sub_ln73_135  | sub | fabric | 0       |
|      sub_ln73_136_fu_300530_p2                                                  |     |        | sub_ln73_136  | sub | fabric | 0       |
|      sub_ln73_137_fu_300551_p2                                                  |     |        | sub_ln73_137  | sub | fabric | 0       |
|      sub_ln73_138_fu_305281_p2                                                  |     |        | sub_ln73_138  | sub | fabric | 0       |
|      mul_16ns_9ns_24_1_1_U286                                                   | 1   |        | mul_ln73_313  | mul | auto   | 0       |
|      mul_16ns_9s_25_1_1_U295                                                    | 1   |        | mul_ln73_314  | mul | auto   | 0       |
|      mul_16ns_9s_23_1_1_U277                                                    | 1   |        | mul_ln73_315  | mul | auto   | 0       |
|      sub_ln73_139_fu_300574_p2                                                  |     |        | sub_ln73_139  | sub | fabric | 0       |
|      mul_16ns_9ns_24_1_1_U379                                                   | 1   |        | mul_ln73_316  | mul | auto   | 0       |
|      mul_16ns_9s_24_1_1_U367                                                    | 1   |        | mul_ln73_317  | mul | auto   | 0       |
|      sub_ln73_140_fu_300612_p2                                                  |     |        | sub_ln73_140  | sub | fabric | 0       |
|      mul_16ns_10s_24_1_1_U357                                                   | 1   |        | mul_ln73_318  | mul | auto   | 0       |
|      mul_16ns_10s_24_1_1_U381                                                   | 1   |        | mul_ln73_319  | mul | auto   | 0       |
|      mul_16ns_9s_24_1_1_U318                                                    | 1   |        | mul_ln73_320  | mul | auto   | 0       |
|      mul_16ns_10s_25_1_1_U347                                                   | 1   |        | mul_ln73_321  | mul | auto   | 0       |
|      sub_ln73_141_fu_300654_p2                                                  |     |        | sub_ln73_141  | sub | fabric | 0       |
|      sub_ln73_142_fu_300674_p2                                                  |     |        | sub_ln73_142  | sub | fabric | 0       |
|      add_ln73_24_fu_300689_p2                                                   |     |        | add_ln73_24   | add | fabric | 0       |
|      mul_16ns_8s_24_1_1_U287                                                    | 1   |        | mul_ln73_322  | mul | auto   | 0       |
|      mul_16ns_8s_24_1_1_U371                                                    | 1   |        | mul_ln73_323  | mul | auto   | 0       |
|      mul_16ns_7s_23_1_1_U269                                                    | 1   |        | mul_ln73_324  | mul | auto   | 0       |
|      mul_16ns_9s_24_1_1_U380                                                    | 1   |        | mul_ln73_325  | mul | auto   | 0       |
|      add_ln73_25_fu_300734_p2                                                   |     |        | add_ln73_25   | add | fabric | 0       |
|      mul_16ns_8s_24_1_1_U343                                                    | 1   |        | mul_ln73_326  | mul | auto   | 0       |
|      mul_16ns_10s_25_1_1_U270                                                   | 1   |        | mul_ln73_327  | mul | auto   | 0       |
|      mul_16ns_10s_25_1_1_U266                                                   | 1   |        | mul_ln73_328  | mul | auto   | 0       |
|      add_ln73_26_fu_300783_p2                                                   |     |        | add_ln73_26   | add | fabric | 0       |
|      mul_16ns_9s_24_1_1_U352                                                    | 1   |        | mul_ln73_329  | mul | auto   | 0       |
|      mul_16ns_9s_23_1_1_U279                                                    | 1   |        | mul_ln73_330  | mul | auto   | 0       |
|      mul_16ns_9s_25_1_1_U378                                                    | 1   |        | mul_ln73_331  | mul | auto   | 0       |
|      mul_16ns_8s_24_1_1_U273                                                    | 1   |        | mul_ln73_332  | mul | auto   | 0       |
|      mul_16ns_9s_24_1_1_U261                                                    | 1   |        | mul_ln73_333  | mul | auto   | 0       |
|      mul_16ns_9s_25_1_1_U301                                                    | 1   |        | mul_ln73_334  | mul | auto   | 0       |
|      add_ln73_27_fu_305335_p2                                                   |     |        | add_ln73_27   | add | fabric | 0       |
|      mul_16ns_10s_24_1_1_U264                                                   | 1   |        | mul_ln73_335  | mul | auto   | 0       |
|      mul_16ns_9s_25_1_1_U295                                                    | 1   |        | mul_ln73_336  | mul | auto   | 0       |
|      mul_16ns_10s_24_1_1_U361                                                   | 1   |        | mul_ln73_337  | mul | auto   | 0       |
|      mul_16ns_8s_24_1_1_U259                                                    | 1   |        | mul_ln73_338  | mul | auto   | 0       |
|      add_ln73_28_fu_305381_p2                                                   |     |        | add_ln73_28   | add | fabric | 0       |
|      sub_ln73_143_fu_305401_p2                                                  |     |        | sub_ln73_143  | sub | fabric | 0       |
|      sub_ln73_144_fu_305411_p2                                                  |     |        | sub_ln73_144  | sub | fabric | 0       |
|      mul_16ns_8s_24_1_1_U321                                                    | 1   |        | mul_ln73_339  | mul | auto   | 0       |
|      sub_ln73_145_fu_298546_p2                                                  |     |        | sub_ln73_145  | sub | fabric | 0       |
|      sub_ln73_146_fu_298566_p2                                                  |     |        | sub_ln73_146  | sub | fabric | 0       |
|      sub_ln73_147_fu_298576_p2                                                  |     |        | sub_ln73_147  | sub | fabric | 0       |
|      sub_ln73_148_fu_305430_p2                                                  |     |        | sub_ln73_148  | sub | fabric | 0       |
|      mul_16ns_10s_24_1_1_U385                                                   | 1   |        | mul_ln73_340  | mul | auto   | 0       |
|      sub_ln73_149_fu_305460_p2                                                  |     |        | sub_ln73_149  | sub | fabric | 0       |
|      mul_16ns_8s_24_1_1_U360                                                    | 1   |        | mul_ln73_341  | mul | auto   | 0       |
|      mul_16ns_9s_24_1_1_U387                                                    | 1   |        | mul_ln73_342  | mul | auto   | 0       |
|      sub_ln73_150_fu_305478_p2                                                  |     |        | sub_ln73_150  | sub | fabric | 0       |
|      sub_ln73_151_fu_305509_p2                                                  |     |        | sub_ln73_151  | sub | fabric | 0       |
|      mul_16ns_10s_25_1_1_U322                                                   | 1   |        | mul_ln73_343  | mul | auto   | 0       |
|      mul_16ns_9s_24_1_1_U262                                                    | 1   |        | mul_ln73_344  | mul | auto   | 0       |
|      mul_16ns_9s_24_1_1_U274                                                    | 1   |        | mul_ln73_345  | mul | auto   | 0       |
|      mul_16ns_9s_25_1_1_U302                                                    | 1   |        | mul_ln73_346  | mul | auto   | 0       |
|      sub_ln73_152_fu_300875_p2                                                  |     |        | sub_ln73_152  | sub | fabric | 0       |
|      mul_16ns_8s_23_1_1_U362                                                    | 1   |        | mul_ln73_347  | mul | auto   | 0       |
|      mul_16ns_8s_24_1_1_U243                                                    | 1   |        | mul_ln73_348  | mul | auto   | 0       |
|      mul_16ns_10s_25_1_1_U337                                                   | 1   |        | mul_ln73_349  | mul | auto   | 0       |
|      mul_16ns_9s_23_1_1_U350                                                    | 1   |        | mul_ln73_350  | mul | auto   | 0       |
|      mul_16ns_9s_23_1_1_U249                                                    | 1   |        | mul_ln73_351  | mul | auto   | 0       |
|      mul_16ns_9s_25_1_1_U363                                                    | 1   |        | mul_ln73_352  | mul | auto   | 0       |
|      mul_16ns_9s_23_1_1_U315                                                    | 1   |        | mul_ln73_353  | mul | auto   | 0       |
|      sub_ln73_153_fu_300910_p2                                                  |     |        | sub_ln73_153  | sub | fabric | 0       |
|      sub_ln73_154_fu_300935_p2                                                  |     |        | sub_ln73_154  | sub | fabric | 0       |
|      mul_16ns_10s_25_1_1_U386                                                   | 1   |        | mul_ln73_354  | mul | auto   | 0       |
|      mul_16ns_10s_24_1_1_U334                                                   | 1   |        | mul_ln73_355  | mul | auto   | 0       |
|      sub_ln73_155_fu_300962_p2                                                  |     |        | sub_ln73_155  | sub | fabric | 0       |
|      add_ln73_29_fu_300989_p2                                                   |     |        | add_ln73_29   | add | fabric | 0       |
|      mul_16ns_9s_24_1_1_U303                                                    | 1   |        | mul_ln73_356  | mul | auto   | 0       |
|      mul_16ns_9s_25_1_1_U253                                                    | 1   |        | mul_ln73_357  | mul | auto   | 0       |
|      add_ln73_30_fu_301016_p2                                                   |     |        | add_ln73_30   | add | fabric | 0       |
|      mul_16ns_9s_24_1_1_U317                                                    | 1   |        | mul_ln73_358  | mul | auto   | 0       |
|      add_ln73_31_fu_301035_p2                                                   |     |        | add_ln73_31   | add | fabric | 0       |
|      mul_16ns_9s_24_1_1_U251                                                    | 1   |        | mul_ln73_359  | mul | auto   | 0       |
|      mul_16ns_8s_24_1_1_U296                                                    | 1   |        | mul_ln73_360  | mul | auto   | 0       |
|      mul_16ns_9s_25_1_1_U370                                                    | 1   |        | mul_ln73_361  | mul | auto   | 0       |
|      mul_16ns_9s_24_1_1_U323                                                    | 1   |        | mul_ln73_362  | mul | auto   | 0       |
|      mul_16ns_8s_22_1_1_U325                                                    | 1   |        | mul_ln73_363  | mul | auto   | 0       |
|      mul_16ns_10s_24_1_1_U335                                                   | 1   |        | mul_ln73_364  | mul | auto   | 0       |
|      mul_16ns_8ns_23_1_1_U248                                                   | 1   |        | mul_ln73_365  | mul | auto   | 0       |
|      mul_16ns_9s_25_1_1_U258                                                    | 1   |        | mul_ln73_366  | mul | auto   | 0       |
|      sub_ln73_156_fu_301093_p2                                                  |     |        | sub_ln73_156  | sub | fabric | 0       |
|      sub_ln73_157_fu_301135_p2                                                  |     |        | sub_ln73_157  | sub | fabric | 0       |
|      mul_16ns_9s_24_1_1_U292                                                    | 1   |        | mul_ln73_367  | mul | auto   | 0       |
|      mul_16ns_10s_24_1_1_U254                                                   | 1   |        | mul_ln73_368  | mul | auto   | 0       |
|      mul_16ns_9s_23_1_1_U326                                                    | 1   |        | mul_ln73_369  | mul | auto   | 0       |
|      mul_16ns_9s_24_1_1_U384                                                    | 1   |        | mul_ln73_370  | mul | auto   | 0       |
|      sub_ln73_158_fu_301196_p2                                                  |     |        | sub_ln73_158  | sub | fabric | 0       |
|      mul_16ns_9s_25_1_1_U319                                                    | 1   |        | mul_ln73_371  | mul | auto   | 0       |
|      sub_ln73_159_fu_301220_p2                                                  |     |        | sub_ln73_159  | sub | fabric | 0       |
|      mul_16ns_9s_24_1_1_U307                                                    | 1   |        | mul_ln73_372  | mul | auto   | 0       |
|      add_ln73_32_fu_301238_p2                                                   |     |        | add_ln73_32   | add | fabric | 0       |
|      mul_16ns_9s_24_1_1_U331                                                    | 1   |        | mul_ln73_373  | mul | auto   | 0       |
|      mul_16ns_8ns_23_1_1_U377                                                   | 1   |        | mul_ln73_374  | mul | auto   | 0       |
|      sub_ln73_160_fu_301265_p2                                                  |     |        | sub_ln73_160  | sub | fabric | 0       |
|      sub_ln73_161_fu_301275_p2                                                  |     |        | sub_ln73_161  | sub | fabric | 0       |
|      mul_16ns_8s_24_1_1_U365                                                    | 1   |        | mul_ln73_375  | mul | auto   | 0       |
|      mul_16ns_10s_24_1_1_U345                                                   | 1   |        | mul_ln73_376  | mul | auto   | 0       |
|      mul_16ns_9s_23_1_1_U344                                                    | 1   |        | mul_ln73_377  | mul | auto   | 0       |
|      sub_ln73_162_fu_301306_p2                                                  |     |        | sub_ln73_162  | sub | fabric | 0       |
|      sub_ln73_163_fu_301331_p2                                                  |     |        | sub_ln73_163  | sub | fabric | 0       |
|      sub_ln73_164_fu_301369_p2                                                  |     |        | sub_ln73_164  | sub | fabric | 0       |
|      sub_ln73_165_fu_301415_p2                                                  |     |        | sub_ln73_165  | sub | fabric | 0       |
|      add_ln73_33_fu_301435_p2                                                   |     |        | add_ln73_33   | add | fabric | 0       |
|      sub_ln73_166_fu_301455_p2                                                  |     |        | sub_ln73_166  | sub | fabric | 0       |
|      sub_ln73_167_fu_301465_p2                                                  |     |        | sub_ln73_167  | sub | fabric | 0       |
|      mul_16ns_8s_24_1_1_U314                                                    | 1   |        | mul_ln73_378  | mul | auto   | 0       |
|      mul_16ns_10s_24_1_1_U280                                                   | 1   |        | mul_ln73_379  | mul | auto   | 0       |
|      mul_16ns_9s_24_1_1_U339                                                    | 1   |        | mul_ln73_380  | mul | auto   | 0       |
|      sub_ln73_168_fu_301488_p2                                                  |     |        | sub_ln73_168  | sub | fabric | 0       |
|      mul_16ns_9s_25_1_1_U329                                                    | 1   |        | mul_ln73_381  | mul | auto   | 0       |
|      mul_16ns_8ns_23_1_1_U308                                                   | 1   |        | mul_ln73_382  | mul | auto   | 0       |
|      sub_ln73_169_fu_301522_p2                                                  |     |        | sub_ln73_169  | sub | fabric | 0       |
|      mul_16ns_9s_24_1_1_U312                                                    | 1   |        | mul_ln73_383  | mul | auto   | 0       |
|      mul_16ns_8s_24_1_1_U252                                                    | 1   |        | mul_ln73_384  | mul | auto   | 0       |
|      mul_16ns_8s_23_1_1_U290                                                    | 1   |        | mul_ln73_385  | mul | auto   | 0       |
|      mul_16ns_9s_25_1_1_U332                                                    | 1   |        | mul_ln73_386  | mul | auto   | 0       |
|      sub_ln73_170_fu_301546_p2                                                  |     |        | sub_ln73_170  | sub | fabric | 0       |
|      mul_16ns_8s_24_1_1_U255                                                    | 1   |        | mul_ln73_387  | mul | auto   | 0       |
|      sub_ln73_171_fu_305595_p2                                                  |     |        | sub_ln73_171  | sub | fabric | 0       |
|      sub_ln73_172_fu_305644_p2                                                  |     |        | sub_ln73_172  | sub | fabric | 0       |
|      sub_ln73_173_fu_301594_p2                                                  |     |        | sub_ln73_173  | sub | fabric | 0       |
|      sub_ln73_174_fu_301604_p2                                                  |     |        | sub_ln73_174  | sub | fabric | 0       |
|      mul_16ns_9s_24_1_1_U375                                                    | 1   |        | mul_ln73_388  | mul | auto   | 0       |
|      sub_ln73_175_fu_305674_p2                                                  |     |        | sub_ln73_175  | sub | fabric | 0       |
|      sub_ln73_176_fu_305684_p2                                                  |     |        | sub_ln73_176  | sub | fabric | 0       |
|      mul_16ns_9s_25_1_1_U324                                                    | 1   |        | mul_ln73_389  | mul | auto   | 0       |
|      mul_16ns_9s_24_1_1_U299                                                    | 1   |        | mul_ln73_390  | mul | auto   | 0       |
|      mul_16ns_9s_25_1_1_U316                                                    | 1   |        | mul_ln73_391  | mul | auto   | 0       |
|      mul_16ns_9s_24_1_1_U351                                                    | 1   |        | mul_ln73_392  | mul | auto   | 0       |
|      mul_16ns_8s_24_1_1_U296                                                    | 1   |        | mul_ln73_393  | mul | auto   | 0       |
|      mul_16ns_9s_24_1_1_U341                                                    | 1   |        | mul_ln73_394  | mul | auto   | 0       |
|      mul_16ns_9s_23_1_1_U304                                                    | 1   |        | mul_ln73_395  | mul | auto   | 0       |
|      mul_16ns_8s_24_1_1_U366                                                    | 1   |        | mul_ln73_396  | mul | auto   | 0       |
|      mul_16ns_9s_25_1_1_U306                                                    | 1   |        | mul_ln73_397  | mul | auto   | 0       |
|      mul_16ns_8s_23_1_1_U311                                                    | 1   |        | mul_ln73_398  | mul | auto   | 0       |
|      mul_16ns_8s_24_1_1_U247                                                    | 1   |        | mul_ln73_399  | mul | auto   | 0       |
|      mul_16ns_8s_24_1_1_U265                                                    | 1   |        | mul_ln73_400  | mul | auto   | 0       |
|      sub_ln73_177_fu_305712_p2                                                  |     |        | sub_ln73_177  | sub | fabric | 0       |
|      sub_ln73_178_fu_305722_p2                                                  |     |        | sub_ln73_178  | sub | fabric | 0       |
|      mul_16ns_10s_24_1_1_U357                                                   | 1   |        | mul_ln73_401  | mul | auto   | 0       |
|      sub_ln73_179_fu_301657_p2                                                  |     |        | sub_ln73_179  | sub | fabric | 0       |
|      sub_ln73_180_fu_301677_p2                                                  |     |        | sub_ln73_180  | sub | fabric | 0       |
|      sub_ln73_181_fu_301693_p2                                                  |     |        | sub_ln73_181  | sub | fabric | 0       |
|      sub_ln73_182_fu_301727_p2                                                  |     |        | sub_ln73_182  | sub | fabric | 0       |
|      sub_ln73_183_fu_301753_p2                                                  |     |        | sub_ln73_183  | sub | fabric | 0       |
|      mul_16ns_8s_24_1_1_U263                                                    | 1   |        | mul_ln73_402  | mul | auto   | 0       |
|      mul_16ns_10s_24_1_1_U376                                                   | 1   |        | mul_ln73_403  | mul | auto   | 0       |
|      mul_16ns_9s_23_1_1_U305                                                    | 1   |        | mul_ln73_404  | mul | auto   | 0       |
|      mul_16ns_10s_24_1_1_U342                                                   | 1   |        | mul_ln73_405  | mul | auto   | 0       |
|      mul_16ns_9s_24_1_1_U364                                                    | 1   |        | mul_ln73_406  | mul | auto   | 0       |
|      mul_16ns_10s_24_1_1_U355                                                   | 1   |        | mul_ln73_407  | mul | auto   | 0       |
|      mul_16ns_9s_25_1_1_U294                                                    | 1   |        | mul_ln73_408  | mul | auto   | 0       |
|      add_ln73_34_fu_301807_p2                                                   |     |        | add_ln73_34   | add | fabric | 0       |
|      mul_16ns_9s_23_1_1_U272                                                    | 1   |        | mul_ln73_409  | mul | auto   | 0       |
|      add_ln73_35_fu_301823_p2                                                   |     |        | add_ln73_35   | add | fabric | 0       |
|      add_ln73_36_fu_301850_p2                                                   |     |        | add_ln73_36   | add | fabric | 0       |
|      mul_16ns_9s_24_1_1_U374                                                    | 1   |        | mul_ln73_410  | mul | auto   | 0       |
|      mul_16ns_9s_25_1_1_U348                                                    | 1   |        | mul_ln73_411  | mul | auto   | 0       |
|      mul_16ns_9s_23_1_1_U320                                                    | 1   |        | mul_ln73_412  | mul | auto   | 0       |
|      mul_16ns_10s_25_1_1_U246                                                   | 1   |        | mul_ln73_413  | mul | auto   | 0       |
|      mul_16ns_9s_23_1_1_U315                                                    | 1   |        | mul_ln73_414  | mul | auto   | 0       |
|      sub_ln73_184_fu_301874_p2                                                  |     |        | sub_ln73_184  | sub | fabric | 0       |
|      sub_ln73_185_fu_301895_p2                                                  |     |        | sub_ln73_185  | sub | fabric | 0       |
|      mul_16ns_10s_25_1_1_U373                                                   | 1   |        | mul_ln73_415  | mul | auto   | 0       |
|      sub_ln73_186_fu_301972_p2                                                  |     |        | sub_ln73_186  | sub | fabric | 0       |
|      mul_16ns_10s_24_1_1_U361                                                   | 1   |        | mul_ln73_416  | mul | auto   | 0       |
|      mul_16ns_9s_24_1_1_U303                                                    | 1   |        | mul_ln73_417  | mul | auto   | 0       |
|      sub_ln73_187_fu_302000_p2                                                  |     |        | sub_ln73_187  | sub | fabric | 0       |
|      mul_16ns_9s_24_1_1_U387                                                    | 1   |        | mul_ln73_418  | mul | auto   | 0       |
|      mul_16ns_9s_23_1_1_U350                                                    | 1   |        | mul_ln73_419  | mul | auto   | 0       |
|      sub_ln73_188_fu_302040_p2                                                  |     |        | sub_ln73_188  | sub | fabric | 0       |
|      mul_16ns_9s_24_1_1_U284                                                    | 1   |        | mul_ln73_420  | mul | auto   | 0       |
|      mul_16ns_9s_24_1_1_U262                                                    | 1   |        | mul_ln73_421  | mul | auto   | 0       |
|      sub_ln73_189_fu_302056_p2                                                  |     |        | sub_ln73_189  | sub | fabric | 0       |
|      mul_16ns_9s_25_1_1_U267                                                    | 1   |        | mul_ln73_422  | mul | auto   | 0       |
|      mul_16ns_8s_23_1_1_U290                                                    | 1   |        | mul_ln73_423  | mul | auto   | 0       |
|      mul_16ns_9s_25_1_1_U329                                                    | 1   |        | mul_ln73_424  | mul | auto   | 0       |
|      mul_16ns_9s_23_1_1_U278                                                    | 1   |        | mul_ln73_425  | mul | auto   | 0       |
|      add_ln73_37_fu_302084_p2                                                   |     |        | add_ln73_37   | add | fabric | 0       |
|      sub_ln73_190_fu_302112_p2                                                  |     |        | sub_ln73_190  | sub | fabric | 0       |
|      sub_ln73_191_fu_302122_p2                                                  |     |        | sub_ln73_191  | sub | fabric | 0       |
|      sub_ln73_192_fu_302138_p2                                                  |     |        | sub_ln73_192  | sub | fabric | 0       |
|      mul_16ns_8s_24_1_1_U321                                                    | 1   |        | mul_ln73_426  | mul | auto   | 0       |
|      mul_16ns_9s_25_1_1_U257                                                    | 1   |        | mul_ln73_427  | mul | auto   | 0       |
|      sub_ln73_193_fu_302158_p2                                                  |     |        | sub_ln73_193  | sub | fabric | 0       |
|      add_ln73_38_fu_302221_p2                                                   |     |        | add_ln73_38   | add | fabric | 0       |
|      mul_16ns_10s_24_1_1_U342                                                   | 1   |        | mul_ln73_428  | mul | auto   | 0       |
|      sub_ln73_194_fu_302249_p2                                                  |     |        | sub_ln73_194  | sub | fabric | 0       |
|      mul_16ns_9s_25_1_1_U297                                                    | 1   |        | mul_ln73_429  | mul | auto   | 0       |
|      mul_16ns_8s_24_1_1_U255                                                    | 1   |        | mul_ln73_430  | mul | auto   | 0       |
|      sub_ln73_195_fu_302277_p2                                                  |     |        | sub_ln73_195  | sub | fabric | 0       |
|      mul_16ns_8ns_23_1_1_U377                                                   | 1   |        | mul_ln73_431  | mul | auto   | 0       |
|      mul_16ns_9s_24_1_1_U375                                                    | 1   |        | mul_ln73_432  | mul | auto   | 0       |
|      mul_16ns_8s_23_1_1_U362                                                    | 1   |        | mul_ln73_433  | mul | auto   | 0       |
|      mul_16ns_8s_24_1_1_U273                                                    | 1   |        | mul_ln73_434  | mul | auto   | 0       |
|      mul_16ns_9s_23_1_1_U336                                                    | 1   |        | mul_ln73_435  | mul | auto   | 0       |
|      mul_16ns_9s_23_1_1_U349                                                    | 1   |        | mul_ln73_436  | mul | auto   | 0       |
|      mul_16ns_8s_24_1_1_U271                                                    | 1   |        | mul_ln73_437  | mul | auto   | 0       |
|      mul_16ns_10s_24_1_1_U264                                                   | 1   |        | mul_ln73_438  | mul | auto   | 0       |
|      mul_16ns_9s_23_1_1_U359                                                    | 1   |        | mul_ln73_439  | mul | auto   | 0       |
|      mul_16ns_9ns_24_1_1_U286                                                   | 1   |        | mul_ln73_440  | mul | auto   | 0       |
|      mul_16ns_10s_24_1_1_U289                                                   | 1   |        | mul_ln73_441  | mul | auto   | 0       |
|      sub_ln73_196_fu_302333_p2                                                  |     |        | sub_ln73_196  | sub | fabric | 0       |
|      mul_16ns_9s_24_1_1_U256                                                    | 1   |        | mul_ln73_442  | mul | auto   | 0       |
|      mul_16ns_9s_23_1_1_U354                                                    | 1   |        | mul_ln73_443  | mul | auto   | 0       |
|      add_ln73_39_fu_302413_p2                                                   |     |        | add_ln73_39   | add | fabric | 0       |
|      mul_16ns_8s_24_1_1_U296                                                    | 1   |        | mul_ln73_444  | mul | auto   | 0       |
|      mul_16ns_9s_24_1_1_U380                                                    | 1   |        | mul_ln73_445  | mul | auto   | 0       |
|      sub_ln73_197_fu_302445_p2                                                  |     |        | sub_ln73_197  | sub | fabric | 0       |
|      mul_16ns_9s_25_1_1_U302                                                    | 1   |        | mul_ln73_446  | mul | auto   | 0       |
|      mul_16ns_9s_24_1_1_U367                                                    | 1   |        | mul_ln73_447  | mul | auto   | 0       |
|      mul_16ns_9s_24_1_1_U384                                                    | 1   |        | mul_ln73_448  | mul | auto   | 0       |
|      mul_16ns_9s_23_1_1_U344                                                    | 1   |        | mul_ln73_449  | mul | auto   | 0       |
|      mul_16ns_8s_24_1_1_U372                                                    | 1   |        | mul_ln73_450  | mul | auto   | 0       |
|      mul_16ns_9s_24_1_1_U351                                                    | 1   |        | mul_ln73_451  | mul | auto   | 0       |
|      sub_ln73_198_fu_302473_p2                                                  |     |        | sub_ln73_198  | sub | fabric | 0       |
|      sub_ln73_199_fu_302501_p2                                                  |     |        | sub_ln73_199  | sub | fabric | 0       |
|      mul_16ns_8s_24_1_1_U243                                                    | 1   |        | mul_ln73_452  | mul | auto   | 0       |
|      mul_16ns_9s_25_1_1_U301                                                    | 1   |        | mul_ln73_453  | mul | auto   | 0       |
|      mul_16ns_9s_25_1_1_U283                                                    | 1   |        | mul_ln73_454  | mul | auto   | 0       |
|      mul_16ns_8s_24_1_1_U287                                                    | 1   |        | mul_ln73_455  | mul | auto   | 0       |
|      mul_16ns_10s_24_1_1_U345                                                   | 1   |        | mul_ln73_456  | mul | auto   | 0       |
|      mul_16ns_9s_24_1_1_U274                                                    | 1   |        | mul_ln73_457  | mul | auto   | 0       |
|      mul_16ns_9s_25_1_1_U306                                                    | 1   |        | mul_ln73_458  | mul | auto   | 0       |
|      mul_16ns_8s_24_1_1_U365                                                    | 1   |        | mul_ln73_459  | mul | auto   | 0       |
|      mul_16ns_8s_24_1_1_U353                                                    | 1   |        | mul_ln73_460  | mul | auto   | 0       |
|      mul_16ns_9s_24_1_1_U369                                                    | 1   |        | mul_ln73_461  | mul | auto   | 0       |
|      add_ln73_40_fu_305958_p2                                                   |     |        | add_ln73_40   | add | fabric | 0       |
|      mul_16ns_10s_24_1_1_U376                                                   | 1   |        | mul_ln73_462  | mul | auto   | 0       |
|      sub_ln73_200_fu_306000_p2                                                  |     |        | sub_ln73_200  | sub | fabric | 0       |
|      sub_ln73_201_fu_302578_p2                                                  |     |        | sub_ln73_201  | sub | fabric | 0       |
|      mul_16ns_10s_25_1_1_U322                                                   | 1   |        | mul_ln73_463  | mul | auto   | 0       |
|      mul_16ns_9s_25_1_1_U370                                                    | 1   |        | mul_ln73_464  | mul | auto   | 0       |
|      mul_16ns_9s_24_1_1_U383                                                    | 1   |        | mul_ln73_465  | mul | auto   | 0       |
|      mul_16ns_10s_24_1_1_U327                                                   | 1   |        | mul_ln73_466  | mul | auto   | 0       |
|      mul_16ns_10s_25_1_1_U356                                                   | 1   |        | mul_ln73_467  | mul | auto   | 0       |
|      mul_16ns_7s_23_1_1_U269                                                    | 1   |        | mul_ln73_468  | mul | auto   | 0       |
|      mul_16ns_9ns_24_1_1_U379                                                   | 1   |        | mul_ln73_469  | mul | auto   | 0       |
|      mul_16ns_10s_24_1_1_U355                                                   | 1   |        | mul_ln73_470  | mul | auto   | 0       |
|      mul_16ns_9s_25_1_1_U285                                                    | 1   |        | mul_ln73_471  | mul | auto   | 0       |
|      mul_16ns_9s_24_1_1_U292                                                    | 1   |        | mul_ln73_472  | mul | auto   | 0       |
|      mul_16ns_9s_25_1_1_U258                                                    | 1   |        | mul_ln73_473  | mul | auto   | 0       |
|      add_ln73_41_fu_306053_p2                                                   |     |        | add_ln73_41   | add | fabric | 0       |
|      add_ln73_42_fu_310021_p2                                                   |     |        | add_ln73_42   | add | fabric | 0       |
|      mul_16ns_9s_23_1_1_U304                                                    | 1   |        | mul_ln73_474  | mul | auto   | 0       |
|      mul_16ns_10s_24_1_1_U254                                                   | 1   |        | mul_ln73_475  | mul | auto   | 0       |
|      mul_16ns_9s_24_1_1_U268                                                    | 1   |        | mul_ln73_476  | mul | auto   | 0       |
|      sub_ln73_202_fu_302646_p2                                                  |     |        | sub_ln73_202  | sub | fabric | 0       |
|      mul_16ns_9s_24_1_1_U307                                                    | 1   |        | mul_ln73_477  | mul | auto   | 0       |
|      mul_16ns_9s_25_1_1_U316                                                    | 1   |        | mul_ln73_478  | mul | auto   | 0       |
|      mul_16ns_10s_24_1_1_U381                                                   | 1   |        | mul_ln73_479  | mul | auto   | 0       |
|      sub_ln73_203_fu_310067_p2                                                  |     |        | sub_ln73_203  | sub | fabric | 0       |
|      mul_16ns_8s_23_1_1_U298                                                    | 1   |        | mul_ln73_480  | mul | auto   | 0       |
|      mul_16ns_8s_24_1_1_U259                                                    | 1   |        | mul_ln73_481  | mul | auto   | 0       |
|      mul_16ns_7s_23_1_1_U288                                                    | 1   |        | mul_ln73_482  | mul | auto   | 0       |
|      mul_16ns_10s_25_1_1_U244                                                   | 1   |        | mul_ln73_483  | mul | auto   | 0       |
|      sub_ln73_204_fu_310091_p2                                                  |     |        | sub_ln73_204  | sub | fabric | 0       |
|      mul_16ns_9s_25_1_1_U319                                                    | 1   |        | mul_ln73_484  | mul | auto   | 0       |
|      mul_16ns_8s_24_1_1_U252                                                    | 1   |        | mul_ln73_485  | mul | auto   | 0       |
|      mul_16ns_10s_24_1_1_U260                                                   | 1   |        | mul_ln73_486  | mul | auto   | 0       |
|      sub_ln73_205_fu_310122_p2                                                  |     |        | sub_ln73_205  | sub | fabric | 0       |
|      mul_16ns_9s_24_1_1_U339                                                    | 1   |        | mul_ln73_487  | mul | auto   | 0       |
|      mul_16ns_8s_24_1_1_U340                                                    | 1   |        | mul_ln73_488  | mul | auto   | 0       |
|      mul_16ns_8s_23_1_1_U245                                                    | 1   |        | mul_ln73_489  | mul | auto   | 0       |
|      mul_16ns_9s_24_1_1_U330                                                    | 1   |        | mul_ln73_490  | mul | auto   | 0       |
|      mul_16ns_8s_24_1_1_U314                                                    | 1   |        | mul_ln73_491  | mul | auto   | 0       |
|      mul_16ns_10s_25_1_1_U347                                                   | 1   |        | mul_ln73_492  | mul | auto   | 0       |
|      mul_16ns_9s_25_1_1_U332                                                    | 1   |        | mul_ln73_493  | mul | auto   | 0       |
|      sub_ln73_206_fu_302711_p2                                                  |     |        | sub_ln73_206  | sub | fabric | 0       |
|      sub_ln73_207_fu_302737_p2                                                  |     |        | sub_ln73_207  | sub | fabric | 0       |
|      mul_16ns_9s_24_1_1_U318                                                    | 1   |        | mul_ln73_494  | mul | auto   | 0       |
|      sub_ln73_208_fu_302765_p2                                                  |     |        | sub_ln73_208  | sub | fabric | 0       |
|      sub_ln73_209_fu_302795_p2                                                  |     |        | sub_ln73_209  | sub | fabric | 0       |
|      sub_ln73_210_fu_302823_p2                                                  |     |        | sub_ln73_210  | sub | fabric | 0       |
|      mul_16ns_9s_23_1_1_U272                                                    | 1   |        | mul_ln73_495  | mul | auto   | 0       |
|      sub_ln73_211_fu_302839_p2                                                  |     |        | sub_ln73_211  | sub | fabric | 0       |
|      sub_ln73_212_fu_302855_p2                                                  |     |        | sub_ln73_212  | sub | fabric | 0       |
|      sub_ln73_213_fu_302865_p2                                                  |     |        | sub_ln73_213  | sub | fabric | 0       |
|      mul_16ns_10s_25_1_1_U266                                                   | 1   |        | mul_ln73_496  | mul | auto   | 0       |
|      mul_16ns_9s_24_1_1_U299                                                    | 1   |        | mul_ln73_497  | mul | auto   | 0       |
|      mul_16ns_9s_25_1_1_U295                                                    | 1   |        | mul_ln73_498  | mul | auto   | 0       |
|      mul_16ns_9s_25_1_1_U363                                                    | 1   |        | mul_ln73_499  | mul | auto   | 0       |
|      add_ln73_43_fu_302891_p2                                                   |     |        | add_ln73_43   | add | fabric | 0       |
|      mul_16ns_9s_25_1_1_U250                                                    | 1   |        | mul_ln73_500  | mul | auto   | 0       |
|      mul_16ns_9s_23_1_1_U279                                                    | 1   |        | mul_ln73_501  | mul | auto   | 0       |
|      sub_ln73_214_fu_302929_p2                                                  |     |        | sub_ln73_214  | sub | fabric | 0       |
|      sub_ln73_215_fu_302939_p2                                                  |     |        | sub_ln73_215  | sub | fabric | 0       |
|      mul_16ns_9s_23_1_1_U305                                                    | 1   |        | mul_ln73_502  | mul | auto   | 0       |
|      mul_16ns_8s_24_1_1_U242                                                    | 1   |        | mul_ln73_503  | mul | auto   | 0       |
|      mul_16ns_10s_24_1_1_U357                                                   | 1   |        | mul_ln73_504  | mul | auto   | 0       |
|      mul_16ns_9s_24_1_1_U346                                                    | 1   |        | mul_ln73_505  | mul | auto   | 0       |
|      mul_16ns_9s_23_1_1_U277                                                    | 1   |        | mul_ln73_506  | mul | auto   | 0       |
|      sub_ln73_216_fu_303005_p2                                                  |     |        | sub_ln73_216  | sub | fabric | 0       |
|      sub_ln73_217_fu_303027_p2                                                  |     |        | sub_ln73_217  | sub | fabric | 0       |
|      mul_16ns_8s_24_1_1_U360                                                    | 1   |        | mul_ln73_507  | mul | auto   | 0       |
|      mul_16ns_9s_25_1_1_U382                                                    | 1   |        | mul_ln73_508  | mul | auto   | 0       |
|      sub_ln73_218_fu_303055_p2                                                  |     |        | sub_ln73_218  | sub | fabric | 0       |
|      sub_ln73_219_fu_303077_p2                                                  |     |        | sub_ln73_219  | sub | fabric | 0       |
|      mul_16ns_9s_24_1_1_U282                                                    | 1   |        | mul_ln73_509  | mul | auto   | 0       |
|      add_ln73_44_fu_303105_p2                                                   |     |        | add_ln73_44   | add | fabric | 0       |
|      mul_16ns_8ns_23_1_1_U248                                                   | 1   |        | mul_ln73_510  | mul | auto   | 0       |
|      mul_16ns_8s_24_1_1_U343                                                    | 1   |        | mul_ln73_511  | mul | auto   | 0       |
|      mul_16ns_10s_25_1_1_U386                                                   | 1   |        | mul_ln73_512  | mul | auto   | 0       |
|      mul_16ns_7s_23_1_1_U313                                                    | 1   |        | mul_ln73_513  | mul | auto   | 0       |
|      mul_16ns_8s_24_1_1_U263                                                    | 1   |        | mul_ln73_514  | mul | auto   | 0       |
|      mul_16ns_8ns_23_1_1_U308                                                   | 1   |        | mul_ln73_515  | mul | auto   | 0       |
|      mul_16ns_8s_24_1_1_U368                                                    | 1   |        | mul_ln73_516  | mul | auto   | 0       |
|      mul_16ns_9s_25_1_1_U378                                                    | 1   |        | mul_ln73_517  | mul | auto   | 0       |
|      mul_16ns_8s_22_1_1_U325                                                    | 1   |        | mul_ln73_518  | mul | auto   | 0       |
|      mul_16ns_8s_24_1_1_U310                                                    | 1   |        | mul_ln73_519  | mul | auto   | 0       |
|      mul_16ns_9s_25_1_1_U324                                                    | 1   |        | mul_ln73_520  | mul | auto   | 0       |
|      mul_16ns_9s_24_1_1_U317                                                    | 1   |        | mul_ln73_521  | mul | auto   | 0       |
|      sub_ln73_220_fu_303178_p2                                                  |     |        | sub_ln73_220  | sub | fabric | 0       |
|      sub_ln73_221_fu_306219_p2                                                  |     |        | sub_ln73_221  | sub | fabric | 0       |
|      sub_ln73_222_fu_306250_p2                                                  |     |        | sub_ln73_222  | sub | fabric | 0       |
|      mul_16ns_9s_25_1_1_U348                                                    | 1   |        | mul_ln73_522  | mul | auto   | 0       |
|      mul_16ns_9s_24_1_1_U374                                                    | 1   |        | mul_ln73_523  | mul | auto   | 0       |
|      add_ln73_45_fu_306273_p2                                                   |     |        | add_ln73_45   | add | fabric | 0       |
|      mul_16ns_10s_25_1_1_U337                                                   | 1   |        | mul_ln73_524  | mul | auto   | 0       |
|      add_ln73_46_fu_306293_p2                                                   |     |        | add_ln73_46   | add | fabric | 0       |
|      mul_16ns_8ns_23_1_1_U276                                                   | 1   |        | mul_ln73_525  | mul | auto   | 0       |
|      mul_16ns_10s_24_1_1_U334                                                   | 1   |        | mul_ln73_526  | mul | auto   | 0       |
|      sub_ln73_223_fu_303198_p2                                                  |     |        | sub_ln73_223  | sub | fabric | 0       |
|      mul_16ns_8s_24_1_1_U371                                                    | 1   |        | mul_ln73_527  | mul | auto   | 0       |
|      mul_16ns_9s_24_1_1_U323                                                    | 1   |        | mul_ln73_528  | mul | auto   | 0       |
|      mul_16ns_9s_24_1_1_U312                                                    | 1   |        | mul_ln73_529  | mul | auto   | 0       |
|      sub_ln73_224_fu_306321_p2                                                  |     |        | sub_ln73_224  | sub | fabric | 0       |
|      sub_ln73_225_fu_306331_p2                                                  |     |        | sub_ln73_225  | sub | fabric | 0       |
|      mul_16ns_9s_25_1_1_U294                                                    | 1   |        | mul_ln73_530  | mul | auto   | 0       |
|      mul_16ns_8s_24_1_1_U366                                                    | 1   |        | mul_ln73_531  | mul | auto   | 0       |
|      mul_16ns_9s_23_1_1_U326                                                    | 1   |        | mul_ln73_532  | mul | auto   | 0       |
|      mul_16ns_9s_23_1_1_U320                                                    | 1   |        | mul_ln73_533  | mul | auto   | 0       |
|      mul_16ns_9s_23_1_1_U291                                                    | 1   |        | mul_ln73_534  | mul | auto   | 0       |
|      mul_16ns_9s_23_1_1_U328                                                    | 1   |        | mul_ln73_535  | mul | auto   | 0       |
|      mul_16ns_10s_24_1_1_U281                                                   | 1   |        | mul_ln73_536  | mul | auto   | 0       |
|      sub_ln73_226_fu_310223_p2                                                  |     |        | sub_ln73_226  | sub | fabric | 0       |
|      mul_16ns_10s_24_1_1_U280                                                   | 1   |        | mul_ln73_537  | mul | auto   | 0       |
|      mul_16ns_10s_24_1_1_U385                                                   | 1   |        | mul_ln73_538  | mul | auto   | 0       |
|      mul_16ns_9s_25_1_1_U253                                                    | 1   |        | mul_ln73_539  | mul | auto   | 0       |
|      sub_ln73_227_fu_310253_p2                                                  |     |        | sub_ln73_227  | sub | fabric | 0       |
|      add_ln73_47_fu_310280_p2                                                   |     |        | add_ln73_47   | add | fabric | 0       |
|      mul_16ns_9s_23_1_1_U249                                                    | 1   |        | mul_ln73_540  | mul | auto   | 0       |
|      mul_16ns_8s_23_1_1_U311                                                    | 1   |        | mul_ln73_541  | mul | auto   | 0       |
|      mul_16ns_9s_23_1_1_U309                                                    | 1   |        | mul_ln73_542  | mul | auto   | 0       |
|      mul_16ns_10s_25_1_1_U270                                                   | 1   |        | mul_ln73_543  | mul | auto   | 0       |
|      sub_ln73_228_fu_310315_p2                                                  |     |        | sub_ln73_228  | sub | fabric | 0       |
|      mul_16ns_9s_23_1_1_U333                                                    | 1   |        | mul_ln73_544  | mul | auto   | 0       |
|      sub_ln73_229_fu_310335_p2                                                  |     |        | sub_ln73_229  | sub | fabric | 0       |
|      sub_ln73_230_fu_306381_p2                                                  |     |        | sub_ln73_230  | sub | fabric | 0       |
|      sub_ln73_231_fu_310368_p2                                                  |     |        | sub_ln73_231  | sub | fabric | 0       |
|      mul_16ns_9s_25_1_1_U275                                                    | 1   |        | mul_ln73_545  | mul | auto   | 0       |
|      mul_16ns_10s_25_1_1_U246                                                   | 1   |        | mul_ln73_546  | mul | auto   | 0       |
|      mul_16ns_8s_24_1_1_U265                                                    | 1   |        | mul_ln73_547  | mul | auto   | 0       |
|      mul_16ns_10s_24_1_1_U335                                                   | 1   |        | mul_ln73_548  | mul | auto   | 0       |
|      mul_16ns_9s_24_1_1_U251                                                    | 1   |        | mul_ln73_549  | mul | auto   | 0       |
|      sub_ln73_232_fu_310403_p2                                                  |     |        | sub_ln73_232  | sub | fabric | 0       |
|      mul_16ns_9s_24_1_1_U364                                                    | 1   |        | mul_ln73_550  | mul | auto   | 0       |
|      mul_16ns_9s_24_1_1_U358                                                    | 1   |        | mul_ln73_551  | mul | auto   | 0       |
|      mul_16ns_7ns_22_1_1_U293                                                   | 1   |        | mul_ln73_552  | mul | auto   | 0       |
|      mul_16ns_10s_24_1_1_U300                                                   | 1   |        | mul_ln73_553  | mul | auto   | 0       |
|      mul_16ns_8s_24_1_1_U247                                                    | 1   |        | mul_ln73_554  | mul | auto   | 0       |
|      mul_16ns_9s_24_1_1_U261                                                    | 1   |        | mul_ln73_555  | mul | auto   | 0       |
|      mul_16ns_9s_24_1_1_U341                                                    | 1   |        | mul_ln73_556  | mul | auto   | 0       |
|      mul_16ns_10s_24_1_1_U338                                                   | 1   |        | mul_ln73_557  | mul | auto   | 0       |
|      sub_ln73_233_fu_306433_p2                                                  |     |        | sub_ln73_233  | sub | fabric | 0       |
|      add_ln73_48_fu_306453_p2                                                   |     |        | add_ln73_48   | add | fabric | 0       |
|      sub_ln73_234_fu_306480_p2                                                  |     |        | sub_ln73_234  | sub | fabric | 0       |
|      sub_ln73_235_fu_310459_p2                                                  |     |        | sub_ln73_235  | sub | fabric | 0       |
|      sub_ln73_236_fu_310469_p2                                                  |     |        | sub_ln73_236  | sub | fabric | 0       |
|      mul_16ns_9s_24_1_1_U352                                                    | 1   |        | mul_ln73_558  | mul | auto   | 0       |
|      sub_ln73_237_fu_310488_p2                                                  |     |        | sub_ln73_237  | sub | fabric | 0       |
|      mul_16ns_9s_24_1_1_U331                                                    | 1   |        | mul_ln73_559  | mul | auto   | 0       |
|      mul_16ns_10s_24_1_1_U355                                                   | 1   |        | mul_ln73_560  | mul | auto   | 0       |
|      mul_16ns_10s_24_1_1_U345                                                   | 1   |        | mul_ln73_561  | mul | auto   | 0       |
|      sub_ln73_238_fu_306550_p2                                                  |     |        | sub_ln73_238  | sub | fabric | 0       |
|      mul_16ns_7ns_22_1_1_U293                                                   | 1   |        | mul_ln73_562  | mul | auto   | 0       |
|      add_ln73_49_fu_306582_p2                                                   |     |        | add_ln73_49   | add | fabric | 0       |
|      sub_ln73_239_fu_310530_p2                                                  |     |        | sub_ln73_239  | sub | fabric | 0       |
|      sub_ln73_240_fu_310555_p2                                                  |     |        | sub_ln73_240  | sub | fabric | 0       |
|      sub_ln73_241_fu_310582_p2                                                  |     |        | sub_ln73_241  | sub | fabric | 0       |
|      mul_16ns_8s_24_1_1_U271                                                    | 1   |        | mul_ln73_563  | mul | auto   | 0       |
|      mul_16ns_9s_24_1_1_U358                                                    | 1   |        | mul_ln73_564  | mul | auto   | 0       |
|      mul_16ns_9s_23_1_1_U278                                                    | 1   |        | mul_ln73_565  | mul | auto   | 0       |
|      mul_16ns_9s_23_1_1_U354                                                    | 1   |        | mul_ln73_566  | mul | auto   | 0       |
|      mul_16ns_10s_24_1_1_U381                                                   | 1   |        | mul_ln73_567  | mul | auto   | 0       |
|      mul_16ns_8s_23_1_1_U362                                                    | 1   |        | mul_ln73_568  | mul | auto   | 0       |
|      mul_16ns_9s_25_1_1_U267                                                    | 1   |        | mul_ln73_569  | mul | auto   | 0       |
|      mul_16ns_9s_25_1_1_U257                                                    | 1   |        | mul_ln73_570  | mul | auto   | 0       |
|      mul_16ns_10s_24_1_1_U289                                                   | 1   |        | mul_ln73_571  | mul | auto   | 0       |
|      add_ln73_50_fu_310625_p2                                                   |     |        | add_ln73_50   | add | fabric | 0       |
|      mul_16ns_9s_23_1_1_U249                                                    | 1   |        | mul_ln73_572  | mul | auto   | 0       |
|      add_ln73_51_fu_306608_p2                                                   |     |        | add_ln73_51   | add | fabric | 0       |
|      mul_16ns_9s_25_1_1_U329                                                    | 1   |        | mul_ln73_573  | mul | auto   | 0       |
|      mul_16ns_8s_24_1_1_U242                                                    | 1   |        | mul_ln73_574  | mul | auto   | 0       |
|      mul_16ns_10s_25_1_1_U373                                                   | 1   |        | mul_ln73_575  | mul | auto   | 0       |
|      add_ln73_52_fu_306670_p2                                                   |     |        | add_ln73_52   | add | fabric | 0       |
|      mul_16ns_9s_24_1_1_U317                                                    | 1   |        | mul_ln73_576  | mul | auto   | 0       |
|      mul_16ns_10s_24_1_1_U327                                                   | 1   |        | mul_ln73_577  | mul | auto   | 0       |
|      add_ln73_53_fu_306700_p2                                                   |     |        | add_ln73_53   | add | fabric | 0       |
|      mul_16ns_10s_24_1_1_U342                                                   | 1   |        | mul_ln73_578  | mul | auto   | 0       |
|      mul_16ns_9s_23_1_1_U328                                                    | 1   |        | mul_ln73_579  | mul | auto   | 0       |
|      add_ln73_54_fu_310697_p2                                                   |     |        | add_ln73_54   | add | fabric | 0       |
|      mul_16ns_8s_24_1_1_U343                                                    | 1   |        | mul_ln73_580  | mul | auto   | 0       |
|      mul_16ns_10s_24_1_1_U357                                                   | 1   |        | mul_ln73_581  | mul | auto   | 0       |
|      sub_ln73_242_fu_306726_p2                                                  |     |        | sub_ln73_242  | sub | fabric | 0       |
|      mul_16ns_9s_25_1_1_U285                                                    | 1   |        | mul_ln73_582  | mul | auto   | 0       |
|      mul_16ns_8ns_23_1_1_U248                                                   | 1   |        | mul_ln73_583  | mul | auto   | 0       |
|      mul_16ns_9s_25_1_1_U324                                                    | 1   |        | mul_ln73_584  | mul | auto   | 0       |
|      mul_16ns_10s_24_1_1_U254                                                   | 1   |        | mul_ln73_585  | mul | auto   | 0       |
|      mul_16ns_9s_24_1_1_U384                                                    | 1   |        | mul_ln73_586  | mul | auto   | 0       |
|      mul_16ns_9s_25_1_1_U258                                                    | 1   |        | mul_ln73_587  | mul | auto   | 0       |
|      sub_ln73_243_fu_310732_p2                                                  |     |        | sub_ln73_243  | sub | fabric | 0       |
|      sub_ln73_244_fu_310753_p2                                                  |     |        | sub_ln73_244  | sub | fabric | 0       |
|      mul_16ns_9s_24_1_1_U367                                                    | 1   |        | mul_ln73_588  | mul | auto   | 0       |
|      mul_16ns_9s_24_1_1_U380                                                    | 1   |        | mul_ln73_589  | mul | auto   | 0       |
|      mul_16ns_9s_24_1_1_U351                                                    | 1   |        | mul_ln73_590  | mul | auto   | 0       |
|      mul_16ns_9s_24_1_1_U268                                                    | 1   |        | mul_ln73_591  | mul | auto   | 0       |
|      mul_16ns_9s_24_1_1_U261                                                    | 1   |        | mul_ln73_592  | mul | auto   | 0       |
|      mul_16ns_9s_25_1_1_U283                                                    | 1   |        | mul_ln73_593  | mul | auto   | 0       |
|      sub_ln73_245_fu_310807_p2                                                  |     |        | sub_ln73_245  | sub | fabric | 0       |
|      sub_ln73_246_fu_310832_p2                                                  |     |        | sub_ln73_246  | sub | fabric | 0       |
|      mul_16ns_8s_24_1_1_U371                                                    | 1   |        | mul_ln73_594  | mul | auto   | 0       |
|      sub_ln73_247_fu_306780_p2                                                  |     |        | sub_ln73_247  | sub | fabric | 0       |
|      add_ln73_55_fu_310852_p2                                                   |     |        | add_ln73_55   | add | fabric | 0       |
|      sub_ln73_248_fu_310882_p2                                                  |     |        | sub_ln73_248  | sub | fabric | 0       |
|      mul_16ns_9s_23_1_1_U249                                                    | 1   |        | mul_ln73_595  | mul | auto   | 0       |
|      sub_ln73_249_fu_310913_p2                                                  |     |        | sub_ln73_249  | sub | fabric | 0       |
|      sub_ln73_250_fu_306800_p2                                                  |     |        | sub_ln73_250  | sub | fabric | 0       |
|      mul_16ns_9s_24_1_1_U274                                                    | 1   |        | mul_ln73_596  | mul | auto   | 0       |
|      mul_16ns_9s_24_1_1_U387                                                    | 1   |        | mul_ln73_597  | mul | auto   | 0       |
|      mul_16ns_10s_24_1_1_U338                                                   | 1   |        | mul_ln73_598  | mul | auto   | 0       |
|      mul_16ns_10s_24_1_1_U334                                                   | 1   |        | mul_ln73_599  | mul | auto   | 0       |
|      mul_16ns_8s_24_1_1_U310                                                    | 1   |        | mul_ln73_600  | mul | auto   | 0       |
|      mul_16ns_9s_25_1_1_U250                                                    | 1   |        | mul_ln73_601  | mul | auto   | 0       |
|      mul_16ns_10s_25_1_1_U270                                                   | 1   |        | mul_ln73_602  | mul | auto   | 0       |
|      mul_16ns_10s_24_1_1_U260                                                   | 1   |        | mul_ln73_603  | mul | auto   | 0       |
|      mul_16ns_9ns_24_1_1_U286                                                   | 1   |        | mul_ln73_604  | mul | auto   | 0       |
|      mul_16ns_9s_23_1_1_U272                                                    | 1   |        | mul_ln73_605  | mul | auto   | 0       |
|      mul_16ns_9s_25_1_1_U295                                                    | 1   |        | mul_ln73_606  | mul | auto   | 0       |
|      sub_ln73_251_fu_310982_p2                                                  |     |        | sub_ln73_251  | sub | fabric | 0       |
|      mul_16ns_8s_24_1_1_U247                                                    | 1   |        | mul_ln73_607  | mul | auto   | 0       |
|      sub_ln73_252_fu_303317_p2                                                  |     |        | sub_ln73_252  | sub | fabric | 0       |
|      sub_ln73_253_fu_306840_p2                                                  |     |        | sub_ln73_253  | sub | fabric | 0       |
|      sub_ln73_254_fu_306882_p2                                                  |     |        | sub_ln73_254  | sub | fabric | 0       |
|      sub_ln73_255_fu_311024_p2                                                  |     |        | sub_ln73_255  | sub | fabric | 0       |
|      mul_16ns_9s_23_1_1_U350                                                    | 1   |        | mul_ln73_608  | mul | auto   | 0       |
|      mul_16ns_9s_23_1_1_U277                                                    | 1   |        | mul_ln73_609  | mul | auto   | 0       |
|      mul_16ns_9s_25_1_1_U294                                                    | 1   |        | mul_ln73_610  | mul | auto   | 0       |
|      mul_16ns_10s_25_1_1_U322                                                   | 1   |        | mul_ln73_611  | mul | auto   | 0       |
|      mul_16ns_9s_24_1_1_U323                                                    | 1   |        | mul_ln73_612  | mul | auto   | 0       |
|      mul_16ns_10s_25_1_1_U386                                                   | 1   |        | mul_ln73_613  | mul | auto   | 0       |
|      mul_16ns_9s_23_1_1_U336                                                    | 1   |        | mul_ln73_614  | mul | auto   | 0       |
|      mul_16ns_9s_23_1_1_U326                                                    | 1   |        | mul_ln73_615  | mul | auto   | 0       |
|      mul_16ns_10s_25_1_1_U266                                                   | 1   |        | mul_ln73_616  | mul | auto   | 0       |
|      mul_16ns_9s_23_1_1_U309                                                    | 1   |        | mul_ln73_617  | mul | auto   | 0       |
|      sub_ln73_256_fu_306915_p2                                                  |     |        | sub_ln73_256  | sub | fabric | 0       |
|      sub_ln73_257_fu_306979_p2                                                  |     |        | sub_ln73_257  | sub | fabric | 0       |
|      mul_16ns_8s_24_1_1_U273                                                    | 1   |        | mul_ln73_618  | mul | auto   | 0       |
|      mul_16ns_8s_23_1_1_U290                                                    | 1   |        | mul_ln73_619  | mul | auto   | 0       |
|      sub_ln73_258_fu_311091_p2                                                  |     |        | sub_ln73_258  | sub | fabric | 0       |
|      mul_16ns_8s_24_1_1_U340                                                    | 1   |        | mul_ln73_620  | mul | auto   | 0       |
|      sub_ln73_259_fu_311126_p2                                                  |     |        | sub_ln73_259  | sub | fabric | 0       |
|      mul_16ns_10s_25_1_1_U347                                                   | 1   |        | mul_ln73_621  | mul | auto   | 0       |
|      sub_ln73_260_fu_307017_p2                                                  |     |        | sub_ln73_260  | sub | fabric | 0       |
|      sub_ln73_261_fu_311160_p2                                                  |     |        | sub_ln73_261  | sub | fabric | 0       |
|      sub_ln73_262_fu_311187_p2                                                  |     |        | sub_ln73_262  | sub | fabric | 0       |
|      sub_ln73_263_fu_307023_p2                                                  |     |        | sub_ln73_263  | sub | fabric | 0       |
|      mul_16ns_9s_25_1_1_U348                                                    | 1   |        | mul_ln73_622  | mul | auto   | 0       |
|      sub_ln73_264_fu_311210_p2                                                  |     |        | sub_ln73_264  | sub | fabric | 0       |
|      mul_16ns_9s_23_1_1_U344                                                    | 1   |        | mul_ln73_623  | mul | auto   | 0       |
|      mul_16ns_10s_24_1_1_U300                                                   | 1   |        | mul_ln73_624  | mul | auto   | 0       |
|      mul_16ns_9s_25_1_1_U253                                                    | 1   |        | mul_ln73_625  | mul | auto   | 0       |
|      mul_16ns_10s_24_1_1_U335                                                   | 1   |        | mul_ln73_626  | mul | auto   | 0       |
|      mul_16ns_8s_22_1_1_U325                                                    | 1   |        | mul_ln73_627  | mul | auto   | 0       |
|      mul_16ns_8s_24_1_1_U366                                                    | 1   |        | mul_ln73_628  | mul | auto   | 0       |
|      mul_16ns_9s_24_1_1_U292                                                    | 1   |        | mul_ln73_629  | mul | auto   | 0       |
|      add_ln73_56_fu_311238_p2                                                   |     |        | add_ln73_56   | add | fabric | 0       |
|      mul_16ns_9s_24_1_1_U284                                                    | 1   |        | mul_ln73_630  | mul | auto   | 0       |
|      sub_ln73_265_fu_298786_p2                                                  |     |        | sub_ln73_265  | sub | fabric | 0       |
|      mul_16ns_8s_24_1_1_U263                                                    | 1   |        | mul_ln73_631  | mul | auto   | 0       |
|      mul_16ns_8s_23_1_1_U311                                                    | 1   |        | mul_ln73_632  | mul | auto   | 0       |
|      mul_16ns_9s_23_1_1_U291                                                    | 1   |        | mul_ln73_633  | mul | auto   | 0       |
|      mul_16ns_8s_24_1_1_U265                                                    | 1   |        | mul_ln73_634  | mul | auto   | 0       |
|      sub_ln73_266_fu_303345_p2                                                  |     |        | sub_ln73_266  | sub | fabric | 0       |
|      mul_16ns_9s_23_1_1_U320                                                    | 1   |        | mul_ln73_635  | mul | auto   | 0       |
|      mul_16ns_9s_25_1_1_U378                                                    | 1   |        | mul_ln73_636  | mul | auto   | 0       |
|      mul_16ns_8s_24_1_1_U252                                                    | 1   |        | mul_ln73_637  | mul | auto   | 0       |
|      mul_16ns_8s_24_1_1_U259                                                    | 1   |        | mul_ln73_638  | mul | auto   | 0       |
|      mul_16ns_10s_24_1_1_U327                                                   | 1   |        | mul_ln73_639  | mul | auto   | 0       |
|      mul_16ns_9s_24_1_1_U375                                                    | 1   |        | mul_ln73_640  | mul | auto   | 0       |
|      mul_16ns_9s_23_1_1_U305                                                    | 1   |        | mul_ln73_641  | mul | auto   | 0       |
|      add_ln73_57_fu_307090_p2                                                   |     |        | add_ln73_57   | add | fabric | 0       |
|      mul_16ns_9s_23_1_1_U279                                                    | 1   |        | mul_ln73_642  | mul | auto   | 0       |
|      mul_16ns_10s_24_1_1_U264                                                   | 1   |        | mul_ln73_643  | mul | auto   | 0       |
|      mul_16ns_8s_24_1_1_U287                                                    | 1   |        | mul_ln73_644  | mul | auto   | 0       |
|      mul_16ns_9s_25_1_1_U316                                                    | 1   |        | mul_ln73_645  | mul | auto   | 0       |
|      sub_ln73_267_fu_307156_p2                                                  |     |        | sub_ln73_267  | sub | fabric | 0       |
|      add_ln73_58_fu_307172_p2                                                   |     |        | add_ln73_58   | add | fabric | 0       |
|      mul_16ns_7s_23_1_1_U313                                                    | 1   |        | mul_ln73_646  | mul | auto   | 0       |
|      add_ln73_59_fu_307218_p2                                                   |     |        | add_ln73_59   | add | fabric | 0       |
|      mul_16ns_9s_24_1_1_U251                                                    | 1   |        | mul_ln73_647  | mul | auto   | 0       |
|      mul_16ns_8s_24_1_1_U296                                                    | 1   |        | mul_ln73_648  | mul | auto   | 0       |
|      mul_16ns_9s_25_1_1_U363                                                    | 1   |        | mul_ln73_649  | mul | auto   | 0       |
|      mul_16ns_9s_25_1_1_U250                                                    | 1   |        | mul_ln73_650  | mul | auto   | 0       |
|      sub_ln73_268_fu_307255_p2                                                  |     |        | sub_ln73_268  | sub | fabric | 0       |
|      mul_16ns_9s_25_1_1_U275                                                    | 1   |        | mul_ln73_651  | mul | auto   | 0       |
|      sub_ln73_269_fu_307271_p2                                                  |     |        | sub_ln73_269  | sub | fabric | 0       |
|      mul_16ns_10s_25_1_1_U246                                                   | 1   |        | mul_ln73_652  | mul | auto   | 0       |
|      mul_16ns_9s_24_1_1_U352                                                    | 1   |        | mul_ln73_653  | mul | auto   | 0       |
|      mul_16ns_9s_23_1_1_U291                                                    | 1   |        | mul_ln73_654  | mul | auto   | 0       |
|      sub_ln73_270_fu_307287_p2                                                  |     |        | sub_ln73_270  | sub | fabric | 0       |
|      sub_ln73_271_fu_307297_p2                                                  |     |        | sub_ln73_271  | sub | fabric | 0       |
|      mul_16ns_9s_24_1_1_U330                                                    | 1   |        | mul_ln73_655  | mul | auto   | 0       |
|      add_ln73_60_fu_307324_p2                                                   |     |        | add_ln73_60   | add | fabric | 0       |
|      mul_16ns_8s_23_1_1_U245                                                    | 1   |        | mul_ln73_656  | mul | auto   | 0       |
|      sub_ln73_272_fu_307372_p2                                                  |     |        | sub_ln73_272  | sub | fabric | 0       |
|      sub_ln73_273_fu_307397_p2                                                  |     |        | sub_ln73_273  | sub | fabric | 0       |
|      mul_16ns_10s_24_1_1_U376                                                   | 1   |        | mul_ln73_657  | mul | auto   | 0       |
|      mul_16ns_8s_24_1_1_U368                                                    | 1   |        | mul_ln73_658  | mul | auto   | 0       |
|      sub_ln73_274_fu_307413_p2                                                  |     |        | sub_ln73_274  | sub | fabric | 0       |
|      mul_16ns_9s_23_1_1_U304                                                    | 1   |        | mul_ln73_659  | mul | auto   | 0       |
|      mul_16ns_10s_24_1_1_U289                                                   | 1   |        | mul_ln73_660  | mul | auto   | 0       |
|      add_ln73_61_fu_307451_p2                                                   |     |        | add_ln73_61   | add | fabric | 0       |
|      mul_16ns_10s_24_1_1_U385                                                   | 1   |        | mul_ln73_661  | mul | auto   | 0       |
|      mul_16ns_8s_24_1_1_U243                                                    | 1   |        | mul_ln73_662  | mul | auto   | 0       |
|      mul_16ns_8ns_23_1_1_U377                                                   | 1   |        | mul_ln73_663  | mul | auto   | 0       |
|      mul_16ns_9s_24_1_1_U364                                                    | 1   |        | mul_ln73_664  | mul | auto   | 0       |
|      mul_16ns_9s_24_1_1_U262                                                    | 1   |        | mul_ln73_665  | mul | auto   | 0       |
|      sub_ln73_275_fu_307467_p2                                                  |     |        | sub_ln73_275  | sub | fabric | 0       |
|      sub_ln73_276_fu_307494_p2                                                  |     |        | sub_ln73_276  | sub | fabric | 0       |
|      mul_16ns_9s_23_1_1_U349                                                    | 1   |        | mul_ln73_666  | mul | auto   | 0       |
|      add_ln73_62_fu_307510_p2                                                   |     |        | add_ln73_62   | add | fabric | 0       |
|      mul_16ns_10s_24_1_1_U281                                                   | 1   |        | mul_ln73_667  | mul | auto   | 0       |
|      mul_16ns_7s_23_1_1_U269                                                    | 1   |        | mul_ln73_668  | mul | auto   | 0       |
|      mul_16ns_9s_25_1_1_U319                                                    | 1   |        | mul_ln73_669  | mul | auto   | 0       |
|      mul_16ns_8s_24_1_1_U255                                                    | 1   |        | mul_ln73_670  | mul | auto   | 0       |
|      mul_16ns_9s_24_1_1_U282                                                    | 1   |        | mul_ln73_671  | mul | auto   | 0       |
|      mul_16ns_9s_23_1_1_U333                                                    | 1   |        | mul_ln73_672  | mul | auto   | 0       |
|      sub_ln73_277_fu_311426_p2                                                  |     |        | sub_ln73_277  | sub | fabric | 0       |
|      mul_16ns_9s_24_1_1_U318                                                    | 1   |        | mul_ln73_673  | mul | auto   | 0       |
|      sub_ln73_278_fu_311453_p2                                                  |     |        | sub_ln73_278  | sub | fabric | 0       |
|      sub_ln73_279_fu_311474_p2                                                  |     |        | sub_ln73_279  | sub | fabric | 0       |
|      sub_ln73_280_fu_311505_p2                                                  |     |        | sub_ln73_280  | sub | fabric | 0       |
|      sub_ln73_281_fu_311525_p2                                                  |     |        | sub_ln73_281  | sub | fabric | 0       |
|      mul_16ns_9s_24_1_1_U256                                                    | 1   |        | mul_ln73_674  | mul | auto   | 0       |
|      mul_16ns_7s_23_1_1_U288                                                    | 1   |        | mul_ln73_675  | mul | auto   | 0       |
|      mul_16ns_8s_24_1_1_U365                                                    | 1   |        | mul_ln73_676  | mul | auto   | 0       |
|      sub_ln73_282_fu_311559_p2                                                  |     |        | sub_ln73_282  | sub | fabric | 0       |
|      mul_16ns_8s_24_1_1_U321                                                    | 1   |        | mul_ln73_677  | mul | auto   | 0       |
|      mul_16ns_8s_23_1_1_U298                                                    | 1   |        | mul_ln73_678  | mul | auto   | 0       |
|      sub_ln73_283_fu_311590_p2                                                  |     |        | sub_ln73_283  | sub | fabric | 0       |
|      sub_ln73_284_fu_311606_p2                                                  |     |        | sub_ln73_284  | sub | fabric | 0       |
|      mul_16ns_9s_24_1_1_U383                                                    | 1   |        | mul_ln73_679  | mul | auto   | 0       |
|      mul_16ns_9s_25_1_1_U306                                                    | 1   |        | mul_ln73_680  | mul | auto   | 0       |
|      sub_ln73_285_fu_311626_p2                                                  |     |        | sub_ln73_285  | sub | fabric | 0       |
|      mul_16ns_9s_24_1_1_U369                                                    | 1   |        | mul_ln73_681  | mul | auto   | 0       |
|      mul_16ns_9s_24_1_1_U346                                                    | 1   |        | mul_ln73_682  | mul | auto   | 0       |
|      mul_16ns_9s_24_1_1_U303                                                    | 1   |        | mul_ln73_683  | mul | auto   | 0       |
|      sub_ln73_286_fu_311658_p2                                                  |     |        | sub_ln73_286  | sub | fabric | 0       |
|      mul_16ns_9s_24_1_1_U339                                                    | 1   |        | mul_ln73_684  | mul | auto   | 0       |
|      mul_16ns_9s_25_1_1_U382                                                    | 1   |        | mul_ln73_685  | mul | auto   | 0       |
|      sub_ln73_287_fu_311719_p2                                                  |     |        | sub_ln73_287  | sub | fabric | 0       |
|      mul_16ns_9s_24_1_1_U299                                                    | 1   |        | mul_ln73_686  | mul | auto   | 0       |
|      mul_16ns_10s_25_1_1_U322                                                   | 1   |        | mul_ln73_687  | mul | auto   | 0       |
|      mul_16ns_10s_25_1_1_U356                                                   | 1   |        | mul_ln73_688  | mul | auto   | 0       |
|      mul_16ns_8s_24_1_1_U255                                                    | 1   |        | mul_ln73_689  | mul | auto   | 0       |
|      sub_ln73_288_fu_311747_p2                                                  |     |        | sub_ln73_288  | sub | fabric | 0       |
|      sub_ln73_289_fu_311757_p2                                                  |     |        | sub_ln73_289  | sub | fabric | 0       |
|      sub_ln73_290_fu_311799_p2                                                  |     |        | sub_ln73_290  | sub | fabric | 0       |
|      add_ln73_63_fu_311826_p2                                                   |     |        | add_ln73_63   | add | fabric | 0       |
|      mul_16ns_8s_24_1_1_U314                                                    | 1   |        | mul_ln73_690  | mul | auto   | 0       |
|      mul_16ns_9s_23_1_1_U359                                                    | 1   |        | mul_ln73_691  | mul | auto   | 0       |
|      mul_16ns_9ns_24_1_1_U379                                                   | 1   |        | mul_ln73_692  | mul | auto   | 0       |
|      mul_16ns_9s_25_1_1_U332                                                    | 1   |        | mul_ln73_693  | mul | auto   | 0       |
|      mul_16ns_9s_24_1_1_U374                                                    | 1   |        | mul_ln73_694  | mul | auto   | 0       |
|      mul_16ns_10s_25_1_1_U244                                                   | 1   |        | mul_ln73_695  | mul | auto   | 0       |
|      mul_16ns_10s_25_1_1_U337                                                   | 1   |        | mul_ln73_696  | mul | auto   | 0       |
|      mul_16ns_8s_24_1_1_U353                                                    | 1   |        | mul_ln73_697  | mul | auto   | 0       |
|      mul_16ns_9s_25_1_1_U258                                                    | 1   |        | mul_ln73_698  | mul | auto   | 0       |
|      mul_16ns_9s_23_1_1_U315                                                    | 1   |        | mul_ln73_699  | mul | auto   | 0       |
|      sub_ln73_291_fu_311861_p2                                                  |     |        | sub_ln73_291  | sub | fabric | 0       |
|      add_ln73_64_fu_311877_p2                                                   |     |        | add_ln73_64   | add | fabric | 0       |
|      mul_16ns_9s_25_1_1_U302                                                    | 1   |        | mul_ln73_700  | mul | auto   | 0       |
|      mul_16ns_10s_24_1_1_U361                                                   | 1   |        | mul_ln73_701  | mul | auto   | 0       |
|      mul_16ns_8ns_23_1_1_U276                                                   | 1   |        | mul_ln73_702  | mul | auto   | 0       |
|      mul_16ns_9s_25_1_1_U301                                                    | 1   |        | mul_ln73_703  | mul | auto   | 0       |
|      mul_16ns_9s_24_1_1_U256                                                    | 1   |        | mul_ln73_704  | mul | auto   | 0       |
|      mul_16ns_8s_24_1_1_U360                                                    | 1   |        | mul_ln73_705  | mul | auto   | 0       |
|      sub_ln73_292_fu_311907_p2                                                  |     |        | sub_ln73_292  | sub | fabric | 0       |
|      mul_16ns_9s_25_1_1_U306                                                    | 1   |        | mul_ln73_706  | mul | auto   | 0       |
|      mul_16ns_9s_25_1_1_U370                                                    | 1   |        | mul_ln73_707  | mul | auto   | 0       |
|      mul_16ns_9s_25_1_1_U306                                                    | 1   |        | mul_ln73_708  | mul | auto   | 0       |
|      mul_16ns_9s_23_1_1_U333                                                    | 1   |        | mul_ln73_709  | mul | auto   | 0       |
|      sub_ln73_293_fu_307632_p2                                                  |     |        | sub_ln73_293  | sub | fabric | 0       |
|      mul_16ns_9s_24_1_1_U341                                                    | 1   |        | mul_ln73_710  | mul | auto   | 0       |
|      mul_16ns_8ns_23_1_1_U308                                                   | 1   |        | mul_ln73_711  | mul | auto   | 0       |
|      mul_16ns_9s_24_1_1_U331                                                    | 1   |        | mul_ln73_712  | mul | auto   | 0       |
|      mul_16ns_8s_24_1_1_U372                                                    | 1   |        | mul_ln73_713  | mul | auto   | 0       |
|      mul_16ns_9s_23_1_1_U328                                                    | 1   |        | mul_ln73_714  | mul | auto   | 0       |
|      mul_16ns_9s_24_1_1_U312                                                    | 1   |        | mul_ln73_715  | mul | auto   | 0       |
|      mul_16ns_9s_23_1_1_U309                                                    | 1   |        | mul_ln73_716  | mul | auto   | 0       |
|      mul_16ns_10s_25_1_1_U356                                                   | 1   |        | mul_ln73_717  | mul | auto   | 0       |
|      mul_16ns_8ns_23_1_1_U248                                                   | 1   |        | mul_ln73_718  | mul | auto   | 0       |
|      mul_16ns_8s_24_1_1_U287                                                    | 1   |        | mul_ln73_719  | mul | auto   | 0       |
|      sub_ln73_294_fu_311956_p2                                                  |     |        | sub_ln73_294  | sub | fabric | 0       |
|      mul_16ns_10s_24_1_1_U280                                                   | 1   |        | mul_ln73_720  | mul | auto   | 0       |
|      sub_ln73_295_fu_307694_p2                                                  |     |        | sub_ln73_295  | sub | fabric | 0       |
|      sub_ln73_296_fu_312032_p2                                                  |     |        | sub_ln73_296  | sub | fabric | 0       |
|      mul_16ns_9s_24_1_1_U307                                                    | 1   |        | mul_ln73_721  | mul | auto   | 0       |
|      sub_ln73_297_fu_312052_p2                                                  |     |        | sub_ln73_297  | sub | fabric | 0       |
|      mul_16ns_9s_25_1_1_U297                                                    | 1   |        | mul_ln73_722  | mul | auto   | 0       |
|      mul_16ns_9s_25_1_1_U370                                                    | 1   |        | mul_ln73_723  | mul | auto   | 0       |
|      sub_ln73_298_fu_312067_p2                                                  |     |        | sub_ln73_298  | sub | fabric | 0       |
|      sub_ln73_299_fu_312077_p2                                                  |     |        | sub_ln73_299  | sub | fabric | 0       |
|      add_ln73_65_fu_312093_p2                                                   |     |        | add_ln73_65   | add | fabric | 0       |
|      sub_ln73_300_fu_307740_p2                                                  |     |        | sub_ln73_300  | sub | fabric | 0       |
|      mul_16ns_9ns_24_1_1_U286                                                   | 1   |        | mul_ln73_724  | mul | auto   | 0       |
|      sub_ln73_301_fu_312119_p2                                                  |     |        | sub_ln73_301  | sub | fabric | 0       |
|      mul_16ns_10s_25_1_1_U322                                                   | 1   |        | mul_ln73_725  | mul | auto   | 0       |
|      sub_ln73_302_fu_312135_p2                                                  |     |        | sub_ln73_302  | sub | fabric | 0       |
|      sub_ln73_303_fu_312151_p2                                                  |     |        | sub_ln73_303  | sub | fabric | 0       |
|      sub_ln73_304_fu_307760_p2                                                  |     |        | sub_ln73_304  | sub | fabric | 0       |
|      sub_ln73_305_fu_307770_p2                                                  |     |        | sub_ln73_305  | sub | fabric | 0       |
|      sub_ln73_306_fu_312170_p2                                                  |     |        | sub_ln73_306  | sub | fabric | 0       |
|      mul_16ns_8s_24_1_1_U273                                                    | 1   |        | mul_ln73_726  | mul | auto   | 0       |
|      mul_16ns_9s_24_1_1_U383                                                    | 1   |        | mul_ln73_727  | mul | auto   | 0       |
|      mul_16ns_9s_24_1_1_U331                                                    | 1   |        | mul_ln73_728  | mul | auto   | 0       |
|      sub_ln73_307_fu_312203_p2                                                  |     |        | sub_ln73_307  | sub | fabric | 0       |
|      mul_16ns_7s_23_1_1_U288                                                    | 1   |        | mul_ln73_729  | mul | auto   | 0       |
|      mul_16ns_9s_25_1_1_U302                                                    | 1   |        | mul_ln73_730  | mul | auto   | 0       |
|      sub_ln73_308_fu_312284_p2                                                  |     |        | sub_ln73_308  | sub | fabric | 0       |
|      mul_16ns_10s_24_1_1_U345                                                   | 1   |        | mul_ln73_731  | mul | auto   | 0       |
|      mul_16ns_9s_25_1_1_U285                                                    | 1   |        | mul_ln73_732  | mul | auto   | 0       |
|      mul_16ns_9s_23_1_1_U278                                                    | 1   |        | mul_ln73_733  | mul | auto   | 0       |
|      sub_ln73_309_fu_312300_p2                                                  |     |        | sub_ln73_309  | sub | fabric | 0       |
|      sub_ln73_310_fu_312310_p2                                                  |     |        | sub_ln73_310  | sub | fabric | 0       |
|      mul_16ns_10s_25_1_1_U356                                                   | 1   |        | mul_ln73_734  | mul | auto   | 0       |
|      sub_ln73_311_fu_312338_p2                                                  |     |        | sub_ln73_311  | sub | fabric | 0       |
|      sub_ln73_312_fu_312370_p2                                                  |     |        | sub_ln73_312  | sub | fabric | 0       |
|      sub_ln73_313_fu_312386_p2                                                  |     |        | sub_ln73_313  | sub | fabric | 0       |
|      sub_ln73_314_fu_312396_p2                                                  |     |        | sub_ln73_314  | sub | fabric | 0       |
|      add_ln73_66_fu_312412_p2                                                   |     |        | add_ln73_66   | add | fabric | 0       |
|      sub_ln73_315_fu_312440_p2                                                  |     |        | sub_ln73_315  | sub | fabric | 0       |
|      mul_16ns_9s_24_1_1_U262                                                    | 1   |        | mul_ln73_735  | mul | auto   | 0       |
|      sub_ln73_316_fu_312470_p2                                                  |     |        | sub_ln73_316  | sub | fabric | 0       |
|      mul_16ns_9s_24_1_1_U369                                                    | 1   |        | mul_ln73_736  | mul | auto   | 0       |
|      sub_ln73_317_fu_312490_p2                                                  |     |        | sub_ln73_317  | sub | fabric | 0       |
|      mul_16ns_9s_24_1_1_U387                                                    | 1   |        | mul_ln73_737  | mul | auto   | 0       |
|      mul_16ns_7s_23_1_1_U269                                                    | 1   |        | mul_ln73_738  | mul | auto   | 0       |
|      mul_16ns_9s_23_1_1_U328                                                    | 1   |        | mul_ln73_739  | mul | auto   | 0       |
|      add_ln73_67_fu_312585_p2                                                   |     |        | add_ln73_67   | add | fabric | 0       |
|      sub_ln73_318_fu_312601_p2                                                  |     |        | sub_ln73_318  | sub | fabric | 0       |
|      sub_ln73_319_fu_312626_p2                                                  |     |        | sub_ln73_319  | sub | fabric | 0       |
|      mul_16ns_9s_24_1_1_U364                                                    | 1   |        | mul_ln73_740  | mul | auto   | 0       |
|      sub_ln73_320_fu_312642_p2                                                  |     |        | sub_ln73_320  | sub | fabric | 0       |
|      mul_16ns_10s_24_1_1_U260                                                   | 1   |        | mul_ln73_741  | mul | auto   | 0       |
|      add_ln73_68_fu_312669_p2                                                   |     |        | add_ln73_68   | add | fabric | 0       |
|      sub_ln73_321_fu_312696_p2                                                  |     |        | sub_ln73_321  | sub | fabric | 0       |
|      sub_ln73_322_fu_312706_p2                                                  |     |        | sub_ln73_322  | sub | fabric | 0       |
|      sub_ln73_323_fu_312722_p2                                                  |     |        | sub_ln73_323  | sub | fabric | 0       |
|      mul_16ns_9s_25_1_1_U329                                                    | 1   |        | mul_ln73_742  | mul | auto   | 0       |
|      mul_16ns_9s_25_1_1_U283                                                    | 1   |        | mul_ln73_743  | mul | auto   | 0       |
|      mul_16ns_9s_24_1_1_U339                                                    | 1   |        | mul_ln73_744  | mul | auto   | 0       |
|      sub_ln73_324_fu_312738_p2                                                  |     |        | sub_ln73_324  | sub | fabric | 0       |
|      mul_16ns_9s_25_1_1_U382                                                    | 1   |        | mul_ln73_745  | mul | auto   | 0       |
|      mul_16ns_9s_25_1_1_U250                                                    | 1   |        | mul_ln73_746  | mul | auto   | 0       |
|      mul_16ns_9s_24_1_1_U375                                                    | 1   |        | mul_ln73_747  | mul | auto   | 0       |
|      sub_ln73_325_fu_312758_p2                                                  |     |        | sub_ln73_325  | sub | fabric | 0       |
|      sub_ln73_326_fu_312785_p2                                                  |     |        | sub_ln73_326  | sub | fabric | 0       |
|      sub_ln73_327_fu_312795_p2                                                  |     |        | sub_ln73_327  | sub | fabric | 0       |
|      mul_16ns_9s_23_1_1_U333                                                    | 1   |        | mul_ln73_748  | mul | auto   | 0       |
|      add_ln73_69_fu_312811_p2                                                   |     |        | add_ln73_69   | add | fabric | 0       |
|      mul_16ns_10s_24_1_1_U281                                                   | 1   |        | mul_ln73_749  | mul | auto   | 0       |
|      mul_16ns_9s_25_1_1_U378                                                    | 1   |        | mul_ln73_750  | mul | auto   | 0       |
|      mul_16ns_9s_24_1_1_U261                                                    | 1   |        | mul_ln73_751  | mul | auto   | 0       |
|      mul_16ns_9s_23_1_1_U279                                                    | 1   |        | mul_ln73_752  | mul | auto   | 0       |
|      mul_16ns_8s_24_1_1_U243                                                    | 1   |        | mul_ln73_753  | mul | auto   | 0       |
|      mul_16ns_8s_24_1_1_U265                                                    | 1   |        | mul_ln73_754  | mul | auto   | 0       |
|      mul_16ns_9s_24_1_1_U307                                                    | 1   |        | mul_ln73_755  | mul | auto   | 0       |
|      mul_16ns_9s_23_1_1_U304                                                    | 1   |        | mul_ln73_756  | mul | auto   | 0       |
|      add_ln73_70_fu_312858_p2                                                   |     |        | add_ln73_70   | add | fabric | 0       |
|      mul_16ns_9ns_24_1_1_U379                                                   | 1   |        | mul_ln73_757  | mul | auto   | 0       |
|      mul_16ns_9s_23_1_1_U272                                                    | 1   |        | mul_ln73_758  | mul | auto   | 0       |
|      mul_16ns_10s_25_1_1_U373                                                   | 1   |        | mul_ln73_759  | mul | auto   | 0       |
|      mul_16ns_9s_24_1_1_U312                                                    | 1   |        | mul_ln73_760  | mul | auto   | 0       |
|      mul_16ns_9s_23_1_1_U344                                                    | 1   |        | mul_ln73_761  | mul | auto   | 0       |
|      mul_16ns_8s_24_1_1_U368                                                    | 1   |        | mul_ln73_762  | mul | auto   | 0       |
|      sub_ln73_328_fu_307808_p2                                                  |     |        | sub_ln73_328  | sub | fabric | 0       |
|      mul_16ns_9s_24_1_1_U346                                                    | 1   |        | mul_ln73_763  | mul | auto   | 0       |
|      mul_16ns_9s_25_1_1_U285                                                    | 1   |        | mul_ln73_764  | mul | auto   | 0       |
|      mul_16ns_8ns_23_1_1_U248                                                   | 1   |        | mul_ln73_765  | mul | auto   | 0       |
|      mul_16ns_9s_24_1_1_U358                                                    | 1   |        | mul_ln73_766  | mul | auto   | 0       |
|      mul_16ns_9s_23_1_1_U278                                                    | 1   |        | mul_ln73_767  | mul | auto   | 0       |
|      sub_ln73_329_fu_312877_p2                                                  |     |        | sub_ln73_329  | sub | fabric | 0       |
|      sub_ln73_330_fu_307832_p2                                                  |     |        | sub_ln73_330  | sub | fabric | 0       |
|      mul_16ns_10s_24_1_1_U385                                                   | 1   |        | mul_ln73_768  | mul | auto   | 0       |
|      mul_16ns_8s_24_1_1_U321                                                    | 1   |        | mul_ln73_769  | mul | auto   | 0       |
|      mul_16ns_10s_24_1_1_U357                                                   | 1   |        | mul_ln73_770  | mul | auto   | 0       |
|      mul_16ns_7s_23_1_1_U313                                                    | 1   |        | mul_ln73_771  | mul | auto   | 0       |
|      mul_16ns_9s_25_1_1_U297                                                    | 1   |        | mul_ln73_772  | mul | auto   | 0       |
|      sub_ln73_331_fu_312940_p2                                                  |     |        | sub_ln73_331  | sub | fabric | 0       |
|      sub_ln73_332_fu_312971_p2                                                  |     |        | sub_ln73_332  | sub | fabric | 0       |
|      sub_ln73_333_fu_312981_p2                                                  |     |        | sub_ln73_333  | sub | fabric | 0       |
|      mul_16ns_8s_24_1_1_U321                                                    | 1   |        | mul_ln73_773  | mul | auto   | 0       |
|      mul_16ns_9s_25_1_1_U257                                                    | 1   |        | mul_ln73_774  | mul | auto   | 0       |
|      mul_16ns_9s_25_1_1_U267                                                    | 1   |        | mul_ln73_775  | mul | auto   | 0       |
|      mul_16ns_8s_24_1_1_U366                                                    | 1   |        | mul_ln73_776  | mul | auto   | 0       |
|      add_ln73_71_fu_313007_p2                                                   |     |        | add_ln73_71   | add | fabric | 0       |
|      mul_16ns_8s_24_1_1_U365                                                    | 1   |        | mul_ln73_777  | mul | auto   | 0       |
|      mul_16ns_9s_24_1_1_U351                                                    | 1   |        | mul_ln73_778  | mul | auto   | 0       |
|      mul_16ns_9s_23_1_1_U336                                                    | 1   |        | mul_ln73_779  | mul | auto   | 0       |
|      add_ln73_72_fu_313038_p2                                                   |     |        | add_ln73_72   | add | fabric | 0       |
|      mul_16ns_8s_24_1_1_U310                                                    | 1   |        | mul_ln73_780  | mul | auto   | 0       |
|      mul_16ns_8s_23_1_1_U362                                                    | 1   |        | mul_ln73_781  | mul | auto   | 0       |
|      mul_16ns_10s_24_1_1_U335                                                   | 1   |        | mul_ln73_782  | mul | auto   | 0       |
|      mul_16ns_8s_24_1_1_U271                                                    | 1   |        | mul_ln73_783  | mul | auto   | 0       |
|      mul_16ns_9s_25_1_1_U324                                                    | 1   |        | mul_ln73_784  | mul | auto   | 0       |
|      mul_16ns_9s_24_1_1_U256                                                    | 1   |        | mul_ln73_785  | mul | auto   | 0       |
|      mul_16ns_8s_23_1_1_U311                                                    | 1   |        | mul_ln73_786  | mul | auto   | 0       |
|      mul_16ns_8s_24_1_1_U360                                                    | 1   |        | mul_ln73_787  | mul | auto   | 0       |
|      mul_16ns_9s_23_1_1_U326                                                    | 1   |        | mul_ln73_788  | mul | auto   | 0       |
|      mul_16ns_9s_25_1_1_U253                                                    | 1   |        | mul_ln73_789  | mul | auto   | 0       |
|      mul_16ns_10s_24_1_1_U376                                                   | 1   |        | mul_ln73_790  | mul | auto   | 0       |
|      mul_16ns_8s_22_1_1_U325                                                    | 1   |        | mul_ln73_791  | mul | auto   | 0       |
|      mul_16ns_9s_24_1_1_U384                                                    | 1   |        | mul_ln73_792  | mul | auto   | 0       |
|      mul_16ns_9s_24_1_1_U318                                                    | 1   |        | mul_ln73_793  | mul | auto   | 0       |
|      sub_ln73_334_fu_313086_p2                                                  |     |        | sub_ln73_334  | sub | fabric | 0       |
|      sub_ln73_335_fu_313111_p2                                                  |     |        | sub_ln73_335  | sub | fabric | 0       |
|      mul_16ns_8ns_23_1_1_U308                                                   | 1   |        | mul_ln73_794  | mul | auto   | 0       |
|      mul_16ns_9s_25_1_1_U258                                                    | 1   |        | mul_ln73_795  | mul | auto   | 0       |
|      mul_16ns_9s_25_1_1_U275                                                    | 1   |        | mul_ln73_796  | mul | auto   | 0       |
|      mul_16ns_10s_25_1_1_U270                                                   | 1   |        | mul_ln73_797  | mul | auto   | 0       |
|      add_ln73_73_fu_313138_p2                                                   |     |        | add_ln73_73   | add | fabric | 0       |
|      mul_16ns_9s_25_1_1_U294                                                    | 1   |        | mul_ln73_798  | mul | auto   | 0       |
|      mul_16ns_9s_23_1_1_U249                                                    | 1   |        | mul_ln73_799  | mul | auto   | 0       |
|      mul_16ns_9s_24_1_1_U317                                                    | 1   |        | mul_ln73_800  | mul | auto   | 0       |
|      sub_ln73_336_fu_313165_p2                                                  |     |        | sub_ln73_336  | sub | fabric | 0       |
|      mul_16ns_10s_24_1_1_U361                                                   | 1   |        | mul_ln73_801  | mul | auto   | 0       |
|      mul_16ns_10s_24_1_1_U264                                                   | 1   |        | mul_ln73_802  | mul | auto   | 0       |
|      sub_ln73_337_fu_313181_p2                                                  |     |        | sub_ln73_337  | sub | fabric | 0       |
|      mul_16ns_9s_24_1_1_U367                                                    | 1   |        | mul_ln73_803  | mul | auto   | 0       |
|      sub_ln73_338_fu_313201_p2                                                  |     |        | sub_ln73_338  | sub | fabric | 0       |
|      mul_16ns_9s_25_1_1_U250                                                    | 1   |        | mul_ln73_804  | mul | auto   | 0       |
|      mul_16ns_9s_23_1_1_U336                                                    | 1   |        | mul_ln73_805  | mul | auto   | 0       |
|      mul_16ns_9s_24_1_1_U284                                                    | 1   |        | mul_ln73_806  | mul | auto   | 0       |
|      mul_16ns_9s_24_1_1_U307                                                    | 1   |        | mul_ln73_807  | mul | auto   | 0       |
|      mul_16ns_9s_23_1_1_U315                                                    | 1   |        | mul_ln73_808  | mul | auto   | 0       |
|      mul_16ns_8ns_23_1_1_U377                                                   | 1   |        | mul_ln73_809  | mul | auto   | 0       |
|      sub_ln73_339_fu_313289_p2                                                  |     |        | sub_ln73_339  | sub | fabric | 0       |
|      mul_16ns_9s_24_1_1_U346                                                    | 1   |        | mul_ln73_810  | mul | auto   | 0       |
|      sub_ln73_340_fu_313305_p2                                                  |     |        | sub_ln73_340  | sub | fabric | 0       |
|      sub_ln73_341_fu_313327_p2                                                  |     |        | sub_ln73_341  | sub | fabric | 0       |
|      mul_16ns_8s_24_1_1_U259                                                    | 1   |        | mul_ln73_811  | mul | auto   | 0       |
|      sub_ln73_342_fu_313365_p2                                                  |     |        | sub_ln73_342  | sub | fabric | 0       |
|      mul_16ns_8s_24_1_1_U296                                                    | 1   |        | mul_ln73_812  | mul | auto   | 0       |
|      add_ln73_74_fu_313401_p2                                                   |     |        | add_ln73_74   | add | fabric | 0       |
|      add_ln73_75_fu_313417_p2                                                   |     |        | add_ln73_75   | add | fabric | 0       |
|      mul_16ns_10s_24_1_1_U300                                                   | 1   |        | mul_ln73_813  | mul | auto   | 0       |
|      mul_16ns_9s_24_1_1_U303                                                    | 1   |        | mul_ln73_814  | mul | auto   | 0       |
|      mul_16ns_10s_25_1_1_U337                                                   | 1   |        | mul_ln73_815  | mul | auto   | 0       |
|      mul_16ns_9s_25_1_1_U306                                                    | 1   |        | mul_ln73_816  | mul | auto   | 0       |
|      sub_ln73_343_fu_313433_p2                                                  |     |        | sub_ln73_343  | sub | fabric | 0       |
|      sub_ln73_344_fu_313443_p2                                                  |     |        | sub_ln73_344  | sub | fabric | 0       |
|      mul_16ns_10s_24_1_1_U342                                                   | 1   |        | mul_ln73_817  | mul | auto   | 0       |
|      mul_16ns_8s_24_1_1_U255                                                    | 1   |        | mul_ln73_818  | mul | auto   | 0       |
|      sub_ln73_345_fu_316096_p2                                                  |     |        | sub_ln73_345  | sub | fabric | 0       |
|      mul_16ns_8ns_23_1_1_U276                                                   | 1   |        | mul_ln73_819  | mul | auto   | 0       |
|      mul_16ns_8s_24_1_1_U371                                                    | 1   |        | mul_ln73_820  | mul | auto   | 0       |
|      sub_ln73_346_fu_316146_p2                                                  |     |        | sub_ln73_346  | sub | fabric | 0       |
|      mul_16ns_8s_24_1_1_U287                                                    | 1   |        | mul_ln73_821  | mul | auto   | 0       |
|      mul_16ns_10s_24_1_1_U334                                                   | 1   |        | mul_ln73_822  | mul | auto   | 0       |
|      mul_16ns_9s_24_1_1_U341                                                    | 1   |        | mul_ln73_823  | mul | auto   | 0       |
|      mul_16ns_9s_24_1_1_U292                                                    | 1   |        | mul_ln73_824  | mul | auto   | 0       |
|      mul_16ns_8s_24_1_1_U252                                                    | 1   |        | mul_ln73_825  | mul | auto   | 0       |
|      mul_16ns_7ns_22_1_1_U293                                                   | 1   |        | mul_ln73_826  | mul | auto   | 0       |
|      mul_16ns_9s_25_1_1_U295                                                    | 1   |        | mul_ln73_827  | mul | auto   | 0       |
|      sub_ln73_347_fu_313535_p2                                                  |     |        | sub_ln73_347  | sub | fabric | 0       |
|      add_ln73_76_fu_313571_p2                                                   |     |        | add_ln73_76   | add | fabric | 0       |
|      mul_16ns_8s_24_1_1_U314                                                    | 1   |        | mul_ln73_828  | mul | auto   | 0       |
|      mul_16ns_9s_23_1_1_U305                                                    | 1   |        | mul_ln73_829  | mul | auto   | 0       |
|      mul_16ns_10s_25_1_1_U347                                                   | 1   |        | mul_ln73_830  | mul | auto   | 0       |
|      sub_ln73_348_fu_313591_p2                                                  |     |        | sub_ln73_348  | sub | fabric | 0       |
|      add_ln73_77_fu_316201_p2                                                   |     |        | add_ln73_77   | add | fabric | 0       |
|      mul_16ns_10s_24_1_1_U355                                                   | 1   |        | mul_ln73_831  | mul | auto   | 0       |
|      mul_16ns_8s_24_1_1_U247                                                    | 1   |        | mul_ln73_832  | mul | auto   | 0       |
|      mul_16ns_10s_24_1_1_U327                                                   | 1   |        | mul_ln73_833  | mul | auto   | 0       |
|      sub_ln73_349_fu_316251_p2                                                  |     |        | sub_ln73_349  | sub | fabric | 0       |
|      mul_16ns_9s_23_1_1_U272                                                    | 1   |        | mul_ln73_834  | mul | auto   | 0       |
|      add_ln73_78_fu_316282_p2                                                   |     |        | add_ln73_78   | add | fabric | 0       |
|      sub_ln73_350_fu_316317_p2                                                  |     |        | sub_ln73_350  | sub | fabric | 0       |
|      mul_16ns_9s_25_1_1_U348                                                    | 1   |        | mul_ln73_835  | mul | auto   | 0       |
|      mul_16ns_8s_23_1_1_U290                                                    | 1   |        | mul_ln73_836  | mul | auto   | 0       |
|      mul_16ns_10s_24_1_1_U289                                                   | 1   |        | mul_ln73_837  | mul | auto   | 0       |
|      mul_16ns_10s_25_1_1_U266                                                   | 1   |        | mul_ln73_838  | mul | auto   | 0       |
|      mul_16ns_8s_24_1_1_U340                                                    | 1   |        | mul_ln73_839  | mul | auto   | 0       |
|      sub_ln73_351_fu_316348_p2                                                  |     |        | sub_ln73_351  | sub | fabric | 0       |
|      sub_ln73_352_fu_316358_p2                                                  |     |        | sub_ln73_352  | sub | fabric | 0       |
|      mul_16ns_8s_24_1_1_U242                                                    | 1   |        | mul_ln73_840  | mul | auto   | 0       |
|      sub_ln73_353_fu_316387_p2                                                  |     |        | sub_ln73_353  | sub | fabric | 0       |
|      sub_ln73_354_fu_316397_p2                                                  |     |        | sub_ln73_354  | sub | fabric | 0       |
|      mul_16ns_8s_24_1_1_U372                                                    | 1   |        | mul_ln73_841  | mul | auto   | 0       |
|      sub_ln73_355_fu_316441_p2                                                  |     |        | sub_ln73_355  | sub | fabric | 0       |
|      mul_16ns_8s_24_1_1_U366                                                    | 1   |        | mul_ln73_842  | mul | auto   | 0       |
|      sub_ln73_356_fu_316464_p2                                                  |     |        | sub_ln73_356  | sub | fabric | 0       |
|      mul_16ns_10s_25_1_1_U386                                                   | 1   |        | mul_ln73_843  | mul | auto   | 0       |
|      mul_16ns_9s_23_1_1_U359                                                    | 1   |        | mul_ln73_844  | mul | auto   | 0       |
|      sub_ln73_357_fu_316483_p2                                                  |     |        | sub_ln73_357  | sub | fabric | 0       |
|      mul_16ns_9s_25_1_1_U316                                                    | 1   |        | mul_ln73_845  | mul | auto   | 0       |
|      sub_ln73_358_fu_316507_p2                                                  |     |        | sub_ln73_358  | sub | fabric | 0       |
|      mul_16ns_10s_25_1_1_U270                                                   | 1   |        | mul_ln73_846  | mul | auto   | 0       |
|      mul_16ns_9s_24_1_1_U299                                                    | 1   |        | mul_ln73_847  | mul | auto   | 0       |
|      sub_ln73_359_fu_316537_p2                                                  |     |        | sub_ln73_359  | sub | fabric | 0       |
|      mul_16ns_9s_24_1_1_U268                                                    | 1   |        | mul_ln73_848  | mul | auto   | 0       |
|      mul_16ns_8s_23_1_1_U298                                                    | 1   |        | mul_ln73_849  | mul | auto   | 0       |
|      sub_ln73_360_fu_316572_p2                                                  |     |        | sub_ln73_360  | sub | fabric | 0       |
|      mul_16ns_10s_25_1_1_U246                                                   | 1   |        | mul_ln73_850  | mul | auto   | 0       |
|      mul_16ns_9s_25_1_1_U382                                                    | 1   |        | mul_ln73_851  | mul | auto   | 0       |
|      add_ln73_79_fu_313719_p2                                                   |     |        | add_ln73_79   | add | fabric | 0       |
|      mul_16ns_10s_24_1_1_U338                                                   | 1   |        | mul_ln73_852  | mul | auto   | 0       |
|      mul_16ns_9s_25_1_1_U301                                                    | 1   |        | mul_ln73_853  | mul | auto   | 0       |
|      sub_ln73_361_fu_316596_p2                                                  |     |        | sub_ln73_361  | sub | fabric | 0       |
|      add_ln73_80_fu_316631_p2                                                   |     |        | add_ln73_80   | add | fabric | 0       |
|      mul_16ns_9s_23_1_1_U320                                                    | 1   |        | mul_ln73_854  | mul | auto   | 0       |
|      mul_16ns_9s_24_1_1_U251                                                    | 1   |        | mul_ln73_855  | mul | auto   | 0       |
|      mul_16ns_10s_24_1_1_U381                                                   | 1   |        | mul_ln73_856  | mul | auto   | 0       |
|      mul_16ns_8s_24_1_1_U263                                                    | 1   |        | mul_ln73_857  | mul | auto   | 0       |
|      mul_16ns_9s_24_1_1_U352                                                    | 1   |        | mul_ln73_858  | mul | auto   | 0       |
|      mul_16ns_9s_23_1_1_U354                                                    | 1   |        | mul_ln73_859  | mul | auto   | 0       |
|      mul_16ns_10s_24_1_1_U280                                                   | 1   |        | mul_ln73_860  | mul | auto   | 0       |
|      add_ln73_81_fu_313739_p2                                                   |     |        | add_ln73_81   | add | fabric | 0       |
|      add_ln73_82_fu_316681_p2                                                   |     |        | add_ln73_82   | add | fabric | 0       |
|      mul_16ns_9s_24_1_1_U323                                                    | 1   |        | mul_ln73_861  | mul | auto   | 0       |
|      mul_16ns_9s_25_1_1_U257                                                    | 1   |        | mul_ln73_862  | mul | auto   | 0       |
|      mul_16ns_9s_25_1_1_U363                                                    | 1   |        | mul_ln73_863  | mul | auto   | 0       |
|      mul_16ns_9s_25_1_1_U319                                                    | 1   |        | mul_ln73_864  | mul | auto   | 0       |
|      mul_16ns_9s_23_1_1_U291                                                    | 1   |        | mul_ln73_865  | mul | auto   | 0       |
|      mul_16ns_8s_24_1_1_U343                                                    | 1   |        | mul_ln73_866  | mul | auto   | 0       |
|      sub_ln73_362_fu_316731_p2                                                  |     |        | sub_ln73_362  | sub | fabric | 0       |
|      mul_16ns_9s_24_1_1_U262                                                    | 1   |        | mul_ln73_867  | mul | auto   | 0       |
|      sub_ln73_363_fu_316758_p2                                                  |     |        | sub_ln73_363  | sub | fabric | 0       |
|      mul_16ns_9s_24_1_1_U274                                                    | 1   |        | mul_ln73_868  | mul | auto   | 0       |
|      mul_16ns_10s_24_1_1_U335                                                   | 1   |        | mul_ln73_869  | mul | auto   | 0       |
|      mul_16ns_9s_23_1_1_U349                                                    | 1   |        | mul_ln73_870  | mul | auto   | 0       |
|      add_ln73_83_fu_316804_p2                                                   |     |        | add_ln73_83   | add | fabric | 0       |
|      sub_ln73_364_fu_316835_p2                                                  |     |        | sub_ln73_364  | sub | fabric | 0       |
|      mul_16ns_9s_24_1_1_U282                                                    | 1   |        | mul_ln73_871  | mul | auto   | 0       |
|      sub_ln73_365_fu_316851_p2                                                  |     |        | sub_ln73_365  | sub | fabric | 0       |
|      sub_ln73_366_fu_316881_p2                                                  |     |        | sub_ln73_366  | sub | fabric | 0       |
|      mul_16ns_9s_23_1_1_U309                                                    | 1   |        | mul_ln73_872  | mul | auto   | 0       |
|      mul_16ns_10s_25_1_1_U244                                                   | 1   |        | mul_ln73_873  | mul | auto   | 0       |
|      mul_16ns_9s_24_1_1_U380                                                    | 1   |        | mul_ln73_874  | mul | auto   | 0       |
|      sub_ln73_367_fu_316912_p2                                                  |     |        | sub_ln73_367  | sub | fabric | 0       |
|      sub_ln73_368_fu_316958_p2                                                  |     |        | sub_ln73_368  | sub | fabric | 0       |
|      mul_16ns_9s_23_1_1_U350                                                    | 1   |        | mul_ln73_875  | mul | auto   | 0       |
|      mul_16ns_9s_24_1_1_U374                                                    | 1   |        | mul_ln73_876  | mul | auto   | 0       |
|      mul_16ns_10s_24_1_1_U254                                                   | 1   |        | mul_ln73_877  | mul | auto   | 0       |
|      mul_16ns_8s_23_1_1_U245                                                    | 1   |        | mul_ln73_878  | mul | auto   | 0       |
|      mul_16ns_9s_25_1_1_U283                                                    | 1   |        | mul_ln73_879  | mul | auto   | 0       |
|      mul_16ns_8s_24_1_1_U353                                                    | 1   |        | mul_ln73_880  | mul | auto   | 0       |
|      mul_16ns_9s_24_1_1_U330                                                    | 1   |        | mul_ln73_881  | mul | auto   | 0       |
|      add_ln73_84_fu_317012_p2                                                   |     |        | add_ln73_84   | add | fabric | 0       |
|      mul_16ns_9s_24_1_1_U331                                                    | 1   |        | mul_ln73_882  | mul | auto   | 0       |
|      add_ln73_85_fu_317036_p2                                                   |     |        | add_ln73_85   | add | fabric | 0       |
|      sub_ln73_369_fu_317062_p2                                                  |     |        | sub_ln73_369  | sub | fabric | 0       |
|      sub_ln73_370_fu_317089_p2                                                  |     |        | sub_ln73_370  | sub | fabric | 0       |
|      mul_16ns_9s_23_1_1_U277                                                    | 1   |        | mul_ln73_883  | mul | auto   | 0       |
|      mul_16ns_9s_25_1_1_U332                                                    | 1   |        | mul_ln73_884  | mul | auto   | 0       |
|      mul_16ns_9s_24_1_1_U299                                                    | 1   |        | mul_ln73_885  | mul | auto   | 0       |
|      mul_16ns_8s_24_1_1_U242                                                    | 1   |        | mul_ln73_886  | mul | auto   | 0       |
|      mul_16ns_9s_25_1_1_U253                                                    | 1   |        | mul_ln73_887  | mul | auto   | 0       |
|      mul_16ns_9s_24_1_1_U317                                                    | 1   |        | mul_ln73_888  | mul | auto   | 0       |
|      mul_16ns_9s_24_1_1_U380                                                    | 1   |        | mul_ln73_889  | mul | auto   | 0       |
|      mul_16ns_8s_24_1_1_U265                                                    | 1   |        | mul_ln73_890  | mul | auto   | 0       |
|      sub_ln73_371_fu_317165_p2                                                  |     |        | sub_ln73_371  | sub | fabric | 0       |
|      sub_ln73_372_fu_313866_p2                                                  |     |        | sub_ln73_372  | sub | fabric | 0       |
|      mul_16ns_9s_24_1_1_U303                                                    | 1   |        | mul_ln73_891  | mul | auto   | 0       |
|      add_ln73_86_fu_317180_p2                                                   |     |        | add_ln73_86   | add | fabric | 0       |
|      mul_16ns_9s_25_1_1_U348                                                    | 1   |        | mul_ln73_892  | mul | auto   | 0       |
|      sub_ln73_373_fu_313886_p2                                                  |     |        | sub_ln73_373  | sub | fabric | 0       |
|      mul_16ns_9s_23_1_1_U349                                                    | 1   |        | mul_ln73_893  | mul | auto   | 0       |
|      mul_16ns_10s_24_1_1_U280                                                   | 1   |        | mul_ln73_894  | mul | auto   | 0       |
|      mul_16ns_9s_25_1_1_U363                                                    | 1   |        | mul_ln73_895  | mul | auto   | 0       |
|      mul_16ns_9s_25_1_1_U257                                                    | 1   |        | mul_ln73_896  | mul | auto   | 0       |
|      mul_16ns_9s_24_1_1_U375                                                    | 1   |        | mul_ln73_897  | mul | auto   | 0       |
|      mul_16ns_9s_24_1_1_U312                                                    | 1   |        | mul_ln73_898  | mul | auto   | 0       |
|      mul_16ns_8s_24_1_1_U360                                                    | 1   |        | mul_ln73_899  | mul | auto   | 0       |
|      mul_16ns_9s_24_1_1_U352                                                    | 1   |        | mul_ln73_900  | mul | auto   | 0       |
|      add_ln73_87_fu_317201_p2                                                   |     |        | add_ln73_87   | add | fabric | 0       |
|      mul_16ns_8s_23_1_1_U245                                                    | 1   |        | mul_ln73_901  | mul | auto   | 0       |
|      mul_16ns_9s_23_1_1_U315                                                    | 1   |        | mul_ln73_902  | mul | auto   | 0       |
|      mul_16ns_9s_24_1_1_U251                                                    | 1   |        | mul_ln73_903  | mul | auto   | 0       |
|      mul_16ns_9s_23_1_1_U320                                                    | 1   |        | mul_ln73_904  | mul | auto   | 0       |
|      mul_16ns_8s_24_1_1_U343                                                    | 1   |        | mul_ln73_905  | mul | auto   | 0       |
|      mul_16ns_8s_24_1_1_U372                                                    | 1   |        | mul_ln73_906  | mul | auto   | 0       |
|      mul_16ns_9s_24_1_1_U261                                                    | 1   |        | mul_ln73_907  | mul | auto   | 0       |
|      mul_16ns_8s_24_1_1_U353                                                    | 1   |        | mul_ln73_908  | mul | auto   | 0       |
|      mul_16ns_8s_24_1_1_U310                                                    | 1   |        | mul_ln73_909  | mul | auto   | 0       |
|      sub_ln73_374_fu_317268_p2                                                  |     |        | sub_ln73_374  | sub | fabric | 0       |
|      mul_16ns_9s_24_1_1_U387                                                    | 1   |        | mul_ln73_910  | mul | auto   | 0       |
|      sub_ln73_375_fu_317306_p2                                                  |     |        | sub_ln73_375  | sub | fabric | 0       |
|      mul_16ns_9s_23_1_1_U320                                                    | 1   |        | mul_ln73_911  | mul | auto   | 0       |
|      mul_16ns_9s_25_1_1_U301                                                    | 1   |        | mul_ln73_912  | mul | auto   | 0       |
|      mul_16ns_9s_25_1_1_U250                                                    | 1   |        | mul_ln73_913  | mul | auto   | 0       |
|      mul_16ns_10s_25_1_1_U386                                                   | 1   |        | mul_ln73_914  | mul | auto   | 0       |
|      mul_16ns_8s_23_1_1_U362                                                    | 1   |        | mul_ln73_915  | mul | auto   | 0       |
|      mul_16ns_9s_24_1_1_U339                                                    | 1   |        | mul_ln73_916  | mul | auto   | 0       |
|      add_ln73_88_fu_317351_p2                                                   |     |        | add_ln73_88   | add | fabric | 0       |
|      mul_16ns_9s_23_1_1_U277                                                    | 1   |        | mul_ln73_917  | mul | auto   | 0       |
|      add_ln73_89_fu_317367_p2                                                   |     |        | add_ln73_89   | add | fabric | 0       |
|      mul_16ns_9s_23_1_1_U305                                                    | 1   |        | mul_ln73_918  | mul | auto   | 0       |
|      mul_16ns_9s_24_1_1_U292                                                    | 1   |        | mul_ln73_919  | mul | auto   | 0       |
|      mul_16ns_9s_24_1_1_U346                                                    | 1   |        | mul_ln73_920  | mul | auto   | 0       |
|      mul_16ns_9s_25_1_1_U283                                                    | 1   |        | mul_ln73_921  | mul | auto   | 0       |
|      mul_16ns_8s_24_1_1_U252                                                    | 1   |        | mul_ln73_922  | mul | auto   | 0       |
|      mul_16ns_10s_24_1_1_U361                                                   | 1   |        | mul_ln73_923  | mul | auto   | 0       |
|      mul_16ns_10s_24_1_1_U254                                                   | 1   |        | mul_ln73_924  | mul | auto   | 0       |
|      mul_16ns_8s_24_1_1_U265                                                    | 1   |        | mul_ln73_925  | mul | auto   | 0       |
|      sub_ln73_376_fu_317424_p2                                                  |     |        | sub_ln73_376  | sub | fabric | 0       |
|      sub_ln73_377_fu_317449_p2                                                  |     |        | sub_ln73_377  | sub | fabric | 0       |
|      sub_ln73_378_fu_317465_p2                                                  |     |        | sub_ln73_378  | sub | fabric | 0       |
|      sub_ln73_379_fu_317490_p2                                                  |     |        | sub_ln73_379  | sub | fabric | 0       |
|      mul_16ns_9s_24_1_1_U261                                                    | 1   |        | mul_ln73_926  | mul | auto   | 0       |
|      add_ln73_90_fu_317506_p2                                                   |     |        | add_ln73_90   | add | fabric | 0       |
|      add_ln73_91_fu_317533_p2                                                   |     |        | add_ln73_91   | add | fabric | 0       |
|      mul_16ns_9s_25_1_1_U295                                                    | 1   |        | mul_ln73_927  | mul | auto   | 0       |
|      sub_ln73_380_fu_317571_p2                                                  |     |        | sub_ln73_380  | sub | fabric | 0       |
|      mul_16ns_9s_23_1_1_U249                                                    | 1   |        | mul_ln73_928  | mul | auto   | 0       |
|      mul_16ns_10s_25_1_1_U266                                                   | 1   |        | mul_ln73_929  | mul | auto   | 0       |
|      sub_ln73_381_fu_317598_p2                                                  |     |        | sub_ln73_381  | sub | fabric | 0       |
|      sub_ln73_382_fu_317608_p2                                                  |     |        | sub_ln73_382  | sub | fabric | 0       |
|      mul_16ns_9s_23_1_1_U350                                                    | 1   |        | mul_ln73_930  | mul | auto   | 0       |
|      mul_16ns_9s_23_1_1_U272                                                    | 1   |        | mul_ln73_931  | mul | auto   | 0       |
|      mul_16ns_7s_23_1_1_U269                                                    | 1   |        | mul_ln73_932  | mul | auto   | 0       |
|      add_ln73_92_fu_317668_p2                                                   |     |        | add_ln73_92   | add | fabric | 0       |
|      mul_16ns_10s_25_1_1_U244                                                   | 1   |        | mul_ln73_933  | mul | auto   | 0       |
|      mul_16ns_9s_24_1_1_U387                                                    | 1   |        | mul_ln73_934  | mul | auto   | 0       |
|      sub_ln73_383_fu_317695_p2                                                  |     |        | sub_ln73_383  | sub | fabric | 0       |
|      sub_ln73_384_fu_317718_p2                                                  |     |        | sub_ln73_384  | sub | fabric | 0       |
|      sub_ln73_385_fu_317745_p2                                                  |     |        | sub_ln73_385  | sub | fabric | 0       |
|      sub_ln73_386_fu_317766_p2                                                  |     |        | sub_ln73_386  | sub | fabric | 0       |
|      mul_16ns_10s_24_1_1_U281                                                   | 1   |        | mul_ln73_935  | mul | auto   | 0       |
|      sub_ln73_387_fu_317782_p2                                                  |     |        | sub_ln73_387  | sub | fabric | 0       |
|      mul_16ns_9s_25_1_1_U297                                                    | 1   |        | mul_ln73_936  | mul | auto   | 0       |
|      mul_16ns_10s_25_1_1_U337                                                   | 1   |        | mul_ln73_937  | mul | auto   | 0       |
|      mul_16ns_9s_24_1_1_U364                                                    | 1   |        | mul_ln73_938  | mul | auto   | 0       |
|      sub_ln73_388_fu_317798_p2                                                  |     |        | sub_ln73_388  | sub | fabric | 0       |
|      add_ln73_93_fu_317814_p2                                                   |     |        | add_ln73_93   | add | fabric | 0       |
|      mul_16ns_8s_24_1_1_U247                                                    | 1   |        | mul_ln73_939  | mul | auto   | 0       |
|      mul_16ns_8s_23_1_1_U290                                                    | 1   |        | mul_ln73_940  | mul | auto   | 0       |
|      mul_16ns_9s_25_1_1_U285                                                    | 1   |        | mul_ln73_941  | mul | auto   | 0       |
|      mul_16ns_9s_23_1_1_U291                                                    | 1   |        | mul_ln73_942  | mul | auto   | 0       |
|      mul_16ns_9s_24_1_1_U318                                                    | 1   |        | mul_ln73_943  | mul | auto   | 0       |
|      sub_ln73_389_fu_317830_p2                                                  |     |        | sub_ln73_389  | sub | fabric | 0       |
|      sub_ln73_390_fu_317840_p2                                                  |     |        | sub_ln73_390  | sub | fabric | 0       |
|      mul_16ns_9s_24_1_1_U312                                                    | 1   |        | mul_ln73_944  | mul | auto   | 0       |
|      mul_16ns_9s_24_1_1_U341                                                    | 1   |        | mul_ln73_945  | mul | auto   | 0       |
|      mul_16ns_7ns_22_1_1_U293                                                   | 1   |        | mul_ln73_946  | mul | auto   | 0       |
|      sub_ln73_391_fu_313934_p2                                                  |     |        | sub_ln73_391  | sub | fabric | 0       |
|      mul_16ns_8s_24_1_1_U243                                                    | 1   |        | mul_ln73_947  | mul | auto   | 0       |
|      mul_16ns_10s_24_1_1_U385                                                   | 1   |        | mul_ln73_948  | mul | auto   | 0       |
|      mul_16ns_8s_23_1_1_U298                                                    | 1   |        | mul_ln73_949  | mul | auto   | 0       |
|      mul_16ns_9s_24_1_1_U384                                                    | 1   |        | mul_ln73_950  | mul | auto   | 0       |
|      mul_16ns_9s_24_1_1_U307                                                    | 1   |        | mul_ln73_951  | mul | auto   | 0       |
|      mul_16ns_10s_24_1_1_U260                                                   | 1   |        | mul_ln73_952  | mul | auto   | 0       |
|      mul_16ns_9s_25_1_1_U316                                                    | 1   |        | mul_ln73_953  | mul | auto   | 0       |
|      add_ln73_94_fu_313961_p2                                                   |     |        | add_ln73_94   | add | fabric | 0       |
|      mul_16ns_9s_25_1_1_U275                                                    | 1   |        | mul_ln73_954  | mul | auto   | 0       |
|      add_ln73_95_fu_317913_p2                                                   |     |        | add_ln73_95   | add | fabric | 0       |
|      sub_ln73_392_fu_313977_p2                                                  |     |        | sub_ln73_392  | sub | fabric | 0       |
|      sub_ln73_393_fu_313993_p2                                                  |     |        | sub_ln73_393  | sub | fabric | 0       |
|      mul_16ns_9s_24_1_1_U323                                                    | 1   |        | mul_ln73_955  | mul | auto   | 0       |
|      mul_16ns_10s_24_1_1_U334                                                   | 1   |        | mul_ln73_956  | mul | auto   | 0       |
|      mul_16ns_8s_24_1_1_U263                                                    | 1   |        | mul_ln73_957  | mul | auto   | 0       |
|      sub_ln73_394_fu_317954_p2                                                  |     |        | sub_ln73_394  | sub | fabric | 0       |
|      sub_ln73_395_fu_317973_p2                                                  |     |        | sub_ln73_395  | sub | fabric | 0       |
|      sub_ln73_396_fu_317982_p2                                                  |     |        | sub_ln73_396  | sub | fabric | 0       |
|      add_ln73_96_fu_318008_p2                                                   |     |        | add_ln73_96   | add | fabric | 0       |
|      mul_16ns_8s_24_1_1_U259                                                    | 1   |        | mul_ln73_958  | mul | auto   | 0       |
|      mul_16ns_10s_24_1_1_U327                                                   | 1   |        | mul_ln73_959  | mul | auto   | 0       |
|      mul_16ns_9ns_24_1_1_U379                                                   | 1   |        | mul_ln73_960  | mul | auto   | 0       |
|      sub_ln73_397_fu_318069_p2                                                  |     |        | sub_ln73_397  | sub | fabric | 0       |
|      mul_16ns_8s_24_1_1_U366                                                    | 1   |        | mul_ln73_961  | mul | auto   | 0       |
|      mul_16ns_10s_24_1_1_U338                                                   | 1   |        | mul_ln73_962  | mul | auto   | 0       |
|      mul_16ns_9s_24_1_1_U358                                                    | 1   |        | mul_ln73_963  | mul | auto   | 0       |
|      add_ln73_97_fu_318089_p2                                                   |     |        | add_ln73_97   | add | fabric | 0       |
|      mul_16ns_9s_25_1_1_U382                                                    | 1   |        | mul_ln73_964  | mul | auto   | 0       |
|      mul_16ns_7s_23_1_1_U313                                                    | 1   |        | mul_ln73_965  | mul | auto   | 0       |
|      sub_ln73_398_fu_318104_p2                                                  |     |        | sub_ln73_398  | sub | fabric | 0       |
|      mul_16ns_9s_23_1_1_U354                                                    | 1   |        | mul_ln73_966  | mul | auto   | 0       |
|      sub_ln73_399_fu_318131_p2                                                  |     |        | sub_ln73_399  | sub | fabric | 0       |
|      mul_16ns_8s_24_1_1_U242                                                    | 1   |        | mul_ln73_967  | mul | auto   | 0       |
|      mul_16ns_9s_25_1_1_U302                                                    | 1   |        | mul_ln73_968  | mul | auto   | 0       |
|      mul_16ns_9s_25_1_1_U294                                                    | 1   |        | mul_ln73_969  | mul | auto   | 0       |
|      mul_16ns_8ns_23_1_1_U248                                                   | 1   |        | mul_ln73_970  | mul | auto   | 0       |
|      sub_ln73_400_fu_318158_p2                                                  |     |        | sub_ln73_400  | sub | fabric | 0       |
|      mul_16ns_10s_24_1_1_U289                                                   | 1   |        | mul_ln73_971  | mul | auto   | 0       |
|      mul_16ns_9s_23_1_1_U326                                                    | 1   |        | mul_ln73_972  | mul | auto   | 0       |
|      mul_16ns_8s_24_1_1_U321                                                    | 1   |        | mul_ln73_973  | mul | auto   | 0       |
|      mul_16ns_9s_23_1_1_U279                                                    | 1   |        | mul_ln73_974  | mul | auto   | 0       |
|      add_ln73_98_fu_318178_p2                                                   |     |        | add_ln73_98   | add | fabric | 0       |
|      mul_16ns_10s_24_1_1_U381                                                   | 1   |        | mul_ln73_975  | mul | auto   | 0       |
|      mul_16ns_8s_24_1_1_U371                                                    | 1   |        | mul_ln73_976  | mul | auto   | 0       |
|      mul_16ns_9s_24_1_1_U330                                                    | 1   |        | mul_ln73_977  | mul | auto   | 0       |
|      mul_16ns_10s_24_1_1_U376                                                   | 1   |        | mul_ln73_978  | mul | auto   | 0       |
|      mul_16ns_8s_24_1_1_U368                                                    | 1   |        | mul_ln73_979  | mul | auto   | 0       |
|      mul_16ns_8s_24_1_1_U273                                                    | 1   |        | mul_ln73_980  | mul | auto   | 0       |
|      mul_16ns_10s_24_1_1_U335                                                   | 1   |        | mul_ln73_981  | mul | auto   | 0       |
|      mul_16ns_8ns_23_1_1_U308                                                   | 1   |        | mul_ln73_982  | mul | auto   | 0       |
|      sub_ln73_401_fu_318262_p2                                                  |     |        | sub_ln73_401  | sub | fabric | 0       |
|      mul_16ns_9s_23_1_1_U333                                                    | 1   |        | mul_ln73_983  | mul | auto   | 0       |
|      add_ln73_99_fu_318290_p2                                                   |     |        | add_ln73_99   | add | fabric | 0       |
|      mul_16ns_8s_24_1_1_U287                                                    | 1   |        | mul_ln73_984  | mul | auto   | 0       |
|      mul_16ns_8s_22_1_1_U325                                                    | 1   |        | mul_ln73_985  | mul | auto   | 0       |
|      mul_16ns_10s_25_1_1_U270                                                   | 1   |        | mul_ln73_986  | mul | auto   | 0       |
|      mul_16ns_9s_25_1_1_U378                                                    | 1   |        | mul_ln73_987  | mul | auto   | 0       |
|      mul_16ns_9s_23_1_1_U328                                                    | 1   |        | mul_ln73_988  | mul | auto   | 0       |
|      mul_16ns_10s_25_1_1_U347                                                   | 1   |        | mul_ln73_989  | mul | auto   | 0       |
|      mul_16ns_9s_25_1_1_U267                                                    | 1   |        | mul_ln73_990  | mul | auto   | 0       |
|      mul_16ns_9s_24_1_1_U262                                                    | 1   |        | mul_ln73_991  | mul | auto   | 0       |
|      mul_16ns_7s_23_1_1_U288                                                    | 1   |        | mul_ln73_992  | mul | auto   | 0       |
|      sub_ln73_402_fu_318318_p2                                                  |     |        | sub_ln73_402  | sub | fabric | 0       |
|      sub_ln73_403_fu_318388_p2                                                  |     |        | sub_ln73_403  | sub | fabric | 0       |
|      sub_ln73_404_fu_318422_p2                                                  |     |        | sub_ln73_404  | sub | fabric | 0       |
|      sub_ln73_405_fu_318438_p2                                                  |     |        | sub_ln73_405  | sub | fabric | 0       |
|      mul_16ns_8ns_23_1_1_U276                                                   | 1   |        | mul_ln73_993  | mul | auto   | 0       |
|      mul_16ns_9s_24_1_1_U351                                                    | 1   |        | mul_ln73_994  | mul | auto   | 0       |
|      sub_ln73_406_fu_318470_p2                                                  |     |        | sub_ln73_406  | sub | fabric | 0       |
|      sub_ln73_407_fu_318480_p2                                                  |     |        | sub_ln73_407  | sub | fabric | 0       |
|      mul_16ns_9s_25_1_1_U332                                                    | 1   |        | mul_ln73_995  | mul | auto   | 0       |
|      mul_16ns_10s_24_1_1_U357                                                   | 1   |        | mul_ln73_996  | mul | auto   | 0       |
|      mul_16ns_10s_24_1_1_U381                                                   | 1   |        | mul_ln73_997  | mul | auto   | 0       |
|      mul_16ns_10s_24_1_1_U334                                                   | 1   |        | mul_ln73_998  | mul | auto   | 0       |
|      sub_ln73_408_fu_318508_p2                                                  |     |        | sub_ln73_408  | sub | fabric | 0       |
|      mul_16ns_9s_24_1_1_U282                                                    | 1   |        | mul_ln73_999  | mul | auto   | 0       |
|      add_ln73_100_fu_318536_p2                                                  |     |        | add_ln73_100  | add | fabric | 0       |
|      mul_16ns_10s_25_1_1_U356                                                   | 1   |        | mul_ln73_1000 | mul | auto   | 0       |
|      mul_16ns_7s_23_1_1_U269                                                    | 1   |        | mul_ln73_1001 | mul | auto   | 0       |
|      mul_16ns_9s_24_1_1_U268                                                    | 1   |        | mul_ln73_1002 | mul | auto   | 0       |
|      mul_16ns_8s_24_1_1_U314                                                    | 1   |        | mul_ln73_1003 | mul | auto   | 0       |
|      mul_16ns_8s_24_1_1_U255                                                    | 1   |        | mul_ln73_1004 | mul | auto   | 0       |
|      sub_ln73_409_fu_318568_p2                                                  |     |        | sub_ln73_409  | sub | fabric | 0       |
|      mul_16ns_10s_25_1_1_U373                                                   | 1   |        | mul_ln73_1005 | mul | auto   | 0       |
|      mul_16ns_9s_24_1_1_U367                                                    | 1   |        | mul_ln73_1006 | mul | auto   | 0       |
|      mul_16ns_9s_25_1_1_U294                                                    | 1   |        | mul_ln73_1007 | mul | auto   | 0       |
|      mul_16ns_9s_23_1_1_U344                                                    | 1   |        | mul_ln73_1008 | mul | auto   | 0       |
|      mul_16ns_8s_24_1_1_U296                                                    | 1   |        | mul_ln73_1009 | mul | auto   | 0       |
|      mul_16ns_9s_24_1_1_U374                                                    | 1   |        | mul_ln73_1010 | mul | auto   | 0       |
|      mul_16ns_9s_25_1_1_U329                                                    | 1   |        | mul_ln73_1011 | mul | auto   | 0       |
|      mul_16ns_9s_24_1_1_U369                                                    | 1   |        | mul_ln73_1012 | mul | auto   | 0       |
|      mul_16ns_9s_24_1_1_U341                                                    | 1   |        | mul_ln73_1013 | mul | auto   | 0       |
|      mul_16ns_8s_24_1_1_U271                                                    | 1   |        | mul_ln73_1014 | mul | auto   | 0       |
|      mul_16ns_9s_23_1_1_U336                                                    | 1   |        | mul_ln73_1015 | mul | auto   | 0       |
|      sub_ln73_410_fu_318625_p2                                                  |     |        | sub_ln73_410  | sub | fabric | 0       |
|      add_ln73_101_fu_318658_p2                                                  |     |        | add_ln73_101  | add | fabric | 0       |
|      add_ln73_102_fu_314035_p2                                                  |     |        | add_ln73_102  | add | fabric | 0       |
|      sub_ln73_411_fu_318674_p2                                                  |     |        | sub_ln73_411  | sub | fabric | 0       |
|      sub_ln73_412_fu_318684_p2                                                  |     |        | sub_ln73_412  | sub | fabric | 0       |
|      mul_16ns_10s_25_1_1_U246                                                   | 1   |        | mul_ln73_1016 | mul | auto   | 0       |
|      mul_16ns_8s_23_1_1_U362                                                    | 1   |        | mul_ln73_1017 | mul | auto   | 0       |
|      mul_16ns_10s_24_1_1_U385                                                   | 1   |        | mul_ln73_1018 | mul | auto   | 0       |
|      sub_ln73_413_fu_318719_p2                                                  |     |        | sub_ln73_413  | sub | fabric | 0       |
|      mul_16ns_9s_25_1_1_U258                                                    | 1   |        | mul_ln73_1019 | mul | auto   | 0       |
|      add_ln73_103_fu_318750_p2                                                  |     |        | add_ln73_103  | add | fabric | 0       |
|      sub_ln73_414_fu_318777_p2                                                  |     |        | sub_ln73_414  | sub | fabric | 0       |
|      mul_16ns_8s_23_1_1_U311                                                    | 1   |        | mul_ln73_1020 | mul | auto   | 0       |
|      mul_16ns_9s_25_1_1_U319                                                    | 1   |        | mul_ln73_1021 | mul | auto   | 0       |
|      mul_16ns_9s_25_1_1_U370                                                    | 1   |        | mul_ln73_1022 | mul | auto   | 0       |
|      sub_ln73_415_fu_318830_p2                                                  |     |        | sub_ln73_415  | sub | fabric | 0       |
|      mul_16ns_9s_25_1_1_U306                                                    | 1   |        | mul_ln73_1023 | mul | auto   | 0       |
|      sub_ln73_416_fu_318846_p2                                                  |     |        | sub_ln73_416  | sub | fabric | 0       |
|      sub_ln73_417_fu_318867_p2                                                  |     |        | sub_ln73_417  | sub | fabric | 0       |
|      mul_16ns_9s_24_1_1_U284                                                    | 1   |        | mul_ln73_1024 | mul | auto   | 0       |
|      mul_16ns_9s_24_1_1_U256                                                    | 1   |        | mul_ln73_1025 | mul | auto   | 0       |
|      mul_16ns_9s_23_1_1_U304                                                    | 1   |        | mul_ln73_1026 | mul | auto   | 0       |
|      mul_16ns_8s_24_1_1_U365                                                    | 1   |        | mul_ln73_1027 | mul | auto   | 0       |
|      mul_16ns_10s_24_1_1_U342                                                   | 1   |        | mul_ln73_1028 | mul | auto   | 0       |
|      mul_16ns_9s_23_1_1_U315                                                    | 1   |        | mul_ln73_1029 | mul | auto   | 0       |
|      mul_16ns_10s_24_1_1_U355                                                   | 1   |        | mul_ln73_1030 | mul | auto   | 0       |
|      mul_16ns_10s_24_1_1_U345                                                   | 1   |        | mul_ln73_1031 | mul | auto   | 0       |
|      mul_16ns_9s_24_1_1_U352                                                    | 1   |        | mul_ln73_1032 | mul | auto   | 0       |
|      sub_ln73_418_fu_318909_p2                                                  |     |        | sub_ln73_418  | sub | fabric | 0       |
|      mul_16ns_8ns_23_1_1_U377                                                   | 1   |        | mul_ln73_1033 | mul | auto   | 0       |
|      mul_16ns_10s_24_1_1_U264                                                   | 1   |        | mul_ln73_1034 | mul | auto   | 0       |
|      sub_ln73_419_fu_318925_p2                                                  |     |        | sub_ln73_419  | sub | fabric | 0       |
|      mul_16ns_9s_24_1_1_U274                                                    | 1   |        | mul_ln73_1035 | mul | auto   | 0       |
|      mul_16ns_8s_24_1_1_U340                                                    | 1   |        | mul_ln73_1036 | mul | auto   | 0       |
|      mul_16ns_9s_23_1_1_U309                                                    | 1   |        | mul_ln73_1037 | mul | auto   | 0       |
|      mul_16ns_9s_23_1_1_U359                                                    | 1   |        | mul_ln73_1038 | mul | auto   | 0       |
|      mul_16ns_10s_25_1_1_U322                                                   | 1   |        | mul_ln73_1039 | mul | auto   | 0       |
|      sub_ln73_420_fu_326138_p2                                                  |     |        | sub_ln73_420  | sub | fabric | 0       |
|      sub_ln73_421_fu_326163_p2                                                  |     |        | sub_ln73_421  | sub | fabric | 0       |
|      mul_16ns_9s_24_1_1_U331                                                    | 1   |        | mul_ln73_1040 | mul | auto   | 0       |
|      mul_16ns_9s_24_1_1_U383                                                    | 1   |        | mul_ln73_1041 | mul | auto   | 0       |
|      mul_16ns_10s_24_1_1_U300                                                   | 1   |        | mul_ln73_1042 | mul | auto   | 0       |
|      sub_ln73_422_fu_326202_p2                                                  |     |        | sub_ln73_422  | sub | fabric | 0       |
|      mul_16ns_8s_24_1_1_U287                                                    | 1   |        | mul_ln73_1043 | mul | auto   | 0       |
|      mul_16ns_9s_25_1_1_U324                                                    | 1   |        | mul_ln73_1044 | mul | auto   | 0       |
|      mul_16ns_9s_23_1_1_U278                                                    | 1   |        | mul_ln73_1045 | mul | auto   | 0       |
|      sub_ln73_423_fu_326241_p2                                                  |     |        | sub_ln73_423  | sub | fabric | 0       |
|      mul_16ns_9ns_24_1_1_U286                                                   | 1   |        | mul_ln73_1046 | mul | auto   | 0       |
|      mul_16ns_9s_24_1_1_U323                                                    | 1   |        | mul_ln73_1047 | mul | auto   | 0       |
|      add_ln73_104_fu_326261_p2                                                  |     |        | add_ln73_104  | add | fabric | 0       |
|      add_ln73_105_fu_326292_p2                                                  |     |        | add_ln73_105  | add | fabric | 0       |
|      add_ln73_106_fu_326308_p2                                                  |     |        | add_ln73_106  | add | fabric | 0       |
|      mul_16ns_9s_24_1_1_U384                                                    | 1   |        | mul_ln73_1048 | mul | auto   | 0       |
|      mul_16ns_8s_24_1_1_U271                                                    | 1   |        | mul_ln73_1049 | mul | auto   | 0       |
|      mul_16ns_10s_24_1_1_U357                                                   | 1   |        | mul_ln73_1050 | mul | auto   | 0       |
|      mul_16ns_7s_23_1_1_U288                                                    | 1   |        | mul_ln73_1051 | mul | auto   | 0       |
|      mul_16ns_9s_23_1_1_U350                                                    | 1   |        | mul_ln73_1052 | mul | auto   | 0       |
|      sub_ln73_424_fu_326354_p2                                                  |     |        | sub_ln73_424  | sub | fabric | 0       |
|      mul_16ns_9s_24_1_1_U330                                                    | 1   |        | mul_ln73_1053 | mul | auto   | 0       |
|      mul_16ns_9s_25_1_1_U329                                                    | 1   |        | mul_ln73_1054 | mul | auto   | 0       |
|      mul_16ns_8s_23_1_1_U298                                                    | 1   |        | mul_ln73_1055 | mul | auto   | 0       |
|      mul_16ns_9s_23_1_1_U279                                                    | 1   |        | mul_ln73_1056 | mul | auto   | 0       |
|      mul_16ns_8s_24_1_1_U265                                                    | 1   |        | mul_ln73_1057 | mul | auto   | 0       |
|      mul_16ns_9s_23_1_1_U304                                                    | 1   |        | mul_ln73_1058 | mul | auto   | 0       |
|      mul_16ns_9s_23_1_1_U320                                                    | 1   |        | mul_ln73_1059 | mul | auto   | 0       |
|      mul_16ns_10s_24_1_1_U300                                                   | 1   |        | mul_ln73_1060 | mul | auto   | 0       |
|      mul_16ns_10s_25_1_1_U266                                                   | 1   |        | mul_ln73_1061 | mul | auto   | 0       |
|      mul_16ns_8s_24_1_1_U360                                                    | 1   |        | mul_ln73_1062 | mul | auto   | 0       |
|      sub_ln73_425_fu_321662_p2                                                  |     |        | sub_ln73_425  | sub | fabric | 0       |
|      sub_ln73_426_fu_307881_p2                                                  |     |        | sub_ln73_426  | sub | fabric | 0       |
|      mul_16ns_9s_25_1_1_U348                                                    | 1   |        | mul_ln73_1063 | mul | auto   | 0       |
|      mul_16ns_9s_23_1_1_U272                                                    | 1   |        | mul_ln73_1064 | mul | auto   | 0       |
|      add_ln73_107_fu_321689_p2                                                  |     |        | add_ln73_107  | add | fabric | 0       |
|      mul_16ns_8s_23_1_1_U245                                                    | 1   |        | mul_ln73_1065 | mul | auto   | 0       |
|      mul_16ns_9s_24_1_1_U284                                                    | 1   |        | mul_ln73_1066 | mul | auto   | 0       |
|      mul_16ns_9s_24_1_1_U292                                                    | 1   |        | mul_ln73_1067 | mul | auto   | 0       |
|      sub_ln73_427_fu_321754_p2                                                  |     |        | sub_ln73_427  | sub | fabric | 0       |
|      sub_ln73_428_fu_321764_p2                                                  |     |        | sub_ln73_428  | sub | fabric | 0       |
|      mul_16ns_9s_24_1_1_U351                                                    | 1   |        | mul_ln73_1068 | mul | auto   | 0       |
|      mul_16ns_9s_25_1_1_U301                                                    | 1   |        | mul_ln73_1069 | mul | auto   | 0       |
|      mul_16ns_9s_25_1_1_U283                                                    | 1   |        | mul_ln73_1070 | mul | auto   | 0       |
|      add_ln73_108_fu_321792_p2                                                  |     |        | add_ln73_108  | add | fabric | 0       |
|      mul_16ns_9s_25_1_1_U319                                                    | 1   |        | mul_ln73_1071 | mul | auto   | 0       |
|      sub_ln73_429_fu_321824_p2                                                  |     |        | sub_ln73_429  | sub | fabric | 0       |
|      mul_16ns_10s_24_1_1_U264                                                   | 1   |        | mul_ln73_1072 | mul | auto   | 0       |
|      add_ln73_109_fu_321856_p2                                                  |     |        | add_ln73_109  | add | fabric | 0       |
|      mul_16ns_10s_24_1_1_U385                                                   | 1   |        | mul_ln73_1073 | mul | auto   | 0       |
|      mul_16ns_10s_24_1_1_U289                                                   | 1   |        | mul_ln73_1074 | mul | auto   | 0       |
|      mul_16ns_9s_25_1_1_U332                                                    | 1   |        | mul_ln73_1075 | mul | auto   | 0       |
|      mul_16ns_8ns_23_1_1_U248                                                   | 1   |        | mul_ln73_1076 | mul | auto   | 0       |
|      add_ln73_110_fu_321884_p2                                                  |     |        | add_ln73_110  | add | fabric | 0       |
|      sub_ln73_430_fu_321900_p2                                                  |     |        | sub_ln73_430  | sub | fabric | 0       |
|      mul_16ns_9s_25_1_1_U294                                                    | 1   |        | mul_ln73_1077 | mul | auto   | 0       |
|      add_ln73_111_fu_321936_p2                                                  |     |        | add_ln73_111  | add | fabric | 0       |
|      sub_ln73_431_fu_321952_p2                                                  |     |        | sub_ln73_431  | sub | fabric | 0       |
|      mul_16ns_9s_24_1_1_U307                                                    | 1   |        | mul_ln73_1078 | mul | auto   | 0       |
|      mul_16ns_9s_24_1_1_U374                                                    | 1   |        | mul_ln73_1079 | mul | auto   | 0       |
|      mul_16ns_9s_25_1_1_U267                                                    | 1   |        | mul_ln73_1080 | mul | auto   | 0       |
|      sub_ln73_432_fu_322013_p2                                                  |     |        | sub_ln73_432  | sub | fabric | 0       |
|      sub_ln73_433_fu_322039_p2                                                  |     |        | sub_ln73_433  | sub | fabric | 0       |
|      mul_16ns_9s_23_1_1_U326                                                    | 1   |        | mul_ln73_1081 | mul | auto   | 0       |
|      mul_16ns_9s_24_1_1_U331                                                    | 1   |        | mul_ln73_1082 | mul | auto   | 0       |
|      sub_ln73_434_fu_322067_p2                                                  |     |        | sub_ln73_434  | sub | fabric | 0       |
|      mul_16ns_10s_24_1_1_U260                                                   | 1   |        | mul_ln73_1083 | mul | auto   | 0       |
|      mul_16ns_9s_23_1_1_U328                                                    | 1   |        | mul_ln73_1084 | mul | auto   | 0       |
|      mul_16ns_8s_24_1_1_U366                                                    | 1   |        | mul_ln73_1085 | mul | auto   | 0       |
|      mul_16ns_9s_24_1_1_U341                                                    | 1   |        | mul_ln73_1086 | mul | auto   | 0       |
|      sub_ln73_435_fu_322095_p2                                                  |     |        | sub_ln73_435  | sub | fabric | 0       |
|      sub_ln73_436_fu_322105_p2                                                  |     |        | sub_ln73_436  | sub | fabric | 0       |
|      sub_ln73_437_fu_322121_p2                                                  |     |        | sub_ln73_437  | sub | fabric | 0       |
|      sub_ln73_438_fu_322153_p2                                                  |     |        | sub_ln73_438  | sub | fabric | 0       |
|      sub_ln73_439_fu_322169_p2                                                  |     |        | sub_ln73_439  | sub | fabric | 0       |
|      mul_16ns_9s_24_1_1_U364                                                    | 1   |        | mul_ln73_1087 | mul | auto   | 0       |
|      mul_16ns_9s_25_1_1_U257                                                    | 1   |        | mul_ln73_1088 | mul | auto   | 0       |
|      mul_16ns_10s_25_1_1_U246                                                   | 1   |        | mul_ln73_1089 | mul | auto   | 0       |
|      mul_16ns_9s_23_1_1_U305                                                    | 1   |        | mul_ln73_1090 | mul | auto   | 0       |
|      mul_16ns_9s_24_1_1_U251                                                    | 1   |        | mul_ln73_1091 | mul | auto   | 0       |
|      sub_ln73_440_fu_322189_p2                                                  |     |        | sub_ln73_440  | sub | fabric | 0       |
|      mul_16ns_9ns_24_1_1_U286                                                   | 1   |        | mul_ln73_1092 | mul | auto   | 0       |
|      mul_16ns_9s_25_1_1_U285                                                    | 1   |        | mul_ln73_1093 | mul | auto   | 0       |
|      mul_16ns_9s_23_1_1_U278                                                    | 1   |        | mul_ln73_1094 | mul | auto   | 0       |
|      mul_16ns_9s_24_1_1_U312                                                    | 1   |        | mul_ln73_1095 | mul | auto   | 0       |
|      mul_16ns_10s_24_1_1_U327                                                   | 1   |        | mul_ln73_1096 | mul | auto   | 0       |
|      sub_ln73_441_fu_322274_p2                                                  |     |        | sub_ln73_441  | sub | fabric | 0       |
|      mul_16ns_9s_23_1_1_U249                                                    | 1   |        | mul_ln73_1097 | mul | auto   | 0       |
|      sub_ln73_442_fu_322302_p2                                                  |     |        | sub_ln73_442  | sub | fabric | 0       |
|      sub_ln73_443_fu_322312_p2                                                  |     |        | sub_ln73_443  | sub | fabric | 0       |
|      mul_16ns_8s_24_1_1_U343                                                    | 1   |        | mul_ln73_1098 | mul | auto   | 0       |
|      add_ln73_112_fu_322340_p2                                                  |     |        | add_ln73_112  | add | fabric | 0       |
|      mul_16ns_9s_23_1_1_U350                                                    | 1   |        | mul_ln73_1099 | mul | auto   | 0       |
|      mul_16ns_9s_24_1_1_U323                                                    | 1   |        | mul_ln73_1100 | mul | auto   | 0       |
|      mul_16ns_9s_23_1_1_U354                                                    | 1   |        | mul_ln73_1101 | mul | auto   | 0       |
|      mul_16ns_8s_24_1_1_U273                                                    | 1   |        | mul_ln73_1102 | mul | auto   | 0       |
|      sub_ln73_444_fu_322356_p2                                                  |     |        | sub_ln73_444  | sub | fabric | 0       |
|      sub_ln73_445_fu_322378_p2                                                  |     |        | sub_ln73_445  | sub | fabric | 0       |
|      mul_16ns_10s_25_1_1_U386                                                   | 1   |        | mul_ln73_1103 | mul | auto   | 0       |
|      mul_16ns_10s_25_1_1_U356                                                   | 1   |        | mul_ln73_1104 | mul | auto   | 0       |
|      mul_16ns_10s_24_1_1_U376                                                   | 1   |        | mul_ln73_1105 | mul | auto   | 0       |
|      mul_16ns_10s_24_1_1_U254                                                   | 1   |        | mul_ln73_1106 | mul | auto   | 0       |
|      mul_16ns_8s_24_1_1_U296                                                    | 1   |        | mul_ln73_1107 | mul | auto   | 0       |
|      mul_16ns_9s_25_1_1_U363                                                    | 1   |        | mul_ln73_1108 | mul | auto   | 0       |
|      mul_16ns_10s_25_1_1_U373                                                   | 1   |        | mul_ln73_1109 | mul | auto   | 0       |
|      mul_16ns_9s_25_1_1_U306                                                    | 1   |        | mul_ln73_1110 | mul | auto   | 0       |
|      mul_16ns_10s_24_1_1_U342                                                   | 1   |        | mul_ln73_1111 | mul | auto   | 0       |
|      mul_16ns_9s_24_1_1_U375                                                    | 1   |        | mul_ln73_1112 | mul | auto   | 0       |
|      add_ln73_113_fu_326599_p2                                                  |     |        | add_ln73_113  | add | fabric | 0       |
|      mul_16ns_8s_24_1_1_U353                                                    | 1   |        | mul_ln73_1113 | mul | auto   | 0       |
|      sub_ln73_446_fu_326638_p2                                                  |     |        | sub_ln73_446  | sub | fabric | 0       |
|      add_ln73_114_fu_326673_p2                                                  |     |        | add_ln73_114  | add | fabric | 0       |
|      mul_16ns_10s_24_1_1_U338                                                   | 1   |        | mul_ln73_1114 | mul | auto   | 0       |
|      sub_ln73_447_fu_326704_p2                                                  |     |        | sub_ln73_447  | sub | fabric | 0       |
|      mul_16ns_9s_24_1_1_U299                                                    | 1   |        | mul_ln73_1115 | mul | auto   | 0       |
|      mul_16ns_9s_24_1_1_U369                                                    | 1   |        | mul_ln73_1116 | mul | auto   | 0       |
|      sub_ln73_448_fu_326728_p2                                                  |     |        | sub_ln73_448  | sub | fabric | 0       |
|      mul_16ns_9s_24_1_1_U318                                                    | 1   |        | mul_ln73_1117 | mul | auto   | 0       |
|      mul_16ns_9s_25_1_1_U378                                                    | 1   |        | mul_ln73_1118 | mul | auto   | 0       |
|      mul_16ns_8s_24_1_1_U371                                                    | 1   |        | mul_ln73_1119 | mul | auto   | 0       |
|      mul_16ns_10s_25_1_1_U322                                                   | 1   |        | mul_ln73_1120 | mul | auto   | 0       |
|      mul_16ns_10s_24_1_1_U345                                                   | 1   |        | mul_ln73_1121 | mul | auto   | 0       |
|      sub_ln73_449_fu_326752_p2                                                  |     |        | sub_ln73_449  | sub | fabric | 0       |
|      sub_ln73_450_fu_326762_p2                                                  |     |        | sub_ln73_450  | sub | fabric | 0       |
|      sub_ln73_451_fu_326789_p2                                                  |     |        | sub_ln73_451  | sub | fabric | 0       |
|      mul_16ns_8s_24_1_1_U263                                                    | 1   |        | mul_ln73_1122 | mul | auto   | 0       |
|      sub_ln73_452_fu_326813_p2                                                  |     |        | sub_ln73_452  | sub | fabric | 0       |
|      sub_ln73_453_fu_326829_p2                                                  |     |        | sub_ln73_453  | sub | fabric | 0       |
|      mul_16ns_8s_24_1_1_U314                                                    | 1   |        | mul_ln73_1123 | mul | auto   | 0       |
|      sub_ln73_454_fu_322457_p2                                                  |     |        | sub_ln73_454  | sub | fabric | 0       |
|      sub_ln73_455_fu_322487_p2                                                  |     |        | sub_ln73_455  | sub | fabric | 0       |
|      add_ln73_115_fu_322515_p2                                                  |     |        | add_ln73_115  | add | fabric | 0       |
|      sub_ln73_456_fu_322543_p2                                                  |     |        | sub_ln73_456  | sub | fabric | 0       |
|      sub_ln73_457_fu_322553_p2                                                  |     |        | sub_ln73_457  | sub | fabric | 0       |
|      sub_ln73_458_fu_322585_p2                                                  |     |        | sub_ln73_458  | sub | fabric | 0       |
|      sub_ln73_459_fu_322595_p2                                                  |     |        | sub_ln73_459  | sub | fabric | 0       |
|      mul_16ns_9s_24_1_1_U312                                                    | 1   |        | mul_ln73_1124 | mul | auto   | 0       |
|      mul_16ns_8s_24_1_1_U247                                                    | 1   |        | mul_ln73_1125 | mul | auto   | 0       |
|      sub_ln73_460_fu_322623_p2                                                  |     |        | sub_ln73_460  | sub | fabric | 0       |
|      mul_16ns_8s_23_1_1_U311                                                    | 1   |        | mul_ln73_1126 | mul | auto   | 0       |
|      sub_ln73_461_fu_322643_p2                                                  |     |        | sub_ln73_461  | sub | fabric | 0       |
|      mul_16ns_9s_24_1_1_U384                                                    | 1   |        | mul_ln73_1127 | mul | auto   | 0       |
|      mul_16ns_9s_23_1_1_U349                                                    | 1   |        | mul_ln73_1128 | mul | auto   | 0       |
|      sub_ln73_462_fu_322671_p2                                                  |     |        | sub_ln73_462  | sub | fabric | 0       |
|      mul_16ns_9s_25_1_1_U295                                                    | 1   |        | mul_ln73_1129 | mul | auto   | 0       |
|      add_ln73_116_fu_322697_p2                                                  |     |        | add_ln73_116  | add | fabric | 0       |
|      mul_16ns_9s_25_1_1_U363                                                    | 1   |        | mul_ln73_1130 | mul | auto   | 0       |
|      mul_16ns_9s_25_1_1_U253                                                    | 1   |        | mul_ln73_1131 | mul | auto   | 0       |
|      add_ln73_117_fu_322713_p2                                                  |     |        | add_ln73_117  | add | fabric | 0       |
|      mul_16ns_8s_24_1_1_U340                                                    | 1   |        | mul_ln73_1132 | mul | auto   | 0       |
|      sub_ln73_463_fu_322729_p2                                                  |     |        | sub_ln73_463  | sub | fabric | 0       |
|      mul_16ns_8s_24_1_1_U321                                                    | 1   |        | mul_ln73_1133 | mul | auto   | 0       |
|      mul_16ns_9s_24_1_1_U256                                                    | 1   |        | mul_ln73_1134 | mul | auto   | 0       |
|      mul_16ns_8s_24_1_1_U287                                                    | 1   |        | mul_ln73_1135 | mul | auto   | 0       |
|      mul_16ns_9s_25_1_1_U275                                                    | 1   |        | mul_ln73_1136 | mul | auto   | 0       |
|      mul_16ns_10s_24_1_1_U355                                                   | 1   |        | mul_ln73_1137 | mul | auto   | 0       |
|      sub_ln73_464_fu_322775_p2                                                  |     |        | sub_ln73_464  | sub | fabric | 0       |
|      mul_16ns_8ns_23_1_1_U308                                                   | 1   |        | mul_ln73_1138 | mul | auto   | 0       |
|      mul_16ns_9s_24_1_1_U352                                                    | 1   |        | mul_ln73_1139 | mul | auto   | 0       |
|      sub_ln73_465_fu_322806_p2                                                  |     |        | sub_ln73_465  | sub | fabric | 0       |
|      sub_ln73_466_fu_322820_p2                                                  |     |        | sub_ln73_466  | sub | fabric | 0       |
|      mul_16ns_8ns_23_1_1_U276                                                   | 1   |        | mul_ln73_1140 | mul | auto   | 0       |
|      sub_ln73_467_fu_326916_p2                                                  |     |        | sub_ln73_467  | sub | fabric | 0       |
|      mul_16ns_9s_25_1_1_U370                                                    | 1   |        | mul_ln73_1141 | mul | auto   | 0       |
|      mul_16ns_8s_24_1_1_U310                                                    | 1   |        | mul_ln73_1142 | mul | auto   | 0       |
|      mul_16ns_9s_24_1_1_U387                                                    | 1   |        | mul_ln73_1143 | mul | auto   | 0       |
|      mul_16ns_8s_24_1_1_U368                                                    | 1   |        | mul_ln73_1144 | mul | auto   | 0       |
|      add_ln73_118_fu_326947_p2                                                  |     |        | add_ln73_118  | add | fabric | 0       |
|      mul_16ns_7ns_22_1_1_U293                                                   | 1   |        | mul_ln73_1145 | mul | auto   | 0       |
|      mul_16ns_9s_24_1_1_U262                                                    | 1   |        | mul_ln73_1146 | mul | auto   | 0       |
|      mul_16ns_9s_23_1_1_U320                                                    | 1   |        | mul_ln73_1147 | mul | auto   | 0       |
|      mul_16ns_8s_23_1_1_U362                                                    | 1   |        | mul_ln73_1148 | mul | auto   | 0       |
|      sub_ln73_468_fu_326996_p2                                                  |     |        | sub_ln73_468  | sub | fabric | 0       |
|      sub_ln73_469_fu_327016_p2                                                  |     |        | sub_ln73_469  | sub | fabric | 0       |
|      sub_ln73_470_fu_322846_p2                                                  |     |        | sub_ln73_470  | sub | fabric | 0       |
|      mul_16ns_9s_23_1_1_U272                                                    | 1   |        | mul_ln73_1149 | mul | auto   | 0       |
|      sub_ln73_471_fu_322893_p2                                                  |     |        | sub_ln73_471  | sub | fabric | 0       |
|      mul_16ns_8s_24_1_1_U372                                                    | 1   |        | mul_ln73_1150 | mul | auto   | 0       |
|      mul_16ns_8s_24_1_1_U255                                                    | 1   |        | mul_ln73_1151 | mul | auto   | 0       |
|      mul_16ns_9s_24_1_1_U346                                                    | 1   |        | mul_ln73_1152 | mul | auto   | 0       |
|      mul_16ns_10s_24_1_1_U280                                                   | 1   |        | mul_ln73_1153 | mul | auto   | 0       |
|      sub_ln73_472_fu_322931_p2                                                  |     |        | sub_ln73_472  | sub | fabric | 0       |
|      add_ln73_119_fu_322969_p2                                                  |     |        | add_ln73_119  | add | fabric | 0       |
|      mul_16ns_8s_24_1_1_U252                                                    | 1   |        | mul_ln73_1154 | mul | auto   | 0       |
|      add_ln73_120_fu_322996_p2                                                  |     |        | add_ln73_120  | add | fabric | 0       |
|      mul_16ns_8s_24_1_1_U259                                                    | 1   |        | mul_ln73_1155 | mul | auto   | 0       |
|      mul_16ns_9s_24_1_1_U303                                                    | 1   |        | mul_ln73_1156 | mul | auto   | 0       |
|      mul_16ns_9s_23_1_1_U359                                                    | 1   |        | mul_ln73_1157 | mul | auto   | 0       |
|      sub_ln73_473_fu_323023_p2                                                  |     |        | sub_ln73_473  | sub | fabric | 0       |
|      sub_ln73_474_fu_323033_p2                                                  |     |        | sub_ln73_474  | sub | fabric | 0       |
|      mul_16ns_9s_24_1_1_U292                                                    | 1   |        | mul_ln73_1158 | mul | auto   | 0       |
|      sub_ln73_475_fu_323049_p2                                                  |     |        | sub_ln73_475  | sub | fabric | 0       |
|      mul_16ns_8s_22_1_1_U325                                                    | 1   |        | mul_ln73_1159 | mul | auto   | 0       |
|      sub_ln73_476_fu_323069_p2                                                  |     |        | sub_ln73_476  | sub | fabric | 0       |
|      mul_16ns_8s_24_1_1_U368                                                    | 1   |        | mul_ln73_1160 | mul | auto   | 0       |
|      mul_16ns_9s_24_1_1_U367                                                    | 1   |        | mul_ln73_1161 | mul | auto   | 0       |
|      mul_16ns_10s_25_1_1_U270                                                   | 1   |        | mul_ln73_1162 | mul | auto   | 0       |
|      sub_ln73_477_fu_323133_p2                                                  |     |        | sub_ln73_477  | sub | fabric | 0       |
|      sub_ln73_478_fu_323159_p2                                                  |     |        | sub_ln73_478  | sub | fabric | 0       |
|      mul_16ns_9s_24_1_1_U274                                                    | 1   |        | mul_ln73_1163 | mul | auto   | 0       |
|      mul_16ns_10s_25_1_1_U347                                                   | 1   |        | mul_ln73_1164 | mul | auto   | 0       |
|      mul_16ns_9s_25_1_1_U258                                                    | 1   |        | mul_ln73_1165 | mul | auto   | 0       |
|      add_ln73_121_fu_323187_p2                                                  |     |        | add_ln73_121  | add | fabric | 0       |
|      mul_16ns_8s_24_1_1_U243                                                    | 1   |        | mul_ln73_1166 | mul | auto   | 0       |
|      sub_ln73_479_fu_323215_p2                                                  |     |        | sub_ln73_479  | sub | fabric | 0       |
|      mul_16ns_10s_24_1_1_U335                                                   | 1   |        | mul_ln73_1167 | mul | auto   | 0       |
|      sub_ln73_480_fu_323231_p2                                                  |     |        | sub_ln73_480  | sub | fabric | 0       |
|      mul_16ns_9s_24_1_1_U358                                                    | 1   |        | mul_ln73_1168 | mul | auto   | 0       |
|      mul_16ns_9s_24_1_1_U339                                                    | 1   |        | mul_ln73_1169 | mul | auto   | 0       |
|      mul_16ns_9s_23_1_1_U304                                                    | 1   |        | mul_ln73_1170 | mul | auto   | 0       |
|      mul_16ns_9s_24_1_1_U380                                                    | 1   |        | mul_ln73_1171 | mul | auto   | 0       |
|      mul_16ns_9s_25_1_1_U382                                                    | 1   |        | mul_ln73_1172 | mul | auto   | 0       |
|      mul_16ns_9s_24_1_1_U352                                                    | 1   |        | mul_ln73_1173 | mul | auto   | 0       |
|      add_ln73_122_fu_323285_p2                                                  |     |        | add_ln73_122  | add | fabric | 0       |
|      mul_16ns_9s_23_1_1_U333                                                    | 1   |        | mul_ln73_1174 | mul | auto   | 0       |
|      sub_ln73_481_fu_323343_p2                                                  |     |        | sub_ln73_481  | sub | fabric | 0       |
|      sub_ln73_482_fu_323353_p2                                                  |     |        | sub_ln73_482  | sub | fabric | 0       |
|      sub_ln73_483_fu_323391_p2                                                  |     |        | sub_ln73_483  | sub | fabric | 0       |
|      mul_16ns_9s_24_1_1_U282                                                    | 1   |        | mul_ln73_1175 | mul | auto   | 0       |
|      mul_16ns_9s_23_1_1_U315                                                    | 1   |        | mul_ln73_1176 | mul | auto   | 0       |
|      mul_16ns_10s_25_1_1_U244                                                   | 1   |        | mul_ln73_1177 | mul | auto   | 0       |
|      mul_16ns_7s_23_1_1_U313                                                    | 1   |        | mul_ln73_1178 | mul | auto   | 0       |
|      mul_16ns_9s_25_1_1_U297                                                    | 1   |        | mul_ln73_1179 | mul | auto   | 0       |
|      mul_16ns_9s_24_1_1_U383                                                    | 1   |        | mul_ln73_1180 | mul | auto   | 0       |
|      mul_16ns_10s_25_1_1_U246                                                   | 1   |        | mul_ln73_1181 | mul | auto   | 0       |
|      add_ln73_123_fu_323407_p2                                                  |     |        | add_ln73_123  | add | fabric | 0       |
|      mul_16ns_8s_24_1_1_U242                                                    | 1   |        | mul_ln73_1182 | mul | auto   | 0       |
|      mul_16ns_10s_24_1_1_U334                                                   | 1   |        | mul_ln73_1183 | mul | auto   | 0       |
|      mul_16ns_9s_24_1_1_U261                                                    | 1   |        | mul_ln73_1184 | mul | auto   | 0       |
|      sub_ln73_484_fu_323437_p2                                                  |     |        | sub_ln73_484  | sub | fabric | 0       |
|      mul_16ns_10s_25_1_1_U337                                                   | 1   |        | mul_ln73_1185 | mul | auto   | 0       |
|      mul_16ns_9s_25_1_1_U324                                                    | 1   |        | mul_ln73_1186 | mul | auto   | 0       |
|      mul_16ns_9ns_24_1_1_U379                                                   | 1   |        | mul_ln73_1187 | mul | auto   | 0       |
|      mul_16ns_9s_24_1_1_U318                                                    | 1   |        | mul_ln73_1188 | mul | auto   | 0       |
|      mul_16ns_10s_24_1_1_U381                                                   | 1   |        | mul_ln73_1189 | mul | auto   | 0       |
|      mul_16ns_10s_24_1_1_U361                                                   | 1   |        | mul_ln73_1190 | mul | auto   | 0       |
|      mul_16ns_9s_23_1_1_U344                                                    | 1   |        | mul_ln73_1191 | mul | auto   | 0       |
|      mul_16ns_9s_24_1_1_U268                                                    | 1   |        | mul_ln73_1192 | mul | auto   | 0       |
|      sub_ln73_485_fu_327162_p2                                                  |     |        | sub_ln73_485  | sub | fabric | 0       |
|      mul_16ns_9s_23_1_1_U277                                                    | 1   |        | mul_ln73_1193 | mul | auto   | 0       |
|      sub_ln73_486_fu_327188_p2                                                  |     |        | sub_ln73_486  | sub | fabric | 0       |
|      mul_16ns_8ns_23_1_1_U377                                                   | 1   |        | mul_ln73_1194 | mul | auto   | 0       |
|      add_ln73_124_fu_327238_p2                                                  |     |        | add_ln73_124  | add | fabric | 0       |
|      mul_16ns_9s_23_1_1_U336                                                    | 1   |        | mul_ln73_1195 | mul | auto   | 0       |
|      mul_16ns_9s_24_1_1_U317                                                    | 1   |        | mul_ln73_1196 | mul | auto   | 0       |
|      mul_16ns_9s_25_1_1_U316                                                    | 1   |        | mul_ln73_1197 | mul | auto   | 0       |
|      mul_16ns_9s_23_1_1_U309                                                    | 1   |        | mul_ln73_1198 | mul | auto   | 0       |
|      mul_16ns_8s_24_1_1_U365                                                    | 1   |        | mul_ln73_1199 | mul | auto   | 0       |
|      add_ln73_125_fu_327274_p2                                                  |     |        | add_ln73_125  | add | fabric | 0       |
|      sub_ln73_487_fu_327301_p2                                                  |     |        | sub_ln73_487  | sub | fabric | 0       |
|      mul_16ns_10s_24_1_1_U281                                                   | 1   |        | mul_ln73_1200 | mul | auto   | 0       |
|      sub_ln73_488_fu_327339_p2                                                  |     |        | sub_ln73_488  | sub | fabric | 0       |
|      add_ln73_126_fu_327355_p2                                                  |     |        | add_ln73_126  | add | fabric | 0       |
|      mul_16ns_9s_25_1_1_U250                                                    | 1   |        | mul_ln73_1201 | mul | auto   | 0       |
|      sub_ln73_489_fu_327371_p2                                                  |     |        | sub_ln73_489  | sub | fabric | 0       |
|      mul_16ns_8s_23_1_1_U290                                                    | 1   |        | mul_ln73_1202 | mul | auto   | 0       |
|      mul_16ns_7s_23_1_1_U269                                                    | 1   |        | mul_ln73_1203 | mul | auto   | 0       |
|      mul_16ns_9s_25_1_1_U302                                                    | 1   |        | mul_ln73_1204 | mul | auto   | 0       |
|      sub_ln73_490_fu_323515_p2                                                  |     |        | sub_ln73_490  | sub | fabric | 0       |
|      sub_ln73_491_fu_323540_p2                                                  |     |        | sub_ln73_491  | sub | fabric | 0       |
|      sub_ln73_492_fu_327429_p2                                                  |     |        | sub_ln73_492  | sub | fabric | 0       |
|      mul_16ns_9s_23_1_1_U291                                                    | 1   |        | mul_ln73_1205 | mul | auto   | 0       |
|      mul_16ns_9s_24_1_1_U282                                                    | 1   |        | mul_ln73_1206 | mul | auto   | 0       |
|      sub_ln73_493_fu_323567_p2                                                  |     |        | sub_ln73_493  | sub | fabric | 0       |
|      sub_ln73_494_fu_323587_p2                                                  |     |        | sub_ln73_494  | sub | fabric | 0       |
|      sub_ln73_495_fu_323597_p2                                                  |     |        | sub_ln73_495  | sub | fabric | 0       |
|      mul_16ns_9s_24_1_1_U358                                                    | 1   |        | mul_ln73_1207 | mul | auto   | 0       |
|      sub_ln73_496_fu_327467_p2                                                  |     |        | sub_ln73_496  | sub | fabric | 0       |
|      add_ln73_127_fu_323613_p2                                                  |     |        | add_ln73_127  | add | fabric | 0       |
|      sub_ln73_497_fu_327487_p2                                                  |     |        | sub_ln73_497  | sub | fabric | 0       |
|      mul_16ns_9s_25_1_1_U258                                                    | 1   |        | mul_ln73_1208 | mul | auto   | 0       |
|      mul_16ns_8s_23_1_1_U290                                                    | 1   |        | mul_ln73_1209 | mul | auto   | 0       |
|      mul_16ns_9s_23_1_1_U309                                                    | 1   |        | mul_ln73_1210 | mul | auto   | 0       |
|      mul_16ns_10s_24_1_1_U334                                                   | 1   |        | mul_ln73_1211 | mul | auto   | 0       |
|      mul_16ns_9s_25_1_1_U319                                                    | 1   |        | mul_ln73_1212 | mul | auto   | 0       |
|      mul_16ns_9s_25_1_1_U297                                                    | 1   |        | mul_ln73_1213 | mul | auto   | 0       |
|      mul_16ns_8s_24_1_1_U259                                                    | 1   |        | mul_ln73_1214 | mul | auto   | 0       |
|      mul_16ns_10s_24_1_1_U357                                                   | 1   |        | mul_ln73_1215 | mul | auto   | 0       |
|      mul_16ns_10s_25_1_1_U373                                                   | 1   |        | mul_ln73_1216 | mul | auto   | 0       |
|      sub_ln73_498_fu_323662_p2                                                  |     |        | sub_ln73_498  | sub | fabric | 0       |
|      mul_16ns_9s_25_1_1_U275                                                    | 1   |        | mul_ln73_1217 | mul | auto   | 0       |
|      mul_16ns_8s_24_1_1_U273                                                    | 1   |        | mul_ln73_1218 | mul | auto   | 0       |
|      mul_16ns_9s_24_1_1_U374                                                    | 1   |        | mul_ln73_1219 | mul | auto   | 0       |
|      mul_16ns_9s_24_1_1_U364                                                    | 1   |        | mul_ln73_1220 | mul | auto   | 0       |
|      sub_ln73_499_fu_323689_p2                                                  |     |        | sub_ln73_499  | sub | fabric | 0       |
|      mul_16ns_8s_24_1_1_U321                                                    | 1   |        | mul_ln73_1221 | mul | auto   | 0       |
|      mul_16ns_9s_24_1_1_U375                                                    | 1   |        | mul_ln73_1222 | mul | auto   | 0       |
|      mul_16ns_8s_23_1_1_U362                                                    | 1   |        | mul_ln73_1223 | mul | auto   | 0       |
|      mul_16ns_8s_24_1_1_U310                                                    | 1   |        | mul_ln73_1224 | mul | auto   | 0       |
|      mul_16ns_9s_24_1_1_U299                                                    | 1   |        | mul_ln73_1225 | mul | auto   | 0       |
|      add_ln73_128_fu_323720_p2                                                  |     |        | add_ln73_128  | add | fabric | 0       |
|      add_ln73_129_fu_323747_p2                                                  |     |        | add_ln73_129  | add | fabric | 0       |
|      mul_16ns_10s_25_1_1_U347                                                   | 1   |        | mul_ln73_1226 | mul | auto   | 0       |
|      mul_16ns_10s_24_1_1_U254                                                   | 1   |        | mul_ln73_1227 | mul | auto   | 0       |
|      add_ln73_130_fu_327530_p2                                                  |     |        | add_ln73_130  | add | fabric | 0       |
|      mul_16ns_9s_23_1_1_U315                                                    | 1   |        | mul_ln73_1228 | mul | auto   | 0       |
|      mul_16ns_9s_24_1_1_U380                                                    | 1   |        | mul_ln73_1229 | mul | auto   | 0       |
|      mul_16ns_9s_23_1_1_U304                                                    | 1   |        | mul_ln73_1230 | mul | auto   | 0       |
|      mul_16ns_10s_24_1_1_U345                                                   | 1   |        | mul_ln73_1231 | mul | auto   | 0       |
|      mul_16ns_9s_25_1_1_U370                                                    | 1   |        | mul_ln73_1232 | mul | auto   | 0       |
|      sub_ln73_500_fu_323763_p2                                                  |     |        | sub_ln73_500  | sub | fabric | 0       |
|      mul_16ns_8s_24_1_1_U247                                                    | 1   |        | mul_ln73_1233 | mul | auto   | 0       |
|      mul_16ns_9s_24_1_1_U346                                                    | 1   |        | mul_ln73_1234 | mul | auto   | 0       |
|      mul_16ns_9s_24_1_1_U312                                                    | 1   |        | mul_ln73_1235 | mul | auto   | 0       |
|      mul_16ns_8s_23_1_1_U245                                                    | 1   |        | mul_ln73_1236 | mul | auto   | 0       |
|      sub_ln73_501_fu_327604_p2                                                  |     |        | sub_ln73_501  | sub | fabric | 0       |
|      sub_ln73_502_fu_327630_p2                                                  |     |        | sub_ln73_502  | sub | fabric | 0       |
|      sub_ln73_503_fu_327674_p2                                                  |     |        | sub_ln73_503  | sub | fabric | 0       |
|      mul_16ns_9s_23_1_1_U359                                                    | 1   |        | mul_ln73_1237 | mul | auto   | 0       |
|      sub_ln73_504_fu_327694_p2                                                  |     |        | sub_ln73_504  | sub | fabric | 0       |
|      sub_ln73_505_fu_327704_p2                                                  |     |        | sub_ln73_505  | sub | fabric | 0       |
|      mul_16ns_9s_24_1_1_U351                                                    | 1   |        | mul_ln73_1238 | mul | auto   | 0       |
|      sub_ln73_506_fu_327720_p2                                                  |     |        | sub_ln73_506  | sub | fabric | 0       |
|      mul_16ns_9s_25_1_1_U302                                                    | 1   |        | mul_ln73_1239 | mul | auto   | 0       |
|      mul_16ns_8s_23_1_1_U298                                                    | 1   |        | mul_ln73_1240 | mul | auto   | 0       |
|      mul_16ns_8s_24_1_1_U271                                                    | 1   |        | mul_ln73_1241 | mul | auto   | 0       |
|      mul_16ns_8s_24_1_1_U263                                                    | 1   |        | mul_ln73_1242 | mul | auto   | 0       |
|      mul_16ns_9s_25_1_1_U294                                                    | 1   |        | mul_ln73_1243 | mul | auto   | 0       |
|      mul_16ns_9s_25_1_1_U257                                                    | 1   |        | mul_ln73_1244 | mul | auto   | 0       |
|      mul_16ns_10s_25_1_1_U337                                                   | 1   |        | mul_ln73_1245 | mul | auto   | 0       |
|      sub_ln73_507_fu_327748_p2                                                  |     |        | sub_ln73_507  | sub | fabric | 0       |
|      mul_16ns_9s_24_1_1_U341                                                    | 1   |        | mul_ln73_1246 | mul | auto   | 0       |
|      mul_16ns_8s_24_1_1_U368                                                    | 1   |        | mul_ln73_1247 | mul | auto   | 0       |
|      sub_ln73_508_fu_327778_p2                                                  |     |        | sub_ln73_508  | sub | fabric | 0       |
|      sub_ln73_509_fu_327798_p2                                                  |     |        | sub_ln73_509  | sub | fabric | 0       |
|      mul_16ns_8s_24_1_1_U265                                                    | 1   |        | mul_ln73_1248 | mul | auto   | 0       |
|      mul_16ns_9s_24_1_1_U303                                                    | 1   |        | mul_ln73_1249 | mul | auto   | 0       |
|      sub_ln73_510_fu_327844_p2                                                  |     |        | sub_ln73_510  | sub | fabric | 0       |
|      sub_ln73_511_fu_323793_p2                                                  |     |        | sub_ln73_511  | sub | fabric | 0       |
|      mul_16ns_9s_24_1_1_U274                                                    | 1   |        | mul_ln73_1250 | mul | auto   | 0       |
|      mul_16ns_10s_24_1_1_U260                                                   | 1   |        | mul_ln73_1251 | mul | auto   | 0       |
|      mul_16ns_9s_23_1_1_U349                                                    | 1   |        | mul_ln73_1252 | mul | auto   | 0       |
|      mul_16ns_8s_24_1_1_U371                                                    | 1   |        | mul_ln73_1253 | mul | auto   | 0       |
|      mul_16ns_10s_25_1_1_U322                                                   | 1   |        | mul_ln73_1254 | mul | auto   | 0       |
|      sub_ln73_512_fu_323828_p2                                                  |     |        | sub_ln73_512  | sub | fabric | 0       |
|      sub_ln73_513_fu_327901_p2                                                  |     |        | sub_ln73_513  | sub | fabric | 0       |
|      sub_ln73_514_fu_323844_p2                                                  |     |        | sub_ln73_514  | sub | fabric | 0       |
|      mul_16ns_10s_25_1_1_U347                                                   | 1   |        | mul_ln73_1255 | mul | auto   | 0       |
|      mul_16ns_8s_24_1_1_U343                                                    | 1   |        | mul_ln73_1256 | mul | auto   | 0       |
|      mul_16ns_9s_24_1_1_U352                                                    | 1   |        | mul_ln73_1257 | mul | auto   | 0       |
|      mul_16ns_9s_25_1_1_U348                                                    | 1   |        | mul_ln73_1258 | mul | auto   | 0       |
|      sub_ln73_515_fu_318984_p2                                                  |     |        | sub_ln73_515  | sub | fabric | 0       |
|      sub_ln73_516_fu_319005_p2                                                  |     |        | sub_ln73_516  | sub | fabric | 0       |
|      mul_16ns_10s_24_1_1_U376                                                   | 1   |        | mul_ln73_1259 | mul | auto   | 0       |
|      mul_16ns_10s_24_1_1_U281                                                   | 1   |        | mul_ln73_1260 | mul | auto   | 0       |
|      mul_16ns_9s_23_1_1_U249                                                    | 1   |        | mul_ln73_1261 | mul | auto   | 0       |
|      sub_ln73_517_fu_327962_p2                                                  |     |        | sub_ln73_517  | sub | fabric | 0       |
|      mul_16ns_8ns_23_1_1_U276                                                   | 1   |        | mul_ln73_1262 | mul | auto   | 0       |
|      mul_16ns_9s_23_1_1_U336                                                    | 1   |        | mul_ln73_1263 | mul | auto   | 0       |
|      mul_16ns_9s_23_1_1_U277                                                    | 1   |        | mul_ln73_1264 | mul | auto   | 0       |
|      sub_ln73_518_fu_328010_p2                                                  |     |        | sub_ln73_518  | sub | fabric | 0       |
|      sub_ln73_519_fu_328046_p2                                                  |     |        | sub_ln73_519  | sub | fabric | 0       |
|      mul_16ns_10s_24_1_1_U289                                                   | 1   |        | mul_ln73_1265 | mul | auto   | 0       |
|      mul_16ns_9s_23_1_1_U354                                                    | 1   |        | mul_ln73_1266 | mul | auto   | 0       |
|      sub_ln73_520_fu_328088_p2                                                  |     |        | sub_ln73_520  | sub | fabric | 0       |
|      mul_16ns_9s_23_1_1_U309                                                    | 1   |        | mul_ln73_1267 | mul | auto   | 0       |
|      add_ln73_131_fu_328124_p2                                                  |     |        | add_ln73_131  | add | fabric | 0       |
|      sub_ln73_521_fu_328144_p2                                                  |     |        | sub_ln73_521  | sub | fabric | 0       |
|      add_ln73_132_fu_328160_p2                                                  |     |        | add_ln73_132  | add | fabric | 0       |
|      mul_16ns_8s_24_1_1_U366                                                    | 1   |        | mul_ln73_1268 | mul | auto   | 0       |
|      mul_16ns_9s_25_1_1_U324                                                    | 1   |        | mul_ln73_1269 | mul | auto   | 0       |
|      sub_ln73_522_fu_328176_p2                                                  |     |        | sub_ln73_522  | sub | fabric | 0       |
|      sub_ln73_523_fu_328196_p2                                                  |     |        | sub_ln73_523  | sub | fabric | 0       |
|      sub_ln73_524_fu_328212_p2                                                  |     |        | sub_ln73_524  | sub | fabric | 0       |
|      mul_16ns_9s_25_1_1_U297                                                    | 1   |        | mul_ln73_1270 | mul | auto   | 0       |
|      mul_16ns_10s_24_1_1_U342                                                   | 1   |        | mul_ln73_1271 | mul | auto   | 0       |
|      mul_16ns_9s_24_1_1_U307                                                    | 1   |        | mul_ln73_1272 | mul | auto   | 0       |
|      sub_ln73_525_fu_328285_p2                                                  |     |        | sub_ln73_525  | sub | fabric | 0       |
|      mul_16ns_8ns_23_1_1_U248                                                   | 1   |        | mul_ln73_1273 | mul | auto   | 0       |
|      mul_16ns_10s_24_1_1_U300                                                   | 1   |        | mul_ln73_1274 | mul | auto   | 0       |
|      mul_16ns_10s_24_1_1_U381                                                   | 1   |        | mul_ln73_1275 | mul | auto   | 0       |
|      sub_ln73_526_fu_333199_p2                                                  |     |        | sub_ln73_526  | sub | fabric | 0       |
|      mul_16ns_9s_25_1_1_U382                                                    | 1   |        | mul_ln73_1276 | mul | auto   | 0       |
|      sub_ln73_527_fu_328301_p2                                                  |     |        | sub_ln73_527  | sub | fabric | 0       |
|      mul_16ns_9s_24_1_1_U339                                                    | 1   |        | mul_ln73_1277 | mul | auto   | 0       |
|      mul_16ns_10s_25_1_1_U356                                                   | 1   |        | mul_ln73_1278 | mul | auto   | 0       |
|      add_ln73_133_fu_333245_p2                                                  |     |        | add_ln73_133  | add | fabric | 0       |
|      mul_16ns_8s_24_1_1_U340                                                    | 1   |        | mul_ln73_1279 | mul | auto   | 0       |
|      mul_16ns_9s_23_1_1_U326                                                    | 1   |        | mul_ln73_1280 | mul | auto   | 0       |
|      mul_16ns_8s_24_1_1_U252                                                    | 1   |        | mul_ln73_1281 | mul | auto   | 0       |
|      mul_16ns_9s_25_1_1_U363                                                    | 1   |        | mul_ln73_1282 | mul | auto   | 0       |
|      mul_16ns_7s_23_1_1_U313                                                    | 1   |        | mul_ln73_1283 | mul | auto   | 0       |
|      sub_ln73_528_fu_328341_p2                                                  |     |        | sub_ln73_528  | sub | fabric | 0       |
|      sub_ln73_529_fu_333290_p2                                                  |     |        | sub_ln73_529  | sub | fabric | 0       |
|      mul_16ns_9s_24_1_1_U367                                                    | 1   |        | mul_ln73_1284 | mul | auto   | 0       |
|      mul_16ns_10s_24_1_1_U385                                                   | 1   |        | mul_ln73_1285 | mul | auto   | 0       |
|      sub_ln73_530_fu_333320_p2                                                  |     |        | sub_ln73_530  | sub | fabric | 0       |
|      add_ln73_134_fu_333336_p2                                                  |     |        | add_ln73_134  | add | fabric | 0       |
|      sub_ln73_531_fu_328428_p2                                                  |     |        | sub_ln73_531  | sub | fabric | 0       |
|      sub_ln73_532_fu_328448_p2                                                  |     |        | sub_ln73_532  | sub | fabric | 0       |
|      sub_ln73_533_fu_328458_p2                                                  |     |        | sub_ln73_533  | sub | fabric | 0       |
|      mul_16ns_9s_25_1_1_U285                                                    | 1   |        | mul_ln73_1286 | mul | auto   | 0       |
|      sub_ln73_534_fu_328486_p2                                                  |     |        | sub_ln73_534  | sub | fabric | 0       |
|      mul_16ns_9s_25_1_1_U348                                                    | 1   |        | mul_ln73_1287 | mul | auto   | 0       |
|      mul_16ns_9s_25_1_1_U267                                                    | 1   |        | mul_ln73_1288 | mul | auto   | 0       |
|      mul_16ns_10s_24_1_1_U264                                                   | 1   |        | mul_ln73_1289 | mul | auto   | 0       |
|      mul_16ns_9s_23_1_1_U328                                                    | 1   |        | mul_ln73_1290 | mul | auto   | 0       |
|      mul_16ns_8s_24_1_1_U353                                                    | 1   |        | mul_ln73_1291 | mul | auto   | 0       |
|      mul_16ns_8s_24_1_1_U360                                                    | 1   |        | mul_ln73_1292 | mul | auto   | 0       |
|      mul_16ns_8ns_23_1_1_U308                                                   | 1   |        | mul_ln73_1293 | mul | auto   | 0       |
|      sub_ln73_535_fu_328538_p2                                                  |     |        | sub_ln73_535  | sub | fabric | 0       |
|      sub_ln73_536_fu_328558_p2                                                  |     |        | sub_ln73_536  | sub | fabric | 0       |
|      mul_16ns_9s_24_1_1_U317                                                    | 1   |        | mul_ln73_1294 | mul | auto   | 0       |
|      mul_16ns_9s_23_1_1_U333                                                    | 1   |        | mul_ln73_1295 | mul | auto   | 0       |
|      mul_16ns_9s_23_1_1_U291                                                    | 1   |        | mul_ln73_1296 | mul | auto   | 0       |
|      mul_16ns_8s_23_1_1_U311                                                    | 1   |        | mul_ln73_1297 | mul | auto   | 0       |
|      mul_16ns_8s_24_1_1_U296                                                    | 1   |        | mul_ln73_1298 | mul | auto   | 0       |
|      mul_16ns_9s_24_1_1_U284                                                    | 1   |        | mul_ln73_1299 | mul | auto   | 0       |
|      sub_ln73_537_fu_328641_p2                                                  |     |        | sub_ln73_537  | sub | fabric | 0       |
|      sub_ln73_538_fu_328677_p2                                                  |     |        | sub_ln73_538  | sub | fabric | 0       |
|      mul_16ns_9s_24_1_1_U331                                                    | 1   |        | mul_ln73_1300 | mul | auto   | 0       |
|      mul_16ns_8s_24_1_1_U287                                                    | 1   |        | mul_ln73_1301 | mul | auto   | 0       |
|      sub_ln73_539_fu_328709_p2                                                  |     |        | sub_ln73_539  | sub | fabric | 0       |
|      mul_16ns_9s_24_1_1_U256                                                    | 1   |        | mul_ln73_1302 | mul | auto   | 0       |
|      mul_16ns_9s_24_1_1_U292                                                    | 1   |        | mul_ln73_1303 | mul | auto   | 0       |
|      mul_16ns_8s_24_1_1_U314                                                    | 1   |        | mul_ln73_1304 | mul | auto   | 0       |
|      mul_16ns_9s_24_1_1_U384                                                    | 1   |        | mul_ln73_1305 | mul | auto   | 0       |
|      mul_16ns_9s_24_1_1_U369                                                    | 1   |        | mul_ln73_1306 | mul | auto   | 0       |
|      sub_ln73_540_fu_328733_p2                                                  |     |        | sub_ln73_540  | sub | fabric | 0       |
|      add_ln73_135_fu_328777_p2                                                  |     |        | add_ln73_135  | add | fabric | 0       |
|      sub_ln73_541_fu_328797_p2                                                  |     |        | sub_ln73_541  | sub | fabric | 0       |
|      mul_16ns_10s_24_1_1_U338                                                   | 1   |        | mul_ln73_1307 | mul | auto   | 0       |
|      add_ln73_136_fu_328829_p2                                                  |     |        | add_ln73_136  | add | fabric | 0       |
|      mul_16ns_8ns_23_1_1_U377                                                   | 1   |        | mul_ln73_1308 | mul | auto   | 0       |
|      mul_16ns_9s_23_1_1_U272                                                    | 1   |        | mul_ln73_1309 | mul | auto   | 0       |
|      mul_16ns_9s_24_1_1_U268                                                    | 1   |        | mul_ln73_1310 | mul | auto   | 0       |
|      mul_16ns_9s_24_1_1_U262                                                    | 1   |        | mul_ln73_1311 | mul | auto   | 0       |
|      sub_ln73_542_fu_328885_p2                                                  |     |        | sub_ln73_542  | sub | fabric | 0       |
|      sub_ln73_543_fu_328910_p2                                                  |     |        | sub_ln73_543  | sub | fabric | 0       |
|      mul_16ns_9s_23_1_1_U279                                                    | 1   |        | mul_ln73_1312 | mul | auto   | 0       |
|      add_ln73_137_fu_328937_p2                                                  |     |        | add_ln73_137  | add | fabric | 0       |
|      mul_16ns_9s_25_1_1_U378                                                    | 1   |        | mul_ln73_1313 | mul | auto   | 0       |
|      sub_ln73_544_fu_328964_p2                                                  |     |        | sub_ln73_544  | sub | fabric | 0       |
|      sub_ln73_545_fu_328980_p2                                                  |     |        | sub_ln73_545  | sub | fabric | 0       |
|      sub_ln73_546_fu_329000_p2                                                  |     |        | sub_ln73_546  | sub | fabric | 0       |
|      sub_ln73_547_fu_329035_p2                                                  |     |        | sub_ln73_547  | sub | fabric | 0       |
|      sub_ln73_548_fu_329051_p2                                                  |     |        | sub_ln73_548  | sub | fabric | 0       |
|      mul_16ns_10s_24_1_1_U335                                                   | 1   |        | mul_ln73_1314 | mul | auto   | 0       |
|      mul_16ns_9s_24_1_1_U387                                                    | 1   |        | mul_ln73_1315 | mul | auto   | 0       |
|      sub_ln73_549_fu_329067_p2                                                  |     |        | sub_ln73_549  | sub | fabric | 0       |
|      mul_16ns_9s_23_1_1_U305                                                    | 1   |        | mul_ln73_1316 | mul | auto   | 0       |
|      mul_16ns_9s_25_1_1_U295                                                    | 1   |        | mul_ln73_1317 | mul | auto   | 0       |
|      mul_16ns_9s_25_1_1_U253                                                    | 1   |        | mul_ln73_1318 | mul | auto   | 0       |
|      mul_16ns_9s_24_1_1_U251                                                    | 1   |        | mul_ln73_1319 | mul | auto   | 0       |
|      sub_ln73_550_fu_329100_p2                                                  |     |        | sub_ln73_550  | sub | fabric | 0       |
|      sub_ln73_551_fu_329110_p2                                                  |     |        | sub_ln73_551  | sub | fabric | 0       |
|      mul_16ns_8s_24_1_1_U365                                                    | 1   |        | mul_ln73_1320 | mul | auto   | 0       |
|      mul_16ns_8s_24_1_1_U255                                                    | 1   |        | mul_ln73_1321 | mul | auto   | 0       |
|      sub_ln73_552_fu_323887_p2                                                  |     |        | sub_ln73_552  | sub | fabric | 0       |
|      sub_ln73_553_fu_323913_p2                                                  |     |        | sub_ln73_553  | sub | fabric | 0       |
|      mul_16ns_9s_23_1_1_U320                                                    | 1   |        | mul_ln73_1322 | mul | auto   | 0       |
|      mul_16ns_9s_23_1_1_U350                                                    | 1   |        | mul_ln73_1323 | mul | auto   | 0       |
|      mul_16ns_9s_25_1_1_U316                                                    | 1   |        | mul_ln73_1324 | mul | auto   | 0       |
|      mul_16ns_10s_24_1_1_U327                                                   | 1   |        | mul_ln73_1325 | mul | auto   | 0       |
|      mul_16ns_7s_23_1_1_U269                                                    | 1   |        | mul_ln73_1326 | mul | auto   | 0       |
|      sub_ln73_554_fu_329161_p2                                                  |     |        | sub_ln73_554  | sub | fabric | 0       |
|      mul_16ns_8s_24_1_1_U372                                                    | 1   |        | mul_ln73_1327 | mul | auto   | 0       |
|      sub_ln73_555_fu_329188_p2                                                  |     |        | sub_ln73_555  | sub | fabric | 0       |
|      mul_16ns_8s_22_1_1_U325                                                    | 1   |        | mul_ln73_1328 | mul | auto   | 0       |
|      mul_16ns_9s_24_1_1_U383                                                    | 1   |        | mul_ln73_1329 | mul | auto   | 0       |
|      mul_16ns_9s_25_1_1_U306                                                    | 1   |        | mul_ln73_1330 | mul | auto   | 0       |
|      sub_ln73_556_fu_323941_p2                                                  |     |        | sub_ln73_556  | sub | fabric | 0       |
|      sub_ln73_557_fu_323951_p2                                                  |     |        | sub_ln73_557  | sub | fabric | 0       |
|      add_ln73_138_fu_329210_p2                                                  |     |        | add_ln73_138  | add | fabric | 0       |
|      sub_ln73_558_fu_323967_p2                                                  |     |        | sub_ln73_558  | sub | fabric | 0       |
|      mul_16ns_9s_23_1_1_U344                                                    | 1   |        | mul_ln73_1331 | mul | auto   | 0       |
|      sub_ln73_559_fu_329226_p2                                                  |     |        | sub_ln73_559  | sub | fabric | 0       |
|      mul_16ns_9s_25_1_1_U283                                                    | 1   |        | mul_ln73_1332 | mul | auto   | 0       |
|      add_ln73_139_fu_329292_p2                                                  |     |        | add_ln73_139  | add | fabric | 0       |
|      mul_16ns_10s_25_1_1_U246                                                   | 1   |        | mul_ln73_1333 | mul | auto   | 0       |
|      mul_16ns_9s_24_1_1_U323                                                    | 1   |        | mul_ln73_1334 | mul | auto   | 0       |
|      mul_16ns_7s_23_1_1_U288                                                    | 1   |        | mul_ln73_1335 | mul | auto   | 0       |
|      mul_16ns_9s_25_1_1_U332                                                    | 1   |        | mul_ln73_1336 | mul | auto   | 0       |
|      add_ln73_140_fu_329319_p2                                                  |     |        | add_ln73_140  | add | fabric | 0       |
|      mul_16ns_10s_24_1_1_U280                                                   | 1   |        | mul_ln73_1337 | mul | auto   | 0       |
|      sub_ln73_560_fu_329346_p2                                                  |     |        | sub_ln73_560  | sub | fabric | 0       |
|      sub_ln73_561_fu_329366_p2                                                  |     |        | sub_ln73_561  | sub | fabric | 0       |
|      mul_16ns_10s_24_1_1_U361                                                   | 1   |        | mul_ln73_1338 | mul | auto   | 0       |
|      mul_16ns_10s_25_1_1_U270                                                   | 1   |        | mul_ln73_1339 | mul | auto   | 0       |
|      mul_16ns_9s_24_1_1_U251                                                    | 1   |        | mul_ln73_1340 | mul | auto   | 0       |
|      mul_16ns_9ns_24_1_1_U286                                                   | 1   |        | mul_ln73_1341 | mul | auto   | 0       |
|      mul_16ns_9s_23_1_1_U278                                                    | 1   |        | mul_ln73_1342 | mul | auto   | 0       |
|      mul_16ns_9s_25_1_1_U329                                                    | 1   |        | mul_ln73_1343 | mul | auto   | 0       |
|      mul_16ns_9s_24_1_1_U331                                                    | 1   |        | mul_ln73_1344 | mul | auto   | 0       |
|      mul_16ns_8s_24_1_1_U243                                                    | 1   |        | mul_ln73_1345 | mul | auto   | 0       |
|      mul_16ns_10s_25_1_1_U244                                                   | 1   |        | mul_ln73_1346 | mul | auto   | 0       |
|      mul_16ns_9s_25_1_1_U301                                                    | 1   |        | mul_ln73_1347 | mul | auto   | 0       |
|      mul_16ns_10s_25_1_1_U266                                                   | 1   |        | mul_ln73_1348 | mul | auto   | 0       |
|      mul_16ns_9s_24_1_1_U330                                                    | 1   |        | mul_ln73_1349 | mul | auto   | 0       |
|      sub_ln73_562_fu_329406_p2                                                  |     |        | sub_ln73_562  | sub | fabric | 0       |
|      sub_ln73_563_fu_329427_p2                                                  |     |        | sub_ln73_563  | sub | fabric | 0       |
|      mul_16ns_9s_24_1_1_U261                                                    | 1   |        | mul_ln73_1350 | mul | auto   | 0       |
|      mul_16ns_8s_24_1_1_U242                                                    | 1   |        | mul_ln73_1351 | mul | auto   | 0       |
|      mul_16ns_9ns_24_1_1_U379                                                   | 1   |        | mul_ln73_1352 | mul | auto   | 0       |
|      sub_ln73_564_fu_329483_p2                                                  |     |        | sub_ln73_564  | sub | fabric | 0       |
|      sub_ln73_565_fu_329511_p2                                                  |     |        | sub_ln73_565  | sub | fabric | 0       |
|      mul_16ns_10s_25_1_1_U386                                                   | 1   |        | mul_ln73_1353 | mul | auto   | 0       |
|      mul_16ns_9s_25_1_1_U295                                                    | 1   |        | mul_ln73_1354 | mul | auto   | 0       |
|      mul_16ns_7ns_22_1_1_U293                                                   | 1   |        | mul_ln73_1355 | mul | auto   | 0       |
|      mul_16ns_10s_24_1_1_U355                                                   | 1   |        | mul_ln73_1356 | mul | auto   | 0       |
|      mul_16ns_9s_25_1_1_U250                                                    | 1   |        | mul_ln73_1357 | mul | auto   | 0       |
|      mul_16ns_9s_24_1_1_U318                                                    | 1   |        | mul_ln73_1358 | mul | auto   | 0       |
|      add_ln73_141_fu_333537_p2                                                  |     |        | add_ln73_141  | add | fabric | 0       |
|      mul_16ns_10s_24_1_1_U355                                                   | 1   |        | mul_ln73_1359 | mul | auto   | 0       |
|      mul_16ns_8ns_23_1_1_U308                                                   | 1   |        | mul_ln73_1360 | mul | auto   | 0       |
|      mul_16ns_9s_25_1_1_U275                                                    | 1   |        | mul_ln73_1361 | mul | auto   | 0       |
|      mul_16ns_8s_24_1_1_U255                                                    | 1   |        | mul_ln73_1362 | mul | auto   | 0       |
|      mul_16ns_10s_25_1_1_U337                                                   | 1   |        | mul_ln73_1363 | mul | auto   | 0       |
|      mul_16ns_9s_23_1_1_U349                                                    | 1   |        | mul_ln73_1364 | mul | auto   | 0       |
|      mul_16ns_10s_25_1_1_U373                                                   | 1   |        | mul_ln73_1365 | mul | auto   | 0       |
|      add_ln73_142_fu_333567_p2                                                  |     |        | add_ln73_142  | add | fabric | 0       |
|      add_ln73_143_fu_329551_p2                                                  |     |        | add_ln73_143  | add | fabric | 0       |
|      sub_ln73_566_fu_333616_p2                                                  |     |        | sub_ln73_566  | sub | fabric | 0       |
|      sub_ln73_567_fu_333626_p2                                                  |     |        | sub_ln73_567  | sub | fabric | 0       |
|      add_ln73_144_fu_329599_p2                                                  |     |        | add_ln73_144  | add | fabric | 0       |
|      mul_16ns_9s_24_1_1_U383                                                    | 1   |        | mul_ln73_1366 | mul | auto   | 0       |
|      mul_16ns_8s_24_1_1_U296                                                    | 1   |        | mul_ln73_1367 | mul | auto   | 0       |
|      mul_16ns_9s_25_1_1_U294                                                    | 1   |        | mul_ln73_1368 | mul | auto   | 0       |
|      mul_16ns_9ns_24_1_1_U379                                                   | 1   |        | mul_ln73_1369 | mul | auto   | 0       |
|      sub_ln73_568_fu_329631_p2                                                  |     |        | sub_ln73_568  | sub | fabric | 0       |
|      mul_16ns_9s_24_1_1_U374                                                    | 1   |        | mul_ln73_1370 | mul | auto   | 0       |
|      mul_16ns_9s_24_1_1_U303                                                    | 1   |        | mul_ln73_1371 | mul | auto   | 0       |
|      mul_16ns_10s_24_1_1_U327                                                   | 1   |        | mul_ln73_1372 | mul | auto   | 0       |
|      mul_16ns_8s_24_1_1_U310                                                    | 1   |        | mul_ln73_1373 | mul | auto   | 0       |
|      sub_ln73_569_fu_329647_p2                                                  |     |        | sub_ln73_569  | sub | fabric | 0       |
|      mul_16ns_7s_23_1_1_U313                                                    | 1   |        | mul_ln73_1374 | mul | auto   | 0       |
|      mul_16ns_10s_24_1_1_U260                                                   | 1   |        | mul_ln73_1375 | mul | auto   | 0       |
|      add_ln73_145_fu_333655_p2                                                  |     |        | add_ln73_145  | add | fabric | 0       |
|      sub_ln73_570_fu_329667_p2                                                  |     |        | sub_ln73_570  | sub | fabric | 0       |
|      mul_16ns_9s_23_1_1_U336                                                    | 1   |        | mul_ln73_1376 | mul | auto   | 0       |
|      add_ln73_146_fu_329687_p2                                                  |     |        | add_ln73_146  | add | fabric | 0       |
|      add_ln73_147_fu_333702_p2                                                  |     |        | add_ln73_147  | add | fabric | 0       |
|      mul_16ns_9s_24_1_1_U317                                                    | 1   |        | mul_ln73_1377 | mul | auto   | 0       |
|      mul_16ns_10s_24_1_1_U300                                                   | 1   |        | mul_ln73_1378 | mul | auto   | 0       |
|      mul_16ns_10s_24_1_1_U342                                                   | 1   |        | mul_ln73_1379 | mul | auto   | 0       |
|      mul_16ns_10s_24_1_1_U281                                                   | 1   |        | mul_ln73_1380 | mul | auto   | 0       |
|      mul_16ns_9s_25_1_1_U348                                                    | 1   |        | mul_ln73_1381 | mul | auto   | 0       |
|      add_ln73_148_fu_333717_p2                                                  |     |        | add_ln73_148  | add | fabric | 0       |
|      mul_16ns_9s_25_1_1_U363                                                    | 1   |        | mul_ln73_1382 | mul | auto   | 0       |
|      mul_16ns_10s_24_1_1_U264                                                   | 1   |        | mul_ln73_1383 | mul | auto   | 0       |
|      sub_ln73_571_fu_329733_p2                                                  |     |        | sub_ln73_571  | sub | fabric | 0       |
|      mul_16ns_9s_24_1_1_U256                                                    | 1   |        | mul_ln73_1384 | mul | auto   | 0       |
|      sub_ln73_572_fu_333731_p2                                                  |     |        | sub_ln73_572  | sub | fabric | 0       |
|      sub_ln73_573_fu_333740_p2                                                  |     |        | sub_ln73_573  | sub | fabric | 0       |
|      mul_16ns_8s_23_1_1_U311                                                    | 1   |        | mul_ln73_1385 | mul | auto   | 0       |
|      mul_16ns_8s_24_1_1_U271                                                    | 1   |        | mul_ln73_1386 | mul | auto   | 0       |
|      sub_ln73_574_fu_329763_p2                                                  |     |        | sub_ln73_574  | sub | fabric | 0       |
|      mul_16ns_9s_25_1_1_U332                                                    | 1   |        | mul_ln73_1387 | mul | auto   | 0       |
|      mul_16ns_8s_23_1_1_U362                                                    | 1   |        | mul_ln73_1388 | mul | auto   | 0       |
|      sub_ln73_575_fu_333767_p2                                                  |     |        | sub_ln73_575  | sub | fabric | 0       |
|      mul_16ns_9s_24_1_1_U330                                                    | 1   |        | mul_ln73_1389 | mul | auto   | 0       |
|      mul_16ns_9s_24_1_1_U346                                                    | 1   |        | mul_ln73_1390 | mul | auto   | 0       |
|      sub_ln73_576_fu_329799_p2                                                  |     |        | sub_ln73_576  | sub | fabric | 0       |
|      sub_ln73_577_fu_329843_p2                                                  |     |        | sub_ln73_577  | sub | fabric | 0       |
|      add_ln73_149_fu_329899_p2                                                  |     |        | add_ln73_149  | add | fabric | 0       |
|      sub_ln73_578_fu_329919_p2                                                  |     |        | sub_ln73_578  | sub | fabric | 0       |
|      mul_16ns_9s_24_1_1_U284                                                    | 1   |        | mul_ln73_1391 | mul | auto   | 0       |
|      sub_ln73_579_fu_329951_p2                                                  |     |        | sub_ln73_579  | sub | fabric | 0       |
|      mul_16ns_8ns_23_1_1_U377                                                   | 1   |        | mul_ln73_1392 | mul | auto   | 0       |
|      add_ln73_150_fu_329971_p2                                                  |     |        | add_ln73_150  | add | fabric | 0       |
|      mul_16ns_9s_25_1_1_U302                                                    | 1   |        | mul_ln73_1393 | mul | auto   | 0       |
|      sub_ln73_580_fu_330003_p2                                                  |     |        | sub_ln73_580  | sub | fabric | 0       |
|      mul_16ns_8s_23_1_1_U290                                                    | 1   |        | mul_ln73_1394 | mul | auto   | 0       |
|      mul_16ns_9s_24_1_1_U341                                                    | 1   |        | mul_ln73_1395 | mul | auto   | 0       |
|      sub_ln73_581_fu_330023_p2                                                  |     |        | sub_ln73_581  | sub | fabric | 0       |
|      mul_16ns_8s_24_1_1_U366                                                    | 1   |        | mul_ln73_1396 | mul | auto   | 0       |
|      mul_16ns_10s_25_1_1_U246                                                   | 1   |        | mul_ln73_1397 | mul | auto   | 0       |
|      sub_ln73_582_fu_333818_p2                                                  |     |        | sub_ln73_582  | sub | fabric | 0       |
|      mul_16ns_8s_24_1_1_U365                                                    | 1   |        | mul_ln73_1398 | mul | auto   | 0       |
|      mul_16ns_9s_24_1_1_U352                                                    | 1   |        | mul_ln73_1399 | mul | auto   | 0       |
|      mul_16ns_10s_24_1_1_U335                                                   | 1   |        | mul_ln73_1400 | mul | auto   | 0       |
|      add_ln73_151_fu_333873_p2                                                  |     |        | add_ln73_151  | add | fabric | 0       |
|      sub_ln73_583_fu_333889_p2                                                  |     |        | sub_ln73_583  | sub | fabric | 0       |
|      sub_ln73_584_fu_333914_p2                                                  |     |        | sub_ln73_584  | sub | fabric | 0       |
|      mul_16ns_10s_25_1_1_U244                                                   | 1   |        | mul_ln73_1401 | mul | auto   | 0       |
|      mul_16ns_9s_23_1_1_U277                                                    | 1   |        | mul_ln73_1402 | mul | auto   | 0       |
|      mul_16ns_9ns_24_1_1_U286                                                   | 1   |        | mul_ln73_1403 | mul | auto   | 0       |
|      sub_ln73_585_fu_333952_p2                                                  |     |        | sub_ln73_585  | sub | fabric | 0       |
|      add_ln73_152_fu_333968_p2                                                  |     |        | add_ln73_152  | add | fabric | 0       |
|      mul_16ns_9s_23_1_1_U320                                                    | 1   |        | mul_ln73_1404 | mul | auto   | 0       |
|      mul_16ns_10s_24_1_1_U338                                                   | 1   |        | mul_ln73_1405 | mul | auto   | 0       |
|      mul_16ns_10s_25_1_1_U386                                                   | 1   |        | mul_ln73_1406 | mul | auto   | 0       |
|      mul_16ns_9s_23_1_1_U279                                                    | 1   |        | mul_ln73_1407 | mul | auto   | 0       |
|      mul_16ns_9s_25_1_1_U316                                                    | 1   |        | mul_ln73_1408 | mul | auto   | 0       |
|      mul_16ns_8s_24_1_1_U273                                                    | 1   |        | mul_ln73_1409 | mul | auto   | 0       |
|      sub_ln73_586_fu_333995_p2                                                  |     |        | sub_ln73_586  | sub | fabric | 0       |
|      mul_16ns_9s_24_1_1_U274                                                    | 1   |        | mul_ln73_1410 | mul | auto   | 0       |
|      mul_16ns_8s_24_1_1_U340                                                    | 1   |        | mul_ln73_1411 | mul | auto   | 0       |
|      mul_16ns_9s_23_1_1_U304                                                    | 1   |        | mul_ln73_1412 | mul | auto   | 0       |
|      sub_ln73_587_fu_334019_p2                                                  |     |        | sub_ln73_587  | sub | fabric | 0       |
|      sub_ln73_588_fu_330072_p2                                                  |     |        | sub_ln73_588  | sub | fabric | 0       |
|      sub_ln73_589_fu_330099_p2                                                  |     |        | sub_ln73_589  | sub | fabric | 0       |
|      add_ln73_153_fu_334058_p2                                                  |     |        | add_ln73_153  | add | fabric | 0       |
|      mul_16ns_8ns_23_1_1_U276                                                   | 1   |        | mul_ln73_1413 | mul | auto   | 0       |
|      mul_16ns_9s_24_1_1_U261                                                    | 1   |        | mul_ln73_1414 | mul | auto   | 0       |
|      mul_16ns_9s_24_1_1_U375                                                    | 1   |        | mul_ln73_1415 | mul | auto   | 0       |
|      mul_16ns_8s_24_1_1_U371                                                    | 1   |        | mul_ln73_1416 | mul | auto   | 0       |
|      mul_16ns_9s_25_1_1_U267                                                    | 1   |        | mul_ln73_1417 | mul | auto   | 0       |
|      mul_16ns_9s_25_1_1_U324                                                    | 1   |        | mul_ln73_1418 | mul | auto   | 0       |
|      sub_ln73_590_fu_330129_p2                                                  |     |        | sub_ln73_590  | sub | fabric | 0       |
|      mul_16ns_9s_25_1_1_U257                                                    | 1   |        | mul_ln73_1419 | mul | auto   | 0       |
|      sub_ln73_591_fu_319035_p2                                                  |     |        | sub_ln73_591  | sub | fabric | 0       |
|      mul_16ns_10s_24_1_1_U357                                                   | 1   |        | mul_ln73_1420 | mul | auto   | 0       |
|      mul_16ns_9s_25_1_1_U295                                                    | 1   |        | mul_ln73_1421 | mul | auto   | 0       |
|      mul_16ns_9s_23_1_1_U272                                                    | 1   |        | mul_ln73_1422 | mul | auto   | 0       |
|      mul_16ns_9s_23_1_1_U309                                                    | 1   |        | mul_ln73_1423 | mul | auto   | 0       |
|      sub_ln73_592_fu_330160_p2                                                  |     |        | sub_ln73_592  | sub | fabric | 0       |
|      mul_16ns_8s_24_1_1_U368                                                    | 1   |        | mul_ln73_1424 | mul | auto   | 0       |
|      mul_16ns_10s_24_1_1_U335                                                   | 1   |        | mul_ln73_1425 | mul | auto   | 0       |
|      add_ln73_154_fu_330176_p2                                                  |     |        | add_ln73_154  | add | fabric | 0       |
|      mul_16ns_8s_24_1_1_U273                                                    | 1   |        | mul_ln73_1426 | mul | auto   | 0       |
|      sub_ln73_593_fu_334097_p2                                                  |     |        | sub_ln73_593  | sub | fabric | 0       |
|      mul_16ns_9s_23_1_1_U328                                                    | 1   |        | mul_ln73_1427 | mul | auto   | 0       |
|      mul_16ns_9s_23_1_1_U291                                                    | 1   |        | mul_ln73_1428 | mul | auto   | 0       |
|      mul_16ns_9s_24_1_1_U387                                                    | 1   |        | mul_ln73_1429 | mul | auto   | 0       |
|      mul_16ns_7ns_22_1_1_U293                                                   | 1   |        | mul_ln73_1430 | mul | auto   | 0       |
|      mul_16ns_9s_24_1_1_U331                                                    | 1   |        | mul_ln73_1431 | mul | auto   | 0       |
|      mul_16ns_10s_25_1_1_U322                                                   | 1   |        | mul_ln73_1432 | mul | auto   | 0       |
|      sub_ln73_594_fu_330237_p2                                                  |     |        | sub_ln73_594  | sub | fabric | 0       |
|      mul_16ns_9s_23_1_1_U350                                                    | 1   |        | mul_ln73_1433 | mul | auto   | 0       |
|      sub_ln73_595_fu_330269_p2                                                  |     |        | sub_ln73_595  | sub | fabric | 0       |
|      mul_16ns_7s_23_1_1_U269                                                    | 1   |        | mul_ln73_1434 | mul | auto   | 0       |
|      mul_16ns_10s_24_1_1_U334                                                   | 1   |        | mul_ln73_1435 | mul | auto   | 0       |
|      mul_16ns_9s_24_1_1_U358                                                    | 1   |        | mul_ln73_1436 | mul | auto   | 0       |
|      mul_16ns_9s_23_1_1_U333                                                    | 1   |        | mul_ln73_1437 | mul | auto   | 0       |
|      mul_16ns_10s_24_1_1_U376                                                   | 1   |        | mul_ln73_1438 | mul | auto   | 0       |
|      mul_16ns_9s_24_1_1_U282                                                    | 1   |        | mul_ln73_1439 | mul | auto   | 0       |
|      add_ln73_155_fu_334151_p2                                                  |     |        | add_ln73_155  | add | fabric | 0       |
|      mul_16ns_9s_25_1_1_U319                                                    | 1   |        | mul_ln73_1440 | mul | auto   | 0       |
|      add_ln73_156_fu_330289_p2                                                  |     |        | add_ln73_156  | add | fabric | 0       |
|      add_ln73_157_fu_330317_p2                                                  |     |        | add_ln73_157  | add | fabric | 0       |
|      add_ln73_158_fu_334167_p2                                                  |     |        | add_ln73_158  | add | fabric | 0       |
|      sub_ln73_596_fu_330333_p2                                                  |     |        | sub_ln73_596  | sub | fabric | 0       |
|      mul_16ns_9s_24_1_1_U312                                                    | 1   |        | mul_ln73_1441 | mul | auto   | 0       |
|      mul_16ns_10s_25_1_1_U270                                                   | 1   |        | mul_ln73_1442 | mul | auto   | 0       |
|      mul_16ns_8s_24_1_1_U265                                                    | 1   |        | mul_ln73_1443 | mul | auto   | 0       |
|      mul_16ns_9s_25_1_1_U382                                                    | 1   |        | mul_ln73_1444 | mul | auto   | 0       |
|      sub_ln73_597_fu_324009_p2                                                  |     |        | sub_ln73_597  | sub | fabric | 0       |
|      sub_ln73_598_fu_334233_p2                                                  |     |        | sub_ln73_598  | sub | fabric | 0       |
|      mul_16ns_8s_23_1_1_U245                                                    | 1   |        | mul_ln73_1445 | mul | auto   | 0       |
|      sub_ln73_599_fu_324029_p2                                                  |     |        | sub_ln73_599  | sub | fabric | 0       |
|      mul_16ns_9s_25_1_1_U258                                                    | 1   |        | mul_ln73_1446 | mul | auto   | 0       |
|      mul_16ns_9s_24_1_1_U292                                                    | 1   |        | mul_ln73_1447 | mul | auto   | 0       |
|      mul_16ns_10s_25_1_1_U266                                                   | 1   |        | mul_ln73_1448 | mul | auto   | 0       |
|      add_ln73_159_fu_334260_p2                                                  |     |        | add_ln73_159  | add | fabric | 0       |
|      mul_16ns_10s_24_1_1_U376                                                   | 1   |        | mul_ln73_1449 | mul | auto   | 0       |
|      mul_16ns_8s_24_1_1_U259                                                    | 1   |        | mul_ln73_1450 | mul | auto   | 0       |
|      mul_16ns_8s_24_1_1_U243                                                    | 1   |        | mul_ln73_1451 | mul | auto   | 0       |
|      mul_16ns_8s_24_1_1_U247                                                    | 1   |        | mul_ln73_1452 | mul | auto   | 0       |
|      mul_16ns_9s_25_1_1_U285                                                    | 1   |        | mul_ln73_1453 | mul | auto   | 0       |
|      mul_16ns_9s_24_1_1_U351                                                    | 1   |        | mul_ln73_1454 | mul | auto   | 0       |
|      mul_16ns_8s_24_1_1_U314                                                    | 1   |        | mul_ln73_1455 | mul | auto   | 0       |
|      mul_16ns_9s_23_1_1_U315                                                    | 1   |        | mul_ln73_1456 | mul | auto   | 0       |
|      mul_16ns_10s_24_1_1_U280                                                   | 1   |        | mul_ln73_1457 | mul | auto   | 0       |
|      sub_ln73_600_fu_324075_p2                                                  |     |        | sub_ln73_600  | sub | fabric | 0       |
|      sub_ln73_601_fu_324091_p2                                                  |     |        | sub_ln73_601  | sub | fabric | 0       |
|      mul_16ns_10s_24_1_1_U345                                                   | 1   |        | mul_ln73_1458 | mul | auto   | 0       |
|      sub_ln73_602_fu_324126_p2                                                  |     |        | sub_ln73_602  | sub | fabric | 0       |
|      sub_ln73_603_fu_324151_p2                                                  |     |        | sub_ln73_603  | sub | fabric | 0       |
|      mul_16ns_8s_24_1_1_U343                                                    | 1   |        | mul_ln73_1459 | mul | auto   | 0       |
|      mul_16ns_10s_24_1_1_U385                                                   | 1   |        | mul_ln73_1460 | mul | auto   | 0       |
|      sub_ln73_604_fu_324178_p2                                                  |     |        | sub_ln73_604  | sub | fabric | 0       |
|      mul_16ns_9s_24_1_1_U262                                                    | 1   |        | mul_ln73_1461 | mul | auto   | 0       |
|      mul_16ns_9s_24_1_1_U318                                                    | 1   |        | mul_ln73_1462 | mul | auto   | 0       |
|      mul_16ns_8ns_23_1_1_U248                                                   | 1   |        | mul_ln73_1463 | mul | auto   | 0       |
|      sub_ln73_605_fu_324209_p2                                                  |     |        | sub_ln73_605  | sub | fabric | 0       |
|      sub_ln73_606_fu_324225_p2                                                  |     |        | sub_ln73_606  | sub | fabric | 0       |
|      sub_ln73_607_fu_324245_p2                                                  |     |        | sub_ln73_607  | sub | fabric | 0       |
|      mul_16ns_9s_23_1_1_U354                                                    | 1   |        | mul_ln73_1464 | mul | auto   | 0       |
|      mul_16ns_8s_22_1_1_U325                                                    | 1   |        | mul_ln73_1465 | mul | auto   | 0       |
|      add_ln73_160_fu_324261_p2                                                  |     |        | add_ln73_160  | add | fabric | 0       |
|      mul_16ns_8s_24_1_1_U252                                                    | 1   |        | mul_ln73_1466 | mul | auto   | 0       |
|      sub_ln73_608_fu_324276_p2                                                  |     |        | sub_ln73_608  | sub | fabric | 0       |
|      mul_16ns_9s_25_1_1_U253                                                    | 1   |        | mul_ln73_1467 | mul | auto   | 0       |
|      sub_ln73_609_fu_324296_p2                                                  |     |        | sub_ln73_609  | sub | fabric | 0       |
|      mul_16ns_9s_24_1_1_U299                                                    | 1   |        | mul_ln73_1468 | mul | auto   | 0       |
|      sub_ln73_610_fu_330398_p2                                                  |     |        | sub_ln73_610  | sub | fabric | 0       |
|      sub_ln73_611_fu_330430_p2                                                  |     |        | sub_ln73_611  | sub | fabric | 0       |
|      sub_ln73_612_fu_330490_p2                                                  |     |        | sub_ln73_612  | sub | fabric | 0       |
|      sub_ln73_613_fu_330522_p2                                                  |     |        | sub_ln73_613  | sub | fabric | 0       |
|      sub_ln73_614_fu_330532_p2                                                  |     |        | sub_ln73_614  | sub | fabric | 0       |
|      mul_16ns_8s_24_1_1_U360                                                    | 1   |        | mul_ln73_1469 | mul | auto   | 0       |
|      mul_16ns_8s_22_1_1_U325                                                    | 1   |        | mul_ln73_1470 | mul | auto   | 0       |
|      mul_16ns_9s_23_1_1_U359                                                    | 1   |        | mul_ln73_1471 | mul | auto   | 0       |
|      mul_16ns_9s_24_1_1_U323                                                    | 1   |        | mul_ln73_1472 | mul | auto   | 0       |
|      mul_16ns_9s_24_1_1_U367                                                    | 1   |        | mul_ln73_1473 | mul | auto   | 0       |
|      mul_16ns_9s_24_1_1_U339                                                    | 1   |        | mul_ln73_1474 | mul | auto   | 0       |
|      mul_16ns_9s_25_1_1_U378                                                    | 1   |        | mul_ln73_1475 | mul | auto   | 0       |
|      mul_16ns_9s_25_1_1_U306                                                    | 1   |        | mul_ln73_1476 | mul | auto   | 0       |
|      sub_ln73_615_fu_330548_p2                                                  |     |        | sub_ln73_615  | sub | fabric | 0       |
|      sub_ln73_616_fu_330570_p2                                                  |     |        | sub_ln73_616  | sub | fabric | 0       |
|      add_ln73_161_fu_330586_p2                                                  |     |        | add_ln73_161  | add | fabric | 0       |
|      mul_16ns_8s_24_1_1_U372                                                    | 1   |        | mul_ln73_1477 | mul | auto   | 0       |
|      mul_16ns_9s_23_1_1_U326                                                    | 1   |        | mul_ln73_1478 | mul | auto   | 0       |
|      mul_16ns_8s_24_1_1_U263                                                    | 1   |        | mul_ln73_1479 | mul | auto   | 0       |
|      mul_16ns_9s_24_1_1_U307                                                    | 1   |        | mul_ln73_1480 | mul | auto   | 0       |
|      mul_16ns_9s_25_1_1_U283                                                    | 1   |        | mul_ln73_1481 | mul | auto   | 0       |
|      sub_ln73_617_fu_330602_p2                                                  |     |        | sub_ln73_617  | sub | fabric | 0       |
|      sub_ln73_618_fu_330618_p2                                                  |     |        | sub_ln73_618  | sub | fabric | 0       |
|      mul_16ns_8s_24_1_1_U321                                                    | 1   |        | mul_ln73_1482 | mul | auto   | 0       |
|      mul_16ns_9s_24_1_1_U268                                                    | 1   |        | mul_ln73_1483 | mul | auto   | 0       |
|      sub_ln73_619_fu_330656_p2                                                  |     |        | sub_ln73_619  | sub | fabric | 0       |
|      sub_ln73_620_fu_330677_p2                                                  |     |        | sub_ln73_620  | sub | fabric | 0       |
|      mul_16ns_9s_23_1_1_U249                                                    | 1   |        | mul_ln73_1484 | mul | auto   | 0       |
|      mul_16ns_8s_24_1_1_U353                                                    | 1   |        | mul_ln73_1485 | mul | auto   | 0       |
|      mul_16ns_10s_25_1_1_U347                                                   | 1   |        | mul_ln73_1486 | mul | auto   | 0       |
|      add_ln73_162_fu_330704_p2                                                  |     |        | add_ln73_162  | add | fabric | 0       |
|      mul_16ns_10s_24_1_1_U381                                                   | 1   |        | mul_ln73_1487 | mul | auto   | 0       |
|      sub_ln73_621_fu_330720_p2                                                  |     |        | sub_ln73_621  | sub | fabric | 0       |
|      sub_ln73_622_fu_330762_p2                                                  |     |        | sub_ln73_622  | sub | fabric | 0       |
|      mul_16ns_9s_25_1_1_U301                                                    | 1   |        | mul_ln73_1488 | mul | auto   | 0       |
|      mul_16ns_9s_24_1_1_U323                                                    | 1   |        | mul_ln73_1489 | mul | auto   | 0       |
|      mul_16ns_9s_24_1_1_U251                                                    | 1   |        | mul_ln73_1490 | mul | auto   | 0       |
|      mul_16ns_8s_24_1_1_U242                                                    | 1   |        | mul_ln73_1491 | mul | auto   | 0       |
|      mul_16ns_9s_25_1_1_U370                                                    | 1   |        | mul_ln73_1492 | mul | auto   | 0       |
|      mul_16ns_9s_24_1_1_U369                                                    | 1   |        | mul_ln73_1493 | mul | auto   | 0       |
|      mul_16ns_10s_24_1_1_U361                                                   | 1   |        | mul_ln73_1494 | mul | auto   | 0       |
|      mul_16ns_9s_23_1_1_U278                                                    | 1   |        | mul_ln73_1495 | mul | auto   | 0       |
|      sub_ln73_623_fu_330796_p2                                                  |     |        | sub_ln73_623  | sub | fabric | 0       |
|      sub_ln73_624_fu_330806_p2                                                  |     |        | sub_ln73_624  | sub | fabric | 0       |
|      mul_16ns_10s_24_1_1_U289                                                   | 1   |        | mul_ln73_1496 | mul | auto   | 0       |
|      sub_ln73_625_fu_330846_p2                                                  |     |        | sub_ln73_625  | sub | fabric | 0       |
|      sub_ln73_626_fu_330856_p2                                                  |     |        | sub_ln73_626  | sub | fabric | 0       |
|      mul_16ns_9s_25_1_1_U297                                                    | 1   |        | mul_ln73_1497 | mul | auto   | 0       |
|      mul_16ns_7s_23_1_1_U288                                                    | 1   |        | mul_ln73_1498 | mul | auto   | 0       |
|      mul_16ns_9s_23_1_1_U344                                                    | 1   |        | mul_ln73_1499 | mul | auto   | 0       |
|      mul_16ns_10s_25_1_1_U356                                                   | 1   |        | mul_ln73_1500 | mul | auto   | 0       |
|      mul_16ns_9s_24_1_1_U384                                                    | 1   |        | mul_ln73_1501 | mul | auto   | 0       |
|      mul_16ns_9s_25_1_1_U329                                                    | 1   |        | mul_ln73_1502 | mul | auto   | 0       |
|      sub_ln73_627_fu_334435_p2                                                  |     |        | sub_ln73_627  | sub | fabric | 0       |
|      add_ln73_163_fu_334462_p2                                                  |     |        | add_ln73_163  | add | fabric | 0       |
|      mul_16ns_9s_24_1_1_U375                                                    | 1   |        | mul_ln73_1503 | mul | auto   | 0       |
|      mul_16ns_8s_23_1_1_U298                                                    | 1   |        | mul_ln73_1504 | mul | auto   | 0       |
|      mul_16ns_8s_24_1_1_U287                                                    | 1   |        | mul_ln73_1505 | mul | auto   | 0       |
|      sub_ln73_628_fu_330884_p2                                                  |     |        | sub_ln73_628  | sub | fabric | 0       |
|      add_ln73_164_fu_330904_p2                                                  |     |        | add_ln73_164  | add | fabric | 0       |
|      mul_16ns_9s_24_1_1_U364                                                    | 1   |        | mul_ln73_1506 | mul | auto   | 0       |
|      mul_16ns_9s_25_1_1_U250                                                    | 1   |        | mul_ln73_1507 | mul | auto   | 0       |
|      mul_16ns_10s_24_1_1_U254                                                   | 1   |        | mul_ln73_1508 | mul | auto   | 0       |
|      sub_ln73_629_fu_319077_p2                                                  |     |        | sub_ln73_629  | sub | fabric | 0       |
|      mul_16ns_9s_25_1_1_U324                                                    | 1   |        | mul_ln73_1509 | mul | auto   | 0       |
|      mul_16ns_9s_23_1_1_U305                                                    | 1   |        | mul_ln73_1510 | mul | auto   | 0       |
|      mul_16ns_9s_24_1_1_U380                                                    | 1   |        | mul_ln73_1511 | mul | auto   | 0       |
|      add_ln73_165_fu_319119_p2                                                  |     |        | add_ln73_165  | add | fabric | 0       |
|      sub_ln73_630_fu_319143_p2                                                  |     |        | sub_ln73_630  | sub | fabric | 0       |
|      mul_16ns_8s_24_1_1_U353                                                    | 1   |        | mul_ln73_1512 | mul | auto   | 0       |
|      sub_ln73_631_fu_319158_p2                                                  |     |        | sub_ln73_631  | sub | fabric | 0       |
|      sub_ln73_632_fu_319183_p2                                                  |     |        | sub_ln73_632  | sub | fabric | 0       |
|      mul_16ns_8s_24_1_1_U310                                                    | 1   |        | mul_ln73_1513 | mul | auto   | 0       |
|      mul_16ns_10s_24_1_1_U361                                                   | 1   |        | mul_ln73_1514 | mul | auto   | 0       |
|      mul_16ns_9ns_24_1_1_U379                                                   | 1   |        | mul_ln73_1515 | mul | auto   | 0       |
|      mul_16ns_7s_23_1_1_U288                                                    | 1   |        | mul_ln73_1516 | mul | auto   | 0       |
|      sub_ln73_633_fu_319199_p2                                                  |     |        | sub_ln73_633  | sub | fabric | 0       |
|      sub_ln73_634_fu_319220_p2                                                  |     |        | sub_ln73_634  | sub | fabric | 0       |
|      sub_ln73_635_fu_319236_p2                                                  |     |        | sub_ln73_635  | sub | fabric | 0       |
|      mul_16ns_9s_24_1_1_U284                                                    | 1   |        | mul_ln73_1517 | mul | auto   | 0       |
|      mul_16ns_8s_24_1_1_U314                                                    | 1   |        | mul_ln73_1518 | mul | auto   | 0       |
|      mul_16ns_9s_25_1_1_U319                                                    | 1   |        | mul_ln73_1519 | mul | auto   | 0       |
|      mul_16ns_9s_23_1_1_U344                                                    | 1   |        | mul_ln73_1520 | mul | auto   | 0       |
|      mul_16ns_9s_24_1_1_U317                                                    | 1   |        | mul_ln73_1521 | mul | auto   | 0       |
|      sub_ln73_636_fu_319256_p2                                                  |     |        | sub_ln73_636  | sub | fabric | 0       |
|      mul_16ns_10s_24_1_1_U289                                                   | 1   |        | mul_ln73_1522 | mul | auto   | 0       |
|      mul_16ns_9s_24_1_1_U351                                                    | 1   |        | mul_ln73_1523 | mul | auto   | 0       |
|      add_ln58_fu_307905_p2                                                      |     |        | add_ln58      | add | fabric | 0       |
|      add_ln58_161_fu_314062_p2                                                  |     |        | add_ln58_161  | add | fabric | 0       |
|      add_ln58_164_fu_298805_p2                                                  |     |        | add_ln58_164  | add | fabric | 0       |
|      add_ln58_165_fu_298814_p2                                                  |     |        | add_ln58_165  | add | fabric | 0       |
|      add_ln58_166_fu_303378_p2                                                  |     |        | add_ln58_166  | add | fabric | 0       |
|      add_ln58_171_fu_303403_p2                                                  |     |        | add_ln58_171  | add | fabric | 0       |
|      add_ln58_178_fu_314080_p2                                                  |     |        | add_ln58_178  | add | fabric | 0       |
|      add_ln58_185_fu_319308_p2                                                  |     |        | add_ln58_185  | add | fabric | 0       |
|      add_ln58_186_fu_319316_p2                                                  |     |        | add_ln58_186  | add | fabric | 0       |
|      add_ln58_187_fu_324328_p2                                                  |     |        | add_ln58_187  | add | fabric | 0       |
|      add_ln58_188_fu_324338_p2                                                  |     |        | add_ln58_188  | add | fabric | 0       |
|      add_ln58_189_fu_330936_p2                                                  |     |        | add_ln58_189  | add | fabric | 0       |
|      add_ln58_192_fu_330954_p2                                                  |     |        | add_ln58_192  | add | fabric | 0       |
|      add_ln58_193_fu_334491_p2                                                  |     |        | add_ln58_193  | add | fabric | 0       |
|      add_ln58_194_fu_334501_p2                                                  |     |        | add_ln58_194  | add | fabric | 0       |
|      add_ln58_201_fu_314086_p2                                                  |     |        | add_ln58_201  | add | fabric | 0       |
|      add_ln58_214_fu_337503_p2                                                  |     |        | add_ln58_214  | add | fabric | 0       |
|      add_ln58_216_fu_303433_p2                                                  |     |        | add_ln58_216  | add | fabric | 0       |
|      add_ln58_217_fu_307914_p2                                                  |     |        | add_ln58_217  | add | fabric | 0       |
|      add_ln58_220_fu_314092_p2                                                  |     |        | add_ln58_220  | add | fabric | 0       |
|      add_ln58_221_fu_319325_p2                                                  |     |        | add_ln58_221  | add | fabric | 0       |
|      add_ln58_222_fu_319331_p2                                                  |     |        | add_ln58_222  | add | fabric | 0       |
|      add_ln58_223_fu_319341_p2                                                  |     |        | add_ln58_223  | add | fabric | 0       |
|      add_ln58_225_fu_324356_p2                                                  |     |        | add_ln58_225  | add | fabric | 0       |
|      add_ln58_227_fu_324372_p2                                                  |     |        | add_ln58_227  | add | fabric | 0       |
|      add_ln58_228_fu_324382_p2                                                  |     |        | add_ln58_228  | add | fabric | 0       |
|      add_ln58_232_fu_334519_p2                                                  |     |        | add_ln58_232  | add | fabric | 0       |
|      add_ln58_234_fu_324394_p2                                                  |     |        | add_ln58_234  | add | fabric | 0       |
|      add_ln58_235_fu_337538_p2                                                  |     |        | add_ln58_235  | add | fabric | 0       |
|      add_ln58_237_fu_298832_p2                                                  |     |        | add_ln58_237  | add | fabric | 0       |
|      add_ln58_238_fu_303442_p2                                                  |     |        | add_ln58_238  | add | fabric | 0       |
|      add_ln58_239_fu_303448_p2                                                  |     |        | add_ln58_239  | add | fabric | 0       |
|      add_ln58_240_fu_307926_p2                                                  |     |        | add_ln58_240  | add | fabric | 0       |
|      add_ln58_241_fu_307936_p2                                                  |     |        | add_ln58_241  | add | fabric | 0       |
|      add_ln58_243_fu_334525_p2                                                  |     |        | add_ln58_243  | add | fabric | 0       |
|      add_ln58_244_fu_334535_p2                                                  |     |        | add_ln58_244  | add | fabric | 0       |
|      add_ln58_245_fu_307942_p2                                                  |     |        | add_ln58_245  | add | fabric | 0       |
|      add_ln58_246_fu_307952_p2                                                  |     |        | add_ln58_246  | add | fabric | 0       |
|      add_ln58_248_fu_324400_p2                                                  |     |        | add_ln58_248  | add | fabric | 0       |
|      add_ln58_249_fu_330984_p2                                                  |     |        | add_ln58_249  | add | fabric | 0       |
|      add_ln58_250_fu_330990_p2                                                  |     |        | add_ln58_250  | add | fabric | 0       |
|      add_ln58_251_fu_334560_p2                                                  |     |        | add_ln58_251  | add | fabric | 0       |
|      add_ln58_252_fu_334570_p2                                                  |     |        | add_ln58_252  | add | fabric | 0       |
|      add_ln58_257_fu_296687_p2                                                  |     |        | add_ln58_257  | add | fabric | 0       |
|      add_ln58_258_fu_303454_p2                                                  |     |        | add_ln58_258  | add | fabric | 0       |
|      add_ln58_259_fu_303464_p2                                                  |     |        | add_ln58_259  | add | fabric | 0       |
|      add_ln58_260_fu_307964_p2                                                  |     |        | add_ln58_260  | add | fabric | 0       |
|      add_ln58_261_fu_303470_p2                                                  |     |        | add_ln58_261  | add | fabric | 0       |
|      add_ln58_262_fu_303480_p2                                                  |     |        | add_ln58_262  | add | fabric | 0       |
|      add_ln58_263_fu_307970_p2                                                  |     |        | add_ln58_263  | add | fabric | 0       |
|      add_ln58_267_fu_307976_p2                                                  |     |        | add_ln58_267  | add | fabric | 0       |
|      add_ln58_271_fu_314110_p2                                                  |     |        | add_ln58_271  | add | fabric | 0       |
|      add_ln58_272_fu_314120_p2                                                  |     |        | add_ln58_272  | add | fabric | 0       |
|      add_ln58_273_fu_319358_p2                                                  |     |        | add_ln58_273  | add | fabric | 0       |
|      add_ln58_282_fu_330996_p2                                                  |     |        | add_ln58_282  | add | fabric | 0       |
|      add_ln58_284_fu_331002_p2                                                  |     |        | add_ln58_284  | add | fabric | 0       |
|      add_ln58_285_fu_331012_p2                                                  |     |        | add_ln58_285  | add | fabric | 0       |
|      add_ln58_288_fu_334586_p2                                                  |     |        | add_ln58_288  | add | fabric | 0       |
|      add_ln58_289_fu_334596_p2                                                  |     |        | add_ln58_289  | add | fabric | 0       |
|      add_ln58_295_fu_298838_p2                                                  |     |        | add_ln58_295  | add | fabric | 0       |
|      add_ln58_301_fu_303486_p2                                                  |     |        | add_ln58_301  | add | fabric | 0       |
|      add_ln58_305_fu_319382_p2                                                  |     |        | add_ln58_305  | add | fabric | 0       |
|      add_ln58_316_fu_296693_p2                                                  |     |        | add_ln58_316  | add | fabric | 0       |
|      add_ln58_318_fu_307982_p2                                                  |     |        | add_ln58_318  | add | fabric | 0       |
|      add_ln58_319_fu_314150_p2                                                  |     |        | add_ln58_319  | add | fabric | 0       |
|      add_ln58_323_fu_331030_p2                                                  |     |        | add_ln58_323  | add | fabric | 0       |
|      add_ln58_324_fu_334617_p2                                                  |     |        | add_ln58_324  | add | fabric | 0       |
|      add_ln58_327_fu_337627_p2                                                  |     |        | add_ln58_327  | add | fabric | 0       |
|      add_ln58_329_fu_314162_p2                                                  |     |        | add_ln58_329  | add | fabric | 0       |
|      add_ln58_330_fu_314172_p2                                                  |     |        | add_ln58_330  | add | fabric | 0       |
|      add_ln58_333_fu_324451_p2                                                  |     |        | add_ln58_333  | add | fabric | 0       |
|      add_ln58_334_fu_324461_p2                                                  |     |        | add_ln58_334  | add | fabric | 0       |
|      add_ln58_335_fu_331036_p2                                                  |     |        | add_ln58_335  | add | fabric | 0       |
|      add_ln58_336_fu_334645_p2                                                  |     |        | add_ln58_336  | add | fabric | 0       |
|      add_ln58_338_fu_307988_p2                                                  |     |        | add_ln58_338  | add | fabric | 0       |
|      add_ln58_339_fu_319391_p2                                                  |     |        | add_ln58_339  | add | fabric | 0       |
|      add_ln58_340_fu_331042_p2                                                  |     |        | add_ln58_340  | add | fabric | 0       |
|      add_ln58_341_fu_334667_p2                                                  |     |        | add_ln58_341  | add | fabric | 0       |
|      add_ln58_342_fu_334677_p2                                                  |     |        | add_ln58_342  | add | fabric | 0       |
|      add_ln58_347_fu_298844_p2                                                  |     |        | add_ln58_347  | add | fabric | 0       |
|      add_ln58_348_fu_298854_p2                                                  |     |        | add_ln58_348  | add | fabric | 0       |
|      add_ln58_349_fu_303492_p2                                                  |     |        | add_ln58_349  | add | fabric | 0       |
|      add_ln58_352_fu_303498_p2                                                  |     |        | add_ln58_352  | add | fabric | 0       |
|      add_ln58_354_fu_303504_p2                                                  |     |        | add_ln58_354  | add | fabric | 0       |
|      add_ln58_355_fu_307997_p2                                                  |     |        | add_ln58_355  | add | fabric | 0       |
|      add_ln58_363_fu_324467_p2                                                  |     |        | add_ln58_363  | add | fabric | 0       |
|      add_ln58_365_fu_324478_p2                                                  |     |        | add_ln58_365  | add | fabric | 0       |
|      add_ln58_366_fu_324488_p2                                                  |     |        | add_ln58_366  | add | fabric | 0       |
|      add_ln58_370_fu_331065_p2                                                  |     |        | add_ln58_370  | add | fabric | 0       |
|      add_ln58_372_fu_331071_p2                                                  |     |        | add_ln58_372  | add | fabric | 0       |
|      add_ln58_373_fu_331081_p2                                                  |     |        | add_ln58_373  | add | fabric | 0       |
|      add_ln58_375_fu_334710_p2                                                  |     |        | add_ln58_375  | add | fabric | 0       |
|      add_ln58_376_fu_334720_p2                                                  |     |        | add_ln58_376  | add | fabric | 0       |
|      add_ln58_379_fu_337668_p2                                                  |     |        | add_ln58_379  | add | fabric | 0       |
|      add_ln58_386_fu_308003_p2                                                  |     |        | add_ln58_386  | add | fabric | 0       |
|      add_ln58_399_fu_334738_p2                                                  |     |        | add_ln58_399  | add | fabric | 0       |
|      add_ln58_405_fu_298860_p2                                                  |     |        | add_ln58_405  | add | fabric | 0       |
|      add_ln58_406_fu_314193_p2                                                  |     |        | add_ln58_406  | add | fabric | 0       |
|      add_ln58_407_fu_303522_p2                                                  |     |        | add_ln58_407  | add | fabric | 0       |
|      add_ln58_408_fu_303532_p2                                                  |     |        | add_ln58_408  | add | fabric | 0       |
|      add_ln58_410_fu_308009_p2                                                  |     |        | add_ln58_410  | add | fabric | 0       |
|      add_ln58_412_fu_314208_p2                                                  |     |        | add_ln58_412  | add | fabric | 0       |
|      add_ln58_413_fu_314218_p2                                                  |     |        | add_ln58_413  | add | fabric | 0       |
|      add_ln58_417_fu_319441_p2                                                  |     |        | add_ln58_417  | add | fabric | 0       |
|      add_ln58_419_fu_331098_p2                                                  |     |        | add_ln58_419  | add | fabric | 0       |
|      add_ln58_420_fu_334756_p2                                                  |     |        | add_ln58_420  | add | fabric | 0       |
|      add_ln58_422_fu_298866_p2                                                  |     |        | add_ln58_422  | add | fabric | 0       |
|      add_ln58_423_fu_303541_p2                                                  |     |        | add_ln58_423  | add | fabric | 0       |
|      add_ln58_424_fu_319447_p2                                                  |     |        | add_ln58_424  | add | fabric | 0       |
|      add_ln58_425_fu_324522_p2                                                  |     |        | add_ln58_425  | add | fabric | 0       |
|      add_ln58_426_fu_324532_p2                                                  |     |        | add_ln58_426  | add | fabric | 0       |
|      add_ln58_428_fu_331104_p2                                                  |     |        | add_ln58_428  | add | fabric | 0       |
|      add_ln58_429_fu_331114_p2                                                  |     |        | add_ln58_429  | add | fabric | 0       |
|      add_ln58_430_fu_334771_p2                                                  |     |        | add_ln58_430  | add | fabric | 0       |
|      add_ln58_431_fu_334781_p2                                                  |     |        | add_ln58_431  | add | fabric | 0       |
|      add_ln58_433_fu_303547_p2                                                  |     |        | add_ln58_433  | add | fabric | 0       |
|      add_ln58_434_fu_308018_p2                                                  |     |        | add_ln58_434  | add | fabric | 0       |
|      add_ln58_435_fu_296699_p2                                                  |     |        | add_ln58_435  | add | fabric | 0       |
|      add_ln58_436_fu_319456_p2                                                  |     |        | add_ln58_436  | add | fabric | 0       |
|      add_ln58_437_fu_324544_p2                                                  |     |        | add_ln58_437  | add | fabric | 0       |
|      add_ln58_444_fu_303553_p2                                                  |     |        | add_ln58_444  | add | fabric | 0       |
|      add_ln58_445_fu_303563_p2                                                  |     |        | add_ln58_445  | add | fabric | 0       |
|      add_ln58_446_fu_308030_p2                                                  |     |        | add_ln58_446  | add | fabric | 0       |
|      add_ln58_447_fu_303569_p2                                                  |     |        | add_ln58_447  | add | fabric | 0       |
|      add_ln58_453_fu_308048_p2                                                  |     |        | add_ln58_453  | add | fabric | 0       |
|      add_ln58_454_fu_308058_p2                                                  |     |        | add_ln58_454  | add | fabric | 0       |
|      add_ln58_462_fu_319485_p2                                                  |     |        | add_ln58_462  | add | fabric | 0       |
|      add_ln58_467_fu_324550_p2                                                  |     |        | add_ln58_467  | add | fabric | 0       |
|      add_ln58_470_fu_324556_p2                                                  |     |        | add_ln58_470  | add | fabric | 0       |
|      add_ln58_472_fu_331120_p2                                                  |     |        | add_ln58_472  | add | fabric | 0       |
|      add_ln58_473_fu_331130_p2                                                  |     |        | add_ln58_473  | add | fabric | 0       |
|      add_ln58_476_fu_334806_p2                                                  |     |        | add_ln58_476  | add | fabric | 0       |
|      add_ln58_477_fu_334816_p2                                                  |     |        | add_ln58_477  | add | fabric | 0       |
|      add_ln58_478_fu_334822_p2                                                  |     |        | add_ln58_478  | add | fabric | 0       |
|      add_ln58_479_fu_334832_p2                                                  |     |        | add_ln58_479  | add | fabric | 0       |
|      add_ln58_483_fu_337773_p2                                                  |     |        | add_ln58_483  | add | fabric | 0       |
|      add_ln58_484_fu_296705_p2                                                  |     |        | add_ln58_484  | add | fabric | 0       |
|      add_ln58_495_fu_308080_p2                                                  |     |        | add_ln58_495  | add | fabric | 0       |
|      add_ln58_506_fu_334842_p2                                                  |     |        | add_ln58_506  | add | fabric | 0       |
|      add_ln58_508_fu_308116_p2                                                  |     |        | add_ln58_508  | add | fabric | 0       |
|      add_ln58_509_fu_308126_p2                                                  |     |        | add_ln58_509  | add | fabric | 0       |
|      add_ln58_513_fu_331148_p2                                                  |     |        | add_ln58_513  | add | fabric | 0       |
|      add_ln58_515_fu_331164_p2                                                  |     |        | add_ln58_515  | add | fabric | 0       |
|      add_ln58_516_fu_331174_p2                                                  |     |        | add_ln58_516  | add | fabric | 0       |
|      add_ln58_518_fu_337796_p2                                                  |     |        | add_ln58_518  | add | fabric | 0       |
|      add_ln58_520_fu_314242_p2                                                  |     |        | add_ln58_520  | add | fabric | 0       |
|      add_ln58_521_fu_319524_p2                                                  |     |        | add_ln58_521  | add | fabric | 0       |
|      add_ln58_524_fu_319530_p2                                                  |     |        | add_ln58_524  | add | fabric | 0       |
|      add_ln58_525_fu_324565_p2                                                  |     |        | add_ln58_525  | add | fabric | 0       |
|      add_ln58_526_fu_334868_p2                                                  |     |        | add_ln58_526  | add | fabric | 0       |
|      add_ln58_527_fu_334878_p2                                                  |     |        | add_ln58_527  | add | fabric | 0       |
|      add_ln58_529_fu_324571_p2                                                  |     |        | add_ln58_529  | add | fabric | 0       |
|      add_ln58_530_fu_331189_p2                                                  |     |        | add_ln58_530  | add | fabric | 0       |
|      add_ln58_531_fu_331195_p2                                                  |     |        | add_ln58_531  | add | fabric | 0       |
|      add_ln58_532_fu_331201_p2                                                  |     |        | add_ln58_532  | add | fabric | 0       |
|      add_ln58_533_fu_334903_p2                                                  |     |        | add_ln58_533  | add | fabric | 0       |
|      add_ln58_534_fu_334913_p2                                                  |     |        | add_ln58_534  | add | fabric | 0       |
|      add_ln58_539_fu_296711_p2                                                  |     |        | add_ln58_539  | add | fabric | 0       |
|      add_ln58_546_fu_303587_p2                                                  |     |        | add_ln58_546  | add | fabric | 0       |
|      add_ln58_547_fu_308138_p2                                                  |     |        | add_ln58_547  | add | fabric | 0       |
|      add_ln58_548_fu_308148_p2                                                  |     |        | add_ln58_548  | add | fabric | 0       |
|      add_ln58_557_fu_319547_p2                                                  |     |        | add_ln58_557  | add | fabric | 0       |
|      add_ln58_564_fu_324580_p2                                                  |     |        | add_ln58_564  | add | fabric | 0       |
|      add_ln58_567_fu_324598_p2                                                  |     |        | add_ln58_567  | add | fabric | 0       |
|      add_ln58_568_fu_324608_p2                                                  |     |        | add_ln58_568  | add | fabric | 0       |
|      add_ln58_571_fu_331226_p2                                                  |     |        | add_ln58_571  | add | fabric | 0       |
|      add_ln58_578_fu_337842_p2                                                  |     |        | add_ln58_578  | add | fabric | 0       |
|      add_ln58_579_fu_337852_p2                                                  |     |        | add_ln58_579  | add | fabric | 0       |
|      add_ln58_580_fu_337862_p2                                                  |     |        | add_ln58_580  | add | fabric | 0       |
|      add_ln58_581_fu_296717_p2                                                  |     |        | add_ln58_581  | add | fabric | 0       |
|      add_ln58_592_fu_324618_p2                                                  |     |        | add_ln58_592  | add | fabric | 0       |
|      add_ln58_600_fu_308178_p2                                                  |     |        | add_ln58_600  | add | fabric | 0       |
|      add_ln58_601_fu_308188_p2                                                  |     |        | add_ln58_601  | add | fabric | 0       |
|      add_ln58_603_fu_314260_p2                                                  |     |        | add_ln58_603  | add | fabric | 0       |
|      add_ln58_605_fu_314266_p2                                                  |     |        | add_ln58_605  | add | fabric | 0       |
|      add_ln58_606_fu_319595_p2                                                  |     |        | add_ln58_606  | add | fabric | 0       |
|      add_ln58_607_fu_319605_p2                                                  |     |        | add_ln58_607  | add | fabric | 0       |
|      add_ln58_611_fu_319617_p2                                                  |     |        | add_ln58_611  | add | fabric | 0       |
|      add_ln58_613_fu_331253_p2                                                  |     |        | add_ln58_613  | add | fabric | 0       |
|      add_ln58_614_fu_331263_p2                                                  |     |        | add_ln58_614  | add | fabric | 0       |
|      add_ln58_616_fu_334929_p2                                                  |     |        | add_ln58_616  | add | fabric | 0       |
|      add_ln58_618_fu_331275_p2                                                  |     |        | add_ln58_618  | add | fabric | 0       |
|      add_ln58_619_fu_334948_p2                                                  |     |        | add_ln58_619  | add | fabric | 0       |
|      add_ln58_622_fu_303617_p2                                                  |     |        | add_ln58_622  | add | fabric | 0       |
|      add_ln58_623_fu_319626_p2                                                  |     |        | add_ln58_623  | add | fabric | 0       |
|      add_ln58_624_fu_314272_p2                                                  |     |        | add_ln58_624  | add | fabric | 0       |
|      add_ln58_625_fu_314282_p2                                                  |     |        | add_ln58_625  | add | fabric | 0       |
|      add_ln58_627_fu_331281_p2                                                  |     |        | add_ln58_627  | add | fabric | 0       |
|      add_ln58_628_fu_331291_p2                                                  |     |        | add_ln58_628  | add | fabric | 0       |
|      add_ln58_629_fu_331297_p2                                                  |     |        | add_ln58_629  | add | fabric | 0       |
|      add_ln58_630_fu_324654_p2                                                  |     |        | add_ln58_630  | add | fabric | 0       |
|      add_ln58_631_fu_331310_p2                                                  |     |        | add_ln58_631  | add | fabric | 0       |
|      add_ln58_632_fu_334983_p2                                                  |     |        | add_ln58_632  | add | fabric | 0       |
|      add_ln58_637_fu_298920_p2                                                  |     |        | add_ln58_637  | add | fabric | 0       |
|      add_ln58_640_fu_303629_p2                                                  |     |        | add_ln58_640  | add | fabric | 0       |
|      add_ln58_643_fu_303647_p2                                                  |     |        | add_ln58_643  | add | fabric | 0       |
|      add_ln58_654_fu_296723_p2                                                  |     |        | add_ln58_654  | add | fabric | 0       |
|      add_ln58_655_fu_296733_p2                                                  |     |        | add_ln58_655  | add | fabric | 0       |
|      add_ln58_656_fu_319663_p2                                                  |     |        | add_ln58_656  | add | fabric | 0       |
|      add_ln58_659_fu_331316_p2                                                  |     |        | add_ln58_659  | add | fabric | 0       |
|      add_ln58_660_fu_331326_p2                                                  |     |        | add_ln58_660  | add | fabric | 0       |
|      add_ln58_661_fu_335001_p2                                                  |     |        | add_ln58_661  | add | fabric | 0       |
|      add_ln58_666_fu_337913_p2                                                  |     |        | add_ln58_666  | add | fabric | 0       |
|      add_ln58_675_fu_314311_p2                                                  |     |        | add_ln58_675  | add | fabric | 0       |
|      add_ln58_683_fu_324693_p2                                                  |     |        | add_ln58_683  | add | fabric | 0       |
|      add_ln58_687_fu_337935_p2                                                  |     |        | add_ln58_687  | add | fabric | 0       |
|      add_ln58_689_fu_298938_p2                                                  |     |        | add_ln58_689  | add | fabric | 0       |
|      add_ln58_690_fu_298948_p2                                                  |     |        | add_ln58_690  | add | fabric | 0       |
|      add_ln58_693_fu_314317_p2                                                  |     |        | add_ln58_693  | add | fabric | 0       |
|      add_ln58_694_fu_314327_p2                                                  |     |        | add_ln58_694  | add | fabric | 0       |
|      add_ln58_695_fu_308194_p2                                                  |     |        | add_ln58_695  | add | fabric | 0       |
|      add_ln58_696_fu_308204_p2                                                  |     |        | add_ln58_696  | add | fabric | 0       |
|      add_ln58_698_fu_308210_p2                                                  |     |        | add_ln58_698  | add | fabric | 0       |
|      add_ln58_700_fu_314333_p2                                                  |     |        | add_ln58_700  | add | fabric | 0       |
|      add_ln58_701_fu_319703_p2                                                  |     |        | add_ln58_701  | add | fabric | 0       |
|      add_ln58_705_fu_324699_p2                                                  |     |        | add_ln58_705  | add | fabric | 0       |
|      add_ln58_707_fu_324715_p2                                                  |     |        | add_ln58_707  | add | fabric | 0       |
|      add_ln58_708_fu_324725_p2                                                  |     |        | add_ln58_708  | add | fabric | 0       |
|      add_ln58_710_fu_331344_p2                                                  |     |        | add_ln58_710  | add | fabric | 0       |
|      add_ln58_712_fu_337967_p2                                                  |     |        | add_ln58_712  | add | fabric | 0       |
|      add_ln58_713_fu_337977_p2                                                  |     |        | add_ln58_713  | add | fabric | 0       |
|      add_ln58_716_fu_319721_p2                                                  |     |        | add_ln58_716  | add | fabric | 0       |
|      add_ln58_717_fu_324740_p2                                                  |     |        | add_ln58_717  | add | fabric | 0       |
|      add_ln58_718_fu_335022_p2                                                  |     |        | add_ln58_718  | add | fabric | 0       |
|      add_ln58_719_fu_335032_p2                                                  |     |        | add_ln58_719  | add | fabric | 0       |
|      add_ln58_721_fu_303665_p2                                                  |     |        | add_ln58_721  | add | fabric | 0       |
|      add_ln58_722_fu_335051_p2                                                  |     |        | add_ln58_722  | add | fabric | 0       |
|      add_ln58_723_fu_331350_p2                                                  |     |        | add_ln58_723  | add | fabric | 0       |
|      add_ln58_724_fu_335064_p2                                                  |     |        | add_ln58_724  | add | fabric | 0       |
|      add_ln58_725_fu_335074_p2                                                  |     |        | add_ln58_725  | add | fabric | 0       |
|      add_ln58_734_fu_303671_p2                                                  |     |        | add_ln58_734  | add | fabric | 0       |
|      add_ln58_742_fu_308228_p2                                                  |     |        | add_ln58_742  | add | fabric | 0       |
|      add_ln58_743_fu_308238_p2                                                  |     |        | add_ln58_743  | add | fabric | 0       |
|      add_ln58_747_fu_296739_p2                                                  |     |        | add_ln58_747  | add | fabric | 0       |
|      add_ln58_748_fu_314362_p2                                                  |     |        | add_ln58_748  | add | fabric | 0       |
|      add_ln58_749_fu_314372_p2                                                  |     |        | add_ln58_749  | add | fabric | 0       |
|      add_ln58_756_fu_319739_p2                                                  |     |        | add_ln58_756  | add | fabric | 0       |
|      add_ln58_764_fu_335090_p2                                                  |     |        | add_ln58_764  | add | fabric | 0       |
|      add_ln58_765_fu_335100_p2                                                  |     |        | add_ln58_765  | add | fabric | 0       |
|      add_ln58_769_fu_338013_p2                                                  |     |        | add_ln58_769  | add | fabric | 0       |
|      add_ln58_775_fu_298966_p2                                                  |     |        | add_ln58_775  | add | fabric | 0       |
|      add_ln58_779_fu_314384_p2                                                  |     |        | add_ln58_779  | add | fabric | 0       |
|      add_ln58_790_fu_319757_p2                                                  |     |        | add_ln58_790  | add | fabric | 0       |
|      add_ln58_792_fu_324788_p2                                                  |     |        | add_ln58_792  | add | fabric | 0       |
|      add_ln58_793_fu_324798_p2                                                  |     |        | add_ln58_793  | add | fabric | 0       |
|      add_ln58_797_fu_331380_p2                                                  |     |        | add_ln58_797  | add | fabric | 0       |
|      add_ln58_799_fu_319763_p2                                                  |     |        | add_ln58_799  | add | fabric | 0       |
|      add_ln58_800_fu_338049_p2                                                  |     |        | add_ln58_800  | add | fabric | 0       |
|      add_ln58_802_fu_331386_p2                                                  |     |        | add_ln58_802  | add | fabric | 0       |
|      add_ln58_803_fu_331396_p2                                                  |     |        | add_ln58_803  | add | fabric | 0       |
|      add_ln58_804_fu_331402_p2                                                  |     |        | add_ln58_804  | add | fabric | 0       |
|      add_ln58_805_fu_335134_p2                                                  |     |        | add_ln58_805  | add | fabric | 0       |
|      add_ln58_806_fu_335144_p2                                                  |     |        | add_ln58_806  | add | fabric | 0       |
|      add_ln58_808_fu_298972_p2                                                  |     |        | add_ln58_808  | add | fabric | 0       |
|      add_ln58_809_fu_303712_p2                                                  |     |        | add_ln58_809  | add | fabric | 0       |
|      add_ln58_810_fu_319769_p2                                                  |     |        | add_ln58_810  | add | fabric | 0       |
|      add_ln58_811_fu_324816_p2                                                  |     |        | add_ln58_811  | add | fabric | 0       |
|      add_ln58_812_fu_324826_p2                                                  |     |        | add_ln58_812  | add | fabric | 0       |
|      add_ln58_813_fu_331408_p2                                                  |     |        | add_ln58_813  | add | fabric | 0       |
|      add_ln58_814_fu_335153_p2                                                  |     |        | add_ln58_814  | add | fabric | 0       |
|      add_ln58_815_fu_331414_p2                                                  |     |        | add_ln58_815  | add | fabric | 0       |
|      add_ln58_816_fu_331424_p2                                                  |     |        | add_ln58_816  | add | fabric | 0       |
|      add_ln58_817_fu_335166_p2                                                  |     |        | add_ln58_817  | add | fabric | 0       |
|      add_ln58_818_fu_338076_p2                                                  |     |        | add_ln58_818  | add | fabric | 0       |
|      add_ln58_824_fu_303721_p2                                                  |     |        | add_ln58_824  | add | fabric | 0       |
|      add_ln58_827_fu_303742_p2                                                  |     |        | add_ln58_827  | add | fabric | 0       |
|      add_ln58_828_fu_303752_p2                                                  |     |        | add_ln58_828  | add | fabric | 0       |
|      add_ln58_829_fu_303758_p2                                                  |     |        | add_ln58_829  | add | fabric | 0       |
|      add_ln58_830_fu_308262_p2                                                  |     |        | add_ln58_830  | add | fabric | 0       |
|      add_ln58_831_fu_308272_p2                                                  |     |        | add_ln58_831  | add | fabric | 0       |
|      add_ln58_833_fu_308278_p2                                                  |     |        | add_ln58_833  | add | fabric | 0       |
|      add_ln58_834_fu_308288_p2                                                  |     |        | add_ln58_834  | add | fabric | 0       |
|      add_ln58_838_fu_314402_p2                                                  |     |        | add_ln58_838  | add | fabric | 0       |
|      add_ln58_839_fu_314411_p2                                                  |     |        | add_ln58_839  | add | fabric | 0       |
|      add_ln58_840_fu_319782_p2                                                  |     |        | add_ln58_840  | add | fabric | 0       |
|      add_ln58_849_fu_324860_p2                                                  |     |        | add_ln58_849  | add | fabric | 0       |
|      add_ln58_850_fu_331430_p2                                                  |     |        | add_ln58_850  | add | fabric | 0       |
|      add_ln58_851_fu_335175_p2                                                  |     |        | add_ln58_851  | add | fabric | 0       |
|      add_ln58_852_fu_331436_p2                                                  |     |        | add_ln58_852  | add | fabric | 0       |
|      add_ln58_856_fu_335181_p2                                                  |     |        | add_ln58_856  | add | fabric | 0       |
|      add_ln58_857_fu_335191_p2                                                  |     |        | add_ln58_857  | add | fabric | 0       |
|      add_ln58_858_fu_335197_p2                                                  |     |        | add_ln58_858  | add | fabric | 0       |
|      add_ln58_859_fu_335207_p2                                                  |     |        | add_ln58_859  | add | fabric | 0       |
|      add_ln58_861_fu_338088_p2                                                  |     |        | add_ln58_861  | add | fabric | 0       |
|      add_ln58_862_fu_338098_p2                                                  |     |        | add_ln58_862  | add | fabric | 0       |
|      add_ln58_863_fu_338108_p2                                                  |     |        | add_ln58_863  | add | fabric | 0       |
|      add_ln58_864_fu_338114_p2                                                  |     |        | add_ln58_864  | add | fabric | 0       |
|      add_ln58_875_fu_319818_p2                                                  |     |        | add_ln58_875  | add | fabric | 0       |
|      add_ln58_883_fu_298978_p2                                                  |     |        | add_ln58_883  | add | fabric | 0       |
|      add_ln58_884_fu_308309_p2                                                  |     |        | add_ln58_884  | add | fabric | 0       |
|      add_ln58_886_fu_303764_p2                                                  |     |        | add_ln58_886  | add | fabric | 0       |
|      add_ln58_888_fu_308324_p2                                                  |     |        | add_ln58_888  | add | fabric | 0       |
|      add_ln58_889_fu_308334_p2                                                  |     |        | add_ln58_889  | add | fabric | 0       |
|      add_ln58_893_fu_319824_p2                                                  |     |        | add_ln58_893  | add | fabric | 0       |
|      add_ln58_895_fu_324889_p2                                                  |     |        | add_ln58_895  | add | fabric | 0       |
|      add_ln58_896_fu_331454_p2                                                  |     |        | add_ln58_896  | add | fabric | 0       |
|      add_ln58_898_fu_308346_p2                                                  |     |        | add_ln58_898  | add | fabric | 0       |
|      add_ln58_899_fu_338161_p2                                                  |     |        | add_ln58_899  | add | fabric | 0       |
|      add_ln58_900_fu_308352_p2                                                  |     |        | add_ln58_900  | add | fabric | 0       |
|      add_ln58_901_fu_314420_p2                                                  |     |        | add_ln58_901  | add | fabric | 0       |
|      add_ln58_902_fu_338174_p2                                                  |     |        | add_ln58_902  | add | fabric | 0       |
|      add_ln58_904_fu_324895_p2                                                  |     |        | add_ln58_904  | add | fabric | 0       |
|      add_ln58_905_fu_324905_p2                                                  |     |        | add_ln58_905  | add | fabric | 0       |
|      add_ln58_906_fu_335213_p2                                                  |     |        | add_ln58_906  | add | fabric | 0       |
|      add_ln58_907_fu_335223_p2                                                  |     |        | add_ln58_907  | add | fabric | 0       |
|      add_ln58_909_fu_335229_p2                                                  |     |        | add_ln58_909  | add | fabric | 0       |
|      add_ln58_910_fu_338195_p2                                                  |     |        | add_ln58_910  | add | fabric | 0       |
|      add_ln58_911_fu_324911_p2                                                  |     |        | add_ln58_911  | add | fabric | 0       |
|      add_ln58_912_fu_324917_p2                                                  |     |        | add_ln58_912  | add | fabric | 0       |
|      add_ln58_913_fu_331472_p2                                                  |     |        | add_ln58_913  | add | fabric | 0       |
|      add_ln58_914_fu_338208_p2                                                  |     |        | add_ln58_914  | add | fabric | 0       |
|      add_ln58_919_fu_296757_p2                                                  |     |        | add_ln58_919  | add | fabric | 0       |
|      add_ln58_920_fu_298984_p2                                                  |     |        | add_ln58_920  | add | fabric | 0       |
|      add_ln58_921_fu_298994_p2                                                  |     |        | add_ln58_921  | add | fabric | 0       |
|      add_ln58_922_fu_303776_p2                                                  |     |        | add_ln58_922  | add | fabric | 0       |
|      add_ln58_925_fu_308358_p2                                                  |     |        | add_ln58_925  | add | fabric | 0       |
|      add_ln58_926_fu_308368_p2                                                  |     |        | add_ln58_926  | add | fabric | 0       |
|      add_ln58_927_fu_314432_p2                                                  |     |        | add_ln58_927  | add | fabric | 0       |
|      add_ln58_929_fu_314438_p2                                                  |     |        | add_ln58_929  | add | fabric | 0       |
|      add_ln58_930_fu_314448_p2                                                  |     |        | add_ln58_930  | add | fabric | 0       |
|      add_ln58_934_fu_319830_p2                                                  |     |        | add_ln58_934  | add | fabric | 0       |
|      add_ln58_936_fu_324928_p2                                                  |     |        | add_ln58_936  | add | fabric | 0       |
|      add_ln58_937_fu_324937_p2                                                  |     |        | add_ln58_937  | add | fabric | 0       |
|      add_ln58_941_fu_331497_p2                                                  |     |        | add_ln58_941  | add | fabric | 0       |
|      add_ln58_943_fu_331508_p2                                                  |     |        | add_ln58_943  | add | fabric | 0       |
|      add_ln58_944_fu_331518_p2                                                  |     |        | add_ln58_944  | add | fabric | 0       |
|      add_ln58_946_fu_335235_p2                                                  |     |        | add_ln58_946  | add | fabric | 0       |
|      add_ln58_947_fu_335245_p2                                                  |     |        | add_ln58_947  | add | fabric | 0       |
|      add_ln58_948_fu_338224_p2                                                  |     |        | add_ln58_948  | add | fabric | 0       |
|      add_ln58_957_fu_303782_p2                                                  |     |        | add_ln58_957  | add | fabric | 0       |
|      add_ln58_970_fu_324957_p2                                                  |     |        | add_ln58_970  | add | fabric | 0       |
|      add_ln58_981_fu_308374_p2                                                  |     |        | add_ln58_981  | add | fabric | 0       |
|      add_ln58_983_fu_319845_p2                                                  |     |        | add_ln58_983  | add | fabric | 0       |
|      add_ln58_984_fu_319855_p2                                                  |     |        | add_ln58_984  | add | fabric | 0       |
|      add_ln58_988_fu_324993_p2                                                  |     |        | add_ln58_988  | add | fabric | 0       |
|      add_ln58_990_fu_331578_p2                                                  |     |        | add_ln58_990  | add | fabric | 0       |
|      add_ln58_991_fu_331588_p2                                                  |     |        | add_ln58_991  | add | fabric | 0       |
|      add_ln58_993_fu_335251_p2                                                  |     |        | add_ln58_993  | add | fabric | 0       |
|      add_ln58_995_fu_303800_p2                                                  |     |        | add_ln58_995  | add | fabric | 0       |
|      add_ln58_996_fu_335270_p2                                                  |     |        | add_ln58_996  | add | fabric | 0       |
|      add_ln58_999_fu_308380_p2                                                  |     |        | add_ln58_999  | add | fabric | 0       |
|      add_ln58_1000_fu_314504_p2                                                 |     |        | add_ln58_1000 | add | fabric | 0       |
|      add_ln58_1001_fu_335289_p2                                                 |     |        | add_ln58_1001 | add | fabric | 0       |
|      add_ln58_1002_fu_335299_p2                                                 |     |        | add_ln58_1002 | add | fabric | 0       |
|      add_ln58_1004_fu_331600_p2                                                 |     |        | add_ln58_1004 | add | fabric | 0       |
|      add_ln58_1005_fu_335318_p2                                                 |     |        | add_ln58_1005 | add | fabric | 0       |
|      add_ln58_1006_fu_314510_p2                                                 |     |        | add_ln58_1006 | add | fabric | 0       |
|      add_ln58_1007_fu_319870_p2                                                 |     |        | add_ln58_1007 | add | fabric | 0       |
|      add_ln58_1008_fu_335331_p2                                                 |     |        | add_ln58_1008 | add | fabric | 0       |
|      add_ln58_1015_fu_299024_p2                                                 |     |        | add_ln58_1015 | add | fabric | 0       |
|      add_ln58_1018_fu_303806_p2                                                 |     |        | add_ln58_1018 | add | fabric | 0       |
|      add_ln58_1020_fu_308386_p2                                                 |     |        | add_ln58_1020 | add | fabric | 0       |
|      add_ln58_1021_fu_308395_p2                                                 |     |        | add_ln58_1021 | add | fabric | 0       |
|      add_ln58_1024_fu_314530_p2                                                 |     |        | add_ln58_1024 | add | fabric | 0       |
|      add_ln58_1025_fu_314540_p2                                                 |     |        | add_ln58_1025 | add | fabric | 0       |
|      add_ln58_1026_fu_314546_p2                                                 |     |        | add_ln58_1026 | add | fabric | 0       |
|      add_ln58_1027_fu_314556_p2                                                 |     |        | add_ln58_1027 | add | fabric | 0       |
|      add_ln58_1029_fu_319876_p2                                                 |     |        | add_ln58_1029 | add | fabric | 0       |
|      add_ln58_1032_fu_319898_p2                                                 |     |        | add_ln58_1032 | add | fabric | 0       |
|      add_ln58_1037_fu_325012_p2                                                 |     |        | add_ln58_1037 | add | fabric | 0       |
|      add_ln58_1039_fu_331611_p2                                                 |     |        | add_ln58_1039 | add | fabric | 0       |
|      add_ln58_1040_fu_331620_p2                                                 |     |        | add_ln58_1040 | add | fabric | 0       |
|      add_ln58_1042_fu_335343_p2                                                 |     |        | add_ln58_1042 | add | fabric | 0       |
|      add_ln58_1044_fu_335349_p2                                                 |     |        | add_ln58_1044 | add | fabric | 0       |
|      add_ln58_1045_fu_335359_p2                                                 |     |        | add_ln58_1045 | add | fabric | 0       |
|      add_ln58_1048_fu_338288_p2                                                 |     |        | add_ln58_1048 | add | fabric | 0       |
|      add_ln58_1049_fu_338297_p2                                                 |     |        | add_ln58_1049 | add | fabric | 0       |
|      add_ln58_1053_fu_340776_p2                                                 |     |        | add_ln58_1053 | add | fabric | 0       |
|      add_ln58_1056_fu_308407_p2                                                 |     |        | add_ln58_1056 | add | fabric | 0       |
|      add_ln58_1067_fu_331636_p2                                                 |     |        | add_ln58_1067 | add | fabric | 0       |
|      add_ln58_1073_fu_303812_p2                                                 |     |        | add_ln58_1073 | add | fabric | 0       |
|      add_ln58_1074_fu_308422_p2                                                 |     |        | add_ln58_1074 | add | fabric | 0       |
|      add_ln58_1075_fu_325017_p2                                                 |     |        | add_ln58_1075 | add | fabric | 0       |
|      add_ln58_1076_fu_325027_p2                                                 |     |        | add_ln58_1076 | add | fabric | 0       |
|      add_ln58_1078_fu_325033_p2                                                 |     |        | add_ln58_1078 | add | fabric | 0       |
|      add_ln58_1080_fu_331642_p2                                                 |     |        | add_ln58_1080 | add | fabric | 0       |
|      add_ln58_1081_fu_335377_p2                                                 |     |        | add_ln58_1081 | add | fabric | 0       |
|      add_ln58_1082_fu_335387_p2                                                 |     |        | add_ln58_1082 | add | fabric | 0       |
|      add_ln58_1086_fu_331648_p2                                                 |     |        | add_ln58_1086 | add | fabric | 0       |
|      add_ln58_1088_fu_319936_p2                                                 |     |        | add_ln58_1088 | add | fabric | 0       |
|      add_ln58_1089_fu_319946_p2                                                 |     |        | add_ln58_1089 | add | fabric | 0       |
|      add_ln58_1091_fu_296763_p2                                                 |     |        | add_ln58_1091 | add | fabric | 0       |
|      add_ln58_1092_fu_299032_p2                                                 |     |        | add_ln58_1092 | add | fabric | 0       |
|      add_ln58_1093_fu_308428_p2                                                 |     |        | add_ln58_1093 | add | fabric | 0       |
|      add_ln58_1094_fu_296769_p2                                                 |     |        | add_ln58_1094 | add | fabric | 0       |
|      add_ln58_1095_fu_314583_p2                                                 |     |        | add_ln58_1095 | add | fabric | 0       |
|      add_ln58_1096_fu_314593_p2                                                 |     |        | add_ln58_1096 | add | fabric | 0       |
|      add_ln58_1098_fu_331654_p2                                                 |     |        | add_ln58_1098 | add | fabric | 0       |
|      add_ln58_1099_fu_331664_p2                                                 |     |        | add_ln58_1099 | add | fabric | 0       |
|      add_ln58_1100_fu_331670_p2                                                 |     |        | add_ln58_1100 | add | fabric | 0       |
|      add_ln58_1101_fu_335423_p2                                                 |     |        | add_ln58_1101 | add | fabric | 0       |
|      add_ln58_1103_fu_308434_p2                                                 |     |        | add_ln58_1103 | add | fabric | 0       |
|      add_ln58_1104_fu_314602_p2                                                 |     |        | add_ln58_1104 | add | fabric | 0       |
|      add_ln58_1105_fu_331676_p2                                                 |     |        | add_ln58_1105 | add | fabric | 0       |
|      add_ln58_1106_fu_331682_p2                                                 |     |        | add_ln58_1106 | add | fabric | 0       |
|      add_ln58_1107_fu_335448_p2                                                 |     |        | add_ln58_1107 | add | fabric | 0       |
|      add_ln58_1108_fu_335458_p2                                                 |     |        | add_ln58_1108 | add | fabric | 0       |
|      add_ln58_1113_fu_296775_p2                                                 |     |        | add_ln58_1113 | add | fabric | 0       |
|      add_ln58_1114_fu_299038_p2                                                 |     |        | add_ln58_1114 | add | fabric | 0       |
|      add_ln58_1115_fu_303824_p2                                                 |     |        | add_ln58_1115 | add | fabric | 0       |
|      add_ln58_1116_fu_303834_p2                                                 |     |        | add_ln58_1116 | add | fabric | 0       |
|      add_ln58_1117_fu_303840_p2                                                 |     |        | add_ln58_1117 | add | fabric | 0       |
|      add_ln58_1118_fu_303850_p2                                                 |     |        | add_ln58_1118 | add | fabric | 0       |
|      add_ln58_1121_fu_308459_p2                                                 |     |        | add_ln58_1121 | add | fabric | 0       |
|      add_ln58_1128_fu_314620_p2                                                 |     |        | add_ln58_1128 | add | fabric | 0       |
|      add_ln58_1129_fu_319976_p2                                                 |     |        | add_ln58_1129 | add | fabric | 0       |
|      add_ln58_1130_fu_314626_p2                                                 |     |        | add_ln58_1130 | add | fabric | 0       |
|      add_ln58_1131_fu_319989_p2                                                 |     |        | add_ln58_1131 | add | fabric | 0       |
|      add_ln58_1132_fu_319999_p2                                                 |     |        | add_ln58_1132 | add | fabric | 0       |
|      add_ln58_1135_fu_325048_p2                                                 |     |        | add_ln58_1135 | add | fabric | 0       |
|      add_ln58_1136_fu_331688_p2                                                 |     |        | add_ln58_1136 | add | fabric | 0       |
|      add_ln58_1137_fu_331698_p2                                                 |     |        | add_ln58_1137 | add | fabric | 0       |
|      add_ln58_1138_fu_335480_p2                                                 |     |        | add_ln58_1138 | add | fabric | 0       |
|      add_ln58_1139_fu_335486_p2                                                 |     |        | add_ln58_1139 | add | fabric | 0       |
|      add_ln58_1147_fu_338390_p2                                                 |     |        | add_ln58_1147 | add | fabric | 0       |
|      add_ln58_1148_fu_338400_p2                                                 |     |        | add_ln58_1148 | add | fabric | 0       |
|      add_ln58_1150_fu_296781_p2                                                 |     |        | add_ln58_1150 | add | fabric | 0       |
|      add_ln58_1158_fu_308465_p2                                                 |     |        | add_ln58_1158 | add | fabric | 0       |
|      add_ln58_1162_fu_320011_p2                                                 |     |        | add_ln58_1162 | add | fabric | 0       |
|      add_ln58_1170_fu_299056_p2                                                 |     |        | add_ln58_1170 | add | fabric | 0       |
|      add_ln58_1171_fu_335506_p2                                                 |     |        | add_ln58_1171 | add | fabric | 0       |
|      add_ln58_1173_fu_303856_p2                                                 |     |        | add_ln58_1173 | add | fabric | 0       |
|      add_ln58_1175_fu_308480_p2                                                 |     |        | add_ln58_1175 | add | fabric | 0       |
|      add_ln58_1176_fu_308490_p2                                                 |     |        | add_ln58_1176 | add | fabric | 0       |
|      add_ln58_1180_fu_320017_p2                                                 |     |        | add_ln58_1180 | add | fabric | 0       |
|      add_ln58_1182_fu_325063_p2                                                 |     |        | add_ln58_1182 | add | fabric | 0       |
|      add_ln58_1183_fu_325073_p2                                                 |     |        | add_ln58_1183 | add | fabric | 0       |
|      add_ln58_1185_fu_331737_p2                                                 |     |        | add_ln58_1185 | add | fabric | 0       |
|      add_ln58_1187_fu_338415_p2                                                 |     |        | add_ln58_1187 | add | fabric | 0       |
|      add_ln58_1188_fu_338425_p2                                                 |     |        | add_ln58_1188 | add | fabric | 0       |
|      add_ln58_1191_fu_325085_p2                                                 |     |        | add_ln58_1191 | add | fabric | 0       |
|      add_ln58_1192_fu_325095_p2                                                 |     |        | add_ln58_1192 | add | fabric | 0       |
|      add_ln58_1193_fu_335523_p2                                                 |     |        | add_ln58_1193 | add | fabric | 0       |
|      add_ln58_1194_fu_335533_p2                                                 |     |        | add_ln58_1194 | add | fabric | 0       |
|      add_ln58_1196_fu_303862_p2                                                 |     |        | add_ln58_1196 | add | fabric | 0       |
|      add_ln58_1198_fu_308502_p2                                                 |     |        | add_ln58_1198 | add | fabric | 0       |
|      add_ln58_1199_fu_314647_p2                                                 |     |        | add_ln58_1199 | add | fabric | 0       |
|      add_ln58_1207_fu_299062_p2                                                 |     |        | add_ln58_1207 | add | fabric | 0       |
|      add_ln58_1210_fu_299068_p2                                                 |     |        | add_ln58_1210 | add | fabric | 0       |
|      add_ln58_1212_fu_303868_p2                                                 |     |        | add_ln58_1212 | add | fabric | 0       |
|      add_ln58_1213_fu_303878_p2                                                 |     |        | add_ln58_1213 | add | fabric | 0       |
|      add_ln58_1218_fu_314670_p2                                                 |     |        | add_ln58_1218 | add | fabric | 0       |
|      add_ln58_1219_fu_314680_p2                                                 |     |        | add_ln58_1219 | add | fabric | 0       |
|      add_ln58_1221_fu_320023_p2                                                 |     |        | add_ln58_1221 | add | fabric | 0       |
|      add_ln58_1223_fu_320029_p2                                                 |     |        | add_ln58_1223 | add | fabric | 0       |
|      add_ln58_1229_fu_320034_p2                                                 |     |        | add_ln58_1229 | add | fabric | 0       |
|      add_ln58_1230_fu_325152_p2                                                 |     |        | add_ln58_1230 | add | fabric | 0       |
|      add_ln58_1231_fu_331743_p2                                                 |     |        | add_ln58_1231 | add | fabric | 0       |
|      add_ln58_1236_fu_335542_p2                                                 |     |        | add_ln58_1236 | add | fabric | 0       |
|      add_ln58_1237_fu_331761_p2                                                 |     |        | add_ln58_1237 | add | fabric | 0       |
|      add_ln58_1243_fu_338489_p2                                                 |     |        | add_ln58_1243 | add | fabric | 0       |
|      add_ln58_1244_fu_338499_p2                                                 |     |        | add_ln58_1244 | add | fabric | 0       |
|      add_ln58_1246_fu_340934_p2                                                 |     |        | add_ln58_1246 | add | fabric | 0       |
|      add_ln58_1249_fu_308526_p2                                                 |     |        | add_ln58_1249 | add | fabric | 0       |
|      add_ln58_1260_fu_320040_p2                                                 |     |        | add_ln58_1260 | add | fabric | 0       |
|      add_ln58_1271_fu_299074_p2                                                 |     |        | add_ln58_1271 | add | fabric | 0       |
|      add_ln58_1273_fu_303893_p2                                                 |     |        | add_ln58_1273 | add | fabric | 0       |
|      add_ln58_1274_fu_303903_p2                                                 |     |        | add_ln58_1274 | add | fabric | 0       |
|      add_ln58_1275_fu_303913_p2                                                 |     |        | add_ln58_1275 | add | fabric | 0       |
|      add_ln58_1279_fu_308538_p2                                                 |     |        | add_ln58_1279 | add | fabric | 0       |
|      add_ln58_1281_fu_320055_p2                                                 |     |        | add_ln58_1281 | add | fabric | 0       |
|      add_ln58_1282_fu_320065_p2                                                 |     |        | add_ln58_1282 | add | fabric | 0       |
|      add_ln58_1284_fu_331779_p2                                                 |     |        | add_ln58_1284 | add | fabric | 0       |
|      add_ln58_1286_fu_338536_p2                                                 |     |        | add_ln58_1286 | add | fabric | 0       |
|      add_ln58_1287_fu_296799_p2                                                 |     |        | add_ln58_1287 | add | fabric | 0       |
|      add_ln58_1288_fu_338549_p2                                                 |     |        | add_ln58_1288 | add | fabric | 0       |
|      add_ln58_1291_fu_308544_p2                                                 |     |        | add_ln58_1291 | add | fabric | 0       |
|      add_ln58_1292_fu_314713_p2                                                 |     |        | add_ln58_1292 | add | fabric | 0       |
|      add_ln58_1293_fu_320077_p2                                                 |     |        | add_ln58_1293 | add | fabric | 0       |
|      add_ln58_1294_fu_325194_p2                                                 |     |        | add_ln58_1294 | add | fabric | 0       |
|      add_ln58_1296_fu_331785_p2                                                 |     |        | add_ln58_1296 | add | fabric | 0       |
|      add_ln58_1297_fu_335582_p2                                                 |     |        | add_ln58_1297 | add | fabric | 0       |
|      add_ln58_1298_fu_308550_p2                                                 |     |        | add_ln58_1298 | add | fabric | 0       |
|      add_ln58_1299_fu_314719_p2                                                 |     |        | add_ln58_1299 | add | fabric | 0       |
|      add_ln58_1300_fu_320089_p2                                                 |     |        | add_ln58_1300 | add | fabric | 0       |
|      add_ln58_1301_fu_335595_p2                                                 |     |        | add_ln58_1301 | add | fabric | 0       |
|      add_ln58_1308_fu_299080_p2                                                 |     |        | add_ln58_1308 | add | fabric | 0       |
|      add_ln58_1311_fu_303925_p2                                                 |     |        | add_ln58_1311 | add | fabric | 0       |
|      add_ln58_1312_fu_308559_p2                                                 |     |        | add_ln58_1312 | add | fabric | 0       |
|      add_ln58_1313_fu_303931_p2                                                 |     |        | add_ln58_1313 | add | fabric | 0       |
|      add_ln58_1322_fu_314725_p2                                                 |     |        | add_ln58_1322 | add | fabric | 0       |
|      add_ln58_1325_fu_314747_p2                                                 |     |        | add_ln58_1325 | add | fabric | 0       |
|      add_ln58_1330_fu_320108_p2                                                 |     |        | add_ln58_1330 | add | fabric | 0       |
|      add_ln58_1335_fu_325212_p2                                                 |     |        | add_ln58_1335 | add | fabric | 0       |
|      add_ln58_1341_fu_331803_p2                                                 |     |        | add_ln58_1341 | add | fabric | 0       |
|      add_ln58_1342_fu_331813_p2                                                 |     |        | add_ln58_1342 | add | fabric | 0       |
|      add_ln58_1343_fu_325218_p2                                                 |     |        | add_ln58_1343 | add | fabric | 0       |
|      add_ln58_1344_fu_331822_p2                                                 |     |        | add_ln58_1344 | add | fabric | 0       |
|      add_ln58_1346_fu_335607_p2                                                 |     |        | add_ln58_1346 | add | fabric | 0       |
|      add_ln58_1347_fu_335617_p2                                                 |     |        | add_ln58_1347 | add | fabric | 0       |
|      add_ln58_1348_fu_335623_p2                                                 |     |        | add_ln58_1348 | add | fabric | 0       |
|      add_ln58_1349_fu_338579_p2                                                 |     |        | add_ln58_1349 | add | fabric | 0       |
|      add_ln58_1360_fu_308577_p2                                                 |     |        | add_ln58_1360 | add | fabric | 0       |
|      add_ln58_1371_fu_338637_p2                                                 |     |        | add_ln58_1371 | add | fabric | 0       |
|      add_ln58_1373_fu_303949_p2                                                 |     |        | add_ln58_1373 | add | fabric | 0       |
|      add_ln58_1374_fu_303955_p2                                                 |     |        | add_ln58_1374 | add | fabric | 0       |
|      add_ln58_1375_fu_308589_p2                                                 |     |        | add_ln58_1375 | add | fabric | 0       |
|      add_ln58_1379_fu_308595_p2                                                 |     |        | add_ln58_1379 | add | fabric | 0       |
|      add_ln58_1381_fu_331837_p2                                                 |     |        | add_ln58_1381 | add | fabric | 0       |
|      add_ln58_1382_fu_331847_p2                                                 |     |        | add_ln58_1382 | add | fabric | 0       |
|      add_ln58_1384_fu_338660_p2                                                 |     |        | add_ln58_1384 | add | fabric | 0       |
|      add_ln58_1386_fu_314792_p2                                                 |     |        | add_ln58_1386 | add | fabric | 0       |
|      add_ln58_1387_fu_341078_p2                                                 |     |        | add_ln58_1387 | add | fabric | 0       |
|      add_ln58_1390_fu_308601_p2                                                 |     |        | add_ln58_1390 | add | fabric | 0       |
|      add_ln58_1391_fu_308611_p2                                                 |     |        | add_ln58_1391 | add | fabric | 0       |
|      add_ln58_1392_fu_314798_p2                                                 |     |        | add_ln58_1392 | add | fabric | 0       |
|      add_ln58_1393_fu_320129_p2                                                 |     |        | add_ln58_1393 | add | fabric | 0       |
|      add_ln58_1395_fu_320135_p2                                                 |     |        | add_ln58_1395 | add | fabric | 0       |
|      add_ln58_1396_fu_325227_p2                                                 |     |        | add_ln58_1396 | add | fabric | 0       |
|      add_ln58_1397_fu_331859_p2                                                 |     |        | add_ln58_1397 | add | fabric | 0       |
|      add_ln58_1398_fu_296817_p2                                                 |     |        | add_ln58_1398 | add | fabric | 0       |
|      add_ln58_1399_fu_335661_p2                                                 |     |        | add_ln58_1399 | add | fabric | 0       |
|      add_ln58_1400_fu_335671_p2                                                 |     |        | add_ln58_1400 | add | fabric | 0       |
|      add_ln58_1405_fu_296823_p2                                                 |     |        | add_ln58_1405 | add | fabric | 0       |
|      add_ln58_1408_fu_299117_p2                                                 |     |        | add_ln58_1408 | add | fabric | 0       |
|      add_ln58_1409_fu_299123_p2                                                 |     |        | add_ln58_1409 | add | fabric | 0       |
|      add_ln58_1410_fu_299133_p2                                                 |     |        | add_ln58_1410 | add | fabric | 0       |
|      add_ln58_1411_fu_303961_p2                                                 |     |        | add_ln58_1411 | add | fabric | 0       |
|      add_ln58_1412_fu_303970_p2                                                 |     |        | add_ln58_1412 | add | fabric | 0       |
|      add_ln58_1413_fu_308623_p2                                                 |     |        | add_ln58_1413 | add | fabric | 0       |
|      add_ln58_1415_fu_303976_p2                                                 |     |        | add_ln58_1415 | add | fabric | 0       |
|      add_ln58_1416_fu_303986_p2                                                 |     |        | add_ln58_1416 | add | fabric | 0       |
|      add_ln58_1417_fu_308629_p2                                                 |     |        | add_ln58_1417 | add | fabric | 0       |
|      add_ln58_1418_fu_314807_p2                                                 |     |        | add_ln58_1418 | add | fabric | 0       |
|      add_ln58_1424_fu_320168_p2                                                 |     |        | add_ln58_1424 | add | fabric | 0       |
|      add_ln58_1433_fu_331865_p2                                                 |     |        | add_ln58_1433 | add | fabric | 0       |
|      add_ln58_1437_fu_325253_p2                                                 |     |        | add_ln58_1437 | add | fabric | 0       |
|      add_ln58_1438_fu_331874_p2                                                 |     |        | add_ln58_1438 | add | fabric | 0       |
|      add_ln58_1442_fu_338666_p2                                                 |     |        | add_ln58_1442 | add | fabric | 0       |
|      add_ln58_1443_fu_338676_p2                                                 |     |        | add_ln58_1443 | add | fabric | 0       |
|      add_ln58_1444_fu_303992_p2                                                 |     |        | add_ln58_1444 | add | fabric | 0       |
|      add_ln58_1450_fu_308635_p2                                                 |     |        | add_ln58_1450 | add | fabric | 0       |
|      add_ln58_1454_fu_331892_p2                                                 |     |        | add_ln58_1454 | add | fabric | 0       |
|      add_ln58_1456_fu_296829_p2                                                 |     |        | add_ln58_1456 | add | fabric | 0       |
|      add_ln58_1457_fu_335707_p2                                                 |     |        | add_ln58_1457 | add | fabric | 0       |
|      add_ln58_1460_fu_308641_p2                                                 |     |        | add_ln58_1460 | add | fabric | 0       |
|      add_ln58_1461_fu_308651_p2                                                 |     |        | add_ln58_1461 | add | fabric | 0       |
|      add_ln58_1462_fu_325259_p2                                                 |     |        | add_ln58_1462 | add | fabric | 0       |
|      add_ln58_1463_fu_325269_p2                                                 |     |        | add_ln58_1463 | add | fabric | 0       |
|      add_ln58_1465_fu_331898_p2                                                 |     |        | add_ln58_1465 | add | fabric | 0       |
|      add_ln58_1467_fu_335734_p2                                                 |     |        | add_ln58_1467 | add | fabric | 0       |
|      add_ln58_1468_fu_335744_p2                                                 |     |        | add_ln58_1468 | add | fabric | 0       |
|      add_ln58_1472_fu_303998_p2                                                 |     |        | add_ln58_1472 | add | fabric | 0       |
|      add_ln58_1473_fu_325278_p2                                                 |     |        | add_ln58_1473 | add | fabric | 0       |
|      add_ln58_1474_fu_308657_p2                                                 |     |        | add_ln58_1474 | add | fabric | 0       |
|      add_ln58_1475_fu_314828_p2                                                 |     |        | add_ln58_1475 | add | fabric | 0       |
|      add_ln58_1476_fu_325291_p2                                                 |     |        | add_ln58_1476 | add | fabric | 0       |
|      add_ln58_1477_fu_308663_p2                                                 |     |        | add_ln58_1477 | add | fabric | 0       |
|      add_ln58_1478_fu_320195_p2                                                 |     |        | add_ln58_1478 | add | fabric | 0       |
|      add_ln58_1479_fu_296835_p2                                                 |     |        | add_ln58_1479 | add | fabric | 0       |
|      add_ln58_1480_fu_320208_p2                                                 |     |        | add_ln58_1480 | add | fabric | 0       |
|      add_ln58_1481_fu_320218_p2                                                 |     |        | add_ln58_1481 | add | fabric | 0       |
|      add_ln58_1483_fu_338706_p2                                                 |     |        | add_ln58_1483 | add | fabric | 0       |
|      add_ln58_1484_fu_338716_p2                                                 |     |        | add_ln58_1484 | add | fabric | 0       |
|      add_ln58_1485_fu_308669_p2                                                 |     |        | add_ln58_1485 | add | fabric | 0       |
|      add_ln58_1486_fu_314837_p2                                                 |     |        | add_ln58_1486 | add | fabric | 0       |
|      add_ln58_1488_fu_314843_p2                                                 |     |        | add_ln58_1488 | add | fabric | 0       |
|      add_ln58_1489_fu_320227_p2                                                 |     |        | add_ln58_1489 | add | fabric | 0       |
|      add_ln58_1490_fu_320233_p2                                                 |     |        | add_ln58_1490 | add | fabric | 0       |
|      add_ln58_1491_fu_325303_p2                                                 |     |        | add_ln58_1491 | add | fabric | 0       |
|      add_ln58_1492_fu_325313_p2                                                 |     |        | add_ln58_1492 | add | fabric | 0       |
|      add_ln58_1497_fu_299139_p2                                                 |     |        | add_ln58_1497 | add | fabric | 0       |
|      add_ln58_1498_fu_299149_p2                                                 |     |        | add_ln58_1498 | add | fabric | 0       |
|      add_ln58_1499_fu_304004_p2                                                 |     |        | add_ln58_1499 | add | fabric | 0       |
|      add_ln58_1504_fu_308678_p2                                                 |     |        | add_ln58_1504 | add | fabric | 0       |
|      add_ln58_1508_fu_314849_p2                                                 |     |        | add_ln58_1508 | add | fabric | 0       |
|      add_ln58_1509_fu_320242_p2                                                 |     |        | add_ln58_1509 | add | fabric | 0       |
|      add_ln58_1510_fu_314855_p2                                                 |     |        | add_ln58_1510 | add | fabric | 0       |
|      add_ln58_1511_fu_314865_p2                                                 |     |        | add_ln58_1511 | add | fabric | 0       |
|      add_ln58_1513_fu_314871_p2                                                 |     |        | add_ln58_1513 | add | fabric | 0       |
|      add_ln58_1514_fu_320260_p2                                                 |     |        | add_ln58_1514 | add | fabric | 0       |
|      add_ln58_1515_fu_314877_p2                                                 |     |        | add_ln58_1515 | add | fabric | 0       |
|      add_ln58_1516_fu_320273_p2                                                 |     |        | add_ln58_1516 | add | fabric | 0       |
|      add_ln58_1517_fu_320283_p2                                                 |     |        | add_ln58_1517 | add | fabric | 0       |
|      add_ln58_1520_fu_325319_p2                                                 |     |        | add_ln58_1520 | add | fabric | 0       |
|      add_ln58_1522_fu_331904_p2                                                 |     |        | add_ln58_1522 | add | fabric | 0       |
|      add_ln58_1523_fu_331913_p2                                                 |     |        | add_ln58_1523 | add | fabric | 0       |
|      add_ln58_1529_fu_331950_p2                                                 |     |        | add_ln58_1529 | add | fabric | 0       |
|      add_ln58_1536_fu_304022_p2                                                 |     |        | add_ln58_1536 | add | fabric | 0       |
|      add_ln58_1539_fu_308702_p2                                                 |     |        | add_ln58_1539 | add | fabric | 0       |
|      add_ln58_1550_fu_331956_p2                                                 |     |        | add_ln58_1550 | add | fabric | 0       |
|      add_ln58_1556_fu_314895_p2                                                 |     |        | add_ln58_1556 | add | fabric | 0       |
|      add_ln58_1557_fu_338829_p2                                                 |     |        | add_ln58_1557 | add | fabric | 0       |
|      add_ln58_1558_fu_304028_p2                                                 |     |        | add_ln58_1558 | add | fabric | 0       |
|      add_ln58_1559_fu_304038_p2                                                 |     |        | add_ln58_1559 | add | fabric | 0       |
|      add_ln58_1561_fu_314901_p2                                                 |     |        | add_ln58_1561 | add | fabric | 0       |
|      add_ln58_1563_fu_325325_p2                                                 |     |        | add_ln58_1563 | add | fabric | 0       |
|      add_ln58_1564_fu_331974_p2                                                 |     |        | add_ln58_1564 | add | fabric | 0       |
|      add_ln58_1568_fu_335756_p2                                                 |     |        | add_ln58_1568 | add | fabric | 0       |
|      add_ln58_1570_fu_338854_p2                                                 |     |        | add_ln58_1570 | add | fabric | 0       |
|      add_ln58_1571_fu_338864_p2                                                 |     |        | add_ln58_1571 | add | fabric | 0       |
|      add_ln58_1573_fu_320307_p2                                                 |     |        | add_ln58_1573 | add | fabric | 0       |
|      add_ln58_1575_fu_304044_p2                                                 |     |        | add_ln58_1575 | add | fabric | 0       |
|      add_ln58_1576_fu_308717_p2                                                 |     |        | add_ln58_1576 | add | fabric | 0       |
|      add_ln58_1579_fu_320313_p2                                                 |     |        | add_ln58_1579 | add | fabric | 0       |
|      add_ln58_1580_fu_320323_p2                                                 |     |        | add_ln58_1580 | add | fabric | 0       |
|      add_ln58_1581_fu_335765_p2                                                 |     |        | add_ln58_1581 | add | fabric | 0       |
|      add_ln58_1582_fu_335775_p2                                                 |     |        | add_ln58_1582 | add | fabric | 0       |
|      add_ln58_1584_fu_296841_p2                                                 |     |        | add_ln58_1584 | add | fabric | 0       |
|      add_ln58_1585_fu_325352_p2                                                 |     |        | add_ln58_1585 | add | fabric | 0       |
|      add_ln58_1586_fu_320329_p2                                                 |     |        | add_ln58_1586 | add | fabric | 0       |
|      add_ln58_1587_fu_296847_p2                                                 |     |        | add_ln58_1587 | add | fabric | 0       |
|      add_ln58_1588_fu_320342_p2                                                 |     |        | add_ln58_1588 | add | fabric | 0       |
|      add_ln58_1589_fu_331992_p2                                                 |     |        | add_ln58_1589 | add | fabric | 0       |
|      add_ln58_1594_fu_296853_p2                                                 |     |        | add_ln58_1594 | add | fabric | 0       |
|      add_ln58_1596_fu_299155_p2                                                 |     |        | add_ln58_1596 | add | fabric | 0       |
|      add_ln58_1597_fu_304053_p2                                                 |     |        | add_ln58_1597 | add | fabric | 0       |
|      add_ln58_1601_fu_304071_p2                                                 |     |        | add_ln58_1601 | add | fabric | 0       |
|      add_ln58_1602_fu_308729_p2                                                 |     |        | add_ln58_1602 | add | fabric | 0       |
|      add_ln58_1603_fu_308739_p2                                                 |     |        | add_ln58_1603 | add | fabric | 0       |
|      add_ln58_1610_fu_296859_p2                                                 |     |        | add_ln58_1610 | add | fabric | 0       |
|      add_ln58_1611_fu_314918_p2                                                 |     |        | add_ln58_1611 | add | fabric | 0       |
|      add_ln58_1612_fu_308769_p2                                                 |     |        | add_ln58_1612 | add | fabric | 0       |
|      add_ln58_1613_fu_314931_p2                                                 |     |        | add_ln58_1613 | add | fabric | 0       |
|      add_ln58_1614_fu_314941_p2                                                 |     |        | add_ln58_1614 | add | fabric | 0       |
|      add_ln58_1617_fu_314953_p2                                                 |     |        | add_ln58_1617 | add | fabric | 0       |
|      add_ln58_1618_fu_320351_p2                                                 |     |        | add_ln58_1618 | add | fabric | 0       |
|      add_ln58_1621_fu_320377_p2                                                 |     |        | add_ln58_1621 | add | fabric | 0       |
|      add_ln58_1622_fu_325358_p2                                                 |     |        | add_ln58_1622 | add | fabric | 0       |
|      add_ln58_1633_fu_335812_p2                                                 |     |        | add_ln58_1633 | add | fabric | 0       |
|      add_ln58_1634_fu_335821_p2                                                 |     |        | add_ln58_1634 | add | fabric | 0       |
|      add_ln58_1635_fu_335827_p2                                                 |     |        | add_ln58_1635 | add | fabric | 0       |
|      add_ln58_1636_fu_338887_p2                                                 |     |        | add_ln58_1636 | add | fabric | 0       |
|      add_ln58_1644_fu_341316_p2                                                 |     |        | add_ln58_1644 | add | fabric | 0       |
|      add_ln58_1645_fu_341326_p2                                                 |     |        | add_ln58_1645 | add | fabric | 0       |
|      add_ln58_1647_fu_304077_p2                                                 |     |        | add_ln58_1647 | add | fabric | 0       |
|      add_ln58_1658_fu_338930_p2                                                 |     |        | add_ln58_1658 | add | fabric | 0       |
|      add_ln58_1660_fu_308798_p2                                                 |     |        | add_ln58_1660 | add | fabric | 0       |
|      add_ln58_1661_fu_308808_p2                                                 |     |        | add_ln58_1661 | add | fabric | 0       |
|      add_ln58_1665_fu_314959_p2                                                 |     |        | add_ln58_1665 | add | fabric | 0       |
|      add_ln58_1667_fu_325413_p2                                                 |     |        | add_ln58_1667 | add | fabric | 0       |
|      add_ln58_1668_fu_325423_p2                                                 |     |        | add_ln58_1668 | add | fabric | 0       |
|      add_ln58_1670_fu_332010_p2                                                 |     |        | add_ln58_1670 | add | fabric | 0       |
|      add_ln58_1672_fu_335853_p2                                                 |     |        | add_ln58_1672 | add | fabric | 0       |
|      add_ln58_1673_fu_335863_p2                                                 |     |        | add_ln58_1673 | add | fabric | 0       |
|      add_ln58_1676_fu_308814_p2                                                 |     |        | add_ln58_1676 | add | fabric | 0       |
|      add_ln58_1677_fu_338960_p2                                                 |     |        | add_ln58_1677 | add | fabric | 0       |
|      add_ln58_1678_fu_304083_p2                                                 |     |        | add_ln58_1678 | add | fabric | 0       |
|      add_ln58_1679_fu_304093_p2                                                 |     |        | add_ln58_1679 | add | fabric | 0       |
|      add_ln58_1681_fu_314965_p2                                                 |     |        | add_ln58_1681 | add | fabric | 0       |
|      add_ln58_1682_fu_320386_p2                                                 |     |        | add_ln58_1682 | add | fabric | 0       |
|      add_ln58_1683_fu_314971_p2                                                 |     |        | add_ln58_1683 | add | fabric | 0       |
|      add_ln58_1684_fu_308820_p2                                                 |     |        | add_ln58_1684 | add | fabric | 0       |
|      add_ln58_1685_fu_314984_p2                                                 |     |        | add_ln58_1685 | add | fabric | 0       |
|      add_ln58_1686_fu_320399_p2                                                 |     |        | add_ln58_1686 | add | fabric | 0       |
|      add_ln58_1691_fu_299161_p2                                                 |     |        | add_ln58_1691 | add | fabric | 0       |
|      add_ln58_1696_fu_304099_p2                                                 |     |        | add_ln58_1696 | add | fabric | 0       |
|      add_ln58_1707_fu_315002_p2                                                 |     |        | add_ln58_1707 | add | fabric | 0       |
|      add_ln58_1709_fu_320414_p2                                                 |     |        | add_ln58_1709 | add | fabric | 0       |
|      add_ln58_1710_fu_320424_p2                                                 |     |        | add_ln58_1710 | add | fabric | 0       |
|      add_ln58_1718_fu_325463_p2                                                 |     |        | add_ln58_1718 | add | fabric | 0       |
|      add_ln58_1721_fu_332016_p2                                                 |     |        | add_ln58_1721 | add | fabric | 0       |
|      add_ln58_1722_fu_332026_p2                                                 |     |        | add_ln58_1722 | add | fabric | 0       |
|      add_ln58_1723_fu_335881_p2                                                 |     |        | add_ln58_1723 | add | fabric | 0       |
|      add_ln58_1725_fu_332032_p2                                                 |     |        | add_ln58_1725 | add | fabric | 0       |
|      add_ln58_1726_fu_332042_p2                                                 |     |        | add_ln58_1726 | add | fabric | 0       |
|      add_ln58_1727_fu_335887_p2                                                 |     |        | add_ln58_1727 | add | fabric | 0       |
|      add_ln58_1728_fu_335897_p2                                                 |     |        | add_ln58_1728 | add | fabric | 0       |
|      add_ln58_1730_fu_332048_p2                                                 |     |        | add_ln58_1730 | add | fabric | 0       |
|      add_ln58_1731_fu_335906_p2                                                 |     |        | add_ln58_1731 | add | fabric | 0       |
|      add_ln58_1734_fu_339017_p2                                                 |     |        | add_ln58_1734 | add | fabric | 0       |
|      add_ln58_1743_fu_304117_p2                                                 |     |        | add_ln58_1743 | add | fabric | 0       |
|      add_ln58_1754_fu_332058_p2                                                 |     |        | add_ln58_1754 | add | fabric | 0       |
|      add_ln58_1756_fu_315020_p2                                                 |     |        | add_ln58_1756 | add | fabric | 0       |
|      add_ln58_1757_fu_320451_p2                                                 |     |        | add_ln58_1757 | add | fabric | 0       |
|      add_ln58_1761_fu_332081_p2                                                 |     |        | add_ln58_1761 | add | fabric | 0       |
|      add_ln58_1763_fu_335921_p2                                                 |     |        | add_ln58_1763 | add | fabric | 0       |
|      add_ln58_1764_fu_335931_p2                                                 |     |        | add_ln58_1764 | add | fabric | 0       |
|      add_ln58_1766_fu_335943_p2                                                 |     |        | add_ln58_1766 | add | fabric | 0       |
|      add_ln58_1768_fu_296865_p2                                                 |     |        | add_ln58_1768 | add | fabric | 0       |
|      add_ln58_1769_fu_339041_p2                                                 |     |        | add_ln58_1769 | add | fabric | 0       |
|      add_ln58_1772_fu_308861_p2                                                 |     |        | add_ln58_1772 | add | fabric | 0       |
|      add_ln58_1773_fu_315029_p2                                                 |     |        | add_ln58_1773 | add | fabric | 0       |
|      add_ln58_1774_fu_325493_p2                                                 |     |        | add_ln58_1774 | add | fabric | 0       |
|      add_ln58_1775_fu_332090_p2                                                 |     |        | add_ln58_1775 | add | fabric | 0       |
|      add_ln58_1777_fu_335949_p2                                                 |     |        | add_ln58_1777 | add | fabric | 0       |
|      add_ln58_1779_fu_332095_p2                                                 |     |        | add_ln58_1779 | add | fabric | 0       |
|      add_ln58_1780_fu_335958_p2                                                 |     |        | add_ln58_1780 | add | fabric | 0       |
|      add_ln58_1786_fu_299191_p2                                                 |     |        | add_ln58_1786 | add | fabric | 0       |
|      add_ln58_1788_fu_299197_p2                                                 |     |        | add_ln58_1788 | add | fabric | 0       |
|      add_ln58_1789_fu_299207_p2                                                 |     |        | add_ln58_1789 | add | fabric | 0       |
|      add_ln58_1791_fu_304123_p2                                                 |     |        | add_ln58_1791 | add | fabric | 0       |
|      add_ln58_1793_fu_304129_p2                                                 |     |        | add_ln58_1793 | add | fabric | 0       |
|      add_ln58_1794_fu_304139_p2                                                 |     |        | add_ln58_1794 | add | fabric | 0       |
|      add_ln58_1795_fu_304149_p2                                                 |     |        | add_ln58_1795 | add | fabric | 0       |
|      add_ln58_1805_fu_315055_p2                                                 |     |        | add_ln58_1805 | add | fabric | 0       |
|      add_ln58_1806_fu_315065_p2                                                 |     |        | add_ln58_1806 | add | fabric | 0       |
|      add_ln58_1811_fu_320457_p2                                                 |     |        | add_ln58_1811 | add | fabric | 0       |
|      add_ln58_1812_fu_320467_p2                                                 |     |        | add_ln58_1812 | add | fabric | 0       |
|      add_ln58_1815_fu_325518_p2                                                 |     |        | add_ln58_1815 | add | fabric | 0       |
|      add_ln58_1816_fu_332101_p2                                                 |     |        | add_ln58_1816 | add | fabric | 0       |
|      add_ln58_1818_fu_332107_p2                                                 |     |        | add_ln58_1818 | add | fabric | 0       |
|      add_ln58_1819_fu_332117_p2                                                 |     |        | add_ln58_1819 | add | fabric | 0       |
|      add_ln58_1820_fu_332126_p2                                                 |     |        | add_ln58_1820 | add | fabric | 0       |
|      add_ln58_1823_fu_335964_p2                                                 |     |        | add_ln58_1823 | add | fabric | 0       |
|      add_ln58_1824_fu_335974_p2                                                 |     |        | add_ln58_1824 | add | fabric | 0       |
|      add_ln58_1830_fu_341490_p2                                                 |     |        | add_ln58_1830 | add | fabric | 0       |
|      add_ln58_1831_fu_308891_p2                                                 |     |        | add_ln58_1831 | add | fabric | 0       |
|      add_ln58_1842_fu_325524_p2                                                 |     |        | add_ln58_1842 | add | fabric | 0       |
|      add_ln58_1845_fu_335991_p2                                                 |     |        | add_ln58_1845 | add | fabric | 0       |
|      add_ln58_1849_fu_304155_p2                                                 |     |        | add_ln58_1849 | add | fabric | 0       |
|      add_ln58_1850_fu_304165_p2                                                 |     |        | add_ln58_1850 | add | fabric | 0       |
|      add_ln58_1851_fu_304171_p2                                                 |     |        | add_ln58_1851 | add | fabric | 0       |
|      add_ln58_1852_fu_308912_p2                                                 |     |        | add_ln58_1852 | add | fabric | 0       |
|      add_ln58_1854_fu_315093_p2                                                 |     |        | add_ln58_1854 | add | fabric | 0       |
|      add_ln58_1856_fu_320485_p2                                                 |     |        | add_ln58_1856 | add | fabric | 0       |
|      add_ln58_1857_fu_332144_p2                                                 |     |        | add_ln58_1857 | add | fabric | 0       |
|      add_ln58_1858_fu_332154_p2                                                 |     |        | add_ln58_1858 | add | fabric | 0       |
|      add_ln58_1862_fu_336018_p2                                                 |     |        | add_ln58_1862 | add | fabric | 0       |
|      add_ln58_1864_fu_339150_p2                                                 |     |        | add_ln58_1864 | add | fabric | 0       |
|      add_ln58_1865_fu_339160_p2                                                 |     |        | add_ln58_1865 | add | fabric | 0       |
|      add_ln58_1867_fu_339172_p2                                                 |     |        | add_ln58_1867 | add | fabric | 0       |
|      add_ln58_1869_fu_320491_p2                                                 |     |        | add_ln58_1869 | add | fabric | 0       |
|      add_ln58_1870_fu_320501_p2                                                 |     |        | add_ln58_1870 | add | fabric | 0       |
|      add_ln58_1871_fu_320511_p2                                                 |     |        | add_ln58_1871 | add | fabric | 0       |
|      add_ln58_1874_fu_332166_p2                                                 |     |        | add_ln58_1874 | add | fabric | 0       |
|      add_ln58_1875_fu_332175_p2                                                 |     |        | add_ln58_1875 | add | fabric | 0       |
|      add_ln58_1876_fu_308918_p2                                                 |     |        | add_ln58_1876 | add | fabric | 0       |
|      add_ln58_1877_fu_332184_p2                                                 |     |        | add_ln58_1877 | add | fabric | 0       |
|      add_ln58_1879_fu_320517_p2                                                 |     |        | add_ln58_1879 | add | fabric | 0       |
|      add_ln58_1880_fu_325533_p2                                                 |     |        | add_ln58_1880 | add | fabric | 0       |
|      add_ln58_1881_fu_332190_p2                                                 |     |        | add_ln58_1881 | add | fabric | 0       |
|      add_ln58_1882_fu_332196_p2                                                 |     |        | add_ln58_1882 | add | fabric | 0       |
|      add_ln58_1883_fu_336045_p2                                                 |     |        | add_ln58_1883 | add | fabric | 0       |
|      add_ln58_1884_fu_336055_p2                                                 |     |        | add_ln58_1884 | add | fabric | 0       |
|      add_ln58_1889_fu_296871_p2                                                 |     |        | add_ln58_1889 | add | fabric | 0       |
|      add_ln58_1892_fu_304196_p2                                                 |     |        | add_ln58_1892 | add | fabric | 0       |
|      add_ln58_1893_fu_304202_p2                                                 |     |        | add_ln58_1893 | add | fabric | 0       |
|      add_ln58_1894_fu_308927_p2                                                 |     |        | add_ln58_1894 | add | fabric | 0       |
|      add_ln58_1895_fu_308933_p2                                                 |     |        | add_ln58_1895 | add | fabric | 0       |
|      add_ln58_1896_fu_308943_p2                                                 |     |        | add_ln58_1896 | add | fabric | 0       |
|      add_ln58_1897_fu_315105_p2                                                 |     |        | add_ln58_1897 | add | fabric | 0       |
|      add_ln58_1899_fu_308949_p2                                                 |     |        | add_ln58_1899 | add | fabric | 0       |
|      add_ln58_1900_fu_308959_p2                                                 |     |        | add_ln58_1900 | add | fabric | 0       |
|      add_ln58_1904_fu_315123_p2                                                 |     |        | add_ln58_1904 | add | fabric | 0       |
|      add_ln58_1911_fu_320550_p2                                                 |     |        | add_ln58_1911 | add | fabric | 0       |
|      add_ln58_1912_fu_325539_p2                                                 |     |        | add_ln58_1912 | add | fabric | 0       |
|      add_ln58_1913_fu_325549_p2                                                 |     |        | add_ln58_1913 | add | fabric | 0       |
|      add_ln58_1914_fu_332208_p2                                                 |     |        | add_ln58_1914 | add | fabric | 0       |
|      add_ln58_1915_fu_332214_p2                                                 |     |        | add_ln58_1915 | add | fabric | 0       |
|      add_ln58_1917_fu_336076_p2                                                 |     |        | add_ln58_1917 | add | fabric | 0       |
|      add_ln58_1918_fu_336086_p2                                                 |     |        | add_ln58_1918 | add | fabric | 0       |
|      add_ln58_1921_fu_339197_p2                                                 |     |        | add_ln58_1921 | add | fabric | 0       |
|      add_ln58_1922_fu_339207_p2                                                 |     |        | add_ln58_1922 | add | fabric | 0       |
|      add_ln58_1923_fu_339212_p2                                                 |     |        | add_ln58_1923 | add | fabric | 0       |
|      add_ln58_1924_fu_339221_p2                                                 |     |        | add_ln58_1924 | add | fabric | 0       |
|      add_ln58_1926_fu_341540_p2                                                 |     |        | add_ln58_1926 | add | fabric | 0       |
|      add_ln58_1934_fu_304208_p2                                                 |     |        | add_ln58_1934 | add | fabric | 0       |
|      add_ln58_1938_fu_325555_p2                                                 |     |        | add_ln58_1938 | add | fabric | 0       |
|      add_ln58_1944_fu_299225_p2                                                 |     |        | add_ln58_1944 | add | fabric | 0       |
|      add_ln58_1945_fu_339230_p2                                                 |     |        | add_ln58_1945 | add | fabric | 0       |
|      add_ln58_1946_fu_308965_p2                                                 |     |        | add_ln58_1946 | add | fabric | 0       |
|      add_ln58_1947_fu_308975_p2                                                 |     |        | add_ln58_1947 | add | fabric | 0       |
|      add_ln58_1949_fu_320568_p2                                                 |     |        | add_ln58_1949 | add | fabric | 0       |
|      add_ln58_1951_fu_332229_p2                                                 |     |        | add_ln58_1951 | add | fabric | 0       |
|      add_ln58_1952_fu_332239_p2                                                 |     |        | add_ln58_1952 | add | fabric | 0       |
|      add_ln58_1956_fu_332251_p2                                                 |     |        | add_ln58_1956 | add | fabric | 0       |
|      add_ln58_1958_fu_304214_p2                                                 |     |        | add_ln58_1958 | add | fabric | 0       |
|      add_ln58_1959_fu_308984_p2                                                 |     |        | add_ln58_1959 | add | fabric | 0       |
|      add_ln58_1961_fu_296876_p2                                                 |     |        | add_ln58_1961 | add | fabric | 0       |
|      add_ln58_1962_fu_304223_p2                                                 |     |        | add_ln58_1962 | add | fabric | 0       |
|      add_ln58_1963_fu_320574_p2                                                 |     |        | add_ln58_1963 | add | fabric | 0       |
|      add_ln58_1964_fu_325567_p2                                                 |     |        | add_ln58_1964 | add | fabric | 0       |
|      add_ln58_1965_fu_325577_p2                                                 |     |        | add_ln58_1965 | add | fabric | 0       |
|      add_ln58_1967_fu_332257_p2                                                 |     |        | add_ln58_1967 | add | fabric | 0       |
|      add_ln58_1968_fu_336156_p2                                                 |     |        | add_ln58_1968 | add | fabric | 0       |
|      add_ln58_1969_fu_308990_p2                                                 |     |        | add_ln58_1969 | add | fabric | 0       |
|      add_ln58_1970_fu_315164_p2                                                 |     |        | add_ln58_1970 | add | fabric | 0       |
|      add_ln58_1972_fu_332263_p2                                                 |     |        | add_ln58_1972 | add | fabric | 0       |
|      add_ln58_1973_fu_336178_p2                                                 |     |        | add_ln58_1973 | add | fabric | 0       |
|      add_ln58_1974_fu_332269_p2                                                 |     |        | add_ln58_1974 | add | fabric | 0       |
|      add_ln58_1975_fu_336191_p2                                                 |     |        | add_ln58_1975 | add | fabric | 0       |
|      add_ln58_1976_fu_336201_p2                                                 |     |        | add_ln58_1976 | add | fabric | 0       |
|      add_ln58_1981_fu_296882_p2                                                 |     |        | add_ln58_1981 | add | fabric | 0       |
|      add_ln58_1982_fu_299231_p2                                                 |     |        | add_ln58_1982 | add | fabric | 0       |
|      add_ln58_1985_fu_304229_p2                                                 |     |        | add_ln58_1985 | add | fabric | 0       |
|      add_ln58_1987_fu_304235_p2                                                 |     |        | add_ln58_1987 | add | fabric | 0       |
|      add_ln58_1988_fu_304245_p2                                                 |     |        | add_ln58_1988 | add | fabric | 0       |
|      add_ln58_1993_fu_308996_p2                                                 |     |        | add_ln58_1993 | add | fabric | 0       |
|      add_ln58_1994_fu_309006_p2                                                 |     |        | add_ln58_1994 | add | fabric | 0       |
|      add_ln58_1996_fu_315182_p2                                                 |     |        | add_ln58_1996 | add | fabric | 0       |
|      add_ln58_2005_fu_320592_p2                                                 |     |        | add_ln58_2005 | add | fabric | 0       |
|      add_ln58_2008_fu_320598_p2                                                 |     |        | add_ln58_2008 | add | fabric | 0       |
|      add_ln58_2009_fu_320608_p2                                                 |     |        | add_ln58_2009 | add | fabric | 0       |
|      add_ln58_2010_fu_325586_p2                                                 |     |        | add_ln58_2010 | add | fabric | 0       |
|      add_ln58_2014_fu_332275_p2                                                 |     |        | add_ln58_2014 | add | fabric | 0       |
|      add_ln58_2015_fu_332285_p2                                                 |     |        | add_ln58_2015 | add | fabric | 0       |
|      add_ln58_2019_fu_332303_p2                                                 |     |        | add_ln58_2019 | add | fabric | 0       |
|      add_ln58_2020_fu_336228_p2                                                 |     |        | add_ln58_2020 | add | fabric | 0       |
|      add_ln58_2021_fu_332309_p2                                                 |     |        | add_ln58_2021 | add | fabric | 0       |
|      add_ln58_2022_fu_336241_p2                                                 |     |        | add_ln58_2022 | add | fabric | 0       |
|      add_ln58_2023_fu_336251_p2                                                 |     |        | add_ln58_2023 | add | fabric | 0       |
|      add_ln58_2027_fu_339266_p2                                                 |     |        | add_ln58_2027 | add | fabric | 0       |
|      add_ln58_2031_fu_320614_p2                                                 |     |        | add_ln58_2031 | add | fabric | 0       |
|      add_ln58_2042_fu_341626_p2                                                 |     |        | add_ln58_2042 | add | fabric | 0       |
|      add_ln58_2044_fu_296888_p2                                                 |     |        | add_ln58_2044 | add | fabric | 0       |
|      add_ln58_2045_fu_296898_p2                                                 |     |        | add_ln58_2045 | add | fabric | 0       |
|      add_ln58_2049_fu_309012_p2                                                 |     |        | add_ln58_2049 | add | fabric | 0       |
|      add_ln58_2051_fu_315230_p2                                                 |     |        | add_ln58_2051 | add | fabric | 0       |
|      add_ln58_2052_fu_315240_p2                                                 |     |        | add_ln58_2052 | add | fabric | 0       |
|      add_ln58_2054_fu_332350_p2                                                 |     |        | add_ln58_2054 | add | fabric | 0       |
|      add_ln58_2056_fu_339319_p2                                                 |     |        | add_ln58_2056 | add | fabric | 0       |
|      add_ln58_2057_fu_339329_p2                                                 |     |        | add_ln58_2057 | add | fabric | 0       |
|      add_ln58_2060_fu_320620_p2                                                 |     |        | add_ln58_2060 | add | fabric | 0       |
|      add_ln58_2061_fu_325607_p2                                                 |     |        | add_ln58_2061 | add | fabric | 0       |
|      add_ln58_2062_fu_336263_p2                                                 |     |        | add_ln58_2062 | add | fabric | 0       |
|      add_ln58_2063_fu_336273_p2                                                 |     |        | add_ln58_2063 | add | fabric | 0       |
|      add_ln58_2065_fu_339353_p2                                                 |     |        | add_ln58_2065 | add | fabric | 0       |
|      add_ln58_2067_fu_332356_p2                                                 |     |        | add_ln58_2067 | add | fabric | 0       |
|      add_ln58_2068_fu_336282_p2                                                 |     |        | add_ln58_2068 | add | fabric | 0       |
|      add_ln58_2074_fu_296904_p2                                                 |     |        | add_ln58_2074 | add | fabric | 0       |
|      add_ln58_2081_fu_304275_p2                                                 |     |        | add_ln58_2081 | add | fabric | 0       |
|      add_ln58_2082_fu_304285_p2                                                 |     |        | add_ln58_2082 | add | fabric | 0       |
|      add_ln58_2083_fu_309024_p2                                                 |     |        | add_ln58_2083 | add | fabric | 0       |
|      add_ln58_2085_fu_304291_p2                                                 |     |        | add_ln58_2085 | add | fabric | 0       |
|      add_ln58_2086_fu_304301_p2                                                 |     |        | add_ln58_2086 | add | fabric | 0       |
|      add_ln58_2087_fu_309030_p2                                                 |     |        | add_ln58_2087 | add | fabric | 0       |
|      add_ln58_2088_fu_309040_p2                                                 |     |        | add_ln58_2088 | add | fabric | 0       |
|      add_ln58_2092_fu_315268_p2                                                 |     |        | add_ln58_2092 | add | fabric | 0       |
|      add_ln58_2095_fu_315293_p2                                                 |     |        | add_ln58_2095 | add | fabric | 0       |
|      add_ln58_2098_fu_320649_p2                                                 |     |        | add_ln58_2098 | add | fabric | 0       |
|      add_ln58_2100_fu_325613_p2                                                 |     |        | add_ln58_2100 | add | fabric | 0       |
|      add_ln58_2101_fu_332365_p2                                                 |     |        | add_ln58_2101 | add | fabric | 0       |
|      add_ln58_2103_fu_332371_p2                                                 |     |        | add_ln58_2103 | add | fabric | 0       |
|      add_ln58_2105_fu_336288_p2                                                 |     |        | add_ln58_2105 | add | fabric | 0       |
|      add_ln58_2106_fu_336298_p2                                                 |     |        | add_ln58_2106 | add | fabric | 0       |
|      add_ln58_2109_fu_339388_p2                                                 |     |        | add_ln58_2109 | add | fabric | 0       |
|      add_ln58_2110_fu_339398_p2                                                 |     |        | add_ln58_2110 | add | fabric | 0       |
|      add_ln58_2111_fu_339404_p2                                                 |     |        | add_ln58_2111 | add | fabric | 0       |
|      add_ln58_2112_fu_339414_p2                                                 |     |        | add_ln58_2112 | add | fabric | 0       |
|      add_ln58_2114_fu_341689_p2                                                 |     |        | add_ln58_2114 | add | fabric | 0       |
|      add_ln58_2117_fu_320661_p2                                                 |     |        | add_ln58_2117 | add | fabric | 0       |
|      add_ln58_2128_fu_339424_p2                                                 |     |        | add_ln58_2128 | add | fabric | 0       |
|      add_ln58_2130_fu_309046_p2                                                 |     |        | add_ln58_2130 | add | fabric | 0       |
|      add_ln58_2131_fu_309056_p2                                                 |     |        | add_ln58_2131 | add | fabric | 0       |
|      add_ln58_2134_fu_325631_p2                                                 |     |        | add_ln58_2134 | add | fabric | 0       |
|      add_ln58_2135_fu_325641_p2                                                 |     |        | add_ln58_2135 | add | fabric | 0       |
|      add_ln58_2136_fu_332389_p2                                                 |     |        | add_ln58_2136 | add | fabric | 0       |
|      add_ln58_2137_fu_332399_p2                                                 |     |        | add_ln58_2137 | add | fabric | 0       |
|      add_ln58_2139_fu_332405_p2                                                 |     |        | add_ln58_2139 | add | fabric | 0       |
|      add_ln58_2141_fu_336304_p2                                                 |     |        | add_ln58_2141 | add | fabric | 0       |
|      add_ln58_2142_fu_339459_p2                                                 |     |        | add_ln58_2142 | add | fabric | 0       |
|      add_ln58_2143_fu_339469_p2                                                 |     |        | add_ln58_2143 | add | fabric | 0       |
|      add_ln58_2147_fu_339481_p2                                                 |     |        | add_ln58_2147 | add | fabric | 0       |
|      add_ln58_2149_fu_304307_p2                                                 |     |        | add_ln58_2149 | add | fabric | 0       |
|      add_ln58_2150_fu_309065_p2                                                 |     |        | add_ln58_2150 | add | fabric | 0       |
|      add_ln58_2152_fu_320673_p2                                                 |     |        | add_ln58_2152 | add | fabric | 0       |
|      add_ln58_2153_fu_320683_p2                                                 |     |        | add_ln58_2153 | add | fabric | 0       |
|      add_ln58_2154_fu_320689_p2                                                 |     |        | add_ln58_2154 | add | fabric | 0       |
|      add_ln58_2155_fu_320695_p2                                                 |     |        | add_ln58_2155 | add | fabric | 0       |
|      add_ln58_2156_fu_325656_p2                                                 |     |        | add_ln58_2156 | add | fabric | 0       |
|      add_ln58_2157_fu_325666_p2                                                 |     |        | add_ln58_2157 | add | fabric | 0       |
|      add_ln58_2159_fu_339502_p2                                                 |     |        | add_ln58_2159 | add | fabric | 0       |
|      add_ln58_2161_fu_315299_p2                                                 |     |        | add_ln58_2161 | add | fabric | 0       |
|      add_ln58_2162_fu_320704_p2                                                 |     |        | add_ln58_2162 | add | fabric | 0       |
|      add_ln58_2164_fu_325672_p2                                                 |     |        | add_ln58_2164 | add | fabric | 0       |
|      add_ln58_2165_fu_325682_p2                                                 |     |        | add_ln58_2165 | add | fabric | 0       |
|      add_ln58_2166_fu_325688_p2                                                 |     |        | add_ln58_2166 | add | fabric | 0       |
|      add_ln58_2167_fu_325694_p2                                                 |     |        | add_ln58_2167 | add | fabric | 0       |
|      add_ln58_2168_fu_332420_p2                                                 |     |        | add_ln58_2168 | add | fabric | 0       |
|      add_ln58_2169_fu_332430_p2                                                 |     |        | add_ln58_2169 | add | fabric | 0       |
|      add_ln58_2170_fu_339534_p2                                                 |     |        | add_ln58_2170 | add | fabric | 0       |
|      add_ln58_2174_fu_299264_p2                                                 |     |        | add_ln58_2174 | add | fabric | 0       |
|      add_ln58_2181_fu_309071_p2                                                 |     |        | add_ln58_2181 | add | fabric | 0       |
|      add_ln58_2182_fu_309081_p2                                                 |     |        | add_ln58_2182 | add | fabric | 0       |
|      add_ln58_2183_fu_315311_p2                                                 |     |        | add_ln58_2183 | add | fabric | 0       |
|      add_ln58_2187_fu_309099_p2                                                 |     |        | add_ln58_2187 | add | fabric | 0       |
|      add_ln58_2188_fu_309109_p2                                                 |     |        | add_ln58_2188 | add | fabric | 0       |
|      add_ln58_2192_fu_296910_p2                                                 |     |        | add_ln58_2192 | add | fabric | 0       |
|      add_ln58_2193_fu_296920_p2                                                 |     |        | add_ln58_2193 | add | fabric | 0       |
|      add_ln58_2194_fu_296930_p2                                                 |     |        | add_ln58_2194 | add | fabric | 0       |
|      add_ln58_2195_fu_315348_p2                                                 |     |        | add_ln58_2195 | add | fabric | 0       |
|      add_ln58_2198_fu_320710_p2                                                 |     |        | add_ln58_2198 | add | fabric | 0       |
|      add_ln58_2199_fu_320720_p2                                                 |     |        | add_ln58_2199 | add | fabric | 0       |
|      add_ln58_2200_fu_320730_p2                                                 |     |        | add_ln58_2200 | add | fabric | 0       |
|      add_ln58_2205_fu_332436_p2                                                 |     |        | add_ln58_2205 | add | fabric | 0       |
|      add_ln58_2209_fu_336310_p2                                                 |     |        | add_ln58_2209 | add | fabric | 0       |
|      add_ln58_2210_fu_336320_p2                                                 |     |        | add_ln58_2210 | add | fabric | 0       |
|      add_ln58_2211_fu_336326_p2                                                 |     |        | add_ln58_2211 | add | fabric | 0       |
|      add_ln58_2212_fu_336336_p2                                                 |     |        | add_ln58_2212 | add | fabric | 0       |
|      add_ln58_2214_fu_336342_p2                                                 |     |        | add_ln58_2214 | add | fabric | 0       |
|      add_ln58_2217_fu_309115_p2                                                 |     |        | add_ln58_2217 | add | fabric | 0       |
|      add_ln58_2228_fu_332442_p2                                                 |     |        | add_ln58_2228 | add | fabric | 0       |
|      add_ln58_2234_fu_296936_p2                                                 |     |        | add_ln58_2234 | add | fabric | 0       |
|      add_ln58_2235_fu_336351_p2                                                 |     |        | add_ln58_2235 | add | fabric | 0       |
|      add_ln58_2236_fu_299282_p2                                                 |     |        | add_ln58_2236 | add | fabric | 0       |
|      add_ln58_2237_fu_299292_p2                                                 |     |        | add_ln58_2237 | add | fabric | 0       |
|      add_ln58_2239_fu_315360_p2                                                 |     |        | add_ln58_2239 | add | fabric | 0       |
|      add_ln58_2241_fu_315366_p2                                                 |     |        | add_ln58_2241 | add | fabric | 0       |
|      add_ln58_2242_fu_325724_p2                                                 |     |        | add_ln58_2242 | add | fabric | 0       |
|      add_ln58_2243_fu_325734_p2                                                 |     |        | add_ln58_2243 | add | fabric | 0       |
|      add_ln58_2247_fu_336367_p2                                                 |     |        | add_ln58_2247 | add | fabric | 0       |
|      add_ln58_2249_fu_339618_p2                                                 |     |        | add_ln58_2249 | add | fabric | 0       |
|      add_ln58_2250_fu_339628_p2                                                 |     |        | add_ln58_2250 | add | fabric | 0       |
|      add_ln58_2252_fu_309121_p2                                                 |     |        | add_ln58_2252 | add | fabric | 0       |
|      add_ln58_2253_fu_315375_p2                                                 |     |        | add_ln58_2253 | add | fabric | 0       |
|      add_ln58_2254_fu_325746_p2                                                 |     |        | add_ln58_2254 | add | fabric | 0       |
|      add_ln58_2255_fu_332454_p2                                                 |     |        | add_ln58_2255 | add | fabric | 0       |
|      add_ln58_2256_fu_332464_p2                                                 |     |        | add_ln58_2256 | add | fabric | 0       |
|      add_ln58_2258_fu_336373_p2                                                 |     |        | add_ln58_2258 | add | fabric | 0       |
|      add_ln58_2259_fu_336383_p2                                                 |     |        | add_ln58_2259 | add | fabric | 0       |
|      add_ln58_2260_fu_332470_p2                                                 |     |        | add_ln58_2260 | add | fabric | 0       |
|      add_ln58_2261_fu_336396_p2                                                 |     |        | add_ln58_2261 | add | fabric | 0       |
|      add_ln58_2263_fu_304325_p2                                                 |     |        | add_ln58_2263 | add | fabric | 0       |
|      add_ln58_2264_fu_309130_p2                                                 |     |        | add_ln58_2264 | add | fabric | 0       |
|      add_ln58_2265_fu_332476_p2                                                 |     |        | add_ln58_2265 | add | fabric | 0       |
|      add_ln58_2266_fu_332482_p2                                                 |     |        | add_ln58_2266 | add | fabric | 0       |
|      add_ln58_2267_fu_336421_p2                                                 |     |        | add_ln58_2267 | add | fabric | 0       |
|      add_ln58_2268_fu_336431_p2                                                 |     |        | add_ln58_2268 | add | fabric | 0       |
|      add_ln58_2273_fu_299298_p2                                                 |     |        | add_ln58_2273 | add | fabric | 0       |
|      add_ln58_2276_fu_299324_p2                                                 |     |        | add_ln58_2276 | add | fabric | 0       |
|      add_ln58_2277_fu_299330_p2                                                 |     |        | add_ln58_2277 | add | fabric | 0       |
|      add_ln58_2283_fu_304343_p2                                                 |     |        | add_ln58_2283 | add | fabric | 0       |
|      add_ln58_2284_fu_304353_p2                                                 |     |        | add_ln58_2284 | add | fabric | 0       |
|      add_ln58_2288_fu_309147_p2                                                 |     |        | add_ln58_2288 | add | fabric | 0       |
|      add_ln58_2289_fu_315388_p2                                                 |     |        | add_ln58_2289 | add | fabric | 0       |
|      add_ln58_2290_fu_315398_p2                                                 |     |        | add_ln58_2290 | add | fabric | 0       |
|      add_ln58_2295_fu_320771_p2                                                 |     |        | add_ln58_2295 | add | fabric | 0       |
|      add_ln58_2298_fu_320797_p2                                                 |     |        | add_ln58_2298 | add | fabric | 0       |
|      add_ln58_2299_fu_325752_p2                                                 |     |        | add_ln58_2299 | add | fabric | 0       |
|      add_ln58_2300_fu_325762_p2                                                 |     |        | add_ln58_2300 | add | fabric | 0       |
|      add_ln58_2301_fu_325768_p2                                                 |     |        | add_ln58_2301 | add | fabric | 0       |
|      add_ln58_2302_fu_325778_p2                                                 |     |        | add_ln58_2302 | add | fabric | 0       |
|      add_ln58_2303_fu_332494_p2                                                 |     |        | add_ln58_2303 | add | fabric | 0       |
|      add_ln58_2305_fu_332500_p2                                                 |     |        | add_ln58_2305 | add | fabric | 0       |
|      add_ln58_2306_fu_332510_p2                                                 |     |        | add_ln58_2306 | add | fabric | 0       |
|      add_ln58_2310_fu_341852_p2                                                 |     |        | add_ln58_2310 | add | fabric | 0       |
|      add_ln58_2311_fu_341862_p2                                                 |     |        | add_ln58_2311 | add | fabric | 0       |
|      add_ln58_2312_fu_304359_p2                                                 |     |        | add_ln58_2312 | add | fabric | 0       |
|      add_ln58_2318_fu_309153_p2                                                 |     |        | add_ln58_2318 | add | fabric | 0       |
|      add_ln58_2322_fu_320803_p2                                                 |     |        | add_ln58_2322 | add | fabric | 0       |
|      add_ln58_2333_fu_339656_p2                                                 |     |        | add_ln58_2333 | add | fabric | 0       |
|      add_ln58_2335_fu_304365_p2                                                 |     |        | add_ln58_2335 | add | fabric | 0       |
|      add_ln58_2336_fu_309174_p2                                                 |     |        | add_ln58_2336 | add | fabric | 0       |
|      add_ln58_2340_fu_315426_p2                                                 |     |        | add_ln58_2340 | add | fabric | 0       |
|      add_ln58_2341_fu_325817_p2                                                 |     |        | add_ln58_2341 | add | fabric | 0       |
|      add_ln58_2344_fu_339679_p2                                                 |     |        | add_ln58_2344 | add | fabric | 0       |
|      add_ln58_2346_fu_339695_p2                                                 |     |        | add_ln58_2346 | add | fabric | 0       |
|      add_ln58_2347_fu_339705_p2                                                 |     |        | add_ln58_2347 | add | fabric | 0       |
|      add_ln58_2350_fu_325823_p2                                                 |     |        | add_ln58_2350 | add | fabric | 0       |
|      add_ln58_2351_fu_325833_p2                                                 |     |        | add_ln58_2351 | add | fabric | 0       |
|      add_ln58_2352_fu_332546_p2                                                 |     |        | add_ln58_2352 | add | fabric | 0       |
|      add_ln58_2353_fu_336465_p2                                                 |     |        | add_ln58_2353 | add | fabric | 0       |
|      add_ln58_2355_fu_332552_p2                                                 |     |        | add_ln58_2355 | add | fabric | 0       |
|      add_ln58_2356_fu_336484_p2                                                 |     |        | add_ln58_2356 | add | fabric | 0       |
|      add_ln58_2357_fu_325839_p2                                                 |     |        | add_ln58_2357 | add | fabric | 0       |
|      add_ln58_2358_fu_332561_p2                                                 |     |        | add_ln58_2358 | add | fabric | 0       |
|      add_ln58_2359_fu_336497_p2                                                 |     |        | add_ln58_2359 | add | fabric | 0       |
|      add_ln58_2366_fu_304371_p2                                                 |     |        | add_ln58_2366 | add | fabric | 0       |
|      add_ln58_2367_fu_304381_p2                                                 |     |        | add_ln58_2367 | add | fabric | 0       |
|      add_ln58_2368_fu_309186_p2                                                 |     |        | add_ln58_2368 | add | fabric | 0       |
|      add_ln58_2369_fu_309192_p2                                                 |     |        | add_ln58_2369 | add | fabric | 0       |
|      add_ln58_2370_fu_309201_p2                                                 |     |        | add_ln58_2370 | add | fabric | 0       |
|      add_ln58_2371_fu_309207_p2                                                 |     |        | add_ln58_2371 | add | fabric | 0       |
|      add_ln58_2372_fu_315435_p2                                                 |     |        | add_ln58_2372 | add | fabric | 0       |
|      add_ln58_2378_fu_320809_p2                                                 |     |        | add_ln58_2378 | add | fabric | 0       |
|      add_ln58_2379_fu_320819_p2                                                 |     |        | add_ln58_2379 | add | fabric | 0       |
|      add_ln58_2381_fu_325845_p2                                                 |     |        | add_ln58_2381 | add | fabric | 0       |
|      add_ln58_2382_fu_325855_p2                                                 |     |        | add_ln58_2382 | add | fabric | 0       |
|      add_ln58_2383_fu_325861_p2                                                 |     |        | add_ln58_2383 | add | fabric | 0       |
|      add_ln58_2384_fu_332585_p2                                                 |     |        | add_ln58_2384 | add | fabric | 0       |
|      add_ln58_2389_fu_332613_p2                                                 |     |        | add_ln58_2389 | add | fabric | 0       |
|      add_ln58_2390_fu_332623_p2                                                 |     |        | add_ln58_2390 | add | fabric | 0       |
|      add_ln58_2391_fu_332629_p2                                                 |     |        | add_ln58_2391 | add | fabric | 0       |
|      add_ln58_2392_fu_332639_p2                                                 |     |        | add_ln58_2392 | add | fabric | 0       |
|      add_ln58_2393_fu_336524_p2                                                 |     |        | add_ln58_2393 | add | fabric | 0       |
|      add_ln58_2394_fu_336530_p2                                                 |     |        | add_ln58_2394 | add | fabric | 0       |
|      add_ln58_2396_fu_336535_p2                                                 |     |        | add_ln58_2396 | add | fabric | 0       |
|      add_ln58_2397_fu_339725_p2                                                 |     |        | add_ln58_2397 | add | fabric | 0       |
|      add_ln58_2398_fu_339735_p2                                                 |     |        | add_ln58_2398 | add | fabric | 0       |
|      add_ln58_2406_fu_304387_p2                                                 |     |        | add_ln58_2406 | add | fabric | 0       |
|      add_ln58_2409_fu_315475_p2                                                 |     |        | add_ln58_2409 | add | fabric | 0       |
|      add_ln58_2420_fu_339755_p2                                                 |     |        | add_ln58_2420 | add | fabric | 0       |
|      add_ln58_2423_fu_320825_p2                                                 |     |        | add_ln58_2423 | add | fabric | 0       |
|      add_ln58_2427_fu_304393_p2                                                 |     |        | add_ln58_2427 | add | fabric | 0       |
|      add_ln58_2428_fu_309216_p2                                                 |     |        | add_ln58_2428 | add | fabric | 0       |
|      add_ln58_2429_fu_304399_p2                                                 |     |        | add_ln58_2429 | add | fabric | 0       |
|      add_ln58_2430_fu_309225_p2                                                 |     |        | add_ln58_2430 | add | fabric | 0       |
|      add_ln58_2432_fu_315493_p2                                                 |     |        | add_ln58_2432 | add | fabric | 0       |
|      add_ln58_2434_fu_315499_p2                                                 |     |        | add_ln58_2434 | add | fabric | 0       |
|      add_ln58_2435_fu_320843_p2                                                 |     |        | add_ln58_2435 | add | fabric | 0       |
|      add_ln58_2436_fu_320853_p2                                                 |     |        | add_ln58_2436 | add | fabric | 0       |
|      add_ln58_2440_fu_325888_p2                                                 |     |        | add_ln58_2440 | add | fabric | 0       |
|      add_ln58_2442_fu_332654_p2                                                 |     |        | add_ln58_2442 | add | fabric | 0       |
|      add_ln58_2443_fu_332664_p2                                                 |     |        | add_ln58_2443 | add | fabric | 0       |
|      add_ln58_2445_fu_339778_p2                                                 |     |        | add_ln58_2445 | add | fabric | 0       |
|      add_ln58_2447_fu_339794_p2                                                 |     |        | add_ln58_2447 | add | fabric | 0       |
|      add_ln58_2448_fu_339804_p2                                                 |     |        | add_ln58_2448 | add | fabric | 0       |
|      add_ln58_2449_fu_339814_p2                                                 |     |        | add_ln58_2449 | add | fabric | 0       |
|      add_ln58_2452_fu_320865_p2                                                 |     |        | add_ln58_2452 | add | fabric | 0       |
|      add_ln58_2453_fu_320875_p2                                                 |     |        | add_ln58_2453 | add | fabric | 0       |
|      add_ln58_2454_fu_336568_p2                                                 |     |        | add_ln58_2454 | add | fabric | 0       |
|      add_ln58_2455_fu_339832_p2                                                 |     |        | add_ln58_2455 | add | fabric | 0       |
|      add_ln58_2456_fu_339842_p2                                                 |     |        | add_ln58_2456 | add | fabric | 0       |
|      add_ln58_2458_fu_304405_p2                                                 |     |        | add_ln58_2458 | add | fabric | 0       |
|      add_ln58_2459_fu_315508_p2                                                 |     |        | add_ln58_2459 | add | fabric | 0       |
|      add_ln58_2460_fu_320881_p2                                                 |     |        | add_ln58_2460 | add | fabric | 0       |
|      add_ln58_2461_fu_325894_p2                                                 |     |        | add_ln58_2461 | add | fabric | 0       |
|      add_ln58_2462_fu_332685_p2                                                 |     |        | add_ln58_2462 | add | fabric | 0       |
|      add_ln58_2463_fu_332695_p2                                                 |     |        | add_ln58_2463 | add | fabric | 0       |
|  + normalize_array_ap_fixed_24u_array_ap_fixed_57_28_5_3_0_24u_config9_s        | 42  |        |               |     |        |         |
|    i_9_fu_441063_p2                                                             |     |        | i_9           | add | fabric | 0       |
|    mul_40s_12ns_51_3_1_U543                                                     | 2   |        | mul_ln73      | mul | auto   | 2       |
|    add_ln42_fu_441506_p2                                                        |     |        | add_ln42      | add | fabric | 0       |
|    mul_40s_8ns_47_3_1_U526                                                      | 2   |        | mul_ln42      | mul | auto   | 2       |
|    add_ln42_1_fu_441515_p2                                                      |     |        | add_ln42_1    | add | fabric | 0       |
|    mul_40s_11ns_50_3_1_U530                                                     | 2   |        | mul_ln42_1    | mul | auto   | 2       |
|    add_ln42_2_fu_441524_p2                                                      |     |        | add_ln42_2    | add | fabric | 0       |
|    mul_40s_11ns_50_3_1_U536                                                     | 2   |        | mul_ln42_2    | mul | auto   | 2       |
|    add_ln42_3_fu_441533_p2                                                      |     |        | add_ln42_3    | add | fabric | 0       |
|    mul_40s_7ns_46_3_1_U534                                                      | 2   |        | mul_ln42_3    | mul | auto   | 2       |
|    add_ln42_4_fu_441542_p2                                                      |     |        | add_ln42_4    | add | fabric | 0       |
|    mul_40s_12ns_51_3_1_U539                                                     | 2   |        | mul_ln73_1    | mul | auto   | 2       |
|    add_ln42_5_fu_441551_p2                                                      |     |        | add_ln42_5    | add | fabric | 0       |
|    mul_40s_11ns_50_3_1_U540                                                     | 2   |        | mul_ln42_4    | mul | auto   | 2       |
|    add_ln42_6_fu_441560_p2                                                      |     |        | add_ln42_6    | add | fabric | 0       |
|    mul_40s_10ns_49_3_1_U527                                                     | 2   |        | mul_ln42_5    | mul | auto   | 2       |
|    add_ln42_7_fu_441569_p2                                                      |     |        | add_ln42_7    | add | fabric | 0       |
|    mul_40s_9ns_48_3_1_U525                                                      | 2   |        | mul_ln42_6    | mul | auto   | 2       |
|    add_ln42_8_fu_441578_p2                                                      |     |        | add_ln42_8    | add | fabric | 0       |
|    mul_40s_10ns_49_3_1_U537                                                     | 2   |        | mul_ln42_7    | mul | auto   | 2       |
|    add_ln42_9_fu_441587_p2                                                      |     |        | add_ln42_9    | add | fabric | 0       |
|    mul_40s_10ns_49_3_1_U524                                                     | 2   |        | mul_ln42_8    | mul | auto   | 2       |
|    add_ln42_10_fu_441596_p2                                                     |     |        | add_ln42_10   | add | fabric | 0       |
|    mul_40s_11ns_50_3_1_U532                                                     | 2   |        | mul_ln42_9    | mul | auto   | 2       |
|    add_ln42_11_fu_441605_p2                                                     |     |        | add_ln42_11   | add | fabric | 0       |
|    mul_40s_10ns_49_3_1_U542                                                     | 2   |        | mul_ln42_10   | mul | auto   | 2       |
|    add_ln42_12_fu_441614_p2                                                     |     |        | add_ln42_12   | add | fabric | 0       |
|    mul_40s_8ns_47_3_1_U533                                                      | 2   |        | mul_ln42_11   | mul | auto   | 2       |
|    add_ln42_13_fu_441623_p2                                                     |     |        | add_ln42_13   | add | fabric | 0       |
|    mul_40s_10ns_49_3_1_U528                                                     | 2   |        | mul_ln42_12   | mul | auto   | 2       |
|    add_ln42_14_fu_441632_p2                                                     |     |        | add_ln42_14   | add | fabric | 0       |
|    mul_40s_9ns_48_3_1_U529                                                      | 2   |        | mul_ln42_13   | mul | auto   | 2       |
|    add_ln42_15_fu_441641_p2                                                     |     |        | add_ln42_15   | add | fabric | 0       |
|    mul_40s_11ns_50_3_1_U531                                                     | 2   |        | mul_ln42_14   | mul | auto   | 2       |
|    add_ln42_16_fu_441650_p2                                                     |     |        | add_ln42_16   | add | fabric | 0       |
|    mul_40s_12ns_51_3_1_U538                                                     | 2   |        | mul_ln73_2    | mul | auto   | 2       |
|    add_ln42_17_fu_441659_p2                                                     |     |        | add_ln42_17   | add | fabric | 0       |
|    add_ln42_24_fu_441414_p2                                                     |     |        | add_ln42_24   | add | fabric | 0       |
|    add_ln42_18_fu_441424_p2                                                     |     |        | add_ln42_18   | add | fabric | 0       |
|    add_ln42_25_fu_441452_p2                                                     |     |        | add_ln42_25   | add | fabric | 0       |
|    add_ln42_19_fu_441462_p2                                                     |     |        | add_ln42_19   | add | fabric | 0       |
|    add_ln42_26_fu_441490_p2                                                     |     |        | add_ln42_26   | add | fabric | 0       |
|    add_ln42_20_fu_441500_p2                                                     |     |        | add_ln42_20   | add | fabric | 0       |
|    mul_40s_10ns_49_3_1_U541                                                     | 2   |        | mul_ln42_15   | mul | auto   | 2       |
|    add_ln42_21_fu_441677_p2                                                     |     |        | add_ln42_21   | add | fabric | 0       |
|    mul_40s_9ns_48_3_1_U535                                                      | 2   |        | mul_ln42_16   | mul | auto   | 2       |
|    add_ln42_22_fu_441686_p2                                                     |     |        | add_ln42_22   | add | fabric | 0       |
|    mul_40s_9ns_48_3_1_U523                                                      | 2   |        | mul_ln42_17   | mul | auto   | 2       |
|    add_ln42_23_fu_441695_p2                                                     |     |        | add_ln42_23   | add | fabric | 0       |
|  + relu_array_ap_fixed_24u_array_ap_ufixed_16_6_4_0_0_24u_relu_config10_s       | 0   |        |               |     |        |         |
|    i_6_fu_431_p2                                                                |     |        | i_6           | add | fabric | 0       |
|    add_ln52_fu_2148_p2                                                          |     |        | add_ln52      | add | fabric | 0       |
|    add_ln52_1_fu_2302_p2                                                        |     |        | add_ln52_1    | add | fabric | 0       |
|    add_ln52_2_fu_2456_p2                                                        |     |        | add_ln52_2    | add | fabric | 0       |
|    add_ln52_3_fu_2610_p2                                                        |     |        | add_ln52_3    | add | fabric | 0       |
|    add_ln52_4_fu_2764_p2                                                        |     |        | add_ln52_4    | add | fabric | 0       |
|    add_ln52_5_fu_2918_p2                                                        |     |        | add_ln52_5    | add | fabric | 0       |
|    add_ln52_6_fu_3072_p2                                                        |     |        | add_ln52_6    | add | fabric | 0       |
|    add_ln52_7_fu_3226_p2                                                        |     |        | add_ln52_7    | add | fabric | 0       |
|    add_ln52_8_fu_3380_p2                                                        |     |        | add_ln52_8    | add | fabric | 0       |
|    add_ln52_9_fu_3534_p2                                                        |     |        | add_ln52_9    | add | fabric | 0       |
|    add_ln52_10_fu_3688_p2                                                       |     |        | add_ln52_10   | add | fabric | 0       |
|    add_ln52_11_fu_3842_p2                                                       |     |        | add_ln52_11   | add | fabric | 0       |
|    add_ln52_12_fu_3996_p2                                                       |     |        | add_ln52_12   | add | fabric | 0       |
|    add_ln52_13_fu_4150_p2                                                       |     |        | add_ln52_13   | add | fabric | 0       |
|    add_ln52_14_fu_4304_p2                                                       |     |        | add_ln52_14   | add | fabric | 0       |
|    add_ln52_15_fu_4458_p2                                                       |     |        | add_ln52_15   | add | fabric | 0       |
|    add_ln52_16_fu_4612_p2                                                       |     |        | add_ln52_16   | add | fabric | 0       |
|    add_ln52_17_fu_4766_p2                                                       |     |        | add_ln52_17   | add | fabric | 0       |
|    add_ln52_18_fu_4920_p2                                                       |     |        | add_ln52_18   | add | fabric | 0       |
|    add_ln52_19_fu_5074_p2                                                       |     |        | add_ln52_19   | add | fabric | 0       |
|    add_ln52_20_fu_5228_p2                                                       |     |        | add_ln52_20   | add | fabric | 0       |
|    add_ln52_21_fu_5382_p2                                                       |     |        | add_ln52_21   | add | fabric | 0       |
|    add_ln52_22_fu_5536_p2                                                       |     |        | add_ln52_22   | add | fabric | 0       |
|    add_ln52_23_fu_5690_p2                                                       |     |        | add_ln52_23   | add | fabric | 0       |
|  + pooling2d_cl_array_array_ap_ufixed_16_6_4_0_0_24u_config11_s                 | 0   |        |               |     |        |         |
|    add_ln109_fu_704_p2                                                          |     |        | add_ln109     | add | fabric | 0       |
|    add_ln76_fu_762_p2                                                           |     |        | add_ln76      | add | fabric | 0       |
|    add_ln91_fu_788_p2                                                           |     |        | add_ln91      | add | fabric | 0       |
|    add_ln80_fu_816_p2                                                           |     |        | add_ln80      | add | fabric | 0       |
|    add_ln86_fu_852_p2                                                           |     |        | add_ln86      | add | fabric | 0       |
|  + dense_array_ap_ufixed_24u_array_ap_fixed_16_6_5_3_0_12u_config13_s           | 72  |        |               |     |        |         |
|   + dense_array_array_ap_fixed_16_6_5_3_0_12u_config13_Pipeline_DataPrepare     | 0   |        |               |     |        |         |
|     add_ln33_fu_17102_p2                                                        |     |        | add_ln33      | add | fabric | 0       |
|   + dense_resource_rf_leq_nin_ap_ufixed_ap_fixed_16_6_5_3_0_config13_s          | 72  |        |               |     |        |         |
|     mul_16s_16ns_27_1_1_U1980                                                   | 1   |        | mul_ln58      | mul | auto   | 0       |
|     mul_16s_16ns_27_1_1_U1981                                                   | 1   |        | mul_ln58_1    | mul | auto   | 0       |
|     mul_16s_16ns_27_1_1_U1982                                                   | 1   |        | mul_ln58_2    | mul | auto   | 0       |
|     mul_16s_16ns_27_1_1_U1983                                                   | 1   |        | mul_ln58_3    | mul | auto   | 0       |
|     mul_16s_16ns_27_1_1_U1984                                                   | 1   |        | mul_ln58_4    | mul | auto   | 0       |
|     mul_16s_16ns_27_1_1_U1985                                                   | 1   |        | mul_ln58_5    | mul | auto   | 0       |
|     mul_16s_16ns_27_1_1_U1986                                                   | 1   |        | mul_ln58_6    | mul | auto   | 0       |
|     mul_16s_16ns_27_1_1_U1987                                                   | 1   |        | mul_ln58_7    | mul | auto   | 0       |
|     mul_16s_16ns_27_1_1_U1988                                                   | 1   |        | mul_ln58_8    | mul | auto   | 0       |
|     mul_16s_16ns_27_1_1_U1989                                                   | 1   |        | mul_ln58_9    | mul | auto   | 0       |
|     mul_16s_16ns_27_1_1_U1990                                                   | 1   |        | mul_ln58_10   | mul | auto   | 0       |
|     mul_16s_16ns_27_1_1_U1991                                                   | 1   |        | mul_ln58_11   | mul | auto   | 0       |
|     mul_16s_16ns_27_1_1_U1992                                                   | 1   |        | mul_ln58_12   | mul | auto   | 0       |
|     mul_16s_16ns_27_1_1_U1993                                                   | 1   |        | mul_ln58_13   | mul | auto   | 0       |
|     mul_16s_16ns_27_1_1_U1994                                                   | 1   |        | mul_ln58_14   | mul | auto   | 0       |
|     mul_16s_16ns_27_1_1_U1995                                                   | 1   |        | mul_ln58_15   | mul | auto   | 0       |
|     mul_16s_16ns_27_1_1_U1996                                                   | 1   |        | mul_ln58_16   | mul | auto   | 0       |
|     mul_16s_16ns_27_1_1_U1997                                                   | 1   |        | mul_ln58_17   | mul | auto   | 0       |
|     mul_16s_16ns_27_1_1_U1998                                                   | 1   |        | mul_ln58_18   | mul | auto   | 0       |
|     mul_16s_16ns_27_1_1_U1999                                                   | 1   |        | mul_ln58_19   | mul | auto   | 0       |
|     mul_16s_16ns_27_1_1_U2000                                                   | 1   |        | mul_ln58_20   | mul | auto   | 0       |
|     mul_16s_16ns_27_1_1_U2001                                                   | 1   |        | mul_ln58_21   | mul | auto   | 0       |
|     mul_16s_16ns_27_1_1_U2002                                                   | 1   |        | mul_ln58_22   | mul | auto   | 0       |
|     mul_16s_16ns_27_1_1_U2003                                                   | 1   |        | mul_ln58_23   | mul | auto   | 0       |
|     mul_16s_16ns_27_1_1_U2004                                                   | 1   |        | mul_ln58_24   | mul | auto   | 0       |
|     mul_16s_16ns_27_1_1_U2005                                                   | 1   |        | mul_ln58_25   | mul | auto   | 0       |
|     mul_16s_16ns_27_1_1_U2006                                                   | 1   |        | mul_ln58_26   | mul | auto   | 0       |
|     mul_16s_16ns_27_1_1_U2007                                                   | 1   |        | mul_ln58_27   | mul | auto   | 0       |
|     mul_16s_16ns_27_1_1_U2008                                                   | 1   |        | mul_ln58_28   | mul | auto   | 0       |
|     mul_16s_16ns_27_1_1_U2009                                                   | 1   |        | mul_ln58_29   | mul | auto   | 0       |
|     mul_16s_16ns_27_1_1_U2010                                                   | 1   |        | mul_ln58_30   | mul | auto   | 0       |
|     mul_16s_16ns_27_1_1_U2011                                                   | 1   |        | mul_ln58_31   | mul | auto   | 0       |
|     mul_16s_16ns_27_1_1_U2012                                                   | 1   |        | mul_ln58_32   | mul | auto   | 0       |
|     mul_16s_16ns_27_1_1_U2013                                                   | 1   |        | mul_ln58_33   | mul | auto   | 0       |
|     mul_16s_16ns_27_1_1_U2014                                                   | 1   |        | mul_ln58_34   | mul | auto   | 0       |
|     mul_16s_16ns_27_1_1_U2015                                                   | 1   |        | mul_ln58_35   | mul | auto   | 0       |
|     mul_16s_16ns_27_1_1_U2016                                                   | 1   |        | mul_ln58_36   | mul | auto   | 0       |
|     mul_16s_16ns_27_1_1_U2017                                                   | 1   |        | mul_ln58_37   | mul | auto   | 0       |
|     mul_16s_16ns_27_1_1_U2018                                                   | 1   |        | mul_ln58_38   | mul | auto   | 0       |
|     mul_16s_16ns_27_1_1_U2019                                                   | 1   |        | mul_ln58_39   | mul | auto   | 0       |
|     mul_16s_16ns_27_1_1_U2020                                                   | 1   |        | mul_ln58_40   | mul | auto   | 0       |
|     mul_16s_16ns_27_1_1_U2021                                                   | 1   |        | mul_ln58_41   | mul | auto   | 0       |
|     mul_16s_16ns_27_1_1_U2022                                                   | 1   |        | mul_ln58_42   | mul | auto   | 0       |
|     mul_16s_16ns_27_1_1_U2023                                                   | 1   |        | mul_ln58_43   | mul | auto   | 0       |
|     mul_16s_16ns_27_1_1_U2024                                                   | 1   |        | mul_ln58_44   | mul | auto   | 0       |
|     mul_16s_16ns_27_1_1_U2025                                                   | 1   |        | mul_ln58_45   | mul | auto   | 0       |
|     mul_16s_16ns_27_1_1_U2026                                                   | 1   |        | mul_ln58_46   | mul | auto   | 0       |
|     mul_16s_16ns_27_1_1_U2027                                                   | 1   |        | mul_ln58_47   | mul | auto   | 0       |
|     mul_16s_16ns_27_1_1_U2028                                                   | 1   |        | mul_ln58_48   | mul | auto   | 0       |
|     mul_16s_16ns_27_1_1_U2029                                                   | 1   |        | mul_ln58_49   | mul | auto   | 0       |
|     mul_16s_16ns_27_1_1_U2030                                                   | 1   |        | mul_ln58_50   | mul | auto   | 0       |
|     mul_16s_16ns_27_1_1_U2031                                                   | 1   |        | mul_ln58_51   | mul | auto   | 0       |
|     mul_16s_16ns_27_1_1_U2032                                                   | 1   |        | mul_ln58_52   | mul | auto   | 0       |
|     mul_16s_16ns_27_1_1_U2033                                                   | 1   |        | mul_ln58_53   | mul | auto   | 0       |
|     mul_16s_16ns_27_1_1_U2034                                                   | 1   |        | mul_ln58_54   | mul | auto   | 0       |
|     mul_16s_16ns_27_1_1_U2035                                                   | 1   |        | mul_ln58_55   | mul | auto   | 0       |
|     mul_16s_16ns_27_1_1_U2036                                                   | 1   |        | mul_ln58_56   | mul | auto   | 0       |
|     mul_16s_16ns_27_1_1_U2037                                                   | 1   |        | mul_ln58_57   | mul | auto   | 0       |
|     mul_16s_16ns_27_1_1_U2038                                                   | 1   |        | mul_ln58_58   | mul | auto   | 0       |
|     mul_16s_16ns_27_1_1_U2039                                                   | 1   |        | mul_ln58_59   | mul | auto   | 0       |
|     mul_16s_16ns_27_1_1_U2040                                                   | 1   |        | mul_ln58_60   | mul | auto   | 0       |
|     mul_16s_16ns_27_1_1_U2041                                                   | 1   |        | mul_ln58_61   | mul | auto   | 0       |
|     mul_16s_16ns_27_1_1_U2042                                                   | 1   |        | mul_ln58_62   | mul | auto   | 0       |
|     mul_16s_16ns_27_1_1_U2043                                                   | 1   |        | mul_ln58_63   | mul | auto   | 0       |
|     mul_16s_16ns_27_1_1_U2044                                                   | 1   |        | mul_ln58_64   | mul | auto   | 0       |
|     mul_16s_16ns_27_1_1_U2045                                                   | 1   |        | mul_ln58_65   | mul | auto   | 0       |
|     mul_16s_16ns_27_1_1_U2046                                                   | 1   |        | mul_ln58_66   | mul | auto   | 0       |
|     mul_16s_16ns_27_1_1_U2047                                                   | 1   |        | mul_ln58_67   | mul | auto   | 0       |
|     mul_16s_16ns_27_1_1_U2048                                                   | 1   |        | mul_ln58_68   | mul | auto   | 0       |
|     mul_16s_16ns_27_1_1_U2049                                                   | 1   |        | mul_ln58_69   | mul | auto   | 0       |
|     mul_16s_16ns_27_1_1_U2050                                                   | 1   |        | mul_ln58_70   | mul | auto   | 0       |
|     mul_16ns_7s_23_1_1_U2051                                                    | 1   |        | mul_ln58_71   | mul | auto   | 0       |
|     w_index_fu_45051_p2                                                         |     |        | w_index       | add | fabric | 0       |
|  + normalize_array_ap_fixed_12u_array_ap_fixed_33_13_5_3_0_12u_config15_s       | 12  |        |               |     |        |         |
|    mul_16s_10ns_25_1_1_U3360                                                    | 1   |        | mul_ln42      | mul | auto   | 0       |
|    add_ln42_fu_980_p2                                                           |     |        | add_ln42      | add | fabric | 0       |
|    mul_16s_11ns_26_1_1_U3363                                                    | 1   |        | mul_ln42_28   | mul | auto   | 0       |
|    add_ln42_35_fu_990_p2                                                        |     |        | add_ln42_35   | add | fabric | 0       |
|    mul_16s_10ns_25_1_1_U3356                                                    | 1   |        | mul_ln42_29   | mul | auto   | 0       |
|    add_ln42_36_fu_1000_p2                                                       |     |        | add_ln42_36   | add | fabric | 0       |
|    mul_16s_10s_25_1_1_U3357                                                     | 1   |        | mul_ln42_30   | mul | auto   | 0       |
|    add_ln42_37_fu_1010_p2                                                       |     |        | add_ln42_37   | add | fabric | 0       |
|    mul_16s_13ns_28_1_1_U3353                                                    | 1   |        | mul_ln42_31   | mul | auto   | 0       |
|    add_ln42_38_fu_1020_p2                                                       |     |        | add_ln42_38   | add | fabric | 0       |
|    mul_16s_9s_24_1_1_U3361                                                      | 1   |        | mul_ln42_32   | mul | auto   | 0       |
|    add_ln42_39_fu_1030_p2                                                       |     |        | add_ln42_39   | add | fabric | 0       |
|    mul_16s_12s_27_1_1_U3358                                                     | 1   |        | mul_ln42_33   | mul | auto   | 0       |
|    add_ln42_40_fu_1040_p2                                                       |     |        | add_ln42_40   | add | fabric | 0       |
|    mul_16s_11ns_27_1_1_U3362                                                    | 1   |        | mul_ln73      | mul | auto   | 0       |
|    add_ln42_41_fu_1050_p2                                                       |     |        | add_ln42_41   | add | fabric | 0       |
|    mul_16s_10s_26_1_1_U3354                                                     | 1   |        | mul_ln73_3    | mul | auto   | 0       |
|    add_ln42_42_fu_1060_p2                                                       |     |        | add_ln42_42   | add | fabric | 0       |
|    mul_16s_8ns_23_1_1_U3359                                                     | 1   |        | mul_ln42_34   | mul | auto   | 0       |
|    add_ln42_43_fu_1070_p2                                                       |     |        | add_ln42_43   | add | fabric | 0       |
|    mul_16s_13ns_28_1_1_U3364                                                    | 1   |        | mul_ln42_35   | mul | auto   | 0       |
|    add_ln42_44_fu_1080_p2                                                       |     |        | add_ln42_44   | add | fabric | 0       |
|    mul_16s_10ns_25_1_1_U3355                                                    | 1   |        | mul_ln42_36   | mul | auto   | 0       |
|    add_ln42_45_fu_1090_p2                                                       |     |        | add_ln42_45   | add | fabric | 0       |
|  + relu_array_ap_fixed_12u_array_ap_ufixed_16_6_4_0_0_12u_relu_config16_s       | 0   |        |               |     |        |         |
|    add_ln52_fu_1093_p2                                                          |     |        | add_ln52      | add | fabric | 0       |
|    add_ln52_35_fu_1247_p2                                                       |     |        | add_ln52_35   | add | fabric | 0       |
|    add_ln52_36_fu_1401_p2                                                       |     |        | add_ln52_36   | add | fabric | 0       |
|    add_ln52_37_fu_1555_p2                                                       |     |        | add_ln52_37   | add | fabric | 0       |
|    add_ln52_38_fu_1709_p2                                                       |     |        | add_ln52_38   | add | fabric | 0       |
|    add_ln52_39_fu_1863_p2                                                       |     |        | add_ln52_39   | add | fabric | 0       |
|    add_ln52_40_fu_2017_p2                                                       |     |        | add_ln52_40   | add | fabric | 0       |
|    add_ln52_41_fu_2171_p2                                                       |     |        | add_ln52_41   | add | fabric | 0       |
|    add_ln52_42_fu_2325_p2                                                       |     |        | add_ln52_42   | add | fabric | 0       |
|    add_ln52_43_fu_2479_p2                                                       |     |        | add_ln52_43   | add | fabric | 0       |
|    add_ln52_44_fu_2633_p2                                                       |     |        | add_ln52_44   | add | fabric | 0       |
|    add_ln52_45_fu_2787_p2                                                       |     |        | add_ln52_45   | add | fabric | 0       |
|  + dense_array_ap_ufixed_12u_array_ap_fixed_37_18_5_3_0_1u_config17_s           | 8   |        |               |     |        |         |
|   + dense_latency_wrapper_ap_ufixed_ap_fixed_37_18_5_3_0_config17_s             | 8   |        |               |     |        |         |
|     mul_16ns_10s_25_1_1_U3384                                                   | 1   |        | mul_ln42      | mul | auto   | 0       |
|     mul_16ns_8s_24_1_1_U3382                                                    | 1   |        | mul_ln73      | mul | auto   | 0       |
|     mul_16ns_9s_25_1_1_U3381                                                    | 1   |        | mul_ln73_4    | mul | auto   | 0       |
|     mul_16ns_10s_25_1_1_U3380                                                   | 1   |        | mul_ln42_37   | mul | auto   | 0       |
|     mul_16ns_10s_25_1_1_U3379                                                   | 1   |        | mul_ln42_38   | mul | auto   | 0       |
|     mul_16ns_8ns_23_1_1_U3378                                                   | 1   |        | mul_ln73_5    | mul | auto   | 0       |
|     mul_16ns_10s_25_1_1_U3383                                                   | 1   |        | mul_ln42_39   | mul | auto   | 0       |
|     add_ln73_fu_660_p2                                                          |     |        | add_ln73      | add | fabric | 0       |
|     mul_16ns_10ns_25_1_1_U3385                                                  | 1   |        | mul_ln73_6    | mul | auto   | 0       |
|     add_ln58_fu_741_p2                                                          |     |        | add_ln58      | add | fabric | 0       |
|  + sigmoid_array_array_ap_fixed_16_6_5_3_0_1u_sigmoid_config18_s                | 0   |        |               |     |        |         |
|    add_ln90_fu_136_p2                                                           |     |        | add_ln90      | add | fabric | 0       |
|    index_fu_153_p2                                                              |     |        | index         | add | fabric | 0       |
+---------------------------------------------------------------------------------+-----+--------+---------------+-----+--------+---------+


================================================================
== Storage Report
================================================================
+---------------------------------------------------------------------------------------------+--------------+--------+------+------+--------+--------------------------------------------------------------------------------------+--------+---------+------------------+
| Name                                                                                        | Usage        | Type   | BRAM | URAM | Pragma | Variable                                                                             | Impl   | Latency | Bitwidth, Depth, |
|                                                                                             |              |        |      |      |        |                                                                                      |        |         | Banks            |
+---------------------------------------------------------------------------------------------+--------------+--------+------+------+--------+--------------------------------------------------------------------------------------+--------+---------+------------------+
| + myproject                                                                                 |              |        | 281  | 0    |        |                                                                                      |        |         |                  |
|   layer19_out_U                                                                             | fifo channel | stream |      |      |        | layer19_out                                                                          | srl    | 0       | 1, 988, 1        |
|   layer2_out_U                                                                              | fifo channel | stream | 15   |      |        | layer2_out                                                                           | memory | 0       | 264, 864, 1      |
|   layer4_out_U                                                                              | fifo channel | stream | 26   |      |        | layer4_out                                                                           | memory | 0       | 468, 864, 1      |
|   layer5_out_U                                                                              | fifo channel | stream | 11   |      |        | layer5_out                                                                           | memory | 0       | 192, 864, 1      |
|   layer6_out_U                                                                              | fifo channel | stream | 11   |      |        | layer6_out                                                                           | memory | 0       | 192, 216, 1      |
|   layer20_out_U                                                                             | fifo channel | stream | 11   |      |        | layer20_out                                                                          | memory | 0       | 192, 280, 1      |
|   layer7_out_U                                                                              | fifo channel | stream | 54   |      |        | layer7_out                                                                           | memory | 0       | 960, 216, 1      |
|   layer9_out_U                                                                              | fifo channel | stream | 76   |      |        | layer9_out                                                                           | memory | 0       | 1368, 216, 1     |
|   layer10_out_U                                                                             | fifo channel | stream | 22   |      |        | layer10_out                                                                          | memory | 0       | 384, 216, 1      |
|   layer11_out_U                                                                             | fifo channel | stream | 22   |      |        | layer11_out                                                                          | memory | 0       | 384, 54, 1       |
|   layer13_out_U                                                                             | fifo channel | stream |      |      |        | layer13_out                                                                          | srl    | 0       | 192, 1, 1        |
|   layer15_out_U                                                                             | fifo channel | stream |      |      |        | layer15_out                                                                          | srl    | 0       | 396, 1, 1        |
|   layer16_out_U                                                                             | fifo channel | stream |      |      |        | layer16_out                                                                          | srl    | 0       | 192, 1, 1        |
|   layer17_out_U                                                                             | fifo channel | stream |      |      |        | layer17_out                                                                          | srl    | 0       | 37, 1, 1         |
|  + conv_2d_cl_array_ap_uint_1u_array_ap_fixed_22_13_5_3_0_12u_config2_s                     |              |        | 0    | 0    |        |                                                                                      |        |         |                  |
|   + compute_output_buffer_2d_array_array_ap_fixed_22_13_5_3_0_12u_config2_s                 |              |        | 0    | 0    |        |                                                                                      |        |         |                  |
|    + shift_line_buffer_array_ap_uint_1_1u_config2_s                                         |              |        | 0    | 0    |        |                                                                                      |        |         |                  |
|      void_conv_2d_buffer_latency_cl_stream_stream_weight_t_bias_t_line_buffer_1_U           | ram_1p       |        |      |      |        | void_conv_2d_buffer_latency_cl_stream_stream_weight_t_bias_t_line_buffer_1           | auto   | 0       | 1, 38, 1         |
|      void_conv_2d_buffer_latency_cl_stream_stream_weight_t_bias_t_line_buffer_U             | ram_1p       |        |      |      |        | void_conv_2d_buffer_latency_cl_stream_stream_weight_t_bias_t_line_buffer             | auto   | 0       | 1, 38, 1         |
|  + pooling2d_cl_array_array_ap_ufixed_16_6_4_0_0_12u_config6_s                              |              |        | 0    | 0    |        |                                                                                      |        |         |                  |
|   + shift_line_buffer_array_ap_ufixed_16_6_4_0_0_12u_config6_s                              |              |        | 0    | 0    |        |                                                                                      |        |         |                  |
|     void_pooling2d_cl_stream_stream_array_ap_ufixed_12u_0_line_buffer_9_U                   | ram_1p       |        |      |      |        | void_pooling2d_cl_stream_stream_array_ap_ufixed_12u_0_line_buffer_9                  | auto   | 0       | 16, 36, 1        |
|     void_pooling2d_cl_stream_stream_array_ap_ufixed_12u_0_line_buffer_8_U                   | ram_1p       |        |      |      |        | void_pooling2d_cl_stream_stream_array_ap_ufixed_12u_0_line_buffer_8                  | auto   | 0       | 16, 36, 1        |
|     void_pooling2d_cl_stream_stream_array_ap_ufixed_12u_0_line_buffer_7_U                   | ram_1p       |        |      |      |        | void_pooling2d_cl_stream_stream_array_ap_ufixed_12u_0_line_buffer_7                  | auto   | 0       | 16, 36, 1        |
|     void_pooling2d_cl_stream_stream_array_ap_ufixed_12u_0_line_buffer_6_U                   | ram_1p       |        |      |      |        | void_pooling2d_cl_stream_stream_array_ap_ufixed_12u_0_line_buffer_6                  | auto   | 0       | 16, 36, 1        |
|     void_pooling2d_cl_stream_stream_array_ap_ufixed_12u_0_line_buffer_5_U                   | ram_1p       |        |      |      |        | void_pooling2d_cl_stream_stream_array_ap_ufixed_12u_0_line_buffer_5                  | auto   | 0       | 16, 36, 1        |
|     void_pooling2d_cl_stream_stream_array_ap_ufixed_12u_0_line_buffer_4_U                   | ram_1p       |        |      |      |        | void_pooling2d_cl_stream_stream_array_ap_ufixed_12u_0_line_buffer_4                  | auto   | 0       | 16, 36, 1        |
|     void_pooling2d_cl_stream_stream_array_ap_ufixed_12u_0_line_buffer_3_U                   | ram_1p       |        |      |      |        | void_pooling2d_cl_stream_stream_array_ap_ufixed_12u_0_line_buffer_3                  | auto   | 0       | 16, 36, 1        |
|     void_pooling2d_cl_stream_stream_array_ap_ufixed_12u_0_line_buffer_2_U                   | ram_1p       |        |      |      |        | void_pooling2d_cl_stream_stream_array_ap_ufixed_12u_0_line_buffer_2                  | auto   | 0       | 16, 36, 1        |
|     void_pooling2d_cl_stream_stream_array_ap_ufixed_12u_0_line_buffer_1_U                   | ram_1p       |        |      |      |        | void_pooling2d_cl_stream_stream_array_ap_ufixed_12u_0_line_buffer_1                  | auto   | 0       | 16, 36, 1        |
|     void_pooling2d_cl_stream_stream_array_ap_ufixed_12u_0_line_buffer_U                     | ram_1p       |        |      |      |        | void_pooling2d_cl_stream_stream_array_ap_ufixed_12u_0_line_buffer                    | auto   | 0       | 16, 36, 1        |
|     p_ZZN4nnet12pooling2d_clINS_5arrayI9ap_ufixedILi16ELi6EL9ap_q_mode4EL9ap_o_mode0E_15_U  | ram_1p       |        |      |      |        | p_ZZN4nnet12pooling2d_clINS_5arrayI9ap_ufixedILi16ELi6EL9ap_q_mode4EL9ap_o_mode0E_15 | auto   | 0       | 16, 36, 1        |
|     p_ZZN4nnet12pooling2d_clINS_5arrayI9ap_ufixedILi16ELi6EL9ap_q_mode4EL9ap_o_mode0E_14_U  | ram_1p       |        |      |      |        | p_ZZN4nnet12pooling2d_clINS_5arrayI9ap_ufixedILi16ELi6EL9ap_q_mode4EL9ap_o_mode0E_14 | auto   | 0       | 16, 36, 1        |
|  + conv_2d_cl_array_array_ap_fixed_40_21_5_3_0_24u_config7_s                                |              |        | 0    | 0    |        |                                                                                      |        |         |                  |
|   + compute_output_buffer_2d_array_array_ap_fixed_40_21_5_3_0_24u_config7_s                 |              |        | 0    | 0    |        |                                                                                      |        |         |                  |
|    + shift_line_buffer_array_ap_ufixed_16_6_4_0_0_12u_config7_s                             |              |        | 0    | 0    |        |                                                                                      |        |         |                  |
|      p_ZZN4nnet25conv_2d_buffer_latency_clINS_5arrayI9ap_ufixedILi16ELi6EL9ap_q_mode4E_23_U | ram_1p       |        |      |      |        | p_ZZN4nnet25conv_2d_buffer_latency_clINS_5arrayI9ap_ufixedILi16ELi6EL9ap_q_mode4E_23 | auto   | 0       | 16, 20, 1        |
|      p_ZZN4nnet25conv_2d_buffer_latency_clINS_5arrayI9ap_ufixedILi16ELi6EL9ap_q_mode4E_11_U | ram_1p       |        |      |      |        | p_ZZN4nnet25conv_2d_buffer_latency_clINS_5arrayI9ap_ufixedILi16ELi6EL9ap_q_mode4E_11 | auto   | 0       | 16, 20, 1        |
|      p_ZZN4nnet25conv_2d_buffer_latency_clINS_5arrayI9ap_ufixedILi16ELi6EL9ap_q_mode4E_22_U | ram_1p       |        |      |      |        | p_ZZN4nnet25conv_2d_buffer_latency_clINS_5arrayI9ap_ufixedILi16ELi6EL9ap_q_mode4E_22 | auto   | 0       | 16, 20, 1        |
|      p_ZZN4nnet25conv_2d_buffer_latency_clINS_5arrayI9ap_ufixedILi16ELi6EL9ap_q_mode4E_10_U | ram_1p       |        |      |      |        | p_ZZN4nnet25conv_2d_buffer_latency_clINS_5arrayI9ap_ufixedILi16ELi6EL9ap_q_mode4E_10 | auto   | 0       | 16, 20, 1        |
|      p_ZZN4nnet25conv_2d_buffer_latency_clINS_5arrayI9ap_ufixedILi16ELi6EL9ap_q_mode4E_19_U | ram_1p       |        |      |      |        | p_ZZN4nnet25conv_2d_buffer_latency_clINS_5arrayI9ap_ufixedILi16ELi6EL9ap_q_mode4E_19 | auto   | 0       | 16, 20, 1        |
|      p_ZZN4nnet25conv_2d_buffer_latency_clINS_5arrayI9ap_ufixedILi16ELi6EL9ap_q_mode4E_7_U  | ram_1p       |        |      |      |        | p_ZZN4nnet25conv_2d_buffer_latency_clINS_5arrayI9ap_ufixedILi16ELi6EL9ap_q_mode4E_7  | auto   | 0       | 16, 20, 1        |
|      p_ZZN4nnet25conv_2d_buffer_latency_clINS_5arrayI9ap_ufixedILi16ELi6EL9ap_q_mode4E_18_U | ram_1p       |        |      |      |        | p_ZZN4nnet25conv_2d_buffer_latency_clINS_5arrayI9ap_ufixedILi16ELi6EL9ap_q_mode4E_18 | auto   | 0       | 16, 20, 1        |
|      p_ZZN4nnet25conv_2d_buffer_latency_clINS_5arrayI9ap_ufixedILi16ELi6EL9ap_q_mode4E_6_U  | ram_1p       |        |      |      |        | p_ZZN4nnet25conv_2d_buffer_latency_clINS_5arrayI9ap_ufixedILi16ELi6EL9ap_q_mode4E_6  | auto   | 0       | 16, 20, 1        |
|      p_ZZN4nnet25conv_2d_buffer_latency_clINS_5arrayI9ap_ufixedILi16ELi6EL9ap_q_mode4E_17_U | ram_1p       |        |      |      |        | p_ZZN4nnet25conv_2d_buffer_latency_clINS_5arrayI9ap_ufixedILi16ELi6EL9ap_q_mode4E_17 | auto   | 0       | 16, 20, 1        |
|      p_ZZN4nnet25conv_2d_buffer_latency_clINS_5arrayI9ap_ufixedILi16ELi6EL9ap_q_mode4E_5_U  | ram_1p       |        |      |      |        | p_ZZN4nnet25conv_2d_buffer_latency_clINS_5arrayI9ap_ufixedILi16ELi6EL9ap_q_mode4E_5  | auto   | 0       | 16, 20, 1        |
|      p_ZZN4nnet25conv_2d_buffer_latency_clINS_5arrayI9ap_ufixedILi16ELi6EL9ap_q_mode4E_16_U | ram_1p       |        |      |      |        | p_ZZN4nnet25conv_2d_buffer_latency_clINS_5arrayI9ap_ufixedILi16ELi6EL9ap_q_mode4E_16 | auto   | 0       | 16, 20, 1        |
|      p_ZZN4nnet25conv_2d_buffer_latency_clINS_5arrayI9ap_ufixedILi16ELi6EL9ap_q_mode4E_4_U  | ram_1p       |        |      |      |        | p_ZZN4nnet25conv_2d_buffer_latency_clINS_5arrayI9ap_ufixedILi16ELi6EL9ap_q_mode4E_4  | auto   | 0       | 16, 20, 1        |
|      p_ZZN4nnet25conv_2d_buffer_latency_clINS_5arrayI9ap_ufixedILi16ELi6EL9ap_q_mode4E_15_U | ram_1p       |        |      |      |        | p_ZZN4nnet25conv_2d_buffer_latency_clINS_5arrayI9ap_ufixedILi16ELi6EL9ap_q_mode4E_15 | auto   | 0       | 16, 20, 1        |
|      p_ZZN4nnet25conv_2d_buffer_latency_clINS_5arrayI9ap_ufixedILi16ELi6EL9ap_q_mode4E_3_U  | ram_1p       |        |      |      |        | p_ZZN4nnet25conv_2d_buffer_latency_clINS_5arrayI9ap_ufixedILi16ELi6EL9ap_q_mode4E_3  | auto   | 0       | 16, 20, 1        |
|      p_ZZN4nnet25conv_2d_buffer_latency_clINS_5arrayI9ap_ufixedILi16ELi6EL9ap_q_mode4E_14_U | ram_1p       |        |      |      |        | p_ZZN4nnet25conv_2d_buffer_latency_clINS_5arrayI9ap_ufixedILi16ELi6EL9ap_q_mode4E_14 | auto   | 0       | 16, 20, 1        |
|      p_ZZN4nnet25conv_2d_buffer_latency_clINS_5arrayI9ap_ufixedILi16ELi6EL9ap_q_mode4E_2_U  | ram_1p       |        |      |      |        | p_ZZN4nnet25conv_2d_buffer_latency_clINS_5arrayI9ap_ufixedILi16ELi6EL9ap_q_mode4E_2  | auto   | 0       | 16, 20, 1        |
|      p_ZZN4nnet25conv_2d_buffer_latency_clINS_5arrayI9ap_ufixedILi16ELi6EL9ap_q_mode4E_13_U | ram_1p       |        |      |      |        | p_ZZN4nnet25conv_2d_buffer_latency_clINS_5arrayI9ap_ufixedILi16ELi6EL9ap_q_mode4E_13 | auto   | 0       | 16, 20, 1        |
|      p_ZZN4nnet25conv_2d_buffer_latency_clINS_5arrayI9ap_ufixedILi16ELi6EL9ap_q_mode4E_1_U  | ram_1p       |        |      |      |        | p_ZZN4nnet25conv_2d_buffer_latency_clINS_5arrayI9ap_ufixedILi16ELi6EL9ap_q_mode4E_1  | auto   | 0       | 16, 20, 1        |
|      p_ZZN4nnet25conv_2d_buffer_latency_clINS_5arrayI9ap_ufixedILi16ELi6EL9ap_q_mode4E_12_U | ram_1p       |        |      |      |        | p_ZZN4nnet25conv_2d_buffer_latency_clINS_5arrayI9ap_ufixedILi16ELi6EL9ap_q_mode4E_12 | auto   | 0       | 16, 20, 1        |
|      p_ZZN4nnet25conv_2d_buffer_latency_clINS_5arrayI9ap_ufixedILi16ELi6EL9ap_q_mode4E_U    | ram_1p       |        |      |      |        | p_ZZN4nnet25conv_2d_buffer_latency_clINS_5arrayI9ap_ufixedILi16ELi6EL9ap_q_mode4E    | auto   | 0       | 16, 20, 1        |
|      p_ZZN4nnet25conv_2d_buffer_latency_clINS_5arrayI9ap_ufixedILi16ELi6EL9ap_q_mode4E_21_U | ram_1p       |        |      |      |        | p_ZZN4nnet25conv_2d_buffer_latency_clINS_5arrayI9ap_ufixedILi16ELi6EL9ap_q_mode4E_21 | auto   | 0       | 16, 20, 1        |
|      p_ZZN4nnet25conv_2d_buffer_latency_clINS_5arrayI9ap_ufixedILi16ELi6EL9ap_q_mode4E_9_U  | ram_1p       |        |      |      |        | p_ZZN4nnet25conv_2d_buffer_latency_clINS_5arrayI9ap_ufixedILi16ELi6EL9ap_q_mode4E_9  | auto   | 0       | 16, 20, 1        |
|      p_ZZN4nnet25conv_2d_buffer_latency_clINS_5arrayI9ap_ufixedILi16ELi6EL9ap_q_mode4E_20_U | ram_1p       |        |      |      |        | p_ZZN4nnet25conv_2d_buffer_latency_clINS_5arrayI9ap_ufixedILi16ELi6EL9ap_q_mode4E_20 | auto   | 0       | 16, 20, 1        |
|      p_ZZN4nnet25conv_2d_buffer_latency_clINS_5arrayI9ap_ufixedILi16ELi6EL9ap_q_mode4E_8_U  | ram_1p       |        |      |      |        | p_ZZN4nnet25conv_2d_buffer_latency_clINS_5arrayI9ap_ufixedILi16ELi6EL9ap_q_mode4E_8  | auto   | 0       | 16, 20, 1        |
|  + pooling2d_cl_array_array_ap_ufixed_16_6_4_0_0_24u_config11_s                             |              |        | 0    | 0    |        |                                                                                      |        |         |                  |
|   + shift_line_buffer_array_ap_ufixed_16_6_4_0_0_24u_config11_s                             |              |        | 0    | 0    |        |                                                                                      |        |         |                  |
|     void_pooling2d_cl_stream_stream_array_ap_ufixed_24u_0_line_buffer_9_U                   | ram_1p       |        |      |      |        | void_pooling2d_cl_stream_stream_array_ap_ufixed_24u_0_line_buffer_9                  | auto   | 0       | 16, 18, 1        |
|     void_pooling2d_cl_stream_stream_array_ap_ufixed_24u_0_line_buffer_8_U                   | ram_1p       |        |      |      |        | void_pooling2d_cl_stream_stream_array_ap_ufixed_24u_0_line_buffer_8                  | auto   | 0       | 16, 18, 1        |
|     void_pooling2d_cl_stream_stream_array_ap_ufixed_24u_0_line_buffer_7_U                   | ram_1p       |        |      |      |        | void_pooling2d_cl_stream_stream_array_ap_ufixed_24u_0_line_buffer_7                  | auto   | 0       | 16, 18, 1        |
|     void_pooling2d_cl_stream_stream_array_ap_ufixed_24u_0_line_buffer_6_U                   | ram_1p       |        |      |      |        | void_pooling2d_cl_stream_stream_array_ap_ufixed_24u_0_line_buffer_6                  | auto   | 0       | 16, 18, 1        |
|     void_pooling2d_cl_stream_stream_array_ap_ufixed_24u_0_line_buffer_5_U                   | ram_1p       |        |      |      |        | void_pooling2d_cl_stream_stream_array_ap_ufixed_24u_0_line_buffer_5                  | auto   | 0       | 16, 18, 1        |
|     void_pooling2d_cl_stream_stream_array_ap_ufixed_24u_0_line_buffer_4_U                   | ram_1p       |        |      |      |        | void_pooling2d_cl_stream_stream_array_ap_ufixed_24u_0_line_buffer_4                  | auto   | 0       | 16, 18, 1        |
|     void_pooling2d_cl_stream_stream_array_ap_ufixed_24u_0_line_buffer_3_U                   | ram_1p       |        |      |      |        | void_pooling2d_cl_stream_stream_array_ap_ufixed_24u_0_line_buffer_3                  | auto   | 0       | 16, 18, 1        |
|     void_pooling2d_cl_stream_stream_array_ap_ufixed_24u_0_line_buffer_2_U                   | ram_1p       |        |      |      |        | void_pooling2d_cl_stream_stream_array_ap_ufixed_24u_0_line_buffer_2                  | auto   | 0       | 16, 18, 1        |
|     void_pooling2d_cl_stream_stream_array_ap_ufixed_24u_0_line_buffer_1_U                   | ram_1p       |        |      |      |        | void_pooling2d_cl_stream_stream_array_ap_ufixed_24u_0_line_buffer_1                  | auto   | 0       | 16, 18, 1        |
|     void_pooling2d_cl_stream_stream_array_ap_ufixed_24u_0_line_buffer_U                     | ram_1p       |        |      |      |        | void_pooling2d_cl_stream_stream_array_ap_ufixed_24u_0_line_buffer                    | auto   | 0       | 16, 18, 1        |
|     p_ZZN4nnet12pooling2d_clINS_5arrayI9ap_ufixedILi16ELi6EL9ap_q_mode4EL9ap_o_mode0E_13_U  | ram_1p       |        |      |      |        | p_ZZN4nnet12pooling2d_clINS_5arrayI9ap_ufixedILi16ELi6EL9ap_q_mode4EL9ap_o_mode0E_13 | auto   | 0       | 16, 18, 1        |
|     p_ZZN4nnet12pooling2d_clINS_5arrayI9ap_ufixedILi16ELi6EL9ap_q_mode4EL9ap_o_mode0E_12_U  | ram_1p       |        |      |      |        | p_ZZN4nnet12pooling2d_clINS_5arrayI9ap_ufixedILi16ELi6EL9ap_q_mode4EL9ap_o_mode0E_12 | auto   | 0       | 16, 18, 1        |
|     p_ZZN4nnet12pooling2d_clINS_5arrayI9ap_ufixedILi16ELi6EL9ap_q_mode4EL9ap_o_mode0E_11_U  | ram_1p       |        |      |      |        | p_ZZN4nnet12pooling2d_clINS_5arrayI9ap_ufixedILi16ELi6EL9ap_q_mode4EL9ap_o_mode0E_11 | auto   | 0       | 16, 18, 1        |
|     p_ZZN4nnet12pooling2d_clINS_5arrayI9ap_ufixedILi16ELi6EL9ap_q_mode4EL9ap_o_mode0E_10_U  | ram_1p       |        |      |      |        | p_ZZN4nnet12pooling2d_clINS_5arrayI9ap_ufixedILi16ELi6EL9ap_q_mode4EL9ap_o_mode0E_10 | auto   | 0       | 16, 18, 1        |
|     p_ZZN4nnet12pooling2d_clINS_5arrayI9ap_ufixedILi16ELi6EL9ap_q_mode4EL9ap_o_mode0E_9_U   | ram_1p       |        |      |      |        | p_ZZN4nnet12pooling2d_clINS_5arrayI9ap_ufixedILi16ELi6EL9ap_q_mode4EL9ap_o_mode0E_9  | auto   | 0       | 16, 18, 1        |
|     p_ZZN4nnet12pooling2d_clINS_5arrayI9ap_ufixedILi16ELi6EL9ap_q_mode4EL9ap_o_mode0E_8_U   | ram_1p       |        |      |      |        | p_ZZN4nnet12pooling2d_clINS_5arrayI9ap_ufixedILi16ELi6EL9ap_q_mode4EL9ap_o_mode0E_8  | auto   | 0       | 16, 18, 1        |
|     p_ZZN4nnet12pooling2d_clINS_5arrayI9ap_ufixedILi16ELi6EL9ap_q_mode4EL9ap_o_mode0E_7_U   | ram_1p       |        |      |      |        | p_ZZN4nnet12pooling2d_clINS_5arrayI9ap_ufixedILi16ELi6EL9ap_q_mode4EL9ap_o_mode0E_7  | auto   | 0       | 16, 18, 1        |
|     p_ZZN4nnet12pooling2d_clINS_5arrayI9ap_ufixedILi16ELi6EL9ap_q_mode4EL9ap_o_mode0E_6_U   | ram_1p       |        |      |      |        | p_ZZN4nnet12pooling2d_clINS_5arrayI9ap_ufixedILi16ELi6EL9ap_q_mode4EL9ap_o_mode0E_6  | auto   | 0       | 16, 18, 1        |
|     p_ZZN4nnet12pooling2d_clINS_5arrayI9ap_ufixedILi16ELi6EL9ap_q_mode4EL9ap_o_mode0E_5_U   | ram_1p       |        |      |      |        | p_ZZN4nnet12pooling2d_clINS_5arrayI9ap_ufixedILi16ELi6EL9ap_q_mode4EL9ap_o_mode0E_5  | auto   | 0       | 16, 18, 1        |
|     p_ZZN4nnet12pooling2d_clINS_5arrayI9ap_ufixedILi16ELi6EL9ap_q_mode4EL9ap_o_mode0E_4_U   | ram_1p       |        |      |      |        | p_ZZN4nnet12pooling2d_clINS_5arrayI9ap_ufixedILi16ELi6EL9ap_q_mode4EL9ap_o_mode0E_4  | auto   | 0       | 16, 18, 1        |
|     p_ZZN4nnet12pooling2d_clINS_5arrayI9ap_ufixedILi16ELi6EL9ap_q_mode4EL9ap_o_mode0E_3_U   | ram_1p       |        |      |      |        | p_ZZN4nnet12pooling2d_clINS_5arrayI9ap_ufixedILi16ELi6EL9ap_q_mode4EL9ap_o_mode0E_3  | auto   | 0       | 16, 18, 1        |
|     p_ZZN4nnet12pooling2d_clINS_5arrayI9ap_ufixedILi16ELi6EL9ap_q_mode4EL9ap_o_mode0E_2_U   | ram_1p       |        |      |      |        | p_ZZN4nnet12pooling2d_clINS_5arrayI9ap_ufixedILi16ELi6EL9ap_q_mode4EL9ap_o_mode0E_2  | auto   | 0       | 16, 18, 1        |
|     p_ZZN4nnet12pooling2d_clINS_5arrayI9ap_ufixedILi16ELi6EL9ap_q_mode4EL9ap_o_mode0E_1_U   | ram_1p       |        |      |      |        | p_ZZN4nnet12pooling2d_clINS_5arrayI9ap_ufixedILi16ELi6EL9ap_q_mode4EL9ap_o_mode0E_1  | auto   | 0       | 16, 18, 1        |
|     p_ZZN4nnet12pooling2d_clINS_5arrayI9ap_ufixedILi16ELi6EL9ap_q_mode4EL9ap_o_mode0E_U     | ram_1p       |        |      |      |        | p_ZZN4nnet12pooling2d_clINS_5arrayI9ap_ufixedILi16ELi6EL9ap_q_mode4EL9ap_o_mode0E    | auto   | 0       | 16, 18, 1        |
|  + dense_array_ap_ufixed_24u_array_ap_fixed_16_6_5_3_0_12u_config13_s                       |              |        | 32   | 0    |        |                                                                                      |        |         |                  |
|   + dense_resource_rf_leq_nin_ap_ufixed_ap_fixed_16_6_5_3_0_config13_s                      |              |        | 32   | 0    |        |                                                                                      |        |         |                  |
|     w13_U                                                                                   | rom_np       |        | 32   |      | pragma | w13                                                                                  | bram   | 1       | 1143, 216, 1     |
|  + sigmoid_array_array_ap_fixed_16_6_5_3_0_1u_sigmoid_config18_s                            |              |        | 1    | 0    |        |                                                                                      |        |         |                  |
|    sigmoid_table_U                                                                          | rom_1p       |        | 1    |      |        | sigmoid_table                                                                        | auto   | 1       | 10, 1024, 1      |
+---------------------------------------------------------------------------------------------+--------------+--------+------+------+--------+--------------------------------------------------------------------------------------+--------+---------+------------------+


================================================================
== Pragma Report
================================================================
* Ignored Pragmas
+------------+---------------------+---------------------------------------------------------------+------------------------------------------------------------------+
| Type       | Options             | Location                                                      | Messages                                                         |
+------------+---------------------+---------------------------------------------------------------+------------------------------------------------------------------+
| allocation | instances = softmax | firmware/nnet_utils/nnet_activation.h:402 in softmax_multidim | unexpected pragma argument 'softmax', expects function/operation |
+------------+---------------------+---------------------------------------------------------------+------------------------------------------------------------------+

* Pragmas with Warnings
+----------+-----------------------------------+-----------------------------------------------------------------------------------------+----------------------------------------------------------------------------+
| Type     | Options                           | Location                                                                                | Messages                                                                   |
+----------+-----------------------------------+-----------------------------------------------------------------------------------------+----------------------------------------------------------------------------+
| resource | variable=weights core=ROM_nP_BRAM | firmware/nnet_utils/nnet_dense_resource.h:33 in dense_resource_rf_leq_nin, weights      | 'Resource pragma' is deprecated, use 'bind_op/bind_storage pragma' instead |
| resource | variable=weights core=ROM_nP_BRAM | firmware/nnet_utils/nnet_dense_resource.h:107 in dense_resource_rf_gt_nin_rem0, weights | 'Resource pragma' is deprecated, use 'bind_op/bind_storage pragma' instead |
| resource | variable=weights core=ROM_nP_BRAM | firmware/nnet_utils/nnet_dense_resource.h:189 in dense_resource_rf_gt_nin, weights      | 'Resource pragma' is deprecated, use 'bind_op/bind_storage pragma' instead |
+----------+-----------------------------------+-----------------------------------------------------------------------------------------+----------------------------------------------------------------------------+

* Valid Pragma Syntax
+----------------------+---------------------------------------------------------------------------------------------------------------------------------------------+------------------------------------------------------------------------------------------------+
| Type                 | Options                                                                                                                                     | Location                                                                                       |
+----------------------+---------------------------------------------------------------------------------------------------------------------------------------------+------------------------------------------------------------------------------------------------+
| interface            | axis port=input_layer,layer18_out                                                                                                           | firmware/myproject.cpp:13 in myproject, input_layer,layer18_out                                |
| dataflow             |                                                                                                                                             | firmware/myproject.cpp:14 in myproject                                                         |
| stream               | variable=layer19_out depth=988                                                                                                              | firmware/myproject.cpp:43 in myproject, layer19_out                                            |
| stream               | variable=layer2_out depth=864                                                                                                               | firmware/myproject.cpp:46 in myproject, layer2_out                                             |
| stream               | variable=layer4_out depth=864                                                                                                               | firmware/myproject.cpp:49 in myproject, layer4_out                                             |
| stream               | variable=layer5_out depth=864                                                                                                               | firmware/myproject.cpp:52 in myproject, layer5_out                                             |
| stream               | variable=layer6_out depth=216                                                                                                               | firmware/myproject.cpp:55 in myproject, layer6_out                                             |
| stream               | variable=layer20_out depth=280                                                                                                              | firmware/myproject.cpp:58 in myproject, layer20_out                                            |
| stream               | variable=layer7_out depth=216                                                                                                               | firmware/myproject.cpp:61 in myproject, layer7_out                                             |
| stream               | variable=layer9_out depth=216                                                                                                               | firmware/myproject.cpp:64 in myproject, layer9_out                                             |
| stream               | variable=layer10_out depth=216                                                                                                              | firmware/myproject.cpp:67 in myproject, layer10_out                                            |
| stream               | variable=layer11_out depth=54                                                                                                               | firmware/myproject.cpp:70 in myproject, layer11_out                                            |
| stream               | variable=layer13_out depth=1                                                                                                                | firmware/myproject.cpp:74 in myproject, layer13_out                                            |
| stream               | variable=layer15_out depth=1                                                                                                                | firmware/myproject.cpp:77 in myproject, layer15_out                                            |
| stream               | variable=layer16_out depth=1                                                                                                                | firmware/myproject.cpp:80 in myproject, layer16_out                                            |
| stream               | variable=layer17_out depth=1                                                                                                                | firmware/myproject.cpp:83 in myproject, layer17_out                                            |
| pipeline             |                                                                                                                                             | firmware/nnet_utils/nnet_activation.h:29 in linear                                             |
| pipeline             |                                                                                                                                             | firmware/nnet_utils/nnet_activation.h:40 in relu                                               |
| pipeline             |                                                                                                                                             | firmware/nnet_utils/nnet_activation.h:54 in relu_max                                           |
| pipeline             |                                                                                                                                             | firmware/nnet_utils/nnet_activation.h:109 in sigmoid                                           |
| pipeline             |                                                                                                                                             | firmware/nnet_utils/nnet_activation.h:176 in softmax_latency                                   |
| array_partition      | variable=exp_res complete                                                                                                                   | firmware/nnet_utils/nnet_activation.h:198 in softmax_latency, exp_res                          |
| unroll               |                                                                                                                                             | firmware/nnet_utils/nnet_activation.h:201 in softmax_latency                                   |
| unroll               |                                                                                                                                             | firmware/nnet_utils/nnet_activation.h:214 in softmax_latency                                   |
| pipeline             |                                                                                                                                             | firmware/nnet_utils/nnet_activation.h:221 in softmax_stable                                    |
| unroll               |                                                                                                                                             | firmware/nnet_utils/nnet_activation.h:247 in softmax_stable                                    |
| array_partition      | variable=exp_res complete                                                                                                                   | firmware/nnet_utils/nnet_activation.h:253 in softmax_stable, exp_res                           |
| unroll               |                                                                                                                                             | firmware/nnet_utils/nnet_activation.h:256 in softmax_stable                                    |
| unroll               |                                                                                                                                             | firmware/nnet_utils/nnet_activation.h:269 in softmax_stable                                    |
| pipeline             |                                                                                                                                             | firmware/nnet_utils/nnet_activation.h:317 in softmax_legacy                                    |
| unroll               |                                                                                                                                             | firmware/nnet_utils/nnet_activation.h:362 in softmax_argmax                                    |
| pipeline             |                                                                                                                                             | firmware/nnet_utils/nnet_activation.h:370 in softmax_argmax                                    |
| inline               |                                                                                                                                             | firmware/nnet_utils/nnet_activation.h:382 in softmax                                           |
| inline               |                                                                                                                                             | firmware/nnet_utils/nnet_activation.h:401 in softmax_multidim                                  |
| unroll               |                                                                                                                                             | firmware/nnet_utils/nnet_activation.h:406 in softmax_multidim                                  |
| unroll               |                                                                                                                                             | firmware/nnet_utils/nnet_activation.h:408 in softmax_multidim                                  |
| unroll               |                                                                                                                                             | firmware/nnet_utils/nnet_activation.h:410 in softmax_multidim                                  |
| unroll               |                                                                                                                                             | firmware/nnet_utils/nnet_activation.h:415 in softmax_multidim                                  |
| pipeline             |                                                                                                                                             | firmware/nnet_utils/nnet_activation.h:452 in tanh                                              |
| function_instantiate | variable=table                                                                                                                              | firmware/nnet_utils/nnet_activation.h:481 in unary_lut, table                                  |
| array_partition      | variable=table                                                                                                                              | firmware/nnet_utils/nnet_activation.h:482 in unary_lut, table                                  |
| unroll               |                                                                                                                                             | firmware/nnet_utils/nnet_activation.h:485 in unary_lut                                         |
| pipeline             |                                                                                                                                             | firmware/nnet_utils/nnet_activation.h:496 in hard_sigmoid                                      |
| pipeline             |                                                                                                                                             | firmware/nnet_utils/nnet_activation.h:511 in hard_tanh                                         |
| pipeline             |                                                                                                                                             | firmware/nnet_utils/nnet_activation.h:529 in leaky_relu                                        |
| pipeline             |                                                                                                                                             | firmware/nnet_utils/nnet_activation.h:546 in thresholded_relu                                  |
| pipeline             |                                                                                                                                             | firmware/nnet_utils/nnet_activation.h:591 in softplus                                          |
| pipeline             |                                                                                                                                             | firmware/nnet_utils/nnet_activation.h:640 in softsign                                          |
| pipeline             |                                                                                                                                             | firmware/nnet_utils/nnet_activation.h:689 in elu                                               |
| pipeline             |                                                                                                                                             | firmware/nnet_utils/nnet_activation.h:748 in selu                                              |
| pipeline             |                                                                                                                                             | firmware/nnet_utils/nnet_activation.h:776 in prelu                                             |
| pipeline             |                                                                                                                                             | firmware/nnet_utils/nnet_activation.h:804 in binary_tanh                                       |
| pipeline             |                                                                                                                                             | firmware/nnet_utils/nnet_activation.h:824 in ternary_tanh                                      |
| pipeline             |                                                                                                                                             | firmware/nnet_utils/nnet_activation_stream.h:20 in linear                                      |
| unroll               |                                                                                                                                             | firmware/nnet_utils/nnet_activation_stream.h:28 in linear                                      |
| pipeline             |                                                                                                                                             | firmware/nnet_utils/nnet_activation_stream.h:42 in relu                                        |
| unroll               |                                                                                                                                             | firmware/nnet_utils/nnet_activation_stream.h:50 in relu                                        |
| pipeline             |                                                                                                                                             | firmware/nnet_utils/nnet_activation_stream.h:81 in sigmoid                                     |
| unroll               |                                                                                                                                             | firmware/nnet_utils/nnet_activation_stream.h:89 in sigmoid                                     |
| array_partition      | variable=exp_res complete                                                                                                                   | firmware/nnet_utils/nnet_activation_stream.h:133 in softmax_latency, exp_res                   |
| pipeline             | II=ii                                                                                                                                       | firmware/nnet_utils/nnet_activation_stream.h:137 in softmax_latency                            |
| unroll               |                                                                                                                                             | firmware/nnet_utils/nnet_activation_stream.h:142 in softmax_latency                            |
| unroll               |                                                                                                                                             | firmware/nnet_utils/nnet_activation_stream.h:160 in softmax_latency                            |
| allocation           | operation instances=mul limit=multiplier_limit                                                                                              | firmware/nnet_utils/nnet_activation_stream.h:161 in softmax_latency                            |
| array_partition      | variable=data_array complete                                                                                                                | firmware/nnet_utils/nnet_activation_stream.h:193 in softmax_stable, data_array                 |
| pipeline             | II=ii                                                                                                                                       | firmware/nnet_utils/nnet_activation_stream.h:196 in softmax_stable                             |
| unroll               |                                                                                                                                             | firmware/nnet_utils/nnet_activation_stream.h:201 in softmax_stable                             |
| unroll               |                                                                                                                                             | firmware/nnet_utils/nnet_activation_stream.h:212 in softmax_stable                             |
| array_partition      | variable=exp_res complete                                                                                                                   | firmware/nnet_utils/nnet_activation_stream.h:218 in softmax_stable, exp_res                    |
| unroll               |                                                                                                                                             | firmware/nnet_utils/nnet_activation_stream.h:221 in softmax_stable                             |
| unroll               |                                                                                                                                             | firmware/nnet_utils/nnet_activation_stream.h:239 in softmax_stable                             |
| allocation           | operation instances=mul limit=multiplier_limit                                                                                              | firmware/nnet_utils/nnet_activation_stream.h:240 in softmax_stable                             |
| pipeline             |                                                                                                                                             | firmware/nnet_utils/nnet_activation_stream.h:272 in softmax_legacy                             |
| unroll               |                                                                                                                                             | firmware/nnet_utils/nnet_activation_stream.h:276 in softmax_legacy                             |
| unroll               |                                                                                                                                             | firmware/nnet_utils/nnet_activation_stream.h:283 in softmax_legacy                             |
| unroll               |                                                                                                                                             | firmware/nnet_utils/nnet_activation_stream.h:286 in softmax_legacy                             |
| unroll               |                                                                                                                                             | firmware/nnet_utils/nnet_activation_stream.h:309 in softmax_legacy                             |
| pipeline             |                                                                                                                                             | firmware/nnet_utils/nnet_activation_stream.h:326 in softmax_argmax                             |
| unroll               |                                                                                                                                             | firmware/nnet_utils/nnet_activation_stream.h:331 in softmax_argmax                             |
| pipeline             |                                                                                                                                             | firmware/nnet_utils/nnet_activation_stream.h:339 in softmax_argmax                             |
| pipeline             |                                                                                                                                             | firmware/nnet_utils/nnet_activation_stream.h:390 in tanh                                       |
| unroll               |                                                                                                                                             | firmware/nnet_utils/nnet_activation_stream.h:398 in tanh                                       |
| function_instantiate | variable=table                                                                                                                              | firmware/nnet_utils/nnet_activation_stream.h:418 in unary_lut, table                           |
| array_partition      | variable=table complete                                                                                                                     | firmware/nnet_utils/nnet_activation_stream.h:419 in unary_lut, table                           |
| pipeline             | II=CONFIG_T::reuse_factor rewind                                                                                                            | firmware/nnet_utils/nnet_activation_stream.h:423 in unary_lut                                  |
| unroll               |                                                                                                                                             | firmware/nnet_utils/nnet_activation_stream.h:431 in unary_lut                                  |
| pipeline             |                                                                                                                                             | firmware/nnet_utils/nnet_activation_stream.h:449 in hard_sigmoid                               |
| unroll               |                                                                                                                                             | firmware/nnet_utils/nnet_activation_stream.h:457 in hard_sigmoid                               |
| pipeline             |                                                                                                                                             | firmware/nnet_utils/nnet_activation_stream.h:474 in hard_tanh                                  |
| unroll               |                                                                                                                                             | firmware/nnet_utils/nnet_activation_stream.h:482 in hard_tanh                                  |
| pipeline             |                                                                                                                                             | firmware/nnet_utils/nnet_activation_stream.h:503 in leaky_relu                                 |
| unroll               |                                                                                                                                             | firmware/nnet_utils/nnet_activation_stream.h:511 in leaky_relu                                 |
| pipeline             |                                                                                                                                             | firmware/nnet_utils/nnet_activation_stream.h:529 in thresholded_relu                           |
| unroll               |                                                                                                                                             | firmware/nnet_utils/nnet_activation_stream.h:537 in thresholded_relu                           |
| pipeline             |                                                                                                                                             | firmware/nnet_utils/nnet_activation_stream.h:568 in softplus                                   |
| unroll               |                                                                                                                                             | firmware/nnet_utils/nnet_activation_stream.h:576 in softplus                                   |
| pipeline             |                                                                                                                                             | firmware/nnet_utils/nnet_activation_stream.h:609 in softsign                                   |
| unroll               |                                                                                                                                             | firmware/nnet_utils/nnet_activation_stream.h:617 in softsign                                   |
| pipeline             |                                                                                                                                             | firmware/nnet_utils/nnet_activation_stream.h:650 in elu                                        |
| unroll               |                                                                                                                                             | firmware/nnet_utils/nnet_activation_stream.h:658 in elu                                        |
| pipeline             |                                                                                                                                             | firmware/nnet_utils/nnet_activation_stream.h:698 in selu                                       |
| unroll               |                                                                                                                                             | firmware/nnet_utils/nnet_activation_stream.h:706 in selu                                       |
| pipeline             |                                                                                                                                             | firmware/nnet_utils/nnet_activation_stream.h:730 in prelu                                      |
| unroll               |                                                                                                                                             | firmware/nnet_utils/nnet_activation_stream.h:738 in prelu                                      |
| pipeline             |                                                                                                                                             | firmware/nnet_utils/nnet_activation_stream.h:756 in binary_tanh                                |
| unroll               |                                                                                                                                             | firmware/nnet_utils/nnet_activation_stream.h:765 in binary_tanh                                |
| pipeline             |                                                                                                                                             | firmware/nnet_utils/nnet_activation_stream.h:784 in ternary_tanh                               |
| unroll               |                                                                                                                                             | firmware/nnet_utils/nnet_activation_stream.h:792 in ternary_tanh                               |
| function_instantiate | variable=scale,bias                                                                                                                         | firmware/nnet_utils/nnet_batchnorm.h:37 in normalize, scale,bias                               |
| pipeline             | II=CONFIG_T::reuse_factor                                                                                                                   | firmware/nnet_utils/nnet_batchnorm.h:42 in normalize                                           |
| array_partition      | variable=scale complete                                                                                                                     | firmware/nnet_utils/nnet_batchnorm.h:45 in normalize, scale                                    |
| array_partition      | variable=bias complete                                                                                                                      | firmware/nnet_utils/nnet_batchnorm.h:46 in normalize, bias                                     |
| allocation           | operation instances=mul limit=CONFIG_T::multiplier_limit                                                                                    | firmware/nnet_utils/nnet_batchnorm.h:48 in normalize                                           |
| pipeline             |                                                                                                                                             | firmware/nnet_utils/nnet_batchnorm.h:83 in normalize_binary_tanh                               |
| array_partition      | variable=res complete                                                                                                                       | firmware/nnet_utils/nnet_batchnorm.h:84 in normalize_binary_tanh, res                          |
| pipeline             |                                                                                                                                             | firmware/nnet_utils/nnet_batchnorm.h:103 in normalize_ternary_tanh                             |
| array_partition      | variable=res complete                                                                                                                       | firmware/nnet_utils/nnet_batchnorm.h:104 in normalize_ternary_tanh, res                        |
| array_partition      | variable=scale complete                                                                                                                     | firmware/nnet_utils/nnet_batchnorm_stream.h:18 in normalize, scale                             |
| array_partition      | variable=bias complete                                                                                                                      | firmware/nnet_utils/nnet_batchnorm_stream.h:19 in normalize, bias                              |
| allocation           | operation instances=mul limit=CONFIG_T::multiplier_limit                                                                                    | firmware/nnet_utils/nnet_batchnorm_stream.h:22 in normalize                                    |
| pipeline             | II=ii                                                                                                                                       | firmware/nnet_utils/nnet_batchnorm_stream.h:26 in normalize                                    |
| unroll               |                                                                                                                                             | firmware/nnet_utils/nnet_batchnorm_stream.h:34 in normalize                                    |
| array_partition      | variable=threshold complete                                                                                                                 | firmware/nnet_utils/nnet_batchnorm_stream.h:56 in normalize_binary_tanh, threshold             |
| pipeline             |                                                                                                                                             | firmware/nnet_utils/nnet_batchnorm_stream.h:60 in normalize_binary_tanh                        |
| unroll               |                                                                                                                                             | firmware/nnet_utils/nnet_batchnorm_stream.h:68 in normalize_binary_tanh                        |
| array_partition      | variable=threshold_hi complete                                                                                                              | firmware/nnet_utils/nnet_batchnorm_stream.h:86 in normalize_ternary_tanh, threshold_hi         |
| array_partition      | variable=threshold_lo complete                                                                                                              | firmware/nnet_utils/nnet_batchnorm_stream.h:87 in normalize_ternary_tanh, threshold_lo         |
| pipeline             |                                                                                                                                             | firmware/nnet_utils/nnet_batchnorm_stream.h:91 in normalize_ternary_tanh                       |
| unroll               |                                                                                                                                             | firmware/nnet_utils/nnet_batchnorm_stream.h:99 in normalize_ternary_tanh                       |
| array_partition      | variable=data_buf complete dim=0                                                                                                            | firmware/nnet_utils/nnet_conv1d_latency.h:19 in conv_1d_latency_cl, data_buf                   |
| array_partition      | variable=mult complete                                                                                                                      | firmware/nnet_utils/nnet_conv1d_latency.h:22 in conv_1d_latency_cl, mult                       |
| array_partition      | variable=acc complete                                                                                                                       | firmware/nnet_utils/nnet_conv1d_latency.h:25 in conv_1d_latency_cl, acc                        |
| array_partition      | variable=weights complete                                                                                                                   | firmware/nnet_utils/nnet_conv1d_latency.h:27 in conv_1d_latency_cl, weights                    |
| array_partition      | variable=biases complete                                                                                                                    | firmware/nnet_utils/nnet_conv1d_latency.h:28 in conv_1d_latency_cl, biases                     |
| allocation           | operation instances=mul limit=CONFIG_T::mult_config::multiplier_limit                                                                       | firmware/nnet_utils/nnet_conv1d_latency.h:31 in conv_1d_latency_cl                             |
| pipeline             | II=CONFIG_T::reuse_factor rewind                                                                                                            | firmware/nnet_utils/nnet_conv1d_latency.h:35 in conv_1d_latency_cl                             |
| unroll               |                                                                                                                                             | firmware/nnet_utils/nnet_conv1d_latency.h:41 in conv_1d_latency_cl                             |
| unroll               |                                                                                                                                             | firmware/nnet_utils/nnet_conv1d_latency.h:48 in conv_1d_latency_cl                             |
| unroll               |                                                                                                                                             | firmware/nnet_utils/nnet_conv1d_latency.h:52 in conv_1d_latency_cl                             |
| unroll               |                                                                                                                                             | firmware/nnet_utils/nnet_conv1d_latency.h:62 in conv_1d_latency_cl                             |
| unroll               |                                                                                                                                             | firmware/nnet_utils/nnet_conv1d_latency.h:69 in conv_1d_latency_cl                             |
| unroll               |                                                                                                                                             | firmware/nnet_utils/nnet_conv1d_latency.h:72 in conv_1d_latency_cl                             |
| unroll               |                                                                                                                                             | firmware/nnet_utils/nnet_conv1d_latency.h:80 in conv_1d_latency_cl                             |
| array_partition      | variable=mult complete dim=0                                                                                                                | firmware/nnet_utils/nnet_conv1d_latency.h:98 in pointwise_conv_1d_latency_cl, mult             |
| array_partition      | variable=acc complete dim=0                                                                                                                 | firmware/nnet_utils/nnet_conv1d_latency.h:99 in pointwise_conv_1d_latency_cl, acc              |
| function_instantiate | variable=weights,biases                                                                                                                     | firmware/nnet_utils/nnet_conv1d_latency.h:102 in pointwise_conv_1d_latency_cl, weights,biases  |
| pipeline             | II=CONFIG_T::reuse_factor                                                                                                                   | firmware/nnet_utils/nnet_conv1d_latency.h:105 in pointwise_conv_1d_latency_cl                  |
| array_partition      | variable=weights complete dim=0                                                                                                             | firmware/nnet_utils/nnet_conv1d_latency.h:106 in pointwise_conv_1d_latency_cl, weights         |
| array_partition      | variable=biases complete dim=0                                                                                                              | firmware/nnet_utils/nnet_conv1d_latency.h:107 in pointwise_conv_1d_latency_cl, biases          |
| allocation           | operation instances=mul limit=CONFIG_T::mult_config::multiplier_limit                                                                       | firmware/nnet_utils/nnet_conv1d_latency.h:110 in pointwise_conv_1d_latency_cl                  |
| unroll               |                                                                                                                                             | firmware/nnet_utils/nnet_conv1d_latency.h:119 in pointwise_conv_1d_latency_cl                  |
| unroll               |                                                                                                                                             | firmware/nnet_utils/nnet_conv1d_latency.h:138 in pointwise_conv_1d_latency_cl                  |
| unroll               |                                                                                                                                             | firmware/nnet_utils/nnet_conv1d_latency.h:160 in pointwise_conv_1d_latency_cl                  |
| inline               | recursive                                                                                                                                   | firmware/nnet_utils/nnet_conv2d.h:51 in conv_2d_cl                                             |
| inline               | recursive                                                                                                                                   | firmware/nnet_utils/nnet_conv2d.h:73 in pointwise_conv_2d_cl                                   |
| array_partition      | variable=data_buf complete dim=0                                                                                                            | firmware/nnet_utils/nnet_conv2d_latency.h:20 in conv_2d_latency_cl, data_buf                   |
| array_partition      | variable=mult complete                                                                                                                      | firmware/nnet_utils/nnet_conv2d_latency.h:23 in conv_2d_latency_cl, mult                       |
| array_partition      | variable=acc complete                                                                                                                       | firmware/nnet_utils/nnet_conv2d_latency.h:26 in conv_2d_latency_cl, acc                        |
| array_partition      | variable=weights complete                                                                                                                   | firmware/nnet_utils/nnet_conv2d_latency.h:28 in conv_2d_latency_cl, weights                    |
| array_partition      | variable=biases complete                                                                                                                    | firmware/nnet_utils/nnet_conv2d_latency.h:29 in conv_2d_latency_cl, biases                     |
| allocation           | operation instances=mul limit=CONFIG_T::mult_config::multiplier_limit                                                                       | firmware/nnet_utils/nnet_conv2d_latency.h:32 in conv_2d_latency_cl                             |
| pipeline             | II=CONFIG_T::reuse_factor rewind                                                                                                            | firmware/nnet_utils/nnet_conv2d_latency.h:36 in conv_2d_latency_cl                             |
| unroll               |                                                                                                                                             | firmware/nnet_utils/nnet_conv2d_latency.h:42 in conv_2d_latency_cl                             |
| unroll               |                                                                                                                                             | firmware/nnet_utils/nnet_conv2d_latency.h:49 in conv_2d_latency_cl                             |
| unroll               |                                                                                                                                             | firmware/nnet_utils/nnet_conv2d_latency.h:53 in conv_2d_latency_cl                             |
| unroll               |                                                                                                                                             | firmware/nnet_utils/nnet_conv2d_latency.h:63 in conv_2d_latency_cl                             |
| unroll               |                                                                                                                                             | firmware/nnet_utils/nnet_conv2d_latency.h:70 in conv_2d_latency_cl                             |
| unroll               |                                                                                                                                             | firmware/nnet_utils/nnet_conv2d_latency.h:73 in conv_2d_latency_cl                             |
| unroll               |                                                                                                                                             | firmware/nnet_utils/nnet_conv2d_latency.h:81 in conv_2d_latency_cl                             |
| array_partition      | variable=data_buf complete dim=0                                                                                                            | firmware/nnet_utils/nnet_conv2d_resource.h:33 in conv_2d_resource_cl, data_buf                 |
| array_partition      | variable=biases complete                                                                                                                    | firmware/nnet_utils/nnet_conv2d_resource.h:35 in conv_2d_resource_cl, biases                   |
| array_partition      | variable=acc complete dim=0                                                                                                                 | firmware/nnet_utils/nnet_conv2d_resource.h:38 in conv_2d_resource_cl, acc                      |
| unroll               |                                                                                                                                             | firmware/nnet_utils/nnet_conv2d_resource.h:48 in conv_2d_resource_cl                           |
| unroll               |                                                                                                                                             | firmware/nnet_utils/nnet_conv2d_resource.h:52 in conv_2d_resource_cl                           |
| pipeline             | II=1 rewind                                                                                                                                 | firmware/nnet_utils/nnet_conv2d_resource.h:59 in conv_2d_resource_cl                           |
| unroll               |                                                                                                                                             | firmware/nnet_utils/nnet_conv2d_resource.h:67 in conv_2d_resource_cl                           |
| unroll               |                                                                                                                                             | firmware/nnet_utils/nnet_conv2d_resource.h:71 in conv_2d_resource_cl                           |
| unroll               |                                                                                                                                             | firmware/nnet_utils/nnet_conv2d_resource.h:95 in conv_2d_resource_cl                           |
| unroll               |                                                                                                                                             | firmware/nnet_utils/nnet_conv2d_resource.h:99 in conv_2d_resource_cl                           |
| array_partition      | variable = line_buffer complete dim = 2                                                                                                     | firmware/nnet_utils/nnet_conv2d_stream.h:22 in conv_2d_buffer_latency_cl                       |
| loop_flatten         |                                                                                                                                             | firmware/nnet_utils/nnet_conv2d_stream.h:28 in conv_2d_buffer_latency_cl                       |
| pipeline             | II=CONFIG_T::reuse_factor                                                                                                                   | firmware/nnet_utils/nnet_conv2d_stream.h:29 in conv_2d_buffer_latency_cl                       |
| array_partition      | variable = line_buffer complete dim = 2                                                                                                     | firmware/nnet_utils/nnet_conv2d_stream.h:49 in conv_2d_buffer_resource_cl                      |
| loop_flatten         |                                                                                                                                             | firmware/nnet_utils/nnet_conv2d_stream.h:55 in conv_2d_buffer_resource_cl                      |
| inline               | recursive                                                                                                                                   | firmware/nnet_utils/nnet_conv2d_stream.h:74 in conv_2d_cl                                      |
| inline               |                                                                                                                                             | firmware/nnet_utils/nnet_conv_stream.h:17 in scale_index_k_gte_s                               |
| inline               |                                                                                                                                             | firmware/nnet_utils/nnet_conv_stream.h:38 in scale_index_k_lt_s                                |
| inline               |                                                                                                                                             | firmware/nnet_utils/nnet_conv_stream.h:61 in scale_index                                       |
| inline               |                                                                                                                                             | firmware/nnet_utils/nnet_conv_stream.h:74 in scale_index                                       |
| inline               |                                                                                                                                             | firmware/nnet_utils/nnet_conv_stream.h:84 in mult_buffer                                       |
| array_partition      | variable = data complete                                                                                                                    | firmware/nnet_utils/nnet_conv_stream.h:87 in mult_buffer                                       |
| array_partition      | variable = res complete                                                                                                                     | firmware/nnet_utils/nnet_conv_stream.h:89 in mult_buffer                                       |
| unroll               |                                                                                                                                             | firmware/nnet_utils/nnet_conv_stream.h:93 in mult_buffer                                       |
| inline               | recursive                                                                                                                                   | firmware/nnet_utils/nnet_conv_stream.h:97 in mult_buffer                                       |
| unroll               |                                                                                                                                             | firmware/nnet_utils/nnet_conv_stream.h:103 in mult_buffer                                      |
| inline               |                                                                                                                                             | firmware/nnet_utils/nnet_conv_stream.h:129 in compute_output_encoded                           |
| pipeline             | II = CONFIG_T::reuse_factor                                                                                                                 | firmware/nnet_utils/nnet_conv_stream.h:133 in compute_output_encoded                           |
| unroll               |                                                                                                                                             | firmware/nnet_utils/nnet_conv_stream.h:136 in compute_output_encoded                           |
| unroll               |                                                                                                                                             | firmware/nnet_utils/nnet_conv_stream.h:139 in compute_output_encoded                           |
| inline               |                                                                                                                                             | firmware/nnet_utils/nnet_conv_stream.h:156 in kernel_shift_1d                                  |
| pipeline             | II = 1                                                                                                                                      | firmware/nnet_utils/nnet_conv_stream.h:162 in kernel_shift_1d                                  |
| unroll               |                                                                                                                                             | firmware/nnet_utils/nnet_conv_stream.h:165 in kernel_shift_1d                                  |
| unroll               |                                                                                                                                             | firmware/nnet_utils/nnet_conv_stream.h:175 in kernel_shift_1d                                  |
| inline               |                                                                                                                                             | firmware/nnet_utils/nnet_conv_stream.h:184 in kernel_shift_2d                                  |
| pipeline             | II = 1                                                                                                                                      | firmware/nnet_utils/nnet_conv_stream.h:190 in kernel_shift_2d                                  |
| unroll               |                                                                                                                                             | firmware/nnet_utils/nnet_conv_stream.h:206 in kernel_shift_2d                                  |
| pipeline             |                                                                                                                                             | firmware/nnet_utils/nnet_conv_stream.h:221 in shift_line_buffer                                |
| array_partition      | variable = shift_buffer complete dim = 0                                                                                                    | firmware/nnet_utils/nnet_conv_stream.h:225 in shift_line_buffer                                |
| unroll               |                                                                                                                                             | firmware/nnet_utils/nnet_conv_stream.h:229 in shift_line_buffer                                |
| unroll               |                                                                                                                                             | firmware/nnet_utils/nnet_conv_stream.h:240 in shift_line_buffer                                |
| inline               | OFF                                                                                                                                         | firmware/nnet_utils/nnet_conv_stream.h:258 in compute_output_buffer_2d                         |
| array_partition      | variable = kernel_data complete                                                                                                             | firmware/nnet_utils/nnet_conv_stream.h:272 in compute_output_buffer_2d                         |
| array_partition      | variable = res_out complete dim = 0                                                                                                         | firmware/nnet_utils/nnet_conv_stream.h:275 in compute_output_buffer_2d                         |
| unroll               |                                                                                                                                             | firmware/nnet_utils/nnet_conv_stream.h:294 in compute_output_buffer_2d                         |
| inline               | OFF                                                                                                                                         | firmware/nnet_utils/nnet_conv_stream.h:328 in compute_output_buffer_1d                         |
| array_partition      | variable = kernel_data complete                                                                                                             | firmware/nnet_utils/nnet_conv_stream.h:338 in compute_output_buffer_1d                         |
| array_partition      | variable = res_out complete dim = 0                                                                                                         | firmware/nnet_utils/nnet_conv_stream.h:341 in compute_output_buffer_1d                         |
| unroll               |                                                                                                                                             | firmware/nnet_utils/nnet_conv_stream.h:360 in compute_output_buffer_1d                         |
| inline               |                                                                                                                                             | firmware/nnet_utils/nnet_dense.h:44 in dense                                                   |
| inline               |                                                                                                                                             | firmware/nnet_utils/nnet_dense.h:53 in dense                                                   |
| inline               |                                                                                                                                             | firmware/nnet_utils/nnet_dense.h:64 in dense                                                   |
| inline               |                                                                                                                                             | firmware/nnet_utils/nnet_dense.h:75 in dense                                                   |
| unroll               |                                                                                                                                             | firmware/nnet_utils/nnet_dense_compressed.h:15 in fill_mult                                    |
| array_partition      | variable=acc complete                                                                                                                       | firmware/nnet_utils/nnet_dense_compressed.h:29 in dense_compressed, acc                        |
| array_partition      | variable=biases complete                                                                                                                    | firmware/nnet_utils/nnet_dense_compressed.h:30 in dense_compressed, biases                     |
| array_reshape        | variable=weights block factor=multiplier_limit                                                                                              | firmware/nnet_utils/nnet_dense_compressed.h:31 in dense_compressed, weights                    |
| aggregate            | variable=weights                                                                                                                            | firmware/nnet_utils/nnet_dense_compressed.h:34 in dense_compressed, weights                    |
| unroll               |                                                                                                                                             | firmware/nnet_utils/nnet_dense_compressed.h:41 in dense_compressed                             |
| pipeline             | II=1 rewind                                                                                                                                 | firmware/nnet_utils/nnet_dense_compressed.h:49 in dense_compressed                             |
| array_partition      | variable=mult complete                                                                                                                      | firmware/nnet_utils/nnet_dense_compressed.h:52 in dense_compressed, mult                       |
| unroll               |                                                                                                                                             | firmware/nnet_utils/nnet_dense_compressed.h:56 in dense_compressed                             |
| unroll               |                                                                                                                                             | firmware/nnet_utils/nnet_dense_compressed.h:62 in dense_compressed                             |
| unroll               |                                                                                                                                             | firmware/nnet_utils/nnet_dense_compressed.h:82 in dense_compressed                             |
| function_instantiate | variable=weights,biases                                                                                                                     | firmware/nnet_utils/nnet_dense_latency.h:21 in dense_latency, weights,biases                   |
| pipeline             | II=CONFIG_T::reuse_factor                                                                                                                   | firmware/nnet_utils/nnet_dense_latency.h:26 in dense_latency                                   |
| array_partition      | variable=biases complete                                                                                                                    | firmware/nnet_utils/nnet_dense_latency.h:29 in dense_latency, biases                           |
| array_partition      | variable=mult complete                                                                                                                      | firmware/nnet_utils/nnet_dense_latency.h:30 in dense_latency, mult                             |
| array_partition      | variable=acc complete                                                                                                                       | firmware/nnet_utils/nnet_dense_latency.h:31 in dense_latency, acc                              |
| allocation           | operation instances=mul limit=CONFIG_T::multiplier_limit                                                                                    | firmware/nnet_utils/nnet_dense_latency.h:33 in dense_latency                                   |
| function_instantiate | variable=weights,biases                                                                                                                     | firmware/nnet_utils/nnet_dense_resource.h:28 in dense_resource_rf_leq_nin, weights,biases      |
| array_reshape        | variable=weights block factor=block_factor                                                                                                  | firmware/nnet_utils/nnet_dense_resource.h:29 in dense_resource_rf_leq_nin, weights             |
| array_partition      | variable=biases complete                                                                                                                    | firmware/nnet_utils/nnet_dense_resource.h:30 in dense_resource_rf_leq_nin, biases              |
| array_partition      | variable=acc complete                                                                                                                       | firmware/nnet_utils/nnet_dense_resource.h:37 in dense_resource_rf_leq_nin, acc                 |
| unroll               |                                                                                                                                             | firmware/nnet_utils/nnet_dense_resource.h:41 in dense_resource_rf_leq_nin                      |
| pipeline             | II=1 rewind                                                                                                                                 | firmware/nnet_utils/nnet_dense_resource.h:47 in dense_resource_rf_leq_nin                      |
| unroll               |                                                                                                                                             | firmware/nnet_utils/nnet_dense_resource.h:56 in dense_resource_rf_leq_nin                      |
| unroll               |                                                                                                                                             | firmware/nnet_utils/nnet_dense_resource.h:81 in dense_resource_rf_leq_nin                      |
| function_instantiate | variable=weights,biases                                                                                                                     | firmware/nnet_utils/nnet_dense_resource.h:102 in dense_resource_rf_gt_nin_rem0, weights,biases |
| array_reshape        | variable=weights block factor=block_factor                                                                                                  | firmware/nnet_utils/nnet_dense_resource.h:103 in dense_resource_rf_gt_nin_rem0, weights        |
| array_partition      | variable=biases complete                                                                                                                    | firmware/nnet_utils/nnet_dense_resource.h:104 in dense_resource_rf_gt_nin_rem0, biases         |
| array_partition      | variable=acc complete                                                                                                                       | firmware/nnet_utils/nnet_dense_resource.h:111 in dense_resource_rf_gt_nin_rem0, acc            |
| unroll               |                                                                                                                                             | firmware/nnet_utils/nnet_dense_resource.h:115 in dense_resource_rf_gt_nin_rem0                 |
| pipeline             | II=1 rewind                                                                                                                                 | firmware/nnet_utils/nnet_dense_resource.h:136 in dense_resource_rf_gt_nin_rem0                 |
| unroll               |                                                                                                                                             | firmware/nnet_utils/nnet_dense_resource.h:143 in dense_resource_rf_gt_nin_rem0                 |
| unroll               |                                                                                                                                             | firmware/nnet_utils/nnet_dense_resource.h:163 in dense_resource_rf_gt_nin_rem0                 |
| function_instantiate | variable=weights,biases                                                                                                                     | firmware/nnet_utils/nnet_dense_resource.h:184 in dense_resource_rf_gt_nin, weights,biases      |
| array_reshape        | variable=weights block factor=block_factor                                                                                                  | firmware/nnet_utils/nnet_dense_resource.h:185 in dense_resource_rf_gt_nin, weights             |
| array_partition      | variable=biases complete                                                                                                                    | firmware/nnet_utils/nnet_dense_resource.h:186 in dense_resource_rf_gt_nin, biases              |
| array_partition      | variable=acc complete                                                                                                                       | firmware/nnet_utils/nnet_dense_resource.h:193 in dense_resource_rf_gt_nin, acc                 |
| unroll               |                                                                                                                                             | firmware/nnet_utils/nnet_dense_resource.h:197 in dense_resource_rf_gt_nin                      |
| pipeline             | II=1 rewind                                                                                                                                 | firmware/nnet_utils/nnet_dense_resource.h:203 in dense_resource_rf_gt_nin                      |
| array_partition      | variable=tmpmult complete                                                                                                                   | firmware/nnet_utils/nnet_dense_resource.h:205 in dense_resource_rf_gt_nin, tmpmult             |
| unroll               |                                                                                                                                             | firmware/nnet_utils/nnet_dense_resource.h:209 in dense_resource_rf_gt_nin                      |
| array_partition      | variable=mult complete                                                                                                                      | firmware/nnet_utils/nnet_dense_resource.h:219 in dense_resource_rf_gt_nin, mult                |
| unroll               |                                                                                                                                             | firmware/nnet_utils/nnet_dense_resource.h:223 in dense_resource_rf_gt_nin                      |
| unroll               |                                                                                                                                             | firmware/nnet_utils/nnet_dense_resource.h:229 in dense_resource_rf_gt_nin                      |
| unroll               |                                                                                                                                             | firmware/nnet_utils/nnet_dense_resource.h:239 in dense_resource_rf_gt_nin                      |
| unroll               |                                                                                                                                             | firmware/nnet_utils/nnet_dense_resource.h:249 in dense_resource_rf_gt_nin                      |
| inline               | recursive                                                                                                                                   | firmware/nnet_utils/nnet_dense_resource.h:259 in dense_resource                                |
| pipeline             | II=CONFIG_T::reuse_factor                                                                                                                   | firmware/nnet_utils/nnet_dense_stream.h:16 in dense_latency_wrapper                            |
| inline               |                                                                                                                                             | firmware/nnet_utils/nnet_dense_stream.h:29 in data_prepare                                     |
| pipeline             |                                                                                                                                             | firmware/nnet_utils/nnet_dense_stream.h:34 in data_prepare                                     |
| unroll               |                                                                                                                                             | firmware/nnet_utils/nnet_dense_stream.h:38 in data_prepare                                     |
| unroll               |                                                                                                                                             | firmware/nnet_utils/nnet_dense_stream.h:46 in data_prepare                                     |
| inline               |                                                                                                                                             | firmware/nnet_utils/nnet_dense_stream.h:54 in res_write                                        |
| pipeline             |                                                                                                                                             | firmware/nnet_utils/nnet_dense_stream.h:59 in res_write                                        |
| unroll               |                                                                                                                                             | firmware/nnet_utils/nnet_dense_stream.h:64 in res_write                                        |
| unroll               |                                                                                                                                             | firmware/nnet_utils/nnet_dense_stream.h:74 in res_write                                        |
| inline               | recursive                                                                                                                                   | firmware/nnet_utils/nnet_dense_stream.h:85 in dense                                            |
| array_partition      | variable=data complete                                                                                                                      | firmware/nnet_utils/nnet_dense_stream.h:88 in dense, data                                      |
| array_partition      | variable=res complete                                                                                                                       | firmware/nnet_utils/nnet_dense_stream.h:91 in dense, res                                       |
| inline               |                                                                                                                                             | firmware/nnet_utils/nnet_function_stubs.h:59 in bit_shift                                      |
| inline               |                                                                                                                                             | firmware/nnet_utils/nnet_function_stubs.h:66 in bit_shift                                      |
| inline               |                                                                                                                                             | firmware/nnet_utils/nnet_function_stubs.h:73 in bit_shift                                      |
| inline               |                                                                                                                                             | firmware/nnet_utils/nnet_function_stubs.h:80 in bit_shift                                      |
| inline               |                                                                                                                                             | firmware/nnet_utils/nnet_mult.h:25 in product                                                  |
| inline               |                                                                                                                                             | firmware/nnet_utils/nnet_mult.h:34 in product                                                  |
| inline               |                                                                                                                                             | firmware/nnet_utils/nnet_mult.h:46 in product                                                  |
| inline               |                                                                                                                                             | firmware/nnet_utils/nnet_mult.h:58 in product                                                  |
| inline               |                                                                                                                                             | firmware/nnet_utils/nnet_mult.h:72 in product                                                  |
| inline               |                                                                                                                                             | firmware/nnet_utils/nnet_mult.h:82 in product                                                  |
| pipeline             |                                                                                                                                             | firmware/nnet_utils/nnet_padding.h:18 in zeropad1d_cf                                          |
| pipeline             |                                                                                                                                             | firmware/nnet_utils/nnet_padding.h:37 in zeropad1d_cl                                          |
| pipeline             |                                                                                                                                             | firmware/nnet_utils/nnet_padding.h:73 in zeropad2d_cf                                          |
| pipeline             |                                                                                                                                             | firmware/nnet_utils/nnet_padding.h:106 in zeropad2d_cl                                         |
| inline               |                                                                                                                                             | firmware/nnet_utils/nnet_padding_stream.h:9 in fill_zero                                       |
| unroll               |                                                                                                                                             | firmware/nnet_utils/nnet_padding_stream.h:12 in fill_zero                                      |
| inline               |                                                                                                                                             | firmware/nnet_utils/nnet_padding_stream.h:19 in fill_data                                      |
| unroll               |                                                                                                                                             | firmware/nnet_utils/nnet_padding_stream.h:23 in fill_data                                      |
| pipeline             | II=CONFIG_T::reuse_factor                                                                                                                   | firmware/nnet_utils/nnet_pooling.h:84 in pooling1d_cl                                          |
| allocation           | function instances=pool_op<data_T, CONFIG_T::pool_width, CONFIG_T::pool_op, typename CONFIG_T::accum_t> limit=limit                         | firmware/nnet_utils/nnet_pooling.h:88 in pooling1d_cl                                          |
| array_partition      | variable=pool complete dim=0                                                                                                                | firmware/nnet_utils/nnet_pooling.h:102 in pooling1d_cl, pool                                   |
| pipeline             | II=CONFIG_T::reuse_factor                                                                                                                   | firmware/nnet_utils/nnet_pooling.h:122 in global_pooling1d_cl                                  |
| allocation           | function instances=pool_op<data_T, CONFIG_T::pool_width, CONFIG_T::pool_op, typename CONFIG_T::accum_t> limit=limit                         | firmware/nnet_utils/nnet_pooling.h:129 in global_pooling1d_cl                                  |
| array_partition      | variable=pool complete dim=0                                                                                                                | firmware/nnet_utils/nnet_pooling.h:134 in global_pooling1d_cl, pool                            |
| pipeline             | II=CONFIG_T::reuse_factor                                                                                                                   | firmware/nnet_utils/nnet_pooling.h:176 in pooling2d_cl                                         |
| allocation           | function instances=pool_op<data_T, CONFIG_T::pool_height*CONFIG_T::pool_width, CONFIG_T::pool_op, typename CONFIG_T::accum_t> limit=limit   | firmware/nnet_utils/nnet_pooling.h:180 in pooling2d_cl                                         |
| array_partition      | variable=pool complete dim=0                                                                                                                | firmware/nnet_utils/nnet_pooling.h:196 in pooling2d_cl, pool                                   |
| pipeline             | II=CONFIG_T::reuse_factor                                                                                                                   | firmware/nnet_utils/nnet_pooling.h:232 in pooling2d_cf                                         |
| allocation           | function instances=pool_op<data_T, CONFIG_T::pool_height*CONFIG_T::pool_width, CONFIG_T::pool_op, typename CONFIG_T::accum_t> limit=limit   | firmware/nnet_utils/nnet_pooling.h:236 in pooling2d_cf                                         |
| array_partition      | variable=pool complete dim=0                                                                                                                | firmware/nnet_utils/nnet_pooling.h:250 in pooling2d_cf, pool                                   |
| pipeline             | II=CONFIG_T::reuse_factor                                                                                                                   | firmware/nnet_utils/nnet_pooling.h:298 in global_pooling2d_cl                                  |
| allocation           | function instances=pool_op<data_T, CONFIG_T::pool_width * CONFIG_T::pool_height, CONFIG_T::pool_op, typename CONFIG_T::accum_t> limit=limit | firmware/nnet_utils/nnet_pooling.h:301 in global_pooling2d_cl                                  |
| inline               |                                                                                                                                             | firmware/nnet_utils/nnet_pooling_stream.h:18 in reduce_pool                                    |
| inline               |                                                                                                                                             | firmware/nnet_utils/nnet_pooling_stream.h:34 in compute_pool_buffer_2d                         |
| array_partition      | variable=pool_window complete                                                                                                               | firmware/nnet_utils/nnet_pooling_stream.h:43 in compute_pool_buffer_2d, pool_window            |
| array_partition      | variable = kernel_data complete dim = 0                                                                                                     | firmware/nnet_utils/nnet_pooling_stream.h:46 in compute_pool_buffer_2d                         |
| pipeline             |                                                                                                                                             | firmware/nnet_utils/nnet_pooling_stream.h:58 in compute_pool_buffer_2d                         |
| inline               | recursive                                                                                                                                   | firmware/nnet_utils/nnet_pooling_stream.h:100 in pooling2d_cl                                  |
| array_partition      | variable = line_buffer complete dim = 2                                                                                                     | firmware/nnet_utils/nnet_pooling_stream.h:106 in pooling2d_cl                                  |
| loop_flatten         |                                                                                                                                             | firmware/nnet_utils/nnet_pooling_stream.h:112 in pooling2d_cl                                  |
| pipeline             |                                                                                                                                             | firmware/nnet_utils/nnet_pooling_stream.h:113 in pooling2d_cl                                  |
| inline               |                                                                                                                                             | firmware/nnet_utils/nnet_pooling_stream.h:125 in compute_pool_buffer_1d                        |
| array_partition      | variable=pool_window complete                                                                                                               | firmware/nnet_utils/nnet_pooling_stream.h:132 in compute_pool_buffer_1d, pool_window           |
| array_partition      | variable = kernel_data complete dim = 0                                                                                                     | firmware/nnet_utils/nnet_pooling_stream.h:135 in compute_pool_buffer_1d                        |
| pipeline             |                                                                                                                                             | firmware/nnet_utils/nnet_pooling_stream.h:148 in compute_pool_buffer_1d                        |
| inline               | recursive                                                                                                                                   | firmware/nnet_utils/nnet_pooling_stream.h:182 in pooling1d_cl                                  |
| pipeline             |                                                                                                                                             | firmware/nnet_utils/nnet_pooling_stream.h:186 in pooling1d_cl                                  |
| inline               |                                                                                                                                             | firmware/nnet_utils/nnet_pooling_stream.h:196 in reduce_global_pool                            |
| unroll               |                                                                                                                                             | firmware/nnet_utils/nnet_pooling_stream.h:212 in compute_global_pool                           |
| array_partition      | variable=data_pack complete dim=0                                                                                                           | firmware/nnet_utils/nnet_pooling_stream.h:215 in compute_global_pool, data_pack                |
| unroll               |                                                                                                                                             | firmware/nnet_utils/nnet_pooling_stream.h:219 in compute_global_pool                           |
| array_partition      | variable=data_window complete                                                                                                               | firmware/nnet_utils/nnet_pooling_stream.h:233 in global_pooling2d_cl, data_window              |
| unroll               |                                                                                                                                             | firmware/nnet_utils/nnet_pooling_stream.h:242 in global_pooling2d_cl                           |
| loop_flatten         |                                                                                                                                             | firmware/nnet_utils/nnet_pooling_stream.h:250 in global_pooling2d_cl                           |
| pipeline             |                                                                                                                                             | firmware/nnet_utils/nnet_pooling_stream.h:258 in global_pooling2d_cl                           |
| unroll               |                                                                                                                                             | firmware/nnet_utils/nnet_pooling_stream.h:264 in global_pooling2d_cl                           |
| pipeline             |                                                                                                                                             | firmware/nnet_utils/nnet_pooling_stream.h:272 in global_pooling2d_cl                           |
| unroll               |                                                                                                                                             | firmware/nnet_utils/nnet_pooling_stream.h:278 in global_pooling2d_cl                           |
| array_partition      | variable=data_window complete                                                                                                               | firmware/nnet_utils/nnet_pooling_stream.h:292 in global_pooling1d_cl, data_window              |
| unroll               |                                                                                                                                             | firmware/nnet_utils/nnet_pooling_stream.h:301 in global_pooling1d_cl                           |
| loop_flatten         |                                                                                                                                             | firmware/nnet_utils/nnet_pooling_stream.h:307 in global_pooling1d_cl                           |
| pipeline             |                                                                                                                                             | firmware/nnet_utils/nnet_pooling_stream.h:314 in global_pooling1d_cl                           |
| unroll               |                                                                                                                                             | firmware/nnet_utils/nnet_pooling_stream.h:320 in global_pooling1d_cl                           |
| pipeline             |                                                                                                                                             | firmware/nnet_utils/nnet_pooling_stream.h:328 in global_pooling1d_cl                           |
| unroll               |                                                                                                                                             | firmware/nnet_utils/nnet_pooling_stream.h:334 in global_pooling1d_cl                           |
| pipeline             |                                                                                                                                             | firmware/nnet_utils/nnet_stream.h:23 in clone_stream                                           |
| unroll               |                                                                                                                                             | firmware/nnet_utils/nnet_stream.h:33 in clone_stream                                           |
| pipeline             |                                                                                                                                             | firmware/nnet_utils/nnet_stream.h:47 in clone_stream                                           |
| unroll               |                                                                                                                                             | firmware/nnet_utils/nnet_stream.h:59 in clone_stream                                           |
| pipeline             |                                                                                                                                             | firmware/nnet_utils/nnet_stream.h:76 in clone_stream                                           |
| unroll               |                                                                                                                                             | firmware/nnet_utils/nnet_stream.h:90 in clone_stream                                           |
| pipeline             |                                                                                                                                             | firmware/nnet_utils/nnet_stream.h:109 in clone_stream                                          |
| unroll               |                                                                                                                                             | firmware/nnet_utils/nnet_stream.h:125 in clone_stream                                          |
| pipeline             |                                                                                                                                             | firmware/nnet_utils/nnet_stream.h:146 in clone_stream                                          |
| unroll               |                                                                                                                                             | firmware/nnet_utils/nnet_stream.h:164 in clone_stream                                          |
| pipeline             |                                                                                                                                             | firmware/nnet_utils/nnet_stream.h:187 in clone_stream                                          |
| unroll               |                                                                                                                                             | firmware/nnet_utils/nnet_stream.h:207 in clone_stream                                          |
| pipeline             |                                                                                                                                             | firmware/nnet_utils/nnet_stream.h:230 in repack_stream                                         |
| unroll               |                                                                                                                                             | firmware/nnet_utils/nnet_stream.h:237 in repack_stream                                         |
| pipeline             |                                                                                                                                             | firmware/nnet_utils/nnet_stream.h:247 in repack_stream                                         |
| pipeline             |                                                                                                                                             | firmware/nnet_utils/nnet_stream.h:255 in repack_stream                                         |
| unroll               |                                                                                                                                             | firmware/nnet_utils/nnet_stream.h:259 in repack_stream                                         |
| pipeline             |                                                                                                                                             | firmware/nnet_utils/nnet_stream.h:270 in repack_stream                                         |
| unroll               |                                                                                                                                             | firmware/nnet_utils/nnet_stream.h:274 in repack_stream                                         |
| pipeline             |                                                                                                                                             | firmware/nnet_utils/nnet_stream.h:295 in broadcast_stream_1x1xc                                |
| pipeline             |                                                                                                                                             | firmware/nnet_utils/nnet_stream.h:298 in broadcast_stream_1x1xc                                |
| unroll               |                                                                                                                                             | firmware/nnet_utils/nnet_stream.h:302 in broadcast_stream_1x1xc                                |
| pipeline             |                                                                                                                                             | firmware/nnet_utils/nnet_stream.h:316 in broadcast_stream_hxwx1                                |
| unroll               |                                                                                                                                             | firmware/nnet_utils/nnet_stream.h:321 in broadcast_stream_hxwx1                                |
| unroll               |                                                                                                                                             | firmware/nnet_utils/nnet_types.h:28 in operator=                                               |
+----------------------+---------------------------------------------------------------------------------------------------------------------------------------------+------------------------------------------------------------------------------------------------+


