

================================================================
== Vitis HLS Report for 'dense_resource_rf_leq_nin_ap_ufixed_ap_fixed_16_6_5_3_0_config13_s'
================================================================
* Date:           Mon Aug  3 11:07:20 2026

* Version:        2023.2 (Build 4023990 on Oct 11 2023)
* Project:        myproject_prj
* Solution:       solution1 (Vivado IP Flow Target)
* Product family: virtexu
* Target device:  xcvu080-ffvb2104-2-e


================================================================
== Performance Estimates
================================================================
+ Timing: 
    * Summary: 
    +--------+---------+----------+------------+
    |  Clock |  Target | Estimated| Uncertainty|
    +--------+---------+----------+------------+
    |ap_clk  |  5.00 ns|  3.560 ns|     1.35 ns|
    +--------+---------+----------+------------+

+ Latency: 
    * Summary: 
    +---------+---------+----------+----------+-----+-----+------------------------------------------+
    |  Latency (cycles) |  Latency (absolute) |  Interval |                 Pipeline                 |
    |   min   |   max   |    min   |    max   | min | max |                   Type                   |
    +---------+---------+----------+----------+-----+-----+------------------------------------------+
    |      218|      219|  1.090 us|  1.095 us|  216|  216|  loop rewind stp(delay=0 clock cycles(s))|
    +---------+---------+----------+----------+-----+-----+------------------------------------------+

    + Detail: 
        * Instance: 
        N/A

        * Loop: 
        +-------------+---------+---------+----------+-----------+-----------+------+----------+
        |             |  Latency (cycles) | Iteration|  Initiation Interval  | Trip |          |
        |  Loop Name  |   min   |   max   |  Latency |  achieved |   target  | Count| Pipelined|
        +-------------+---------+---------+----------+-----------+-----------+------+----------+
        |- ReuseLoop  |      218|      218|         4|          1|          1|   216|       yes|
        +-------------+---------+---------+----------+-----------+-----------+------+----------+



================================================================
== Utilization Estimates
================================================================
* Summary: 
+-----------------+---------+-----+--------+--------+-----+
|       Name      | BRAM_18K| DSP |   FF   |   LUT  | URAM|
+-----------------+---------+-----+--------+--------+-----+
|DSP              |        -|    -|       -|       -|    -|
|Expression       |        -|    -|       0|    1332|    -|
|FIFO             |        -|    -|       -|       -|    -|
|Instance         |        -|   72|       0|    7308|    -|
|Memory           |       32|    -|       0|       0|    -|
|Multiplexer      |        -|    -|       -|   35371|    -|
|Register         |        -|    -|   44504|      32|    -|
+-----------------+---------+-----+--------+--------+-----+
|Total            |       32|   72|   44504|   44043|    0|
+-----------------+---------+-----+--------+--------+-----+
|Available        |     2842|  672|  891424|  445712|    0|
+-----------------+---------+-----+--------+--------+-----+
|Utilization (%)  |        1|   10|       4|       9|    0|
+-----------------+---------+-----+--------+--------+-----+

+ Detail: 
    * Instance: 
    +------------------------------+------------------------+---------+----+---+------+-----+
    |           Instance           |         Module         | BRAM_18K| DSP| FF|  LUT | URAM|
    +------------------------------+------------------------+---------+----+---+------+-----+
    |mul_16ns_7s_23_1_1_U2051      |mul_16ns_7s_23_1_1      |        0|   1|  0|     6|    0|
    |mul_16s_16ns_27_1_1_U1980     |mul_16s_16ns_27_1_1     |        0|   1|  0|     6|    0|
    |mul_16s_16ns_27_1_1_U1981     |mul_16s_16ns_27_1_1     |        0|   1|  0|     6|    0|
    |mul_16s_16ns_27_1_1_U1982     |mul_16s_16ns_27_1_1     |        0|   1|  0|     6|    0|
    |mul_16s_16ns_27_1_1_U1983     |mul_16s_16ns_27_1_1     |        0|   1|  0|     6|    0|
    |mul_16s_16ns_27_1_1_U1984     |mul_16s_16ns_27_1_1     |        0|   1|  0|     6|    0|
    |mul_16s_16ns_27_1_1_U1985     |mul_16s_16ns_27_1_1     |        0|   1|  0|     6|    0|
    |mul_16s_16ns_27_1_1_U1986     |mul_16s_16ns_27_1_1     |        0|   1|  0|     6|    0|
    |mul_16s_16ns_27_1_1_U1987     |mul_16s_16ns_27_1_1     |        0|   1|  0|     6|    0|
    |mul_16s_16ns_27_1_1_U1988     |mul_16s_16ns_27_1_1     |        0|   1|  0|     6|    0|
    |mul_16s_16ns_27_1_1_U1989     |mul_16s_16ns_27_1_1     |        0|   1|  0|     6|    0|
    |mul_16s_16ns_27_1_1_U1990     |mul_16s_16ns_27_1_1     |        0|   1|  0|     6|    0|
    |mul_16s_16ns_27_1_1_U1991     |mul_16s_16ns_27_1_1     |        0|   1|  0|     6|    0|
    |mul_16s_16ns_27_1_1_U1992     |mul_16s_16ns_27_1_1     |        0|   1|  0|     6|    0|
    |mul_16s_16ns_27_1_1_U1993     |mul_16s_16ns_27_1_1     |        0|   1|  0|     6|    0|
    |mul_16s_16ns_27_1_1_U1994     |mul_16s_16ns_27_1_1     |        0|   1|  0|     6|    0|
    |mul_16s_16ns_27_1_1_U1995     |mul_16s_16ns_27_1_1     |        0|   1|  0|     6|    0|
    |mul_16s_16ns_27_1_1_U1996     |mul_16s_16ns_27_1_1     |        0|   1|  0|     6|    0|
    |mul_16s_16ns_27_1_1_U1997     |mul_16s_16ns_27_1_1     |        0|   1|  0|     6|    0|
    |mul_16s_16ns_27_1_1_U1998     |mul_16s_16ns_27_1_1     |        0|   1|  0|     6|    0|
    |mul_16s_16ns_27_1_1_U1999     |mul_16s_16ns_27_1_1     |        0|   1|  0|     6|    0|
    |mul_16s_16ns_27_1_1_U2000     |mul_16s_16ns_27_1_1     |        0|   1|  0|     6|    0|
    |mul_16s_16ns_27_1_1_U2001     |mul_16s_16ns_27_1_1     |        0|   1|  0|     6|    0|
    |mul_16s_16ns_27_1_1_U2002     |mul_16s_16ns_27_1_1     |        0|   1|  0|     6|    0|
    |mul_16s_16ns_27_1_1_U2003     |mul_16s_16ns_27_1_1     |        0|   1|  0|     6|    0|
    |mul_16s_16ns_27_1_1_U2004     |mul_16s_16ns_27_1_1     |        0|   1|  0|     6|    0|
    |mul_16s_16ns_27_1_1_U2005     |mul_16s_16ns_27_1_1     |        0|   1|  0|     6|    0|
    |mul_16s_16ns_27_1_1_U2006     |mul_16s_16ns_27_1_1     |        0|   1|  0|     6|    0|
    |mul_16s_16ns_27_1_1_U2007     |mul_16s_16ns_27_1_1     |        0|   1|  0|     6|    0|
    |mul_16s_16ns_27_1_1_U2008     |mul_16s_16ns_27_1_1     |        0|   1|  0|     6|    0|
    |mul_16s_16ns_27_1_1_U2009     |mul_16s_16ns_27_1_1     |        0|   1|  0|     6|    0|
    |mul_16s_16ns_27_1_1_U2010     |mul_16s_16ns_27_1_1     |        0|   1|  0|     6|    0|
    |mul_16s_16ns_27_1_1_U2011     |mul_16s_16ns_27_1_1     |        0|   1|  0|     6|    0|
    |mul_16s_16ns_27_1_1_U2012     |mul_16s_16ns_27_1_1     |        0|   1|  0|     6|    0|
    |mul_16s_16ns_27_1_1_U2013     |mul_16s_16ns_27_1_1     |        0|   1|  0|     6|    0|
    |mul_16s_16ns_27_1_1_U2014     |mul_16s_16ns_27_1_1     |        0|   1|  0|     6|    0|
    |mul_16s_16ns_27_1_1_U2015     |mul_16s_16ns_27_1_1     |        0|   1|  0|     6|    0|
    |mul_16s_16ns_27_1_1_U2016     |mul_16s_16ns_27_1_1     |        0|   1|  0|     6|    0|
    |mul_16s_16ns_27_1_1_U2017     |mul_16s_16ns_27_1_1     |        0|   1|  0|     6|    0|
    |mul_16s_16ns_27_1_1_U2018     |mul_16s_16ns_27_1_1     |        0|   1|  0|     6|    0|
    |mul_16s_16ns_27_1_1_U2019     |mul_16s_16ns_27_1_1     |        0|   1|  0|     6|    0|
    |mul_16s_16ns_27_1_1_U2020     |mul_16s_16ns_27_1_1     |        0|   1|  0|     6|    0|
    |mul_16s_16ns_27_1_1_U2021     |mul_16s_16ns_27_1_1     |        0|   1|  0|     6|    0|
    |mul_16s_16ns_27_1_1_U2022     |mul_16s_16ns_27_1_1     |        0|   1|  0|     6|    0|
    |mul_16s_16ns_27_1_1_U2023     |mul_16s_16ns_27_1_1     |        0|   1|  0|     6|    0|
    |mul_16s_16ns_27_1_1_U2024     |mul_16s_16ns_27_1_1     |        0|   1|  0|     6|    0|
    |mul_16s_16ns_27_1_1_U2025     |mul_16s_16ns_27_1_1     |        0|   1|  0|     6|    0|
    |mul_16s_16ns_27_1_1_U2026     |mul_16s_16ns_27_1_1     |        0|   1|  0|     6|    0|
    |mul_16s_16ns_27_1_1_U2027     |mul_16s_16ns_27_1_1     |        0|   1|  0|     6|    0|
    |mul_16s_16ns_27_1_1_U2028     |mul_16s_16ns_27_1_1     |        0|   1|  0|     6|    0|
    |mul_16s_16ns_27_1_1_U2029     |mul_16s_16ns_27_1_1     |        0|   1|  0|     6|    0|
    |mul_16s_16ns_27_1_1_U2030     |mul_16s_16ns_27_1_1     |        0|   1|  0|     6|    0|
    |mul_16s_16ns_27_1_1_U2031     |mul_16s_16ns_27_1_1     |        0|   1|  0|     6|    0|
    |mul_16s_16ns_27_1_1_U2032     |mul_16s_16ns_27_1_1     |        0|   1|  0|     6|    0|
    |mul_16s_16ns_27_1_1_U2033     |mul_16s_16ns_27_1_1     |        0|   1|  0|     6|    0|
    |mul_16s_16ns_27_1_1_U2034     |mul_16s_16ns_27_1_1     |        0|   1|  0|     6|    0|
    |mul_16s_16ns_27_1_1_U2035     |mul_16s_16ns_27_1_1     |        0|   1|  0|     6|    0|
    |mul_16s_16ns_27_1_1_U2036     |mul_16s_16ns_27_1_1     |        0|   1|  0|     6|    0|
    |mul_16s_16ns_27_1_1_U2037     |mul_16s_16ns_27_1_1     |        0|   1|  0|     6|    0|
    |mul_16s_16ns_27_1_1_U2038     |mul_16s_16ns_27_1_1     |        0|   1|  0|     6|    0|
    |mul_16s_16ns_27_1_1_U2039     |mul_16s_16ns_27_1_1     |        0|   1|  0|     6|    0|
    |mul_16s_16ns_27_1_1_U2040     |mul_16s_16ns_27_1_1     |        0|   1|  0|     6|    0|
    |mul_16s_16ns_27_1_1_U2041     |mul_16s_16ns_27_1_1     |        0|   1|  0|     6|    0|
    |mul_16s_16ns_27_1_1_U2042     |mul_16s_16ns_27_1_1     |        0|   1|  0|     6|    0|
    |mul_16s_16ns_27_1_1_U2043     |mul_16s_16ns_27_1_1     |        0|   1|  0|     6|    0|
    |mul_16s_16ns_27_1_1_U2044     |mul_16s_16ns_27_1_1     |        0|   1|  0|     6|    0|
    |mul_16s_16ns_27_1_1_U2045     |mul_16s_16ns_27_1_1     |        0|   1|  0|     6|    0|
    |mul_16s_16ns_27_1_1_U2046     |mul_16s_16ns_27_1_1     |        0|   1|  0|     6|    0|
    |mul_16s_16ns_27_1_1_U2047     |mul_16s_16ns_27_1_1     |        0|   1|  0|     6|    0|
    |mul_16s_16ns_27_1_1_U2048     |mul_16s_16ns_27_1_1     |        0|   1|  0|     6|    0|
    |mul_16s_16ns_27_1_1_U2049     |mul_16s_16ns_27_1_1     |        0|   1|  0|     6|    0|
    |mul_16s_16ns_27_1_1_U2050     |mul_16s_16ns_27_1_1     |        0|   1|  0|     6|    0|
    |sparsemux_433_8_16_1_1_U1974  |sparsemux_433_8_16_1_1  |        0|   0|  0|  1146|    0|
    |sparsemux_433_8_16_1_1_U1975  |sparsemux_433_8_16_1_1  |        0|   0|  0|  1146|    0|
    |sparsemux_433_8_16_1_1_U1976  |sparsemux_433_8_16_1_1  |        0|   0|  0|  1146|    0|
    |sparsemux_433_8_16_1_1_U1977  |sparsemux_433_8_16_1_1  |        0|   0|  0|  1146|    0|
    |sparsemux_433_8_16_1_1_U1978  |sparsemux_433_8_16_1_1  |        0|   0|  0|  1146|    0|
    |sparsemux_433_8_16_1_1_U1979  |sparsemux_433_8_16_1_1  |        0|   0|  0|  1146|    0|
    +------------------------------+------------------------+---------+----+---+------+-----+
    |Total                         |                        |        0|  72|  0|  7308|    0|
    +------------------------------+------------------------+---------+----+---+------+-----+

    * DSP: 
    N/A

    * Memory: 
    +-------+----------------------------------------------------------------------------------+---------+---+----+-----+------+------+------+-------------+
    | Memory|                                      Module                                      | BRAM_18K| FF| LUT| URAM| Words| Bits | Banks| W*Bits*Banks|
    +-------+----------------------------------------------------------------------------------+---------+---+----+-----+------+------+------+-------------+
    |w13_U  |dense_resource_rf_leq_nin_ap_ufixed_ap_fixed_16_6_5_3_0_config13_s_w13_ROM_NPbbk  |       32|  0|   0|    0|   216|  1143|     1|       246888|
    +-------+----------------------------------------------------------------------------------+---------+---+----+-----+------+------+------+-------------+
    |Total  |                                                                                  |       32|  0|   0|    0|   216|  1143|     1|       246888|
    +-------+----------------------------------------------------------------------------------+---------+---+----+-----+------+------+------+-------------+

    * FIFO: 
    N/A

    * Expression: 
    +-------------------------+----------+----+---+----+------------+------------+
    |      Variable Name      | Operation| DSP| FF| LUT| Bitwidth P0| Bitwidth P1|
    +-------------------------+----------+----+---+----+------------+------------+
    |add_ln58_10_fu_52446_p2  |         +|   0|  0|  18|          18|          18|
    |add_ln58_12_fu_52458_p2  |         +|   0|  0|  18|          18|          18|
    |add_ln58_13_fu_52462_p2  |         +|   0|  0|  18|          18|          18|
    |add_ln58_14_fu_52467_p2  |         +|   0|  0|  18|          18|          18|
    |add_ln58_15_fu_52471_p2  |         +|   0|  0|  18|          18|          18|
    |add_ln58_16_fu_52476_p2  |         +|   0|  0|  18|          18|          18|
    |add_ln58_18_fu_52488_p2  |         +|   0|  0|  18|          18|          18|
    |add_ln58_19_fu_52492_p2  |         +|   0|  0|  18|          18|          18|
    |add_ln58_1_fu_52402_p2   |         +|   0|  0|  18|          18|          18|
    |add_ln58_20_fu_52497_p2  |         +|   0|  0|  18|          18|          18|
    |add_ln58_21_fu_52501_p2  |         +|   0|  0|  18|          18|          18|
    |add_ln58_22_fu_52506_p2  |         +|   0|  0|  18|          18|          18|
    |add_ln58_24_fu_52518_p2  |         +|   0|  0|  18|          18|          18|
    |add_ln58_25_fu_52522_p2  |         +|   0|  0|  18|          18|          18|
    |add_ln58_26_fu_52527_p2  |         +|   0|  0|  18|          18|          18|
    |add_ln58_27_fu_52531_p2  |         +|   0|  0|  18|          18|          18|
    |add_ln58_28_fu_52536_p2  |         +|   0|  0|  18|          18|          18|
    |add_ln58_2_fu_52407_p2   |         +|   0|  0|  18|          18|          18|
    |add_ln58_30_fu_52548_p2  |         +|   0|  0|  18|          18|          18|
    |add_ln58_31_fu_52552_p2  |         +|   0|  0|  18|          18|          18|
    |add_ln58_32_fu_52557_p2  |         +|   0|  0|  18|          18|          18|
    |add_ln58_33_fu_52561_p2  |         +|   0|  0|  18|          18|          18|
    |add_ln58_34_fu_52566_p2  |         +|   0|  0|  18|          18|          18|
    |add_ln58_36_fu_52578_p2  |         +|   0|  0|  18|          18|          18|
    |add_ln58_37_fu_52582_p2  |         +|   0|  0|  18|          18|          18|
    |add_ln58_38_fu_52587_p2  |         +|   0|  0|  18|          18|          18|
    |add_ln58_39_fu_52591_p2  |         +|   0|  0|  18|          18|          18|
    |add_ln58_3_fu_52411_p2   |         +|   0|  0|  18|          18|          18|
    |add_ln58_40_fu_52596_p2  |         +|   0|  0|  18|          18|          18|
    |add_ln58_42_fu_52608_p2  |         +|   0|  0|  18|          18|          18|
    |add_ln58_43_fu_52612_p2  |         +|   0|  0|  18|          18|          18|
    |add_ln58_44_fu_52617_p2  |         +|   0|  0|  18|          18|          18|
    |add_ln58_45_fu_52621_p2  |         +|   0|  0|  18|          18|          18|
    |add_ln58_46_fu_52626_p2  |         +|   0|  0|  18|          18|          18|
    |add_ln58_48_fu_52638_p2  |         +|   0|  0|  18|          18|          18|
    |add_ln58_49_fu_52642_p2  |         +|   0|  0|  18|          18|          18|
    |add_ln58_4_fu_52416_p2   |         +|   0|  0|  18|          18|          18|
    |add_ln58_50_fu_52647_p2  |         +|   0|  0|  18|          18|          18|
    |add_ln58_51_fu_52651_p2  |         +|   0|  0|  18|          18|          18|
    |add_ln58_52_fu_52656_p2  |         +|   0|  0|  18|          18|          18|
    |add_ln58_54_fu_52668_p2  |         +|   0|  0|  18|          18|          18|
    |add_ln58_55_fu_52672_p2  |         +|   0|  0|  18|          18|          18|
    |add_ln58_56_fu_52677_p2  |         +|   0|  0|  18|          18|          18|
    |add_ln58_57_fu_52681_p2  |         +|   0|  0|  18|          18|          18|
    |add_ln58_58_fu_52686_p2  |         +|   0|  0|  18|          18|          18|
    |add_ln58_60_fu_52698_p2  |         +|   0|  0|  18|          18|          18|
    |add_ln58_61_fu_52702_p2  |         +|   0|  0|  18|          18|          18|
    |add_ln58_62_fu_52707_p2  |         +|   0|  0|  18|          18|          18|
    |add_ln58_63_fu_52711_p2  |         +|   0|  0|  18|          18|          18|
    |add_ln58_64_fu_52716_p2  |         +|   0|  0|  18|          18|          18|
    |add_ln58_66_fu_52731_p2  |         +|   0|  0|  18|          18|          18|
    |add_ln58_67_fu_52735_p2  |         +|   0|  0|  18|          18|          18|
    |add_ln58_68_fu_52740_p2  |         +|   0|  0|  18|          18|          18|
    |add_ln58_69_fu_52745_p2  |         +|   0|  0|  18|          18|          18|
    |add_ln58_6_fu_52428_p2   |         +|   0|  0|  18|          18|          18|
    |add_ln58_70_fu_52750_p2  |         +|   0|  0|  18|          18|          18|
    |add_ln58_7_fu_52432_p2   |         +|   0|  0|  18|          18|          18|
    |add_ln58_8_fu_52437_p2   |         +|   0|  0|  18|          18|          18|
    |add_ln58_9_fu_52441_p2   |         +|   0|  0|  18|          18|          18|
    |add_ln58_fu_52398_p2     |         +|   0|  0|  18|          18|          18|
    |w_index_fu_45051_p2      |         +|   0|  0|  15|           8|           1|
    |x_10_fu_52722_p2         |         +|   0|  0|  18|          18|          18|
    |x_11_fu_52756_p2         |         +|   0|  0|  18|          18|          18|
    |x_1_fu_52452_p2          |         +|   0|  0|  18|          18|          18|
    |x_2_fu_52482_p2          |         +|   0|  0|  18|          18|          18|
    |x_3_fu_52512_p2          |         +|   0|  0|  18|          18|          18|
    |x_4_fu_52542_p2          |         +|   0|  0|  18|          18|          18|
    |x_5_fu_52572_p2          |         +|   0|  0|  18|          18|          18|
    |x_6_fu_52602_p2          |         +|   0|  0|  18|          18|          18|
    |x_7_fu_52632_p2          |         +|   0|  0|  18|          18|          18|
    |x_8_fu_52662_p2          |         +|   0|  0|  18|          18|          18|
    |x_9_fu_52692_p2          |         +|   0|  0|  18|          18|          18|
    |x_fu_52422_p2            |         +|   0|  0|  18|          18|          18|
    |ap_condition_9180        |       and|   0|  0|   2|           1|           1|
    |ap_condition_9519        |       and|   0|  0|   2|           1|           1|
    |icmp_ln46_fu_45057_p2    |      icmp|   0|  0|  15|           8|           7|
    |ap_enable_pp0            |       xor|   0|  0|   2|           1|           2|
    +-------------------------+----------+----+---+----+------------+------------+
    |Total                    |          |   0|  0|1332|        1315|        1308|
    +-------------------------+----------+----+---+----+------------+------------+

    * Multiplexer: 
    +------------------------------------------------------+-----+-----------+-----+-----------+
    |                         Name                         | LUT | Input Size| Bits| Total Bits|
    +------------------------------------------------------+-----+-----------+-----+-----------+
    |ap_done_int                                           |    9|          2|    1|          2|
    |ap_loop_exit_ready_pp0_iter3_reg                      |    9|          2|    1|          2|
    |ap_phi_mux_conv_i2_i_111125_phi_fu_44896_p6           |    9|          2|   18|         36|
    |ap_phi_mux_conv_i2_i_171223_phi_fu_44910_p6           |    9|          2|   18|         36|
    |ap_phi_mux_conv_i2_i_231321_phi_fu_44924_p6           |    9|          2|   18|         36|
    |ap_phi_mux_conv_i2_i_291419_phi_fu_44938_p6           |    9|          2|   18|         36|
    |ap_phi_mux_conv_i2_i_351517_phi_fu_44952_p6           |    9|          2|   18|         36|
    |ap_phi_mux_conv_i2_i_411615_phi_fu_44966_p6           |    9|          2|   18|         36|
    |ap_phi_mux_conv_i2_i_471713_phi_fu_44980_p6           |    9|          2|   18|         36|
    |ap_phi_mux_conv_i2_i_51027_phi_fu_44882_p6            |    9|          2|   18|         36|
    |ap_phi_mux_conv_i2_i_531811_phi_fu_44994_p6           |    9|          2|   18|         36|
    |ap_phi_mux_conv_i2_i_59199_phi_fu_45008_p6            |    9|          2|   18|         36|
    |ap_phi_mux_conv_i2_i_65207_phi_fu_45022_p6            |    9|          2|   18|         36|
    |ap_phi_mux_conv_i2_i_71215_phi_fu_45036_p6            |    9|          2|   18|         36|
    |ap_phi_mux_data_0_val41_phi_phi_fu_29330_p4           |    9|          2|   16|         32|
    |ap_phi_mux_data_1000_val1041_phi_phi_fu_41330_p4      |    9|          2|   16|         32|
    |ap_phi_mux_data_1001_val1042_phi_phi_fu_41342_p4      |    9|          2|   16|         32|
    |ap_phi_mux_data_1002_val1043_phi_phi_fu_41354_p4      |    9|          2|   16|         32|
    |ap_phi_mux_data_1003_val1044_phi_phi_fu_41366_p4      |    9|          2|   16|         32|
    |ap_phi_mux_data_1004_val1045_phi_phi_fu_41378_p4      |    9|          2|   16|         32|
    |ap_phi_mux_data_1005_val1046_phi_phi_fu_41390_p4      |    9|          2|   16|         32|
    |ap_phi_mux_data_1006_val1047_phi_phi_fu_41402_p4      |    9|          2|   16|         32|
    |ap_phi_mux_data_1007_val1048_phi_phi_fu_41414_p4      |    9|          2|   16|         32|
    |ap_phi_mux_data_1008_val1049_phi_phi_fu_41426_p4      |    9|          2|   16|         32|
    |ap_phi_mux_data_1009_val1050_phi_phi_fu_41438_p4      |    9|          2|   16|         32|
    |ap_phi_mux_data_100_val141_phi_phi_fu_30530_p4        |    9|          2|   16|         32|
    |ap_phi_mux_data_1010_val1051_phi_phi_fu_41450_p4      |    9|          2|   16|         32|
    |ap_phi_mux_data_1011_val1052_phi_phi_fu_41462_p4      |    9|          2|   16|         32|
    |ap_phi_mux_data_1012_val1053_phi_phi_fu_41474_p4      |    9|          2|   16|         32|
    |ap_phi_mux_data_1013_val1054_phi_phi_fu_41486_p4      |    9|          2|   16|         32|
    |ap_phi_mux_data_1014_val1055_phi_phi_fu_41498_p4      |    9|          2|   16|         32|
    |ap_phi_mux_data_1015_val1056_phi_phi_fu_41510_p4      |    9|          2|   16|         32|
    |ap_phi_mux_data_1016_val1057_phi_phi_fu_41522_p4      |    9|          2|   16|         32|
    |ap_phi_mux_data_1017_val1058_phi_phi_fu_41534_p4      |    9|          2|   16|         32|
    |ap_phi_mux_data_1018_val1059_phi_phi_fu_41546_p4      |    9|          2|   16|         32|
    |ap_phi_mux_data_1019_val1060_phi_phi_fu_41558_p4      |    9|          2|   16|         32|
    |ap_phi_mux_data_101_val142_phi_phi_fu_30542_p4        |    9|          2|   16|         32|
    |ap_phi_mux_data_1020_val1061_phi_phi_fu_41570_p4      |    9|          2|   16|         32|
    |ap_phi_mux_data_1021_val1062_phi_phi_fu_41582_p4      |    9|          2|   16|         32|
    |ap_phi_mux_data_1022_val1063_phi_phi_fu_41594_p4      |    9|          2|   16|         32|
    |ap_phi_mux_data_1023_val1064_phi_phi_fu_41606_p4      |    9|          2|   16|         32|
    |ap_phi_mux_data_1024_val1065_phi_phi_fu_41618_p4      |    9|          2|   16|         32|
    |ap_phi_mux_data_1025_val1066_phi_phi_fu_41630_p4      |    9|          2|   16|         32|
    |ap_phi_mux_data_1026_val1067_phi_phi_fu_41642_p4      |    9|          2|   16|         32|
    |ap_phi_mux_data_1027_val1068_phi_phi_fu_41654_p4      |    9|          2|   16|         32|
    |ap_phi_mux_data_1028_val1069_phi_phi_fu_41666_p4      |    9|          2|   16|         32|
    |ap_phi_mux_data_1029_val1070_phi_phi_fu_41678_p4      |    9|          2|   16|         32|
    |ap_phi_mux_data_102_val143_phi_phi_fu_30554_p4        |    9|          2|   16|         32|
    |ap_phi_mux_data_1030_val1071_phi_phi_fu_41690_p4      |    9|          2|   16|         32|
    |ap_phi_mux_data_1031_val1072_phi_phi_fu_41702_p4      |    9|          2|   16|         32|
    |ap_phi_mux_data_1032_val1073_phi_phi_fu_41714_p4      |    9|          2|   16|         32|
    |ap_phi_mux_data_1033_val1074_phi_phi_fu_41726_p4      |    9|          2|   16|         32|
    |ap_phi_mux_data_1034_val1075_phi_phi_fu_41738_p4      |    9|          2|   16|         32|
    |ap_phi_mux_data_1035_val1076_phi_phi_fu_41750_p4      |    9|          2|   16|         32|
    |ap_phi_mux_data_1036_val1077_phi_phi_fu_41762_p4      |    9|          2|   16|         32|
    |ap_phi_mux_data_1037_val1078_phi_phi_fu_41774_p4      |    9|          2|   16|         32|
    |ap_phi_mux_data_1038_val1079_phi_phi_fu_41786_p4      |    9|          2|   16|         32|
    |ap_phi_mux_data_1039_val1080_phi_phi_fu_41798_p4      |    9|          2|   16|         32|
    |ap_phi_mux_data_103_val144_phi_phi_fu_30566_p4        |    9|          2|   16|         32|
    |ap_phi_mux_data_1040_val1081_phi_phi_fu_41810_p4      |    9|          2|   16|         32|
    |ap_phi_mux_data_1041_val1082_phi_phi_fu_41822_p4      |    9|          2|   16|         32|
    |ap_phi_mux_data_1042_val1083_phi_phi_fu_41834_p4      |    9|          2|   16|         32|
    |ap_phi_mux_data_1043_val1084_phi_phi_fu_41846_p4      |    9|          2|   16|         32|
    |ap_phi_mux_data_1044_val1085_phi_phi_fu_41858_p4      |    9|          2|   16|         32|
    |ap_phi_mux_data_1045_val1086_phi_phi_fu_41870_p4      |    9|          2|   16|         32|
    |ap_phi_mux_data_1046_val1087_phi_phi_fu_41882_p4      |    9|          2|   16|         32|
    |ap_phi_mux_data_1047_val1088_phi_phi_fu_41894_p4      |    9|          2|   16|         32|
    |ap_phi_mux_data_1048_val1089_phi_phi_fu_41906_p4      |    9|          2|   16|         32|
    |ap_phi_mux_data_1049_val1090_phi_phi_fu_41918_p4      |    9|          2|   16|         32|
    |ap_phi_mux_data_104_val145_phi_phi_fu_30578_p4        |    9|          2|   16|         32|
    |ap_phi_mux_data_1050_val1091_phi_phi_fu_41930_p4      |    9|          2|   16|         32|
    |ap_phi_mux_data_1051_val1092_phi_phi_fu_41942_p4      |    9|          2|   16|         32|
    |ap_phi_mux_data_1052_val1093_phi_phi_fu_41954_p4      |    9|          2|   16|         32|
    |ap_phi_mux_data_1053_val1094_phi_phi_fu_41966_p4      |    9|          2|   16|         32|
    |ap_phi_mux_data_1054_val1095_phi_phi_fu_41978_p4      |    9|          2|   16|         32|
    |ap_phi_mux_data_1055_val1096_phi_phi_fu_41990_p4      |    9|          2|   16|         32|
    |ap_phi_mux_data_1056_val1097_phi_phi_fu_42002_p4      |    9|          2|   16|         32|
    |ap_phi_mux_data_1057_val1098_phi_phi_fu_42014_p4      |    9|          2|   16|         32|
    |ap_phi_mux_data_1058_val1099_phi_phi_fu_42026_p4      |    9|          2|   16|         32|
    |ap_phi_mux_data_1059_val1100_phi_phi_fu_42038_p4      |    9|          2|   16|         32|
    |ap_phi_mux_data_105_val146_phi_phi_fu_30590_p4        |    9|          2|   16|         32|
    |ap_phi_mux_data_1060_val1101_phi_phi_fu_42050_p4      |    9|          2|   16|         32|
    |ap_phi_mux_data_1061_val1102_phi_phi_fu_42062_p4      |    9|          2|   16|         32|
    |ap_phi_mux_data_1062_val1103_phi_phi_fu_42074_p4      |    9|          2|   16|         32|
    |ap_phi_mux_data_1063_val1104_phi_phi_fu_42086_p4      |    9|          2|   16|         32|
    |ap_phi_mux_data_1064_val1105_phi_phi_fu_42098_p4      |    9|          2|   16|         32|
    |ap_phi_mux_data_1065_val1106_phi_phi_fu_42110_p4      |    9|          2|   16|         32|
    |ap_phi_mux_data_1066_val1107_phi_phi_fu_42122_p4      |    9|          2|   16|         32|
    |ap_phi_mux_data_1067_val1108_phi_phi_fu_42134_p4      |    9|          2|   16|         32|
    |ap_phi_mux_data_1068_val1109_phi_phi_fu_42146_p4      |    9|          2|   16|         32|
    |ap_phi_mux_data_1069_val1110_phi_phi_fu_42158_p4      |    9|          2|   16|         32|
    |ap_phi_mux_data_106_val147_phi_phi_fu_30602_p4        |    9|          2|   16|         32|
    |ap_phi_mux_data_1070_val1111_phi_phi_fu_42170_p4      |    9|          2|   16|         32|
    |ap_phi_mux_data_1071_val1112_phi_phi_fu_42182_p4      |    9|          2|   16|         32|
    |ap_phi_mux_data_1072_val1113_phi_phi_fu_42194_p4      |    9|          2|   16|         32|
    |ap_phi_mux_data_1073_val1114_phi_phi_fu_42206_p4      |    9|          2|   16|         32|
    |ap_phi_mux_data_1074_val1115_phi_phi_fu_42218_p4      |    9|          2|   16|         32|
    |ap_phi_mux_data_1075_val1116_phi_phi_fu_42230_p4      |    9|          2|   16|         32|
    |ap_phi_mux_data_1076_val1117_phi_phi_fu_42242_p4      |    9|          2|   16|         32|
    |ap_phi_mux_data_1077_val1118_phi_phi_fu_42254_p4      |    9|          2|   16|         32|
    |ap_phi_mux_data_1078_val1119_phi_phi_fu_42266_p4      |    9|          2|   16|         32|
    |ap_phi_mux_data_1079_val1120_phi_phi_fu_42278_p4      |    9|          2|   16|         32|
    |ap_phi_mux_data_107_val148_phi_phi_fu_30614_p4        |    9|          2|   16|         32|
    |ap_phi_mux_data_1080_val1121_phi_phi_fu_42290_p4      |    9|          2|   16|         32|
    |ap_phi_mux_data_1081_val1122_phi_phi_fu_42302_p4      |    9|          2|   16|         32|
    |ap_phi_mux_data_1082_val1123_phi_phi_fu_42314_p4      |    9|          2|   16|         32|
    |ap_phi_mux_data_1083_val1124_phi_phi_fu_42326_p4      |    9|          2|   16|         32|
    |ap_phi_mux_data_1084_val1125_phi_phi_fu_42338_p4      |    9|          2|   16|         32|
    |ap_phi_mux_data_1085_val1126_phi_phi_fu_42350_p4      |    9|          2|   16|         32|
    |ap_phi_mux_data_1086_val1127_phi_phi_fu_42362_p4      |    9|          2|   16|         32|
    |ap_phi_mux_data_1087_val1128_phi_phi_fu_42374_p4      |    9|          2|   16|         32|
    |ap_phi_mux_data_1088_val1129_phi_phi_fu_42386_p4      |    9|          2|   16|         32|
    |ap_phi_mux_data_1089_val1130_phi_phi_fu_42398_p4      |    9|          2|   16|         32|
    |ap_phi_mux_data_108_val149_phi_phi_fu_30626_p4        |    9|          2|   16|         32|
    |ap_phi_mux_data_1090_val1131_phi_phi_fu_42410_p4      |    9|          2|   16|         32|
    |ap_phi_mux_data_1091_val1132_phi_phi_fu_42422_p4      |    9|          2|   16|         32|
    |ap_phi_mux_data_1092_val1133_phi_phi_fu_42434_p4      |    9|          2|   16|         32|
    |ap_phi_mux_data_1093_val1134_phi_phi_fu_42446_p4      |    9|          2|   16|         32|
    |ap_phi_mux_data_1094_val1135_phi_phi_fu_42458_p4      |    9|          2|   16|         32|
    |ap_phi_mux_data_1095_val1136_phi_phi_fu_42470_p4      |    9|          2|   16|         32|
    |ap_phi_mux_data_1096_val1137_phi_phi_fu_42482_p4      |    9|          2|   16|         32|
    |ap_phi_mux_data_1097_val1138_phi_phi_fu_42494_p4      |    9|          2|   16|         32|
    |ap_phi_mux_data_1098_val1139_phi_phi_fu_42506_p4      |    9|          2|   16|         32|
    |ap_phi_mux_data_1099_val1140_phi_phi_fu_42518_p4      |    9|          2|   16|         32|
    |ap_phi_mux_data_109_val150_phi_phi_fu_30638_p4        |    9|          2|   16|         32|
    |ap_phi_mux_data_10_val51_phi_phi_fu_29450_p4          |    9|          2|   16|         32|
    |ap_phi_mux_data_1100_val1141_phi_phi_fu_42530_p4      |    9|          2|   16|         32|
    |ap_phi_mux_data_1101_val1142_phi_phi_fu_42542_p4      |    9|          2|   16|         32|
    |ap_phi_mux_data_1102_val1143_phi_phi_fu_42554_p4      |    9|          2|   16|         32|
    |ap_phi_mux_data_1103_val1144_phi_phi_fu_42566_p4      |    9|          2|   16|         32|
    |ap_phi_mux_data_1104_val1145_phi_phi_fu_42578_p4      |    9|          2|   16|         32|
    |ap_phi_mux_data_1105_val1146_phi_phi_fu_42590_p4      |    9|          2|   16|         32|
    |ap_phi_mux_data_1106_val1147_phi_phi_fu_42602_p4      |    9|          2|   16|         32|
    |ap_phi_mux_data_1107_val1148_phi_phi_fu_42614_p4      |    9|          2|   16|         32|
    |ap_phi_mux_data_1108_val1149_phi_phi_fu_42626_p4      |    9|          2|   16|         32|
    |ap_phi_mux_data_1109_val1150_phi_phi_fu_42638_p4      |    9|          2|   16|         32|
    |ap_phi_mux_data_110_val151_phi_phi_fu_30650_p4        |    9|          2|   16|         32|
    |ap_phi_mux_data_1110_val1151_phi_phi_fu_42650_p4      |    9|          2|   16|         32|
    |ap_phi_mux_data_1111_val1152_phi_phi_fu_42662_p4      |    9|          2|   16|         32|
    |ap_phi_mux_data_1112_val1153_phi_phi_fu_42674_p4      |    9|          2|   16|         32|
    |ap_phi_mux_data_1113_val1154_phi_phi_fu_42686_p4      |    9|          2|   16|         32|
    |ap_phi_mux_data_1114_val1155_phi_phi_fu_42698_p4      |    9|          2|   16|         32|
    |ap_phi_mux_data_1115_val1156_phi_phi_fu_42710_p4      |    9|          2|   16|         32|
    |ap_phi_mux_data_1116_val1157_phi_phi_fu_42722_p4      |    9|          2|   16|         32|
    |ap_phi_mux_data_1117_val1158_phi_phi_fu_42734_p4      |    9|          2|   16|         32|
    |ap_phi_mux_data_1118_val1159_phi_phi_fu_42746_p4      |    9|          2|   16|         32|
    |ap_phi_mux_data_1119_val1160_phi_phi_fu_42758_p4      |    9|          2|   16|         32|
    |ap_phi_mux_data_111_val152_phi_phi_fu_30662_p4        |    9|          2|   16|         32|
    |ap_phi_mux_data_1120_val1161_phi_phi_fu_42770_p4      |    9|          2|   16|         32|
    |ap_phi_mux_data_1121_val1162_phi_phi_fu_42782_p4      |    9|          2|   16|         32|
    |ap_phi_mux_data_1122_val1163_phi_phi_fu_42794_p4      |    9|          2|   16|         32|
    |ap_phi_mux_data_1123_val1164_phi_phi_fu_42806_p4      |    9|          2|   16|         32|
    |ap_phi_mux_data_1124_val1165_phi_phi_fu_42818_p4      |    9|          2|   16|         32|
    |ap_phi_mux_data_1125_val1166_phi_phi_fu_42830_p4      |    9|          2|   16|         32|
    |ap_phi_mux_data_1126_val1167_phi_phi_fu_42842_p4      |    9|          2|   16|         32|
    |ap_phi_mux_data_1127_val1168_phi_phi_fu_42854_p4      |    9|          2|   16|         32|
    |ap_phi_mux_data_1128_val1169_phi_phi_fu_42866_p4      |    9|          2|   16|         32|
    |ap_phi_mux_data_1129_val1170_phi_phi_fu_42878_p4      |    9|          2|   16|         32|
    |ap_phi_mux_data_112_val153_phi_phi_fu_30674_p4        |    9|          2|   16|         32|
    |ap_phi_mux_data_1130_val1171_phi_phi_fu_42890_p4      |    9|          2|   16|         32|
    |ap_phi_mux_data_1131_val1172_phi_phi_fu_42902_p4      |    9|          2|   16|         32|
    |ap_phi_mux_data_1132_val1173_phi_phi_fu_42914_p4      |    9|          2|   16|         32|
    |ap_phi_mux_data_1133_val1174_phi_phi_fu_42926_p4      |    9|          2|   16|         32|
    |ap_phi_mux_data_1134_val1175_phi_phi_fu_42938_p4      |    9|          2|   16|         32|
    |ap_phi_mux_data_1135_val1176_phi_phi_fu_42950_p4      |    9|          2|   16|         32|
    |ap_phi_mux_data_1136_val1177_phi_phi_fu_42962_p4      |    9|          2|   16|         32|
    |ap_phi_mux_data_1137_val1178_phi_phi_fu_42974_p4      |    9|          2|   16|         32|
    |ap_phi_mux_data_1138_val1179_phi_phi_fu_42986_p4      |    9|          2|   16|         32|
    |ap_phi_mux_data_1139_val1180_phi_phi_fu_42998_p4      |    9|          2|   16|         32|
    |ap_phi_mux_data_113_val154_phi_phi_fu_30686_p4        |    9|          2|   16|         32|
    |ap_phi_mux_data_1140_val1181_phi_phi_fu_43010_p4      |    9|          2|   16|         32|
    |ap_phi_mux_data_1141_val1182_phi_phi_fu_43022_p4      |    9|          2|   16|         32|
    |ap_phi_mux_data_1142_val1183_phi_phi_fu_43034_p4      |    9|          2|   16|         32|
    |ap_phi_mux_data_1143_val1184_phi_phi_fu_43046_p4      |    9|          2|   16|         32|
    |ap_phi_mux_data_1144_val1185_phi_phi_fu_43058_p4      |    9|          2|   16|         32|
    |ap_phi_mux_data_1145_val1186_phi_phi_fu_43070_p4      |    9|          2|   16|         32|
    |ap_phi_mux_data_1146_val1187_phi_phi_fu_43082_p4      |    9|          2|   16|         32|
    |ap_phi_mux_data_1147_val1188_phi_phi_fu_43094_p4      |    9|          2|   16|         32|
    |ap_phi_mux_data_1148_val1189_phi_phi_fu_43106_p4      |    9|          2|   16|         32|
    |ap_phi_mux_data_1149_val1190_phi_phi_fu_43118_p4      |    9|          2|   16|         32|
    |ap_phi_mux_data_114_val155_phi_phi_fu_30698_p4        |    9|          2|   16|         32|
    |ap_phi_mux_data_1150_val1191_phi_phi_fu_43130_p4      |    9|          2|   16|         32|
    |ap_phi_mux_data_1151_val1192_phi_phi_fu_43142_p4      |    9|          2|   16|         32|
    |ap_phi_mux_data_1152_val1193_phi_phi_fu_43154_p4      |    9|          2|   16|         32|
    |ap_phi_mux_data_1153_val1194_phi_phi_fu_43166_p4      |    9|          2|   16|         32|
    |ap_phi_mux_data_1154_val1195_phi_phi_fu_43178_p4      |    9|          2|   16|         32|
    |ap_phi_mux_data_1155_val1196_phi_phi_fu_43190_p4      |    9|          2|   16|         32|
    |ap_phi_mux_data_1156_val1197_phi_phi_fu_43202_p4      |    9|          2|   16|         32|
    |ap_phi_mux_data_1157_val1198_phi_phi_fu_43214_p4      |    9|          2|   16|         32|
    |ap_phi_mux_data_1158_val1199_phi_phi_fu_43226_p4      |    9|          2|   16|         32|
    |ap_phi_mux_data_1159_val1200_phi_phi_fu_43238_p4      |    9|          2|   16|         32|
    |ap_phi_mux_data_115_val156_phi_phi_fu_30710_p4        |    9|          2|   16|         32|
    |ap_phi_mux_data_1160_val1201_phi_phi_fu_43250_p4      |    9|          2|   16|         32|
    |ap_phi_mux_data_1161_val1202_phi_phi_fu_43262_p4      |    9|          2|   16|         32|
    |ap_phi_mux_data_1162_val1203_phi_phi_fu_43274_p4      |    9|          2|   16|         32|
    |ap_phi_mux_data_1163_val1204_phi_phi_fu_43286_p4      |    9|          2|   16|         32|
    |ap_phi_mux_data_1164_val1205_phi_phi_fu_43298_p4      |    9|          2|   16|         32|
    |ap_phi_mux_data_1165_val1206_phi_phi_fu_43310_p4      |    9|          2|   16|         32|
    |ap_phi_mux_data_1166_val1207_phi_phi_fu_43322_p4      |    9|          2|   16|         32|
    |ap_phi_mux_data_1167_val1208_phi_phi_fu_43334_p4      |    9|          2|   16|         32|
    |ap_phi_mux_data_1168_val1209_phi_phi_fu_43346_p4      |    9|          2|   16|         32|
    |ap_phi_mux_data_1169_val1210_phi_phi_fu_43358_p4      |    9|          2|   16|         32|
    |ap_phi_mux_data_116_val157_phi_phi_fu_30722_p4        |    9|          2|   16|         32|
    |ap_phi_mux_data_1170_val1211_phi_phi_fu_43370_p4      |    9|          2|   16|         32|
    |ap_phi_mux_data_1171_val1212_phi_phi_fu_43382_p4      |    9|          2|   16|         32|
    |ap_phi_mux_data_1172_val1213_phi_phi_fu_43394_p4      |    9|          2|   16|         32|
    |ap_phi_mux_data_1173_val1214_phi_phi_fu_43406_p4      |    9|          2|   16|         32|
    |ap_phi_mux_data_1174_val1215_phi_phi_fu_43418_p4      |    9|          2|   16|         32|
    |ap_phi_mux_data_1175_val1216_phi_phi_fu_43430_p4      |    9|          2|   16|         32|
    |ap_phi_mux_data_1176_val1217_phi_phi_fu_43442_p4      |    9|          2|   16|         32|
    |ap_phi_mux_data_1177_val1218_phi_phi_fu_43454_p4      |    9|          2|   16|         32|
    |ap_phi_mux_data_1178_val1219_phi_phi_fu_43466_p4      |    9|          2|   16|         32|
    |ap_phi_mux_data_1179_val1220_phi_phi_fu_43478_p4      |    9|          2|   16|         32|
    |ap_phi_mux_data_117_val158_phi_phi_fu_30734_p4        |    9|          2|   16|         32|
    |ap_phi_mux_data_1180_val1221_phi_phi_fu_43490_p4      |    9|          2|   16|         32|
    |ap_phi_mux_data_1181_val1222_phi_phi_fu_43502_p4      |    9|          2|   16|         32|
    |ap_phi_mux_data_1182_val1223_phi_phi_fu_43514_p4      |    9|          2|   16|         32|
    |ap_phi_mux_data_1183_val1224_phi_phi_fu_43526_p4      |    9|          2|   16|         32|
    |ap_phi_mux_data_1184_val1225_phi_phi_fu_43538_p4      |    9|          2|   16|         32|
    |ap_phi_mux_data_1185_val1226_phi_phi_fu_43550_p4      |    9|          2|   16|         32|
    |ap_phi_mux_data_1186_val1227_phi_phi_fu_43562_p4      |    9|          2|   16|         32|
    |ap_phi_mux_data_1187_val1228_phi_phi_fu_43574_p4      |    9|          2|   16|         32|
    |ap_phi_mux_data_1188_val1229_phi_phi_fu_43586_p4      |    9|          2|   16|         32|
    |ap_phi_mux_data_1189_val1230_phi_phi_fu_43598_p4      |    9|          2|   16|         32|
    |ap_phi_mux_data_118_val159_phi_phi_fu_30746_p4        |    9|          2|   16|         32|
    |ap_phi_mux_data_1190_val1231_phi_phi_fu_43610_p4      |    9|          2|   16|         32|
    |ap_phi_mux_data_1191_val1232_phi_phi_fu_43622_p4      |    9|          2|   16|         32|
    |ap_phi_mux_data_1192_val1233_phi_phi_fu_43634_p4      |    9|          2|   16|         32|
    |ap_phi_mux_data_1193_val1234_phi_phi_fu_43646_p4      |    9|          2|   16|         32|
    |ap_phi_mux_data_1194_val1235_phi_phi_fu_43658_p4      |    9|          2|   16|         32|
    |ap_phi_mux_data_1195_val1236_phi_phi_fu_43670_p4      |    9|          2|   16|         32|
    |ap_phi_mux_data_1196_val1237_phi_phi_fu_43682_p4      |    9|          2|   16|         32|
    |ap_phi_mux_data_1197_val1238_phi_phi_fu_43694_p4      |    9|          2|   16|         32|
    |ap_phi_mux_data_1198_val1239_phi_phi_fu_43706_p4      |    9|          2|   16|         32|
    |ap_phi_mux_data_1199_val1240_phi_phi_fu_43718_p4      |    9|          2|   16|         32|
    |ap_phi_mux_data_119_val160_phi_phi_fu_30758_p4        |    9|          2|   16|         32|
    |ap_phi_mux_data_11_val52_phi_phi_fu_29462_p4          |    9|          2|   16|         32|
    |ap_phi_mux_data_1200_val1241_phi_phi_fu_43730_p4      |    9|          2|   16|         32|
    |ap_phi_mux_data_1201_val1242_phi_phi_fu_43742_p4      |    9|          2|   16|         32|
    |ap_phi_mux_data_1202_val1243_phi_phi_fu_43754_p4      |    9|          2|   16|         32|
    |ap_phi_mux_data_1203_val1244_phi_phi_fu_43766_p4      |    9|          2|   16|         32|
    |ap_phi_mux_data_1204_val1245_phi_phi_fu_43778_p4      |    9|          2|   16|         32|
    |ap_phi_mux_data_1205_val1246_phi_phi_fu_43790_p4      |    9|          2|   16|         32|
    |ap_phi_mux_data_1206_val1247_phi_phi_fu_43802_p4      |    9|          2|   16|         32|
    |ap_phi_mux_data_1207_val1248_phi_phi_fu_43814_p4      |    9|          2|   16|         32|
    |ap_phi_mux_data_1208_val1249_phi_phi_fu_43826_p4      |    9|          2|   16|         32|
    |ap_phi_mux_data_1209_val1250_phi_phi_fu_43838_p4      |    9|          2|   16|         32|
    |ap_phi_mux_data_120_val161_phi_phi_fu_30770_p4        |    9|          2|   16|         32|
    |ap_phi_mux_data_1210_val1251_phi_phi_fu_43850_p4      |    9|          2|   16|         32|
    |ap_phi_mux_data_1211_val1252_phi_phi_fu_43862_p4      |    9|          2|   16|         32|
    |ap_phi_mux_data_1212_val1253_phi_phi_fu_43874_p4      |    9|          2|   16|         32|
    |ap_phi_mux_data_1213_val1254_phi_phi_fu_43886_p4      |    9|          2|   16|         32|
    |ap_phi_mux_data_1214_val1255_phi_phi_fu_43898_p4      |    9|          2|   16|         32|
    |ap_phi_mux_data_1215_val1256_phi_phi_fu_43910_p4      |    9|          2|   16|         32|
    |ap_phi_mux_data_1216_val1257_phi_phi_fu_43922_p4      |    9|          2|   16|         32|
    |ap_phi_mux_data_1217_val1258_phi_phi_fu_43934_p4      |    9|          2|   16|         32|
    |ap_phi_mux_data_1218_val1259_phi_phi_fu_43946_p4      |    9|          2|   16|         32|
    |ap_phi_mux_data_1219_val1260_phi_phi_fu_43958_p4      |    9|          2|   16|         32|
    |ap_phi_mux_data_121_val162_phi_phi_fu_30782_p4        |    9|          2|   16|         32|
    |ap_phi_mux_data_1220_val1261_phi_phi_fu_43970_p4      |    9|          2|   16|         32|
    |ap_phi_mux_data_1221_val1262_phi_phi_fu_43982_p4      |    9|          2|   16|         32|
    |ap_phi_mux_data_1222_val1263_phi_phi_fu_43994_p4      |    9|          2|   16|         32|
    |ap_phi_mux_data_1223_val1264_phi_phi_fu_44006_p4      |    9|          2|   16|         32|
    |ap_phi_mux_data_1224_val1265_phi_phi_fu_44018_p4      |    9|          2|   16|         32|
    |ap_phi_mux_data_1225_val1266_phi_phi_fu_44030_p4      |    9|          2|   16|         32|
    |ap_phi_mux_data_1226_val1267_phi_phi_fu_44042_p4      |    9|          2|   16|         32|
    |ap_phi_mux_data_1227_val1268_phi_phi_fu_44054_p4      |    9|          2|   16|         32|
    |ap_phi_mux_data_1228_val1269_phi_phi_fu_44066_p4      |    9|          2|   16|         32|
    |ap_phi_mux_data_1229_val1270_phi_phi_fu_44078_p4      |    9|          2|   16|         32|
    |ap_phi_mux_data_122_val163_phi_phi_fu_30794_p4        |    9|          2|   16|         32|
    |ap_phi_mux_data_1230_val1271_phi_phi_fu_44090_p4      |    9|          2|   16|         32|
    |ap_phi_mux_data_1231_val1272_phi_phi_fu_44102_p4      |    9|          2|   16|         32|
    |ap_phi_mux_data_1232_val1273_phi_phi_fu_44114_p4      |    9|          2|   16|         32|
    |ap_phi_mux_data_1233_val1274_phi_phi_fu_44126_p4      |    9|          2|   16|         32|
    |ap_phi_mux_data_1234_val1275_phi_phi_fu_44138_p4      |    9|          2|   16|         32|
    |ap_phi_mux_data_1235_val1276_phi_phi_fu_44150_p4      |    9|          2|   16|         32|
    |ap_phi_mux_data_1236_val1277_phi_phi_fu_44162_p4      |    9|          2|   16|         32|
    |ap_phi_mux_data_1237_val1278_phi_phi_fu_44174_p4      |    9|          2|   16|         32|
    |ap_phi_mux_data_1238_val1279_phi_phi_fu_44186_p4      |    9|          2|   16|         32|
    |ap_phi_mux_data_1239_val1280_phi_phi_fu_44198_p4      |    9|          2|   16|         32|
    |ap_phi_mux_data_123_val164_phi_phi_fu_30806_p4        |    9|          2|   16|         32|
    |ap_phi_mux_data_1240_val1281_phi_phi_fu_44210_p4      |    9|          2|   16|         32|
    |ap_phi_mux_data_1241_val1282_phi_phi_fu_44222_p4      |    9|          2|   16|         32|
    |ap_phi_mux_data_1242_val1283_phi_phi_fu_44234_p4      |    9|          2|   16|         32|
    |ap_phi_mux_data_1243_val1284_phi_phi_fu_44246_p4      |    9|          2|   16|         32|
    |ap_phi_mux_data_1244_val1285_phi_phi_fu_44258_p4      |    9|          2|   16|         32|
    |ap_phi_mux_data_1245_val1286_phi_phi_fu_44270_p4      |    9|          2|   16|         32|
    |ap_phi_mux_data_1246_val1287_phi_phi_fu_44282_p4      |    9|          2|   16|         32|
    |ap_phi_mux_data_1247_val1288_phi_phi_fu_44294_p4      |    9|          2|   16|         32|
    |ap_phi_mux_data_1248_val1289_phi_phi_fu_44306_p4      |    9|          2|   16|         32|
    |ap_phi_mux_data_1249_val1290_phi_phi_fu_44318_p4      |    9|          2|   16|         32|
    |ap_phi_mux_data_124_val165_phi_phi_fu_30818_p4        |    9|          2|   16|         32|
    |ap_phi_mux_data_1250_val1291_phi_phi_fu_44330_p4      |    9|          2|   16|         32|
    |ap_phi_mux_data_1251_val1292_phi_phi_fu_44342_p4      |    9|          2|   16|         32|
    |ap_phi_mux_data_1252_val1293_phi_phi_fu_44354_p4      |    9|          2|   16|         32|
    |ap_phi_mux_data_1253_val1294_phi_phi_fu_44366_p4      |    9|          2|   16|         32|
    |ap_phi_mux_data_1254_val1295_phi_phi_fu_44378_p4      |    9|          2|   16|         32|
    |ap_phi_mux_data_1255_val1296_phi_phi_fu_44390_p4      |    9|          2|   16|         32|
    |ap_phi_mux_data_1256_val1297_phi_phi_fu_44402_p4      |    9|          2|   16|         32|
    |ap_phi_mux_data_1257_val1298_phi_phi_fu_44414_p4      |    9|          2|   16|         32|
    |ap_phi_mux_data_1258_val1299_phi_phi_fu_44426_p4      |    9|          2|   16|         32|
    |ap_phi_mux_data_1259_val1300_phi_phi_fu_44438_p4      |    9|          2|   16|         32|
    |ap_phi_mux_data_125_val166_phi_phi_fu_30830_p4        |    9|          2|   16|         32|
    |ap_phi_mux_data_1260_val1301_phi_phi_fu_44450_p4      |    9|          2|   16|         32|
    |ap_phi_mux_data_1261_val1302_phi_phi_fu_44462_p4      |    9|          2|   16|         32|
    |ap_phi_mux_data_1262_val1303_phi_phi_fu_44474_p4      |    9|          2|   16|         32|
    |ap_phi_mux_data_1263_val1304_phi_phi_fu_44486_p4      |    9|          2|   16|         32|
    |ap_phi_mux_data_1264_val1305_phi_phi_fu_44498_p4      |    9|          2|   16|         32|
    |ap_phi_mux_data_1265_val1306_phi_phi_fu_44510_p4      |    9|          2|   16|         32|
    |ap_phi_mux_data_1266_val1307_phi_phi_fu_44522_p4      |    9|          2|   16|         32|
    |ap_phi_mux_data_1267_val1308_phi_phi_fu_44534_p4      |    9|          2|   16|         32|
    |ap_phi_mux_data_1268_val1309_phi_phi_fu_44546_p4      |    9|          2|   16|         32|
    |ap_phi_mux_data_1269_val1310_phi_phi_fu_44558_p4      |    9|          2|   16|         32|
    |ap_phi_mux_data_126_val167_phi_phi_fu_30842_p4        |    9|          2|   16|         32|
    |ap_phi_mux_data_1270_val1311_phi_phi_fu_44570_p4      |    9|          2|   16|         32|
    |ap_phi_mux_data_1271_val1312_phi_phi_fu_44582_p4      |    9|          2|   16|         32|
    |ap_phi_mux_data_1272_val1313_phi_phi_fu_44594_p4      |    9|          2|   16|         32|
    |ap_phi_mux_data_1273_val1314_phi_phi_fu_44606_p4      |    9|          2|   16|         32|
    |ap_phi_mux_data_1274_val1315_phi_phi_fu_44618_p4      |    9|          2|   16|         32|
    |ap_phi_mux_data_1275_val1316_phi_phi_fu_44630_p4      |    9|          2|   16|         32|
    |ap_phi_mux_data_1276_val1317_phi_phi_fu_44642_p4      |    9|          2|   16|         32|
    |ap_phi_mux_data_1277_val1318_phi_phi_fu_44654_p4      |    9|          2|   16|         32|
    |ap_phi_mux_data_1278_val1319_phi_phi_fu_44666_p4      |    9|          2|   16|         32|
    |ap_phi_mux_data_1279_val1320_phi_phi_fu_44678_p4      |    9|          2|   16|         32|
    |ap_phi_mux_data_127_val168_phi_phi_fu_30854_p4        |    9|          2|   16|         32|
    |ap_phi_mux_data_1280_val1321_phi_phi_fu_44690_p4      |    9|          2|   16|         32|
    |ap_phi_mux_data_1281_val1322_phi_phi_fu_44702_p4      |    9|          2|   16|         32|
    |ap_phi_mux_data_1282_val1323_phi_phi_fu_44714_p4      |    9|          2|   16|         32|
    |ap_phi_mux_data_1283_val1324_phi_phi_fu_44726_p4      |    9|          2|   16|         32|
    |ap_phi_mux_data_1284_val1325_phi_phi_fu_44738_p4      |    9|          2|   16|         32|
    |ap_phi_mux_data_1285_val1326_phi_phi_fu_44750_p4      |    9|          2|   16|         32|
    |ap_phi_mux_data_1286_val1327_phi_phi_fu_44762_p4      |    9|          2|   16|         32|
    |ap_phi_mux_data_1287_val1328_phi_phi_fu_44774_p4      |    9|          2|   16|         32|
    |ap_phi_mux_data_1288_val1329_phi_phi_fu_44786_p4      |    9|          2|   16|         32|
    |ap_phi_mux_data_1289_val1330_phi_phi_fu_44798_p4      |    9|          2|   16|         32|
    |ap_phi_mux_data_128_val169_phi_phi_fu_30866_p4        |    9|          2|   16|         32|
    |ap_phi_mux_data_1290_val1331_phi_phi_fu_44810_p4      |    9|          2|   16|         32|
    |ap_phi_mux_data_1291_val1332_phi_phi_fu_44822_p4      |    9|          2|   16|         32|
    |ap_phi_mux_data_1292_val1333_phi_phi_fu_44834_p4      |    9|          2|   16|         32|
    |ap_phi_mux_data_1293_val1334_phi_phi_fu_44846_p4      |    9|          2|   16|         32|
    |ap_phi_mux_data_1294_val1335_phi_phi_fu_44858_p4      |    9|          2|   16|         32|
    |ap_phi_mux_data_1295_val1336_phi_phi_fu_44870_p4      |    9|          2|   16|         32|
    |ap_phi_mux_data_129_val170_phi_phi_fu_30878_p4        |    9|          2|   16|         32|
    |ap_phi_mux_data_12_val53_phi_phi_fu_29474_p4          |    9|          2|   16|         32|
    |ap_phi_mux_data_130_val171_phi_phi_fu_30890_p4        |    9|          2|   16|         32|
    |ap_phi_mux_data_131_val172_phi_phi_fu_30902_p4        |    9|          2|   16|         32|
    |ap_phi_mux_data_132_val173_phi_phi_fu_30914_p4        |    9|          2|   16|         32|
    |ap_phi_mux_data_133_val174_phi_phi_fu_30926_p4        |    9|          2|   16|         32|
    |ap_phi_mux_data_134_val175_phi_phi_fu_30938_p4        |    9|          2|   16|         32|
    |ap_phi_mux_data_135_val176_phi_phi_fu_30950_p4        |    9|          2|   16|         32|
    |ap_phi_mux_data_136_val177_phi_phi_fu_30962_p4        |    9|          2|   16|         32|
    |ap_phi_mux_data_137_val178_phi_phi_fu_30974_p4        |    9|          2|   16|         32|
    |ap_phi_mux_data_138_val179_phi_phi_fu_30986_p4        |    9|          2|   16|         32|
    |ap_phi_mux_data_139_val180_phi_phi_fu_30998_p4        |    9|          2|   16|         32|
    |ap_phi_mux_data_13_val54_phi_phi_fu_29486_p4          |    9|          2|   16|         32|
    |ap_phi_mux_data_140_val181_phi_phi_fu_31010_p4        |    9|          2|   16|         32|
    |ap_phi_mux_data_141_val182_phi_phi_fu_31022_p4        |    9|          2|   16|         32|
    |ap_phi_mux_data_142_val183_phi_phi_fu_31034_p4        |    9|          2|   16|         32|
    |ap_phi_mux_data_143_val184_phi_phi_fu_31046_p4        |    9|          2|   16|         32|
    |ap_phi_mux_data_144_val185_phi_phi_fu_31058_p4        |    9|          2|   16|         32|
    |ap_phi_mux_data_145_val186_phi_phi_fu_31070_p4        |    9|          2|   16|         32|
    |ap_phi_mux_data_146_val187_phi_phi_fu_31082_p4        |    9|          2|   16|         32|
    |ap_phi_mux_data_147_val188_phi_phi_fu_31094_p4        |    9|          2|   16|         32|
    |ap_phi_mux_data_148_val189_phi_phi_fu_31106_p4        |    9|          2|   16|         32|
    |ap_phi_mux_data_149_val190_phi_phi_fu_31118_p4        |    9|          2|   16|         32|
    |ap_phi_mux_data_14_val55_phi_phi_fu_29498_p4          |    9|          2|   16|         32|
    |ap_phi_mux_data_150_val191_phi_phi_fu_31130_p4        |    9|          2|   16|         32|
    |ap_phi_mux_data_151_val192_phi_phi_fu_31142_p4        |    9|          2|   16|         32|
    |ap_phi_mux_data_152_val193_phi_phi_fu_31154_p4        |    9|          2|   16|         32|
    |ap_phi_mux_data_153_val194_phi_phi_fu_31166_p4        |    9|          2|   16|         32|
    |ap_phi_mux_data_154_val195_phi_phi_fu_31178_p4        |    9|          2|   16|         32|
    |ap_phi_mux_data_155_val196_phi_phi_fu_31190_p4        |    9|          2|   16|         32|
    |ap_phi_mux_data_156_val197_phi_phi_fu_31202_p4        |    9|          2|   16|         32|
    |ap_phi_mux_data_157_val198_phi_phi_fu_31214_p4        |    9|          2|   16|         32|
    |ap_phi_mux_data_158_val199_phi_phi_fu_31226_p4        |    9|          2|   16|         32|
    |ap_phi_mux_data_159_val200_phi_phi_fu_31238_p4        |    9|          2|   16|         32|
    |ap_phi_mux_data_15_val56_phi_phi_fu_29510_p4          |    9|          2|   16|         32|
    |ap_phi_mux_data_160_val201_phi_phi_fu_31250_p4        |    9|          2|   16|         32|
    |ap_phi_mux_data_161_val202_phi_phi_fu_31262_p4        |    9|          2|   16|         32|
    |ap_phi_mux_data_162_val203_phi_phi_fu_31274_p4        |    9|          2|   16|         32|
    |ap_phi_mux_data_163_val204_phi_phi_fu_31286_p4        |    9|          2|   16|         32|
    |ap_phi_mux_data_164_val205_phi_phi_fu_31298_p4        |    9|          2|   16|         32|
    |ap_phi_mux_data_165_val206_phi_phi_fu_31310_p4        |    9|          2|   16|         32|
    |ap_phi_mux_data_166_val207_phi_phi_fu_31322_p4        |    9|          2|   16|         32|
    |ap_phi_mux_data_167_val208_phi_phi_fu_31334_p4        |    9|          2|   16|         32|
    |ap_phi_mux_data_168_val209_phi_phi_fu_31346_p4        |    9|          2|   16|         32|
    |ap_phi_mux_data_169_val210_phi_phi_fu_31358_p4        |    9|          2|   16|         32|
    |ap_phi_mux_data_16_val57_phi_phi_fu_29522_p4          |    9|          2|   16|         32|
    |ap_phi_mux_data_170_val211_phi_phi_fu_31370_p4        |    9|          2|   16|         32|
    |ap_phi_mux_data_171_val212_phi_phi_fu_31382_p4        |    9|          2|   16|         32|
    |ap_phi_mux_data_172_val213_phi_phi_fu_31394_p4        |    9|          2|   16|         32|
    |ap_phi_mux_data_173_val214_phi_phi_fu_31406_p4        |    9|          2|   16|         32|
    |ap_phi_mux_data_174_val215_phi_phi_fu_31418_p4        |    9|          2|   16|         32|
    |ap_phi_mux_data_175_val216_phi_phi_fu_31430_p4        |    9|          2|   16|         32|
    |ap_phi_mux_data_176_val217_phi_phi_fu_31442_p4        |    9|          2|   16|         32|
    |ap_phi_mux_data_177_val218_phi_phi_fu_31454_p4        |    9|          2|   16|         32|
    |ap_phi_mux_data_178_val219_phi_phi_fu_31466_p4        |    9|          2|   16|         32|
    |ap_phi_mux_data_179_val220_phi_phi_fu_31478_p4        |    9|          2|   16|         32|
    |ap_phi_mux_data_17_val58_phi_phi_fu_29534_p4          |    9|          2|   16|         32|
    |ap_phi_mux_data_180_val221_phi_phi_fu_31490_p4        |    9|          2|   16|         32|
    |ap_phi_mux_data_181_val222_phi_phi_fu_31502_p4        |    9|          2|   16|         32|
    |ap_phi_mux_data_182_val223_phi_phi_fu_31514_p4        |    9|          2|   16|         32|
    |ap_phi_mux_data_183_val224_phi_phi_fu_31526_p4        |    9|          2|   16|         32|
    |ap_phi_mux_data_184_val225_phi_phi_fu_31538_p4        |    9|          2|   16|         32|
    |ap_phi_mux_data_185_val226_phi_phi_fu_31550_p4        |    9|          2|   16|         32|
    |ap_phi_mux_data_186_val227_phi_phi_fu_31562_p4        |    9|          2|   16|         32|
    |ap_phi_mux_data_187_val228_phi_phi_fu_31574_p4        |    9|          2|   16|         32|
    |ap_phi_mux_data_188_val229_phi_phi_fu_31586_p4        |    9|          2|   16|         32|
    |ap_phi_mux_data_189_val230_phi_phi_fu_31598_p4        |    9|          2|   16|         32|
    |ap_phi_mux_data_18_val59_phi_phi_fu_29546_p4          |    9|          2|   16|         32|
    |ap_phi_mux_data_190_val231_phi_phi_fu_31610_p4        |    9|          2|   16|         32|
    |ap_phi_mux_data_191_val232_phi_phi_fu_31622_p4        |    9|          2|   16|         32|
    |ap_phi_mux_data_192_val233_phi_phi_fu_31634_p4        |    9|          2|   16|         32|
    |ap_phi_mux_data_193_val234_phi_phi_fu_31646_p4        |    9|          2|   16|         32|
    |ap_phi_mux_data_194_val235_phi_phi_fu_31658_p4        |    9|          2|   16|         32|
    |ap_phi_mux_data_195_val236_phi_phi_fu_31670_p4        |    9|          2|   16|         32|
    |ap_phi_mux_data_196_val237_phi_phi_fu_31682_p4        |    9|          2|   16|         32|
    |ap_phi_mux_data_197_val238_phi_phi_fu_31694_p4        |    9|          2|   16|         32|
    |ap_phi_mux_data_198_val239_phi_phi_fu_31706_p4        |    9|          2|   16|         32|
    |ap_phi_mux_data_199_val240_phi_phi_fu_31718_p4        |    9|          2|   16|         32|
    |ap_phi_mux_data_19_val60_phi_phi_fu_29558_p4          |    9|          2|   16|         32|
    |ap_phi_mux_data_1_val42_phi_phi_fu_29342_p4           |    9|          2|   16|         32|
    |ap_phi_mux_data_200_val241_phi_phi_fu_31730_p4        |    9|          2|   16|         32|
    |ap_phi_mux_data_201_val242_phi_phi_fu_31742_p4        |    9|          2|   16|         32|
    |ap_phi_mux_data_202_val243_phi_phi_fu_31754_p4        |    9|          2|   16|         32|
    |ap_phi_mux_data_203_val244_phi_phi_fu_31766_p4        |    9|          2|   16|         32|
    |ap_phi_mux_data_204_val245_phi_phi_fu_31778_p4        |    9|          2|   16|         32|
    |ap_phi_mux_data_205_val246_phi_phi_fu_31790_p4        |    9|          2|   16|         32|
    |ap_phi_mux_data_206_val247_phi_phi_fu_31802_p4        |    9|          2|   16|         32|
    |ap_phi_mux_data_207_val248_phi_phi_fu_31814_p4        |    9|          2|   16|         32|
    |ap_phi_mux_data_208_val249_phi_phi_fu_31826_p4        |    9|          2|   16|         32|
    |ap_phi_mux_data_209_val250_phi_phi_fu_31838_p4        |    9|          2|   16|         32|
    |ap_phi_mux_data_20_val61_phi_phi_fu_29570_p4          |    9|          2|   16|         32|
    |ap_phi_mux_data_210_val251_phi_phi_fu_31850_p4        |    9|          2|   16|         32|
    |ap_phi_mux_data_211_val252_phi_phi_fu_31862_p4        |    9|          2|   16|         32|
    |ap_phi_mux_data_212_val253_phi_phi_fu_31874_p4        |    9|          2|   16|         32|
    |ap_phi_mux_data_213_val254_phi_phi_fu_31886_p4        |    9|          2|   16|         32|
    |ap_phi_mux_data_214_val255_phi_phi_fu_31898_p4        |    9|          2|   16|         32|
    |ap_phi_mux_data_215_val256_phi_phi_fu_31910_p4        |    9|          2|   16|         32|
    |ap_phi_mux_data_216_val257_phi_phi_fu_31922_p4        |    9|          2|   16|         32|
    |ap_phi_mux_data_217_val258_phi_phi_fu_31934_p4        |    9|          2|   16|         32|
    |ap_phi_mux_data_218_val259_phi_phi_fu_31946_p4        |    9|          2|   16|         32|
    |ap_phi_mux_data_219_val260_phi_phi_fu_31958_p4        |    9|          2|   16|         32|
    |ap_phi_mux_data_21_val62_phi_phi_fu_29582_p4          |    9|          2|   16|         32|
    |ap_phi_mux_data_220_val261_phi_phi_fu_31970_p4        |    9|          2|   16|         32|
    |ap_phi_mux_data_221_val262_phi_phi_fu_31982_p4        |    9|          2|   16|         32|
    |ap_phi_mux_data_222_val263_phi_phi_fu_31994_p4        |    9|          2|   16|         32|
    |ap_phi_mux_data_223_val264_phi_phi_fu_32006_p4        |    9|          2|   16|         32|
    |ap_phi_mux_data_224_val265_phi_phi_fu_32018_p4        |    9|          2|   16|         32|
    |ap_phi_mux_data_225_val266_phi_phi_fu_32030_p4        |    9|          2|   16|         32|
    |ap_phi_mux_data_226_val267_phi_phi_fu_32042_p4        |    9|          2|   16|         32|
    |ap_phi_mux_data_227_val268_phi_phi_fu_32054_p4        |    9|          2|   16|         32|
    |ap_phi_mux_data_228_val269_phi_phi_fu_32066_p4        |    9|          2|   16|         32|
    |ap_phi_mux_data_229_val270_phi_phi_fu_32078_p4        |    9|          2|   16|         32|
    |ap_phi_mux_data_22_val63_phi_phi_fu_29594_p4          |    9|          2|   16|         32|
    |ap_phi_mux_data_230_val271_phi_phi_fu_32090_p4        |    9|          2|   16|         32|
    |ap_phi_mux_data_231_val272_phi_phi_fu_32102_p4        |    9|          2|   16|         32|
    |ap_phi_mux_data_232_val273_phi_phi_fu_32114_p4        |    9|          2|   16|         32|
    |ap_phi_mux_data_233_val274_phi_phi_fu_32126_p4        |    9|          2|   16|         32|
    |ap_phi_mux_data_234_val275_phi_phi_fu_32138_p4        |    9|          2|   16|         32|
    |ap_phi_mux_data_235_val276_phi_phi_fu_32150_p4        |    9|          2|   16|         32|
    |ap_phi_mux_data_236_val277_phi_phi_fu_32162_p4        |    9|          2|   16|         32|
    |ap_phi_mux_data_237_val278_phi_phi_fu_32174_p4        |    9|          2|   16|         32|
    |ap_phi_mux_data_238_val279_phi_phi_fu_32186_p4        |    9|          2|   16|         32|
    |ap_phi_mux_data_239_val280_phi_phi_fu_32198_p4        |    9|          2|   16|         32|
    |ap_phi_mux_data_23_val64_phi_phi_fu_29606_p4          |    9|          2|   16|         32|
    |ap_phi_mux_data_240_val281_phi_phi_fu_32210_p4        |    9|          2|   16|         32|
    |ap_phi_mux_data_241_val282_phi_phi_fu_32222_p4        |    9|          2|   16|         32|
    |ap_phi_mux_data_242_val283_phi_phi_fu_32234_p4        |    9|          2|   16|         32|
    |ap_phi_mux_data_243_val284_phi_phi_fu_32246_p4        |    9|          2|   16|         32|
    |ap_phi_mux_data_244_val285_phi_phi_fu_32258_p4        |    9|          2|   16|         32|
    |ap_phi_mux_data_245_val286_phi_phi_fu_32270_p4        |    9|          2|   16|         32|
    |ap_phi_mux_data_246_val287_phi_phi_fu_32282_p4        |    9|          2|   16|         32|
    |ap_phi_mux_data_247_val288_phi_phi_fu_32294_p4        |    9|          2|   16|         32|
    |ap_phi_mux_data_248_val289_phi_phi_fu_32306_p4        |    9|          2|   16|         32|
    |ap_phi_mux_data_249_val290_phi_phi_fu_32318_p4        |    9|          2|   16|         32|
    |ap_phi_mux_data_24_val65_phi_phi_fu_29618_p4          |    9|          2|   16|         32|
    |ap_phi_mux_data_250_val291_phi_phi_fu_32330_p4        |    9|          2|   16|         32|
    |ap_phi_mux_data_251_val292_phi_phi_fu_32342_p4        |    9|          2|   16|         32|
    |ap_phi_mux_data_252_val293_phi_phi_fu_32354_p4        |    9|          2|   16|         32|
    |ap_phi_mux_data_253_val294_phi_phi_fu_32366_p4        |    9|          2|   16|         32|
    |ap_phi_mux_data_254_val295_phi_phi_fu_32378_p4        |    9|          2|   16|         32|
    |ap_phi_mux_data_255_val296_phi_phi_fu_32390_p4        |    9|          2|   16|         32|
    |ap_phi_mux_data_256_val297_phi_phi_fu_32402_p4        |    9|          2|   16|         32|
    |ap_phi_mux_data_257_val298_phi_phi_fu_32414_p4        |    9|          2|   16|         32|
    |ap_phi_mux_data_258_val299_phi_phi_fu_32426_p4        |    9|          2|   16|         32|
    |ap_phi_mux_data_259_val300_phi_phi_fu_32438_p4        |    9|          2|   16|         32|
    |ap_phi_mux_data_25_val66_phi_phi_fu_29630_p4          |    9|          2|   16|         32|
    |ap_phi_mux_data_260_val301_phi_phi_fu_32450_p4        |    9|          2|   16|         32|
    |ap_phi_mux_data_261_val302_phi_phi_fu_32462_p4        |    9|          2|   16|         32|
    |ap_phi_mux_data_262_val303_phi_phi_fu_32474_p4        |    9|          2|   16|         32|
    |ap_phi_mux_data_263_val304_phi_phi_fu_32486_p4        |    9|          2|   16|         32|
    |ap_phi_mux_data_264_val305_phi_phi_fu_32498_p4        |    9|          2|   16|         32|
    |ap_phi_mux_data_265_val306_phi_phi_fu_32510_p4        |    9|          2|   16|         32|
    |ap_phi_mux_data_266_val307_phi_phi_fu_32522_p4        |    9|          2|   16|         32|
    |ap_phi_mux_data_267_val308_phi_phi_fu_32534_p4        |    9|          2|   16|         32|
    |ap_phi_mux_data_268_val309_phi_phi_fu_32546_p4        |    9|          2|   16|         32|
    |ap_phi_mux_data_269_val310_phi_phi_fu_32558_p4        |    9|          2|   16|         32|
    |ap_phi_mux_data_26_val67_phi_phi_fu_29642_p4          |    9|          2|   16|         32|
    |ap_phi_mux_data_270_val311_phi_phi_fu_32570_p4        |    9|          2|   16|         32|
    |ap_phi_mux_data_271_val312_phi_phi_fu_32582_p4        |    9|          2|   16|         32|
    |ap_phi_mux_data_272_val313_phi_phi_fu_32594_p4        |    9|          2|   16|         32|
    |ap_phi_mux_data_273_val314_phi_phi_fu_32606_p4        |    9|          2|   16|         32|
    |ap_phi_mux_data_274_val315_phi_phi_fu_32618_p4        |    9|          2|   16|         32|
    |ap_phi_mux_data_275_val316_phi_phi_fu_32630_p4        |    9|          2|   16|         32|
    |ap_phi_mux_data_276_val317_phi_phi_fu_32642_p4        |    9|          2|   16|         32|
    |ap_phi_mux_data_277_val318_phi_phi_fu_32654_p4        |    9|          2|   16|         32|
    |ap_phi_mux_data_278_val319_phi_phi_fu_32666_p4        |    9|          2|   16|         32|
    |ap_phi_mux_data_279_val320_phi_phi_fu_32678_p4        |    9|          2|   16|         32|
    |ap_phi_mux_data_27_val68_phi_phi_fu_29654_p4          |    9|          2|   16|         32|
    |ap_phi_mux_data_280_val321_phi_phi_fu_32690_p4        |    9|          2|   16|         32|
    |ap_phi_mux_data_281_val322_phi_phi_fu_32702_p4        |    9|          2|   16|         32|
    |ap_phi_mux_data_282_val323_phi_phi_fu_32714_p4        |    9|          2|   16|         32|
    |ap_phi_mux_data_283_val324_phi_phi_fu_32726_p4        |    9|          2|   16|         32|
    |ap_phi_mux_data_284_val325_phi_phi_fu_32738_p4        |    9|          2|   16|         32|
    |ap_phi_mux_data_285_val326_phi_phi_fu_32750_p4        |    9|          2|   16|         32|
    |ap_phi_mux_data_286_val327_phi_phi_fu_32762_p4        |    9|          2|   16|         32|
    |ap_phi_mux_data_287_val328_phi_phi_fu_32774_p4        |    9|          2|   16|         32|
    |ap_phi_mux_data_288_val329_phi_phi_fu_32786_p4        |    9|          2|   16|         32|
    |ap_phi_mux_data_289_val330_phi_phi_fu_32798_p4        |    9|          2|   16|         32|
    |ap_phi_mux_data_28_val69_phi_phi_fu_29666_p4          |    9|          2|   16|         32|
    |ap_phi_mux_data_290_val331_phi_phi_fu_32810_p4        |    9|          2|   16|         32|
    |ap_phi_mux_data_291_val332_phi_phi_fu_32822_p4        |    9|          2|   16|         32|
    |ap_phi_mux_data_292_val333_phi_phi_fu_32834_p4        |    9|          2|   16|         32|
    |ap_phi_mux_data_293_val334_phi_phi_fu_32846_p4        |    9|          2|   16|         32|
    |ap_phi_mux_data_294_val335_phi_phi_fu_32858_p4        |    9|          2|   16|         32|
    |ap_phi_mux_data_295_val336_phi_phi_fu_32870_p4        |    9|          2|   16|         32|
    |ap_phi_mux_data_296_val337_phi_phi_fu_32882_p4        |    9|          2|   16|         32|
    |ap_phi_mux_data_297_val338_phi_phi_fu_32894_p4        |    9|          2|   16|         32|
    |ap_phi_mux_data_298_val339_phi_phi_fu_32906_p4        |    9|          2|   16|         32|
    |ap_phi_mux_data_299_val340_phi_phi_fu_32918_p4        |    9|          2|   16|         32|
    |ap_phi_mux_data_29_val70_phi_phi_fu_29678_p4          |    9|          2|   16|         32|
    |ap_phi_mux_data_2_val43_phi_phi_fu_29354_p4           |    9|          2|   16|         32|
    |ap_phi_mux_data_300_val341_phi_phi_fu_32930_p4        |    9|          2|   16|         32|
    |ap_phi_mux_data_301_val342_phi_phi_fu_32942_p4        |    9|          2|   16|         32|
    |ap_phi_mux_data_302_val343_phi_phi_fu_32954_p4        |    9|          2|   16|         32|
    |ap_phi_mux_data_303_val344_phi_phi_fu_32966_p4        |    9|          2|   16|         32|
    |ap_phi_mux_data_304_val345_phi_phi_fu_32978_p4        |    9|          2|   16|         32|
    |ap_phi_mux_data_305_val346_phi_phi_fu_32990_p4        |    9|          2|   16|         32|
    |ap_phi_mux_data_306_val347_phi_phi_fu_33002_p4        |    9|          2|   16|         32|
    |ap_phi_mux_data_307_val348_phi_phi_fu_33014_p4        |    9|          2|   16|         32|
    |ap_phi_mux_data_308_val349_phi_phi_fu_33026_p4        |    9|          2|   16|         32|
    |ap_phi_mux_data_309_val350_phi_phi_fu_33038_p4        |    9|          2|   16|         32|
    |ap_phi_mux_data_30_val71_phi_phi_fu_29690_p4          |    9|          2|   16|         32|
    |ap_phi_mux_data_310_val351_phi_phi_fu_33050_p4        |    9|          2|   16|         32|
    |ap_phi_mux_data_311_val352_phi_phi_fu_33062_p4        |    9|          2|   16|         32|
    |ap_phi_mux_data_312_val353_phi_phi_fu_33074_p4        |    9|          2|   16|         32|
    |ap_phi_mux_data_313_val354_phi_phi_fu_33086_p4        |    9|          2|   16|         32|
    |ap_phi_mux_data_314_val355_phi_phi_fu_33098_p4        |    9|          2|   16|         32|
    |ap_phi_mux_data_315_val356_phi_phi_fu_33110_p4        |    9|          2|   16|         32|
    |ap_phi_mux_data_316_val357_phi_phi_fu_33122_p4        |    9|          2|   16|         32|
    |ap_phi_mux_data_317_val358_phi_phi_fu_33134_p4        |    9|          2|   16|         32|
    |ap_phi_mux_data_318_val359_phi_phi_fu_33146_p4        |    9|          2|   16|         32|
    |ap_phi_mux_data_319_val360_phi_phi_fu_33158_p4        |    9|          2|   16|         32|
    |ap_phi_mux_data_31_val72_phi_phi_fu_29702_p4          |    9|          2|   16|         32|
    |ap_phi_mux_data_320_val361_phi_phi_fu_33170_p4        |    9|          2|   16|         32|
    |ap_phi_mux_data_321_val362_phi_phi_fu_33182_p4        |    9|          2|   16|         32|
    |ap_phi_mux_data_322_val363_phi_phi_fu_33194_p4        |    9|          2|   16|         32|
    |ap_phi_mux_data_323_val364_phi_phi_fu_33206_p4        |    9|          2|   16|         32|
    |ap_phi_mux_data_324_val365_phi_phi_fu_33218_p4        |    9|          2|   16|         32|
    |ap_phi_mux_data_325_val366_phi_phi_fu_33230_p4        |    9|          2|   16|         32|
    |ap_phi_mux_data_326_val367_phi_phi_fu_33242_p4        |    9|          2|   16|         32|
    |ap_phi_mux_data_327_val368_phi_phi_fu_33254_p4        |    9|          2|   16|         32|
    |ap_phi_mux_data_328_val369_phi_phi_fu_33266_p4        |    9|          2|   16|         32|
    |ap_phi_mux_data_329_val370_phi_phi_fu_33278_p4        |    9|          2|   16|         32|
    |ap_phi_mux_data_32_val73_phi_phi_fu_29714_p4          |    9|          2|   16|         32|
    |ap_phi_mux_data_330_val371_phi_phi_fu_33290_p4        |    9|          2|   16|         32|
    |ap_phi_mux_data_331_val372_phi_phi_fu_33302_p4        |    9|          2|   16|         32|
    |ap_phi_mux_data_332_val373_phi_phi_fu_33314_p4        |    9|          2|   16|         32|
    |ap_phi_mux_data_333_val374_phi_phi_fu_33326_p4        |    9|          2|   16|         32|
    |ap_phi_mux_data_334_val375_phi_phi_fu_33338_p4        |    9|          2|   16|         32|
    |ap_phi_mux_data_335_val376_phi_phi_fu_33350_p4        |    9|          2|   16|         32|
    |ap_phi_mux_data_336_val377_phi_phi_fu_33362_p4        |    9|          2|   16|         32|
    |ap_phi_mux_data_337_val378_phi_phi_fu_33374_p4        |    9|          2|   16|         32|
    |ap_phi_mux_data_338_val379_phi_phi_fu_33386_p4        |    9|          2|   16|         32|
    |ap_phi_mux_data_339_val380_phi_phi_fu_33398_p4        |    9|          2|   16|         32|
    |ap_phi_mux_data_33_val74_phi_phi_fu_29726_p4          |    9|          2|   16|         32|
    |ap_phi_mux_data_340_val381_phi_phi_fu_33410_p4        |    9|          2|   16|         32|
    |ap_phi_mux_data_341_val382_phi_phi_fu_33422_p4        |    9|          2|   16|         32|
    |ap_phi_mux_data_342_val383_phi_phi_fu_33434_p4        |    9|          2|   16|         32|
    |ap_phi_mux_data_343_val384_phi_phi_fu_33446_p4        |    9|          2|   16|         32|
    |ap_phi_mux_data_344_val385_phi_phi_fu_33458_p4        |    9|          2|   16|         32|
    |ap_phi_mux_data_345_val386_phi_phi_fu_33470_p4        |    9|          2|   16|         32|
    |ap_phi_mux_data_346_val387_phi_phi_fu_33482_p4        |    9|          2|   16|         32|
    |ap_phi_mux_data_347_val388_phi_phi_fu_33494_p4        |    9|          2|   16|         32|
    |ap_phi_mux_data_348_val389_phi_phi_fu_33506_p4        |    9|          2|   16|         32|
    |ap_phi_mux_data_349_val390_phi_phi_fu_33518_p4        |    9|          2|   16|         32|
    |ap_phi_mux_data_34_val75_phi_phi_fu_29738_p4          |    9|          2|   16|         32|
    |ap_phi_mux_data_350_val391_phi_phi_fu_33530_p4        |    9|          2|   16|         32|
    |ap_phi_mux_data_351_val392_phi_phi_fu_33542_p4        |    9|          2|   16|         32|
    |ap_phi_mux_data_352_val393_phi_phi_fu_33554_p4        |    9|          2|   16|         32|
    |ap_phi_mux_data_353_val394_phi_phi_fu_33566_p4        |    9|          2|   16|         32|
    |ap_phi_mux_data_354_val395_phi_phi_fu_33578_p4        |    9|          2|   16|         32|
    |ap_phi_mux_data_355_val396_phi_phi_fu_33590_p4        |    9|          2|   16|         32|
    |ap_phi_mux_data_356_val397_phi_phi_fu_33602_p4        |    9|          2|   16|         32|
    |ap_phi_mux_data_357_val398_phi_phi_fu_33614_p4        |    9|          2|   16|         32|
    |ap_phi_mux_data_358_val399_phi_phi_fu_33626_p4        |    9|          2|   16|         32|
    |ap_phi_mux_data_359_val400_phi_phi_fu_33638_p4        |    9|          2|   16|         32|
    |ap_phi_mux_data_35_val76_phi_phi_fu_29750_p4          |    9|          2|   16|         32|
    |ap_phi_mux_data_360_val401_phi_phi_fu_33650_p4        |    9|          2|   16|         32|
    |ap_phi_mux_data_361_val402_phi_phi_fu_33662_p4        |    9|          2|   16|         32|
    |ap_phi_mux_data_362_val403_phi_phi_fu_33674_p4        |    9|          2|   16|         32|
    |ap_phi_mux_data_363_val404_phi_phi_fu_33686_p4        |    9|          2|   16|         32|
    |ap_phi_mux_data_364_val405_phi_phi_fu_33698_p4        |    9|          2|   16|         32|
    |ap_phi_mux_data_365_val406_phi_phi_fu_33710_p4        |    9|          2|   16|         32|
    |ap_phi_mux_data_366_val407_phi_phi_fu_33722_p4        |    9|          2|   16|         32|
    |ap_phi_mux_data_367_val408_phi_phi_fu_33734_p4        |    9|          2|   16|         32|
    |ap_phi_mux_data_368_val409_phi_phi_fu_33746_p4        |    9|          2|   16|         32|
    |ap_phi_mux_data_369_val410_phi_phi_fu_33758_p4        |    9|          2|   16|         32|
    |ap_phi_mux_data_36_val77_phi_phi_fu_29762_p4          |    9|          2|   16|         32|
    |ap_phi_mux_data_370_val411_phi_phi_fu_33770_p4        |    9|          2|   16|         32|
    |ap_phi_mux_data_371_val412_phi_phi_fu_33782_p4        |    9|          2|   16|         32|
    |ap_phi_mux_data_372_val413_phi_phi_fu_33794_p4        |    9|          2|   16|         32|
    |ap_phi_mux_data_373_val414_phi_phi_fu_33806_p4        |    9|          2|   16|         32|
    |ap_phi_mux_data_374_val415_phi_phi_fu_33818_p4        |    9|          2|   16|         32|
    |ap_phi_mux_data_375_val416_phi_phi_fu_33830_p4        |    9|          2|   16|         32|
    |ap_phi_mux_data_376_val417_phi_phi_fu_33842_p4        |    9|          2|   16|         32|
    |ap_phi_mux_data_377_val418_phi_phi_fu_33854_p4        |    9|          2|   16|         32|
    |ap_phi_mux_data_378_val419_phi_phi_fu_33866_p4        |    9|          2|   16|         32|
    |ap_phi_mux_data_379_val420_phi_phi_fu_33878_p4        |    9|          2|   16|         32|
    |ap_phi_mux_data_37_val78_phi_phi_fu_29774_p4          |    9|          2|   16|         32|
    |ap_phi_mux_data_380_val421_phi_phi_fu_33890_p4        |    9|          2|   16|         32|
    |ap_phi_mux_data_381_val422_phi_phi_fu_33902_p4        |    9|          2|   16|         32|
    |ap_phi_mux_data_382_val423_phi_phi_fu_33914_p4        |    9|          2|   16|         32|
    |ap_phi_mux_data_383_val424_phi_phi_fu_33926_p4        |    9|          2|   16|         32|
    |ap_phi_mux_data_384_val425_phi_phi_fu_33938_p4        |    9|          2|   16|         32|
    |ap_phi_mux_data_385_val426_phi_phi_fu_33950_p4        |    9|          2|   16|         32|
    |ap_phi_mux_data_386_val427_phi_phi_fu_33962_p4        |    9|          2|   16|         32|
    |ap_phi_mux_data_387_val428_phi_phi_fu_33974_p4        |    9|          2|   16|         32|
    |ap_phi_mux_data_388_val429_phi_phi_fu_33986_p4        |    9|          2|   16|         32|
    |ap_phi_mux_data_389_val430_phi_phi_fu_33998_p4        |    9|          2|   16|         32|
    |ap_phi_mux_data_38_val79_phi_phi_fu_29786_p4          |    9|          2|   16|         32|
    |ap_phi_mux_data_390_val431_phi_phi_fu_34010_p4        |    9|          2|   16|         32|
    |ap_phi_mux_data_391_val432_phi_phi_fu_34022_p4        |    9|          2|   16|         32|
    |ap_phi_mux_data_392_val433_phi_phi_fu_34034_p4        |    9|          2|   16|         32|
    |ap_phi_mux_data_393_val434_phi_phi_fu_34046_p4        |    9|          2|   16|         32|
    |ap_phi_mux_data_394_val435_phi_phi_fu_34058_p4        |    9|          2|   16|         32|
    |ap_phi_mux_data_395_val436_phi_phi_fu_34070_p4        |    9|          2|   16|         32|
    |ap_phi_mux_data_396_val437_phi_phi_fu_34082_p4        |    9|          2|   16|         32|
    |ap_phi_mux_data_397_val438_phi_phi_fu_34094_p4        |    9|          2|   16|         32|
    |ap_phi_mux_data_398_val439_phi_phi_fu_34106_p4        |    9|          2|   16|         32|
    |ap_phi_mux_data_399_val440_phi_phi_fu_34118_p4        |    9|          2|   16|         32|
    |ap_phi_mux_data_39_val80_phi_phi_fu_29798_p4          |    9|          2|   16|         32|
    |ap_phi_mux_data_3_val44_phi_phi_fu_29366_p4           |    9|          2|   16|         32|
    |ap_phi_mux_data_400_val441_phi_phi_fu_34130_p4        |    9|          2|   16|         32|
    |ap_phi_mux_data_401_val442_phi_phi_fu_34142_p4        |    9|          2|   16|         32|
    |ap_phi_mux_data_402_val443_phi_phi_fu_34154_p4        |    9|          2|   16|         32|
    |ap_phi_mux_data_403_val444_phi_phi_fu_34166_p4        |    9|          2|   16|         32|
    |ap_phi_mux_data_404_val445_phi_phi_fu_34178_p4        |    9|          2|   16|         32|
    |ap_phi_mux_data_405_val446_phi_phi_fu_34190_p4        |    9|          2|   16|         32|
    |ap_phi_mux_data_406_val447_phi_phi_fu_34202_p4        |    9|          2|   16|         32|
    |ap_phi_mux_data_407_val448_phi_phi_fu_34214_p4        |    9|          2|   16|         32|
    |ap_phi_mux_data_408_val449_phi_phi_fu_34226_p4        |    9|          2|   16|         32|
    |ap_phi_mux_data_409_val450_phi_phi_fu_34238_p4        |    9|          2|   16|         32|
    |ap_phi_mux_data_40_val81_phi_phi_fu_29810_p4          |    9|          2|   16|         32|
    |ap_phi_mux_data_410_val451_phi_phi_fu_34250_p4        |    9|          2|   16|         32|
    |ap_phi_mux_data_411_val452_phi_phi_fu_34262_p4        |    9|          2|   16|         32|
    |ap_phi_mux_data_412_val453_phi_phi_fu_34274_p4        |    9|          2|   16|         32|
    |ap_phi_mux_data_413_val454_phi_phi_fu_34286_p4        |    9|          2|   16|         32|
    |ap_phi_mux_data_414_val455_phi_phi_fu_34298_p4        |    9|          2|   16|         32|
    |ap_phi_mux_data_415_val456_phi_phi_fu_34310_p4        |    9|          2|   16|         32|
    |ap_phi_mux_data_416_val457_phi_phi_fu_34322_p4        |    9|          2|   16|         32|
    |ap_phi_mux_data_417_val458_phi_phi_fu_34334_p4        |    9|          2|   16|         32|
    |ap_phi_mux_data_418_val459_phi_phi_fu_34346_p4        |    9|          2|   16|         32|
    |ap_phi_mux_data_419_val460_phi_phi_fu_34358_p4        |    9|          2|   16|         32|
    |ap_phi_mux_data_41_val82_phi_phi_fu_29822_p4          |    9|          2|   16|         32|
    |ap_phi_mux_data_420_val461_phi_phi_fu_34370_p4        |    9|          2|   16|         32|
    |ap_phi_mux_data_421_val462_phi_phi_fu_34382_p4        |    9|          2|   16|         32|
    |ap_phi_mux_data_422_val463_phi_phi_fu_34394_p4        |    9|          2|   16|         32|
    |ap_phi_mux_data_423_val464_phi_phi_fu_34406_p4        |    9|          2|   16|         32|
    |ap_phi_mux_data_424_val465_phi_phi_fu_34418_p4        |    9|          2|   16|         32|
    |ap_phi_mux_data_425_val466_phi_phi_fu_34430_p4        |    9|          2|   16|         32|
    |ap_phi_mux_data_426_val467_phi_phi_fu_34442_p4        |    9|          2|   16|         32|
    |ap_phi_mux_data_427_val468_phi_phi_fu_34454_p4        |    9|          2|   16|         32|
    |ap_phi_mux_data_428_val469_phi_phi_fu_34466_p4        |    9|          2|   16|         32|
    |ap_phi_mux_data_429_val470_phi_phi_fu_34478_p4        |    9|          2|   16|         32|
    |ap_phi_mux_data_42_val83_phi_phi_fu_29834_p4          |    9|          2|   16|         32|
    |ap_phi_mux_data_430_val471_phi_phi_fu_34490_p4        |    9|          2|   16|         32|
    |ap_phi_mux_data_431_val472_phi_phi_fu_34502_p4        |    9|          2|   16|         32|
    |ap_phi_mux_data_432_val473_phi_phi_fu_34514_p4        |    9|          2|   16|         32|
    |ap_phi_mux_data_433_val474_phi_phi_fu_34526_p4        |    9|          2|   16|         32|
    |ap_phi_mux_data_434_val475_phi_phi_fu_34538_p4        |    9|          2|   16|         32|
    |ap_phi_mux_data_435_val476_phi_phi_fu_34550_p4        |    9|          2|   16|         32|
    |ap_phi_mux_data_436_val477_phi_phi_fu_34562_p4        |    9|          2|   16|         32|
    |ap_phi_mux_data_437_val478_phi_phi_fu_34574_p4        |    9|          2|   16|         32|
    |ap_phi_mux_data_438_val479_phi_phi_fu_34586_p4        |    9|          2|   16|         32|
    |ap_phi_mux_data_439_val480_phi_phi_fu_34598_p4        |    9|          2|   16|         32|
    |ap_phi_mux_data_43_val84_phi_phi_fu_29846_p4          |    9|          2|   16|         32|
    |ap_phi_mux_data_440_val481_phi_phi_fu_34610_p4        |    9|          2|   16|         32|
    |ap_phi_mux_data_441_val482_phi_phi_fu_34622_p4        |    9|          2|   16|         32|
    |ap_phi_mux_data_442_val483_phi_phi_fu_34634_p4        |    9|          2|   16|         32|
    |ap_phi_mux_data_443_val484_phi_phi_fu_34646_p4        |    9|          2|   16|         32|
    |ap_phi_mux_data_444_val485_phi_phi_fu_34658_p4        |    9|          2|   16|         32|
    |ap_phi_mux_data_445_val486_phi_phi_fu_34670_p4        |    9|          2|   16|         32|
    |ap_phi_mux_data_446_val487_phi_phi_fu_34682_p4        |    9|          2|   16|         32|
    |ap_phi_mux_data_447_val488_phi_phi_fu_34694_p4        |    9|          2|   16|         32|
    |ap_phi_mux_data_448_val489_phi_phi_fu_34706_p4        |    9|          2|   16|         32|
    |ap_phi_mux_data_449_val490_phi_phi_fu_34718_p4        |    9|          2|   16|         32|
    |ap_phi_mux_data_44_val85_phi_phi_fu_29858_p4          |    9|          2|   16|         32|
    |ap_phi_mux_data_450_val491_phi_phi_fu_34730_p4        |    9|          2|   16|         32|
    |ap_phi_mux_data_451_val492_phi_phi_fu_34742_p4        |    9|          2|   16|         32|
    |ap_phi_mux_data_452_val493_phi_phi_fu_34754_p4        |    9|          2|   16|         32|
    |ap_phi_mux_data_453_val494_phi_phi_fu_34766_p4        |    9|          2|   16|         32|
    |ap_phi_mux_data_454_val495_phi_phi_fu_34778_p4        |    9|          2|   16|         32|
    |ap_phi_mux_data_455_val496_phi_phi_fu_34790_p4        |    9|          2|   16|         32|
    |ap_phi_mux_data_456_val497_phi_phi_fu_34802_p4        |    9|          2|   16|         32|
    |ap_phi_mux_data_457_val498_phi_phi_fu_34814_p4        |    9|          2|   16|         32|
    |ap_phi_mux_data_458_val499_phi_phi_fu_34826_p4        |    9|          2|   16|         32|
    |ap_phi_mux_data_459_val500_phi_phi_fu_34838_p4        |    9|          2|   16|         32|
    |ap_phi_mux_data_45_val86_phi_phi_fu_29870_p4          |    9|          2|   16|         32|
    |ap_phi_mux_data_460_val501_phi_phi_fu_34850_p4        |    9|          2|   16|         32|
    |ap_phi_mux_data_461_val502_phi_phi_fu_34862_p4        |    9|          2|   16|         32|
    |ap_phi_mux_data_462_val503_phi_phi_fu_34874_p4        |    9|          2|   16|         32|
    |ap_phi_mux_data_463_val504_phi_phi_fu_34886_p4        |    9|          2|   16|         32|
    |ap_phi_mux_data_464_val505_phi_phi_fu_34898_p4        |    9|          2|   16|         32|
    |ap_phi_mux_data_465_val506_phi_phi_fu_34910_p4        |    9|          2|   16|         32|
    |ap_phi_mux_data_466_val507_phi_phi_fu_34922_p4        |    9|          2|   16|         32|
    |ap_phi_mux_data_467_val508_phi_phi_fu_34934_p4        |    9|          2|   16|         32|
    |ap_phi_mux_data_468_val509_phi_phi_fu_34946_p4        |    9|          2|   16|         32|
    |ap_phi_mux_data_469_val510_phi_phi_fu_34958_p4        |    9|          2|   16|         32|
    |ap_phi_mux_data_46_val87_phi_phi_fu_29882_p4          |    9|          2|   16|         32|
    |ap_phi_mux_data_470_val511_phi_phi_fu_34970_p4        |    9|          2|   16|         32|
    |ap_phi_mux_data_471_val512_phi_phi_fu_34982_p4        |    9|          2|   16|         32|
    |ap_phi_mux_data_472_val513_phi_phi_fu_34994_p4        |    9|          2|   16|         32|
    |ap_phi_mux_data_473_val514_phi_phi_fu_35006_p4        |    9|          2|   16|         32|
    |ap_phi_mux_data_474_val515_phi_phi_fu_35018_p4        |    9|          2|   16|         32|
    |ap_phi_mux_data_475_val516_phi_phi_fu_35030_p4        |    9|          2|   16|         32|
    |ap_phi_mux_data_476_val517_phi_phi_fu_35042_p4        |    9|          2|   16|         32|
    |ap_phi_mux_data_477_val518_phi_phi_fu_35054_p4        |    9|          2|   16|         32|
    |ap_phi_mux_data_478_val519_phi_phi_fu_35066_p4        |    9|          2|   16|         32|
    |ap_phi_mux_data_479_val520_phi_phi_fu_35078_p4        |    9|          2|   16|         32|
    |ap_phi_mux_data_47_val88_phi_phi_fu_29894_p4          |    9|          2|   16|         32|
    |ap_phi_mux_data_480_val521_phi_phi_fu_35090_p4        |    9|          2|   16|         32|
    |ap_phi_mux_data_481_val522_phi_phi_fu_35102_p4        |    9|          2|   16|         32|
    |ap_phi_mux_data_482_val523_phi_phi_fu_35114_p4        |    9|          2|   16|         32|
    |ap_phi_mux_data_483_val524_phi_phi_fu_35126_p4        |    9|          2|   16|         32|
    |ap_phi_mux_data_484_val525_phi_phi_fu_35138_p4        |    9|          2|   16|         32|
    |ap_phi_mux_data_485_val526_phi_phi_fu_35150_p4        |    9|          2|   16|         32|
    |ap_phi_mux_data_486_val527_phi_phi_fu_35162_p4        |    9|          2|   16|         32|
    |ap_phi_mux_data_487_val528_phi_phi_fu_35174_p4        |    9|          2|   16|         32|
    |ap_phi_mux_data_488_val529_phi_phi_fu_35186_p4        |    9|          2|   16|         32|
    |ap_phi_mux_data_489_val530_phi_phi_fu_35198_p4        |    9|          2|   16|         32|
    |ap_phi_mux_data_48_val89_phi_phi_fu_29906_p4          |    9|          2|   16|         32|
    |ap_phi_mux_data_490_val531_phi_phi_fu_35210_p4        |    9|          2|   16|         32|
    |ap_phi_mux_data_491_val532_phi_phi_fu_35222_p4        |    9|          2|   16|         32|
    |ap_phi_mux_data_492_val533_phi_phi_fu_35234_p4        |    9|          2|   16|         32|
    |ap_phi_mux_data_493_val534_phi_phi_fu_35246_p4        |    9|          2|   16|         32|
    |ap_phi_mux_data_494_val535_phi_phi_fu_35258_p4        |    9|          2|   16|         32|
    |ap_phi_mux_data_495_val536_phi_phi_fu_35270_p4        |    9|          2|   16|         32|
    |ap_phi_mux_data_496_val537_phi_phi_fu_35282_p4        |    9|          2|   16|         32|
    |ap_phi_mux_data_497_val538_phi_phi_fu_35294_p4        |    9|          2|   16|         32|
    |ap_phi_mux_data_498_val539_phi_phi_fu_35306_p4        |    9|          2|   16|         32|
    |ap_phi_mux_data_499_val540_phi_phi_fu_35318_p4        |    9|          2|   16|         32|
    |ap_phi_mux_data_49_val90_phi_phi_fu_29918_p4          |    9|          2|   16|         32|
    |ap_phi_mux_data_4_val45_phi_phi_fu_29378_p4           |    9|          2|   16|         32|
    |ap_phi_mux_data_500_val541_phi_phi_fu_35330_p4        |    9|          2|   16|         32|
    |ap_phi_mux_data_501_val542_phi_phi_fu_35342_p4        |    9|          2|   16|         32|
    |ap_phi_mux_data_502_val543_phi_phi_fu_35354_p4        |    9|          2|   16|         32|
    |ap_phi_mux_data_503_val544_phi_phi_fu_35366_p4        |    9|          2|   16|         32|
    |ap_phi_mux_data_504_val545_phi_phi_fu_35378_p4        |    9|          2|   16|         32|
    |ap_phi_mux_data_505_val546_phi_phi_fu_35390_p4        |    9|          2|   16|         32|
    |ap_phi_mux_data_506_val547_phi_phi_fu_35402_p4        |    9|          2|   16|         32|
    |ap_phi_mux_data_507_val548_phi_phi_fu_35414_p4        |    9|          2|   16|         32|
    |ap_phi_mux_data_508_val549_phi_phi_fu_35426_p4        |    9|          2|   16|         32|
    |ap_phi_mux_data_509_val550_phi_phi_fu_35438_p4        |    9|          2|   16|         32|
    |ap_phi_mux_data_50_val91_phi_phi_fu_29930_p4          |    9|          2|   16|         32|
    |ap_phi_mux_data_510_val551_phi_phi_fu_35450_p4        |    9|          2|   16|         32|
    |ap_phi_mux_data_511_val552_phi_phi_fu_35462_p4        |    9|          2|   16|         32|
    |ap_phi_mux_data_512_val553_phi_phi_fu_35474_p4        |    9|          2|   16|         32|
    |ap_phi_mux_data_513_val554_phi_phi_fu_35486_p4        |    9|          2|   16|         32|
    |ap_phi_mux_data_514_val555_phi_phi_fu_35498_p4        |    9|          2|   16|         32|
    |ap_phi_mux_data_515_val556_phi_phi_fu_35510_p4        |    9|          2|   16|         32|
    |ap_phi_mux_data_516_val557_phi_phi_fu_35522_p4        |    9|          2|   16|         32|
    |ap_phi_mux_data_517_val558_phi_phi_fu_35534_p4        |    9|          2|   16|         32|
    |ap_phi_mux_data_518_val559_phi_phi_fu_35546_p4        |    9|          2|   16|         32|
    |ap_phi_mux_data_519_val560_phi_phi_fu_35558_p4        |    9|          2|   16|         32|
    |ap_phi_mux_data_51_val92_phi_phi_fu_29942_p4          |    9|          2|   16|         32|
    |ap_phi_mux_data_520_val561_phi_phi_fu_35570_p4        |    9|          2|   16|         32|
    |ap_phi_mux_data_521_val562_phi_phi_fu_35582_p4        |    9|          2|   16|         32|
    |ap_phi_mux_data_522_val563_phi_phi_fu_35594_p4        |    9|          2|   16|         32|
    |ap_phi_mux_data_523_val564_phi_phi_fu_35606_p4        |    9|          2|   16|         32|
    |ap_phi_mux_data_524_val565_phi_phi_fu_35618_p4        |    9|          2|   16|         32|
    |ap_phi_mux_data_525_val566_phi_phi_fu_35630_p4        |    9|          2|   16|         32|
    |ap_phi_mux_data_526_val567_phi_phi_fu_35642_p4        |    9|          2|   16|         32|
    |ap_phi_mux_data_527_val568_phi_phi_fu_35654_p4        |    9|          2|   16|         32|
    |ap_phi_mux_data_528_val569_phi_phi_fu_35666_p4        |    9|          2|   16|         32|
    |ap_phi_mux_data_529_val570_phi_phi_fu_35678_p4        |    9|          2|   16|         32|
    |ap_phi_mux_data_52_val93_phi_phi_fu_29954_p4          |    9|          2|   16|         32|
    |ap_phi_mux_data_530_val571_phi_phi_fu_35690_p4        |    9|          2|   16|         32|
    |ap_phi_mux_data_531_val572_phi_phi_fu_35702_p4        |    9|          2|   16|         32|
    |ap_phi_mux_data_532_val573_phi_phi_fu_35714_p4        |    9|          2|   16|         32|
    |ap_phi_mux_data_533_val574_phi_phi_fu_35726_p4        |    9|          2|   16|         32|
    |ap_phi_mux_data_534_val575_phi_phi_fu_35738_p4        |    9|          2|   16|         32|
    |ap_phi_mux_data_535_val576_phi_phi_fu_35750_p4        |    9|          2|   16|         32|
    |ap_phi_mux_data_536_val577_phi_phi_fu_35762_p4        |    9|          2|   16|         32|
    |ap_phi_mux_data_537_val578_phi_phi_fu_35774_p4        |    9|          2|   16|         32|
    |ap_phi_mux_data_538_val579_phi_phi_fu_35786_p4        |    9|          2|   16|         32|
    |ap_phi_mux_data_539_val580_phi_phi_fu_35798_p4        |    9|          2|   16|         32|
    |ap_phi_mux_data_53_val94_phi_phi_fu_29966_p4          |    9|          2|   16|         32|
    |ap_phi_mux_data_540_val581_phi_phi_fu_35810_p4        |    9|          2|   16|         32|
    |ap_phi_mux_data_541_val582_phi_phi_fu_35822_p4        |    9|          2|   16|         32|
    |ap_phi_mux_data_542_val583_phi_phi_fu_35834_p4        |    9|          2|   16|         32|
    |ap_phi_mux_data_543_val584_phi_phi_fu_35846_p4        |    9|          2|   16|         32|
    |ap_phi_mux_data_544_val585_phi_phi_fu_35858_p4        |    9|          2|   16|         32|
    |ap_phi_mux_data_545_val586_phi_phi_fu_35870_p4        |    9|          2|   16|         32|
    |ap_phi_mux_data_546_val587_phi_phi_fu_35882_p4        |    9|          2|   16|         32|
    |ap_phi_mux_data_547_val588_phi_phi_fu_35894_p4        |    9|          2|   16|         32|
    |ap_phi_mux_data_548_val589_phi_phi_fu_35906_p4        |    9|          2|   16|         32|
    |ap_phi_mux_data_549_val590_phi_phi_fu_35918_p4        |    9|          2|   16|         32|
    |ap_phi_mux_data_54_val95_phi_phi_fu_29978_p4          |    9|          2|   16|         32|
    |ap_phi_mux_data_550_val591_phi_phi_fu_35930_p4        |    9|          2|   16|         32|
    |ap_phi_mux_data_551_val592_phi_phi_fu_35942_p4        |    9|          2|   16|         32|
    |ap_phi_mux_data_552_val593_phi_phi_fu_35954_p4        |    9|          2|   16|         32|
    |ap_phi_mux_data_553_val594_phi_phi_fu_35966_p4        |    9|          2|   16|         32|
    |ap_phi_mux_data_554_val595_phi_phi_fu_35978_p4        |    9|          2|   16|         32|
    |ap_phi_mux_data_555_val596_phi_phi_fu_35990_p4        |    9|          2|   16|         32|
    |ap_phi_mux_data_556_val597_phi_phi_fu_36002_p4        |    9|          2|   16|         32|
    |ap_phi_mux_data_557_val598_phi_phi_fu_36014_p4        |    9|          2|   16|         32|
    |ap_phi_mux_data_558_val599_phi_phi_fu_36026_p4        |    9|          2|   16|         32|
    |ap_phi_mux_data_559_val600_phi_phi_fu_36038_p4        |    9|          2|   16|         32|
    |ap_phi_mux_data_55_val96_phi_phi_fu_29990_p4          |    9|          2|   16|         32|
    |ap_phi_mux_data_560_val601_phi_phi_fu_36050_p4        |    9|          2|   16|         32|
    |ap_phi_mux_data_561_val602_phi_phi_fu_36062_p4        |    9|          2|   16|         32|
    |ap_phi_mux_data_562_val603_phi_phi_fu_36074_p4        |    9|          2|   16|         32|
    |ap_phi_mux_data_563_val604_phi_phi_fu_36086_p4        |    9|          2|   16|         32|
    |ap_phi_mux_data_564_val605_phi_phi_fu_36098_p4        |    9|          2|   16|         32|
    |ap_phi_mux_data_565_val606_phi_phi_fu_36110_p4        |    9|          2|   16|         32|
    |ap_phi_mux_data_566_val607_phi_phi_fu_36122_p4        |    9|          2|   16|         32|
    |ap_phi_mux_data_567_val608_phi_phi_fu_36134_p4        |    9|          2|   16|         32|
    |ap_phi_mux_data_568_val609_phi_phi_fu_36146_p4        |    9|          2|   16|         32|
    |ap_phi_mux_data_569_val610_phi_phi_fu_36158_p4        |    9|          2|   16|         32|
    |ap_phi_mux_data_56_val97_phi_phi_fu_30002_p4          |    9|          2|   16|         32|
    |ap_phi_mux_data_570_val611_phi_phi_fu_36170_p4        |    9|          2|   16|         32|
    |ap_phi_mux_data_571_val612_phi_phi_fu_36182_p4        |    9|          2|   16|         32|
    |ap_phi_mux_data_572_val613_phi_phi_fu_36194_p4        |    9|          2|   16|         32|
    |ap_phi_mux_data_573_val614_phi_phi_fu_36206_p4        |    9|          2|   16|         32|
    |ap_phi_mux_data_574_val615_phi_phi_fu_36218_p4        |    9|          2|   16|         32|
    |ap_phi_mux_data_575_val616_phi_phi_fu_36230_p4        |    9|          2|   16|         32|
    |ap_phi_mux_data_576_val617_phi_phi_fu_36242_p4        |    9|          2|   16|         32|
    |ap_phi_mux_data_577_val618_phi_phi_fu_36254_p4        |    9|          2|   16|         32|
    |ap_phi_mux_data_578_val619_phi_phi_fu_36266_p4        |    9|          2|   16|         32|
    |ap_phi_mux_data_579_val620_phi_phi_fu_36278_p4        |    9|          2|   16|         32|
    |ap_phi_mux_data_57_val98_phi_phi_fu_30014_p4          |    9|          2|   16|         32|
    |ap_phi_mux_data_580_val621_phi_phi_fu_36290_p4        |    9|          2|   16|         32|
    |ap_phi_mux_data_581_val622_phi_phi_fu_36302_p4        |    9|          2|   16|         32|
    |ap_phi_mux_data_582_val623_phi_phi_fu_36314_p4        |    9|          2|   16|         32|
    |ap_phi_mux_data_583_val624_phi_phi_fu_36326_p4        |    9|          2|   16|         32|
    |ap_phi_mux_data_584_val625_phi_phi_fu_36338_p4        |    9|          2|   16|         32|
    |ap_phi_mux_data_585_val626_phi_phi_fu_36350_p4        |    9|          2|   16|         32|
    |ap_phi_mux_data_586_val627_phi_phi_fu_36362_p4        |    9|          2|   16|         32|
    |ap_phi_mux_data_587_val628_phi_phi_fu_36374_p4        |    9|          2|   16|         32|
    |ap_phi_mux_data_588_val629_phi_phi_fu_36386_p4        |    9|          2|   16|         32|
    |ap_phi_mux_data_589_val630_phi_phi_fu_36398_p4        |    9|          2|   16|         32|
    |ap_phi_mux_data_58_val99_phi_phi_fu_30026_p4          |    9|          2|   16|         32|
    |ap_phi_mux_data_590_val631_phi_phi_fu_36410_p4        |    9|          2|   16|         32|
    |ap_phi_mux_data_591_val632_phi_phi_fu_36422_p4        |    9|          2|   16|         32|
    |ap_phi_mux_data_592_val633_phi_phi_fu_36434_p4        |    9|          2|   16|         32|
    |ap_phi_mux_data_593_val634_phi_phi_fu_36446_p4        |    9|          2|   16|         32|
    |ap_phi_mux_data_594_val635_phi_phi_fu_36458_p4        |    9|          2|   16|         32|
    |ap_phi_mux_data_595_val636_phi_phi_fu_36470_p4        |    9|          2|   16|         32|
    |ap_phi_mux_data_596_val637_phi_phi_fu_36482_p4        |    9|          2|   16|         32|
    |ap_phi_mux_data_597_val638_phi_phi_fu_36494_p4        |    9|          2|   16|         32|
    |ap_phi_mux_data_598_val639_phi_phi_fu_36506_p4        |    9|          2|   16|         32|
    |ap_phi_mux_data_599_val640_phi_phi_fu_36518_p4        |    9|          2|   16|         32|
    |ap_phi_mux_data_59_val100_phi_phi_fu_30038_p4         |    9|          2|   16|         32|
    |ap_phi_mux_data_5_val46_phi_phi_fu_29390_p4           |    9|          2|   16|         32|
    |ap_phi_mux_data_600_val641_phi_phi_fu_36530_p4        |    9|          2|   16|         32|
    |ap_phi_mux_data_601_val642_phi_phi_fu_36542_p4        |    9|          2|   16|         32|
    |ap_phi_mux_data_602_val643_phi_phi_fu_36554_p4        |    9|          2|   16|         32|
    |ap_phi_mux_data_603_val644_phi_phi_fu_36566_p4        |    9|          2|   16|         32|
    |ap_phi_mux_data_604_val645_phi_phi_fu_36578_p4        |    9|          2|   16|         32|
    |ap_phi_mux_data_605_val646_phi_phi_fu_36590_p4        |    9|          2|   16|         32|
    |ap_phi_mux_data_606_val647_phi_phi_fu_36602_p4        |    9|          2|   16|         32|
    |ap_phi_mux_data_607_val648_phi_phi_fu_36614_p4        |    9|          2|   16|         32|
    |ap_phi_mux_data_608_val649_phi_phi_fu_36626_p4        |    9|          2|   16|         32|
    |ap_phi_mux_data_609_val650_phi_phi_fu_36638_p4        |    9|          2|   16|         32|
    |ap_phi_mux_data_60_val101_phi_phi_fu_30050_p4         |    9|          2|   16|         32|
    |ap_phi_mux_data_610_val651_phi_phi_fu_36650_p4        |    9|          2|   16|         32|
    |ap_phi_mux_data_611_val652_phi_phi_fu_36662_p4        |    9|          2|   16|         32|
    |ap_phi_mux_data_612_val653_phi_phi_fu_36674_p4        |    9|          2|   16|         32|
    |ap_phi_mux_data_613_val654_phi_phi_fu_36686_p4        |    9|          2|   16|         32|
    |ap_phi_mux_data_614_val655_phi_phi_fu_36698_p4        |    9|          2|   16|         32|
    |ap_phi_mux_data_615_val656_phi_phi_fu_36710_p4        |    9|          2|   16|         32|
    |ap_phi_mux_data_616_val657_phi_phi_fu_36722_p4        |    9|          2|   16|         32|
    |ap_phi_mux_data_617_val658_phi_phi_fu_36734_p4        |    9|          2|   16|         32|
    |ap_phi_mux_data_618_val659_phi_phi_fu_36746_p4        |    9|          2|   16|         32|
    |ap_phi_mux_data_619_val660_phi_phi_fu_36758_p4        |    9|          2|   16|         32|
    |ap_phi_mux_data_61_val102_phi_phi_fu_30062_p4         |    9|          2|   16|         32|
    |ap_phi_mux_data_620_val661_phi_phi_fu_36770_p4        |    9|          2|   16|         32|
    |ap_phi_mux_data_621_val662_phi_phi_fu_36782_p4        |    9|          2|   16|         32|
    |ap_phi_mux_data_622_val663_phi_phi_fu_36794_p4        |    9|          2|   16|         32|
    |ap_phi_mux_data_623_val664_phi_phi_fu_36806_p4        |    9|          2|   16|         32|
    |ap_phi_mux_data_624_val665_phi_phi_fu_36818_p4        |    9|          2|   16|         32|
    |ap_phi_mux_data_625_val666_phi_phi_fu_36830_p4        |    9|          2|   16|         32|
    |ap_phi_mux_data_626_val667_phi_phi_fu_36842_p4        |    9|          2|   16|         32|
    |ap_phi_mux_data_627_val668_phi_phi_fu_36854_p4        |    9|          2|   16|         32|
    |ap_phi_mux_data_628_val669_phi_phi_fu_36866_p4        |    9|          2|   16|         32|
    |ap_phi_mux_data_629_val670_phi_phi_fu_36878_p4        |    9|          2|   16|         32|
    |ap_phi_mux_data_62_val103_phi_phi_fu_30074_p4         |    9|          2|   16|         32|
    |ap_phi_mux_data_630_val671_phi_phi_fu_36890_p4        |    9|          2|   16|         32|
    |ap_phi_mux_data_631_val672_phi_phi_fu_36902_p4        |    9|          2|   16|         32|
    |ap_phi_mux_data_632_val673_phi_phi_fu_36914_p4        |    9|          2|   16|         32|
    |ap_phi_mux_data_633_val674_phi_phi_fu_36926_p4        |    9|          2|   16|         32|
    |ap_phi_mux_data_634_val675_phi_phi_fu_36938_p4        |    9|          2|   16|         32|
    |ap_phi_mux_data_635_val676_phi_phi_fu_36950_p4        |    9|          2|   16|         32|
    |ap_phi_mux_data_636_val677_phi_phi_fu_36962_p4        |    9|          2|   16|         32|
    |ap_phi_mux_data_637_val678_phi_phi_fu_36974_p4        |    9|          2|   16|         32|
    |ap_phi_mux_data_638_val679_phi_phi_fu_36986_p4        |    9|          2|   16|         32|
    |ap_phi_mux_data_639_val680_phi_phi_fu_36998_p4        |    9|          2|   16|         32|
    |ap_phi_mux_data_63_val104_phi_phi_fu_30086_p4         |    9|          2|   16|         32|
    |ap_phi_mux_data_640_val681_phi_phi_fu_37010_p4        |    9|          2|   16|         32|
    |ap_phi_mux_data_641_val682_phi_phi_fu_37022_p4        |    9|          2|   16|         32|
    |ap_phi_mux_data_642_val683_phi_phi_fu_37034_p4        |    9|          2|   16|         32|
    |ap_phi_mux_data_643_val684_phi_phi_fu_37046_p4        |    9|          2|   16|         32|
    |ap_phi_mux_data_644_val685_phi_phi_fu_37058_p4        |    9|          2|   16|         32|
    |ap_phi_mux_data_645_val686_phi_phi_fu_37070_p4        |    9|          2|   16|         32|
    |ap_phi_mux_data_646_val687_phi_phi_fu_37082_p4        |    9|          2|   16|         32|
    |ap_phi_mux_data_647_val688_phi_phi_fu_37094_p4        |    9|          2|   16|         32|
    |ap_phi_mux_data_648_val689_phi_phi_fu_37106_p4        |    9|          2|   16|         32|
    |ap_phi_mux_data_649_val690_phi_phi_fu_37118_p4        |    9|          2|   16|         32|
    |ap_phi_mux_data_64_val105_phi_phi_fu_30098_p4         |    9|          2|   16|         32|
    |ap_phi_mux_data_650_val691_phi_phi_fu_37130_p4        |    9|          2|   16|         32|
    |ap_phi_mux_data_651_val692_phi_phi_fu_37142_p4        |    9|          2|   16|         32|
    |ap_phi_mux_data_652_val693_phi_phi_fu_37154_p4        |    9|          2|   16|         32|
    |ap_phi_mux_data_653_val694_phi_phi_fu_37166_p4        |    9|          2|   16|         32|
    |ap_phi_mux_data_654_val695_phi_phi_fu_37178_p4        |    9|          2|   16|         32|
    |ap_phi_mux_data_655_val696_phi_phi_fu_37190_p4        |    9|          2|   16|         32|
    |ap_phi_mux_data_656_val697_phi_phi_fu_37202_p4        |    9|          2|   16|         32|
    |ap_phi_mux_data_657_val698_phi_phi_fu_37214_p4        |    9|          2|   16|         32|
    |ap_phi_mux_data_658_val699_phi_phi_fu_37226_p4        |    9|          2|   16|         32|
    |ap_phi_mux_data_659_val700_phi_phi_fu_37238_p4        |    9|          2|   16|         32|
    |ap_phi_mux_data_65_val106_phi_phi_fu_30110_p4         |    9|          2|   16|         32|
    |ap_phi_mux_data_660_val701_phi_phi_fu_37250_p4        |    9|          2|   16|         32|
    |ap_phi_mux_data_661_val702_phi_phi_fu_37262_p4        |    9|          2|   16|         32|
    |ap_phi_mux_data_662_val703_phi_phi_fu_37274_p4        |    9|          2|   16|         32|
    |ap_phi_mux_data_663_val704_phi_phi_fu_37286_p4        |    9|          2|   16|         32|
    |ap_phi_mux_data_664_val705_phi_phi_fu_37298_p4        |    9|          2|   16|         32|
    |ap_phi_mux_data_665_val706_phi_phi_fu_37310_p4        |    9|          2|   16|         32|
    |ap_phi_mux_data_666_val707_phi_phi_fu_37322_p4        |    9|          2|   16|         32|
    |ap_phi_mux_data_667_val708_phi_phi_fu_37334_p4        |    9|          2|   16|         32|
    |ap_phi_mux_data_668_val709_phi_phi_fu_37346_p4        |    9|          2|   16|         32|
    |ap_phi_mux_data_669_val710_phi_phi_fu_37358_p4        |    9|          2|   16|         32|
    |ap_phi_mux_data_66_val107_phi_phi_fu_30122_p4         |    9|          2|   16|         32|
    |ap_phi_mux_data_670_val711_phi_phi_fu_37370_p4        |    9|          2|   16|         32|
    |ap_phi_mux_data_671_val712_phi_phi_fu_37382_p4        |    9|          2|   16|         32|
    |ap_phi_mux_data_672_val713_phi_phi_fu_37394_p4        |    9|          2|   16|         32|
    |ap_phi_mux_data_673_val714_phi_phi_fu_37406_p4        |    9|          2|   16|         32|
    |ap_phi_mux_data_674_val715_phi_phi_fu_37418_p4        |    9|          2|   16|         32|
    |ap_phi_mux_data_675_val716_phi_phi_fu_37430_p4        |    9|          2|   16|         32|
    |ap_phi_mux_data_676_val717_phi_phi_fu_37442_p4        |    9|          2|   16|         32|
    |ap_phi_mux_data_677_val718_phi_phi_fu_37454_p4        |    9|          2|   16|         32|
    |ap_phi_mux_data_678_val719_phi_phi_fu_37466_p4        |    9|          2|   16|         32|
    |ap_phi_mux_data_679_val720_phi_phi_fu_37478_p4        |    9|          2|   16|         32|
    |ap_phi_mux_data_67_val108_phi_phi_fu_30134_p4         |    9|          2|   16|         32|
    |ap_phi_mux_data_680_val721_phi_phi_fu_37490_p4        |    9|          2|   16|         32|
    |ap_phi_mux_data_681_val722_phi_phi_fu_37502_p4        |    9|          2|   16|         32|
    |ap_phi_mux_data_682_val723_phi_phi_fu_37514_p4        |    9|          2|   16|         32|
    |ap_phi_mux_data_683_val724_phi_phi_fu_37526_p4        |    9|          2|   16|         32|
    |ap_phi_mux_data_684_val725_phi_phi_fu_37538_p4        |    9|          2|   16|         32|
    |ap_phi_mux_data_685_val726_phi_phi_fu_37550_p4        |    9|          2|   16|         32|
    |ap_phi_mux_data_686_val727_phi_phi_fu_37562_p4        |    9|          2|   16|         32|
    |ap_phi_mux_data_687_val728_phi_phi_fu_37574_p4        |    9|          2|   16|         32|
    |ap_phi_mux_data_688_val729_phi_phi_fu_37586_p4        |    9|          2|   16|         32|
    |ap_phi_mux_data_689_val730_phi_phi_fu_37598_p4        |    9|          2|   16|         32|
    |ap_phi_mux_data_68_val109_phi_phi_fu_30146_p4         |    9|          2|   16|         32|
    |ap_phi_mux_data_690_val731_phi_phi_fu_37610_p4        |    9|          2|   16|         32|
    |ap_phi_mux_data_691_val732_phi_phi_fu_37622_p4        |    9|          2|   16|         32|
    |ap_phi_mux_data_692_val733_phi_phi_fu_37634_p4        |    9|          2|   16|         32|
    |ap_phi_mux_data_693_val734_phi_phi_fu_37646_p4        |    9|          2|   16|         32|
    |ap_phi_mux_data_694_val735_phi_phi_fu_37658_p4        |    9|          2|   16|         32|
    |ap_phi_mux_data_695_val736_phi_phi_fu_37670_p4        |    9|          2|   16|         32|
    |ap_phi_mux_data_696_val737_phi_phi_fu_37682_p4        |    9|          2|   16|         32|
    |ap_phi_mux_data_697_val738_phi_phi_fu_37694_p4        |    9|          2|   16|         32|
    |ap_phi_mux_data_698_val739_phi_phi_fu_37706_p4        |    9|          2|   16|         32|
    |ap_phi_mux_data_699_val740_phi_phi_fu_37718_p4        |    9|          2|   16|         32|
    |ap_phi_mux_data_69_val110_phi_phi_fu_30158_p4         |    9|          2|   16|         32|
    |ap_phi_mux_data_6_val47_phi_phi_fu_29402_p4           |    9|          2|   16|         32|
    |ap_phi_mux_data_700_val741_phi_phi_fu_37730_p4        |    9|          2|   16|         32|
    |ap_phi_mux_data_701_val742_phi_phi_fu_37742_p4        |    9|          2|   16|         32|
    |ap_phi_mux_data_702_val743_phi_phi_fu_37754_p4        |    9|          2|   16|         32|
    |ap_phi_mux_data_703_val744_phi_phi_fu_37766_p4        |    9|          2|   16|         32|
    |ap_phi_mux_data_704_val745_phi_phi_fu_37778_p4        |    9|          2|   16|         32|
    |ap_phi_mux_data_705_val746_phi_phi_fu_37790_p4        |    9|          2|   16|         32|
    |ap_phi_mux_data_706_val747_phi_phi_fu_37802_p4        |    9|          2|   16|         32|
    |ap_phi_mux_data_707_val748_phi_phi_fu_37814_p4        |    9|          2|   16|         32|
    |ap_phi_mux_data_708_val749_phi_phi_fu_37826_p4        |    9|          2|   16|         32|
    |ap_phi_mux_data_709_val750_phi_phi_fu_37838_p4        |    9|          2|   16|         32|
    |ap_phi_mux_data_70_val111_phi_phi_fu_30170_p4         |    9|          2|   16|         32|
    |ap_phi_mux_data_710_val751_phi_phi_fu_37850_p4        |    9|          2|   16|         32|
    |ap_phi_mux_data_711_val752_phi_phi_fu_37862_p4        |    9|          2|   16|         32|
    |ap_phi_mux_data_712_val753_phi_phi_fu_37874_p4        |    9|          2|   16|         32|
    |ap_phi_mux_data_713_val754_phi_phi_fu_37886_p4        |    9|          2|   16|         32|
    |ap_phi_mux_data_714_val755_phi_phi_fu_37898_p4        |    9|          2|   16|         32|
    |ap_phi_mux_data_715_val756_phi_phi_fu_37910_p4        |    9|          2|   16|         32|
    |ap_phi_mux_data_716_val757_phi_phi_fu_37922_p4        |    9|          2|   16|         32|
    |ap_phi_mux_data_717_val758_phi_phi_fu_37934_p4        |    9|          2|   16|         32|
    |ap_phi_mux_data_718_val759_phi_phi_fu_37946_p4        |    9|          2|   16|         32|
    |ap_phi_mux_data_719_val760_phi_phi_fu_37958_p4        |    9|          2|   16|         32|
    |ap_phi_mux_data_71_val112_phi_phi_fu_30182_p4         |    9|          2|   16|         32|
    |ap_phi_mux_data_720_val761_phi_phi_fu_37970_p4        |    9|          2|   16|         32|
    |ap_phi_mux_data_721_val762_phi_phi_fu_37982_p4        |    9|          2|   16|         32|
    |ap_phi_mux_data_722_val763_phi_phi_fu_37994_p4        |    9|          2|   16|         32|
    |ap_phi_mux_data_723_val764_phi_phi_fu_38006_p4        |    9|          2|   16|         32|
    |ap_phi_mux_data_724_val765_phi_phi_fu_38018_p4        |    9|          2|   16|         32|
    |ap_phi_mux_data_725_val766_phi_phi_fu_38030_p4        |    9|          2|   16|         32|
    |ap_phi_mux_data_726_val767_phi_phi_fu_38042_p4        |    9|          2|   16|         32|
    |ap_phi_mux_data_727_val768_phi_phi_fu_38054_p4        |    9|          2|   16|         32|
    |ap_phi_mux_data_728_val769_phi_phi_fu_38066_p4        |    9|          2|   16|         32|
    |ap_phi_mux_data_729_val770_phi_phi_fu_38078_p4        |    9|          2|   16|         32|
    |ap_phi_mux_data_72_val113_phi_phi_fu_30194_p4         |    9|          2|   16|         32|
    |ap_phi_mux_data_730_val771_phi_phi_fu_38090_p4        |    9|          2|   16|         32|
    |ap_phi_mux_data_731_val772_phi_phi_fu_38102_p4        |    9|          2|   16|         32|
    |ap_phi_mux_data_732_val773_phi_phi_fu_38114_p4        |    9|          2|   16|         32|
    |ap_phi_mux_data_733_val774_phi_phi_fu_38126_p4        |    9|          2|   16|         32|
    |ap_phi_mux_data_734_val775_phi_phi_fu_38138_p4        |    9|          2|   16|         32|
    |ap_phi_mux_data_735_val776_phi_phi_fu_38150_p4        |    9|          2|   16|         32|
    |ap_phi_mux_data_736_val777_phi_phi_fu_38162_p4        |    9|          2|   16|         32|
    |ap_phi_mux_data_737_val778_phi_phi_fu_38174_p4        |    9|          2|   16|         32|
    |ap_phi_mux_data_738_val779_phi_phi_fu_38186_p4        |    9|          2|   16|         32|
    |ap_phi_mux_data_739_val780_phi_phi_fu_38198_p4        |    9|          2|   16|         32|
    |ap_phi_mux_data_73_val114_phi_phi_fu_30206_p4         |    9|          2|   16|         32|
    |ap_phi_mux_data_740_val781_phi_phi_fu_38210_p4        |    9|          2|   16|         32|
    |ap_phi_mux_data_741_val782_phi_phi_fu_38222_p4        |    9|          2|   16|         32|
    |ap_phi_mux_data_742_val783_phi_phi_fu_38234_p4        |    9|          2|   16|         32|
    |ap_phi_mux_data_743_val784_phi_phi_fu_38246_p4        |    9|          2|   16|         32|
    |ap_phi_mux_data_744_val785_phi_phi_fu_38258_p4        |    9|          2|   16|         32|
    |ap_phi_mux_data_745_val786_phi_phi_fu_38270_p4        |    9|          2|   16|         32|
    |ap_phi_mux_data_746_val787_phi_phi_fu_38282_p4        |    9|          2|   16|         32|
    |ap_phi_mux_data_747_val788_phi_phi_fu_38294_p4        |    9|          2|   16|         32|
    |ap_phi_mux_data_748_val789_phi_phi_fu_38306_p4        |    9|          2|   16|         32|
    |ap_phi_mux_data_749_val790_phi_phi_fu_38318_p4        |    9|          2|   16|         32|
    |ap_phi_mux_data_74_val115_phi_phi_fu_30218_p4         |    9|          2|   16|         32|
    |ap_phi_mux_data_750_val791_phi_phi_fu_38330_p4        |    9|          2|   16|         32|
    |ap_phi_mux_data_751_val792_phi_phi_fu_38342_p4        |    9|          2|   16|         32|
    |ap_phi_mux_data_752_val793_phi_phi_fu_38354_p4        |    9|          2|   16|         32|
    |ap_phi_mux_data_753_val794_phi_phi_fu_38366_p4        |    9|          2|   16|         32|
    |ap_phi_mux_data_754_val795_phi_phi_fu_38378_p4        |    9|          2|   16|         32|
    |ap_phi_mux_data_755_val796_phi_phi_fu_38390_p4        |    9|          2|   16|         32|
    |ap_phi_mux_data_756_val797_phi_phi_fu_38402_p4        |    9|          2|   16|         32|
    |ap_phi_mux_data_757_val798_phi_phi_fu_38414_p4        |    9|          2|   16|         32|
    |ap_phi_mux_data_758_val799_phi_phi_fu_38426_p4        |    9|          2|   16|         32|
    |ap_phi_mux_data_759_val800_phi_phi_fu_38438_p4        |    9|          2|   16|         32|
    |ap_phi_mux_data_75_val116_phi_phi_fu_30230_p4         |    9|          2|   16|         32|
    |ap_phi_mux_data_760_val801_phi_phi_fu_38450_p4        |    9|          2|   16|         32|
    |ap_phi_mux_data_761_val802_phi_phi_fu_38462_p4        |    9|          2|   16|         32|
    |ap_phi_mux_data_762_val803_phi_phi_fu_38474_p4        |    9|          2|   16|         32|
    |ap_phi_mux_data_763_val804_phi_phi_fu_38486_p4        |    9|          2|   16|         32|
    |ap_phi_mux_data_764_val805_phi_phi_fu_38498_p4        |    9|          2|   16|         32|
    |ap_phi_mux_data_765_val806_phi_phi_fu_38510_p4        |    9|          2|   16|         32|
    |ap_phi_mux_data_766_val807_phi_phi_fu_38522_p4        |    9|          2|   16|         32|
    |ap_phi_mux_data_767_val808_phi_phi_fu_38534_p4        |    9|          2|   16|         32|
    |ap_phi_mux_data_768_val809_phi_phi_fu_38546_p4        |    9|          2|   16|         32|
    |ap_phi_mux_data_769_val810_phi_phi_fu_38558_p4        |    9|          2|   16|         32|
    |ap_phi_mux_data_76_val117_phi_phi_fu_30242_p4         |    9|          2|   16|         32|
    |ap_phi_mux_data_770_val811_phi_phi_fu_38570_p4        |    9|          2|   16|         32|
    |ap_phi_mux_data_771_val812_phi_phi_fu_38582_p4        |    9|          2|   16|         32|
    |ap_phi_mux_data_772_val813_phi_phi_fu_38594_p4        |    9|          2|   16|         32|
    |ap_phi_mux_data_773_val814_phi_phi_fu_38606_p4        |    9|          2|   16|         32|
    |ap_phi_mux_data_774_val815_phi_phi_fu_38618_p4        |    9|          2|   16|         32|
    |ap_phi_mux_data_775_val816_phi_phi_fu_38630_p4        |    9|          2|   16|         32|
    |ap_phi_mux_data_776_val817_phi_phi_fu_38642_p4        |    9|          2|   16|         32|
    |ap_phi_mux_data_777_val818_phi_phi_fu_38654_p4        |    9|          2|   16|         32|
    |ap_phi_mux_data_778_val819_phi_phi_fu_38666_p4        |    9|          2|   16|         32|
    |ap_phi_mux_data_779_val820_phi_phi_fu_38678_p4        |    9|          2|   16|         32|
    |ap_phi_mux_data_77_val118_phi_phi_fu_30254_p4         |    9|          2|   16|         32|
    |ap_phi_mux_data_780_val821_phi_phi_fu_38690_p4        |    9|          2|   16|         32|
    |ap_phi_mux_data_781_val822_phi_phi_fu_38702_p4        |    9|          2|   16|         32|
    |ap_phi_mux_data_782_val823_phi_phi_fu_38714_p4        |    9|          2|   16|         32|
    |ap_phi_mux_data_783_val824_phi_phi_fu_38726_p4        |    9|          2|   16|         32|
    |ap_phi_mux_data_784_val825_phi_phi_fu_38738_p4        |    9|          2|   16|         32|
    |ap_phi_mux_data_785_val826_phi_phi_fu_38750_p4        |    9|          2|   16|         32|
    |ap_phi_mux_data_786_val827_phi_phi_fu_38762_p4        |    9|          2|   16|         32|
    |ap_phi_mux_data_787_val828_phi_phi_fu_38774_p4        |    9|          2|   16|         32|
    |ap_phi_mux_data_788_val829_phi_phi_fu_38786_p4        |    9|          2|   16|         32|
    |ap_phi_mux_data_789_val830_phi_phi_fu_38798_p4        |    9|          2|   16|         32|
    |ap_phi_mux_data_78_val119_phi_phi_fu_30266_p4         |    9|          2|   16|         32|
    |ap_phi_mux_data_790_val831_phi_phi_fu_38810_p4        |    9|          2|   16|         32|
    |ap_phi_mux_data_791_val832_phi_phi_fu_38822_p4        |    9|          2|   16|         32|
    |ap_phi_mux_data_792_val833_phi_phi_fu_38834_p4        |    9|          2|   16|         32|
    |ap_phi_mux_data_793_val834_phi_phi_fu_38846_p4        |    9|          2|   16|         32|
    |ap_phi_mux_data_794_val835_phi_phi_fu_38858_p4        |    9|          2|   16|         32|
    |ap_phi_mux_data_795_val836_phi_phi_fu_38870_p4        |    9|          2|   16|         32|
    |ap_phi_mux_data_796_val837_phi_phi_fu_38882_p4        |    9|          2|   16|         32|
    |ap_phi_mux_data_797_val838_phi_phi_fu_38894_p4        |    9|          2|   16|         32|
    |ap_phi_mux_data_798_val839_phi_phi_fu_38906_p4        |    9|          2|   16|         32|
    |ap_phi_mux_data_799_val840_phi_phi_fu_38918_p4        |    9|          2|   16|         32|
    |ap_phi_mux_data_79_val120_phi_phi_fu_30278_p4         |    9|          2|   16|         32|
    |ap_phi_mux_data_7_val48_phi_phi_fu_29414_p4           |    9|          2|   16|         32|
    |ap_phi_mux_data_800_val841_phi_phi_fu_38930_p4        |    9|          2|   16|         32|
    |ap_phi_mux_data_801_val842_phi_phi_fu_38942_p4        |    9|          2|   16|         32|
    |ap_phi_mux_data_802_val843_phi_phi_fu_38954_p4        |    9|          2|   16|         32|
    |ap_phi_mux_data_803_val844_phi_phi_fu_38966_p4        |    9|          2|   16|         32|
    |ap_phi_mux_data_804_val845_phi_phi_fu_38978_p4        |    9|          2|   16|         32|
    |ap_phi_mux_data_805_val846_phi_phi_fu_38990_p4        |    9|          2|   16|         32|
    |ap_phi_mux_data_806_val847_phi_phi_fu_39002_p4        |    9|          2|   16|         32|
    |ap_phi_mux_data_807_val848_phi_phi_fu_39014_p4        |    9|          2|   16|         32|
    |ap_phi_mux_data_808_val849_phi_phi_fu_39026_p4        |    9|          2|   16|         32|
    |ap_phi_mux_data_809_val850_phi_phi_fu_39038_p4        |    9|          2|   16|         32|
    |ap_phi_mux_data_80_val121_phi_phi_fu_30290_p4         |    9|          2|   16|         32|
    |ap_phi_mux_data_810_val851_phi_phi_fu_39050_p4        |    9|          2|   16|         32|
    |ap_phi_mux_data_811_val852_phi_phi_fu_39062_p4        |    9|          2|   16|         32|
    |ap_phi_mux_data_812_val853_phi_phi_fu_39074_p4        |    9|          2|   16|         32|
    |ap_phi_mux_data_813_val854_phi_phi_fu_39086_p4        |    9|          2|   16|         32|
    |ap_phi_mux_data_814_val855_phi_phi_fu_39098_p4        |    9|          2|   16|         32|
    |ap_phi_mux_data_815_val856_phi_phi_fu_39110_p4        |    9|          2|   16|         32|
    |ap_phi_mux_data_816_val857_phi_phi_fu_39122_p4        |    9|          2|   16|         32|
    |ap_phi_mux_data_817_val858_phi_phi_fu_39134_p4        |    9|          2|   16|         32|
    |ap_phi_mux_data_818_val859_phi_phi_fu_39146_p4        |    9|          2|   16|         32|
    |ap_phi_mux_data_819_val860_phi_phi_fu_39158_p4        |    9|          2|   16|         32|
    |ap_phi_mux_data_81_val122_phi_phi_fu_30302_p4         |    9|          2|   16|         32|
    |ap_phi_mux_data_820_val861_phi_phi_fu_39170_p4        |    9|          2|   16|         32|
    |ap_phi_mux_data_821_val862_phi_phi_fu_39182_p4        |    9|          2|   16|         32|
    |ap_phi_mux_data_822_val863_phi_phi_fu_39194_p4        |    9|          2|   16|         32|
    |ap_phi_mux_data_823_val864_phi_phi_fu_39206_p4        |    9|          2|   16|         32|
    |ap_phi_mux_data_824_val865_phi_phi_fu_39218_p4        |    9|          2|   16|         32|
    |ap_phi_mux_data_825_val866_phi_phi_fu_39230_p4        |    9|          2|   16|         32|
    |ap_phi_mux_data_826_val867_phi_phi_fu_39242_p4        |    9|          2|   16|         32|
    |ap_phi_mux_data_827_val868_phi_phi_fu_39254_p4        |    9|          2|   16|         32|
    |ap_phi_mux_data_828_val869_phi_phi_fu_39266_p4        |    9|          2|   16|         32|
    |ap_phi_mux_data_829_val870_phi_phi_fu_39278_p4        |    9|          2|   16|         32|
    |ap_phi_mux_data_82_val123_phi_phi_fu_30314_p4         |    9|          2|   16|         32|
    |ap_phi_mux_data_830_val871_phi_phi_fu_39290_p4        |    9|          2|   16|         32|
    |ap_phi_mux_data_831_val872_phi_phi_fu_39302_p4        |    9|          2|   16|         32|
    |ap_phi_mux_data_832_val873_phi_phi_fu_39314_p4        |    9|          2|   16|         32|
    |ap_phi_mux_data_833_val874_phi_phi_fu_39326_p4        |    9|          2|   16|         32|
    |ap_phi_mux_data_834_val875_phi_phi_fu_39338_p4        |    9|          2|   16|         32|
    |ap_phi_mux_data_835_val876_phi_phi_fu_39350_p4        |    9|          2|   16|         32|
    |ap_phi_mux_data_836_val877_phi_phi_fu_39362_p4        |    9|          2|   16|         32|
    |ap_phi_mux_data_837_val878_phi_phi_fu_39374_p4        |    9|          2|   16|         32|
    |ap_phi_mux_data_838_val879_phi_phi_fu_39386_p4        |    9|          2|   16|         32|
    |ap_phi_mux_data_839_val880_phi_phi_fu_39398_p4        |    9|          2|   16|         32|
    |ap_phi_mux_data_83_val124_phi_phi_fu_30326_p4         |    9|          2|   16|         32|
    |ap_phi_mux_data_840_val881_phi_phi_fu_39410_p4        |    9|          2|   16|         32|
    |ap_phi_mux_data_841_val882_phi_phi_fu_39422_p4        |    9|          2|   16|         32|
    |ap_phi_mux_data_842_val883_phi_phi_fu_39434_p4        |    9|          2|   16|         32|
    |ap_phi_mux_data_843_val884_phi_phi_fu_39446_p4        |    9|          2|   16|         32|
    |ap_phi_mux_data_844_val885_phi_phi_fu_39458_p4        |    9|          2|   16|         32|
    |ap_phi_mux_data_845_val886_phi_phi_fu_39470_p4        |    9|          2|   16|         32|
    |ap_phi_mux_data_846_val887_phi_phi_fu_39482_p4        |    9|          2|   16|         32|
    |ap_phi_mux_data_847_val888_phi_phi_fu_39494_p4        |    9|          2|   16|         32|
    |ap_phi_mux_data_848_val889_phi_phi_fu_39506_p4        |    9|          2|   16|         32|
    |ap_phi_mux_data_849_val890_phi_phi_fu_39518_p4        |    9|          2|   16|         32|
    |ap_phi_mux_data_84_val125_phi_phi_fu_30338_p4         |    9|          2|   16|         32|
    |ap_phi_mux_data_850_val891_phi_phi_fu_39530_p4        |    9|          2|   16|         32|
    |ap_phi_mux_data_851_val892_phi_phi_fu_39542_p4        |    9|          2|   16|         32|
    |ap_phi_mux_data_852_val893_phi_phi_fu_39554_p4        |    9|          2|   16|         32|
    |ap_phi_mux_data_853_val894_phi_phi_fu_39566_p4        |    9|          2|   16|         32|
    |ap_phi_mux_data_854_val895_phi_phi_fu_39578_p4        |    9|          2|   16|         32|
    |ap_phi_mux_data_855_val896_phi_phi_fu_39590_p4        |    9|          2|   16|         32|
    |ap_phi_mux_data_856_val897_phi_phi_fu_39602_p4        |    9|          2|   16|         32|
    |ap_phi_mux_data_857_val898_phi_phi_fu_39614_p4        |    9|          2|   16|         32|
    |ap_phi_mux_data_858_val899_phi_phi_fu_39626_p4        |    9|          2|   16|         32|
    |ap_phi_mux_data_859_val900_phi_phi_fu_39638_p4        |    9|          2|   16|         32|
    |ap_phi_mux_data_85_val126_phi_phi_fu_30350_p4         |    9|          2|   16|         32|
    |ap_phi_mux_data_860_val901_phi_phi_fu_39650_p4        |    9|          2|   16|         32|
    |ap_phi_mux_data_861_val902_phi_phi_fu_39662_p4        |    9|          2|   16|         32|
    |ap_phi_mux_data_862_val903_phi_phi_fu_39674_p4        |    9|          2|   16|         32|
    |ap_phi_mux_data_863_val904_phi_phi_fu_39686_p4        |    9|          2|   16|         32|
    |ap_phi_mux_data_864_val905_phi_phi_fu_39698_p4        |    9|          2|   16|         32|
    |ap_phi_mux_data_865_val906_phi_phi_fu_39710_p4        |    9|          2|   16|         32|
    |ap_phi_mux_data_866_val907_phi_phi_fu_39722_p4        |    9|          2|   16|         32|
    |ap_phi_mux_data_867_val908_phi_phi_fu_39734_p4        |    9|          2|   16|         32|
    |ap_phi_mux_data_868_val909_phi_phi_fu_39746_p4        |    9|          2|   16|         32|
    |ap_phi_mux_data_869_val910_phi_phi_fu_39758_p4        |    9|          2|   16|         32|
    |ap_phi_mux_data_86_val127_phi_phi_fu_30362_p4         |    9|          2|   16|         32|
    |ap_phi_mux_data_870_val911_phi_phi_fu_39770_p4        |    9|          2|   16|         32|
    |ap_phi_mux_data_871_val912_phi_phi_fu_39782_p4        |    9|          2|   16|         32|
    |ap_phi_mux_data_872_val913_phi_phi_fu_39794_p4        |    9|          2|   16|         32|
    |ap_phi_mux_data_873_val914_phi_phi_fu_39806_p4        |    9|          2|   16|         32|
    |ap_phi_mux_data_874_val915_phi_phi_fu_39818_p4        |    9|          2|   16|         32|
    |ap_phi_mux_data_875_val916_phi_phi_fu_39830_p4        |    9|          2|   16|         32|
    |ap_phi_mux_data_876_val917_phi_phi_fu_39842_p4        |    9|          2|   16|         32|
    |ap_phi_mux_data_877_val918_phi_phi_fu_39854_p4        |    9|          2|   16|         32|
    |ap_phi_mux_data_878_val919_phi_phi_fu_39866_p4        |    9|          2|   16|         32|
    |ap_phi_mux_data_879_val920_phi_phi_fu_39878_p4        |    9|          2|   16|         32|
    |ap_phi_mux_data_87_val128_phi_phi_fu_30374_p4         |    9|          2|   16|         32|
    |ap_phi_mux_data_880_val921_phi_phi_fu_39890_p4        |    9|          2|   16|         32|
    |ap_phi_mux_data_881_val922_phi_phi_fu_39902_p4        |    9|          2|   16|         32|
    |ap_phi_mux_data_882_val923_phi_phi_fu_39914_p4        |    9|          2|   16|         32|
    |ap_phi_mux_data_883_val924_phi_phi_fu_39926_p4        |    9|          2|   16|         32|
    |ap_phi_mux_data_884_val925_phi_phi_fu_39938_p4        |    9|          2|   16|         32|
    |ap_phi_mux_data_885_val926_phi_phi_fu_39950_p4        |    9|          2|   16|         32|
    |ap_phi_mux_data_886_val927_phi_phi_fu_39962_p4        |    9|          2|   16|         32|
    |ap_phi_mux_data_887_val928_phi_phi_fu_39974_p4        |    9|          2|   16|         32|
    |ap_phi_mux_data_888_val929_phi_phi_fu_39986_p4        |    9|          2|   16|         32|
    |ap_phi_mux_data_889_val930_phi_phi_fu_39998_p4        |    9|          2|   16|         32|
    |ap_phi_mux_data_88_val129_phi_phi_fu_30386_p4         |    9|          2|   16|         32|
    |ap_phi_mux_data_890_val931_phi_phi_fu_40010_p4        |    9|          2|   16|         32|
    |ap_phi_mux_data_891_val932_phi_phi_fu_40022_p4        |    9|          2|   16|         32|
    |ap_phi_mux_data_892_val933_phi_phi_fu_40034_p4        |    9|          2|   16|         32|
    |ap_phi_mux_data_893_val934_phi_phi_fu_40046_p4        |    9|          2|   16|         32|
    |ap_phi_mux_data_894_val935_phi_phi_fu_40058_p4        |    9|          2|   16|         32|
    |ap_phi_mux_data_895_val936_phi_phi_fu_40070_p4        |    9|          2|   16|         32|
    |ap_phi_mux_data_896_val937_phi_phi_fu_40082_p4        |    9|          2|   16|         32|
    |ap_phi_mux_data_897_val938_phi_phi_fu_40094_p4        |    9|          2|   16|         32|
    |ap_phi_mux_data_898_val939_phi_phi_fu_40106_p4        |    9|          2|   16|         32|
    |ap_phi_mux_data_899_val940_phi_phi_fu_40118_p4        |    9|          2|   16|         32|
    |ap_phi_mux_data_89_val130_phi_phi_fu_30398_p4         |    9|          2|   16|         32|
    |ap_phi_mux_data_8_val49_phi_phi_fu_29426_p4           |    9|          2|   16|         32|
    |ap_phi_mux_data_900_val941_phi_phi_fu_40130_p4        |    9|          2|   16|         32|
    |ap_phi_mux_data_901_val942_phi_phi_fu_40142_p4        |    9|          2|   16|         32|
    |ap_phi_mux_data_902_val943_phi_phi_fu_40154_p4        |    9|          2|   16|         32|
    |ap_phi_mux_data_903_val944_phi_phi_fu_40166_p4        |    9|          2|   16|         32|
    |ap_phi_mux_data_904_val945_phi_phi_fu_40178_p4        |    9|          2|   16|         32|
    |ap_phi_mux_data_905_val946_phi_phi_fu_40190_p4        |    9|          2|   16|         32|
    |ap_phi_mux_data_906_val947_phi_phi_fu_40202_p4        |    9|          2|   16|         32|
    |ap_phi_mux_data_907_val948_phi_phi_fu_40214_p4        |    9|          2|   16|         32|
    |ap_phi_mux_data_908_val949_phi_phi_fu_40226_p4        |    9|          2|   16|         32|
    |ap_phi_mux_data_909_val950_phi_phi_fu_40238_p4        |    9|          2|   16|         32|
    |ap_phi_mux_data_90_val131_phi_phi_fu_30410_p4         |    9|          2|   16|         32|
    |ap_phi_mux_data_910_val951_phi_phi_fu_40250_p4        |    9|          2|   16|         32|
    |ap_phi_mux_data_911_val952_phi_phi_fu_40262_p4        |    9|          2|   16|         32|
    |ap_phi_mux_data_912_val953_phi_phi_fu_40274_p4        |    9|          2|   16|         32|
    |ap_phi_mux_data_913_val954_phi_phi_fu_40286_p4        |    9|          2|   16|         32|
    |ap_phi_mux_data_914_val955_phi_phi_fu_40298_p4        |    9|          2|   16|         32|
    |ap_phi_mux_data_915_val956_phi_phi_fu_40310_p4        |    9|          2|   16|         32|
    |ap_phi_mux_data_916_val957_phi_phi_fu_40322_p4        |    9|          2|   16|         32|
    |ap_phi_mux_data_917_val958_phi_phi_fu_40334_p4        |    9|          2|   16|         32|
    |ap_phi_mux_data_918_val959_phi_phi_fu_40346_p4        |    9|          2|   16|         32|
    |ap_phi_mux_data_919_val960_phi_phi_fu_40358_p4        |    9|          2|   16|         32|
    |ap_phi_mux_data_91_val132_phi_phi_fu_30422_p4         |    9|          2|   16|         32|
    |ap_phi_mux_data_920_val961_phi_phi_fu_40370_p4        |    9|          2|   16|         32|
    |ap_phi_mux_data_921_val962_phi_phi_fu_40382_p4        |    9|          2|   16|         32|
    |ap_phi_mux_data_922_val963_phi_phi_fu_40394_p4        |    9|          2|   16|         32|
    |ap_phi_mux_data_923_val964_phi_phi_fu_40406_p4        |    9|          2|   16|         32|
    |ap_phi_mux_data_924_val965_phi_phi_fu_40418_p4        |    9|          2|   16|         32|
    |ap_phi_mux_data_925_val966_phi_phi_fu_40430_p4        |    9|          2|   16|         32|
    |ap_phi_mux_data_926_val967_phi_phi_fu_40442_p4        |    9|          2|   16|         32|
    |ap_phi_mux_data_927_val968_phi_phi_fu_40454_p4        |    9|          2|   16|         32|
    |ap_phi_mux_data_928_val969_phi_phi_fu_40466_p4        |    9|          2|   16|         32|
    |ap_phi_mux_data_929_val970_phi_phi_fu_40478_p4        |    9|          2|   16|         32|
    |ap_phi_mux_data_92_val133_phi_phi_fu_30434_p4         |    9|          2|   16|         32|
    |ap_phi_mux_data_930_val971_phi_phi_fu_40490_p4        |    9|          2|   16|         32|
    |ap_phi_mux_data_931_val972_phi_phi_fu_40502_p4        |    9|          2|   16|         32|
    |ap_phi_mux_data_932_val973_phi_phi_fu_40514_p4        |    9|          2|   16|         32|
    |ap_phi_mux_data_933_val974_phi_phi_fu_40526_p4        |    9|          2|   16|         32|
    |ap_phi_mux_data_934_val975_phi_phi_fu_40538_p4        |    9|          2|   16|         32|
    |ap_phi_mux_data_935_val976_phi_phi_fu_40550_p4        |    9|          2|   16|         32|
    |ap_phi_mux_data_936_val977_phi_phi_fu_40562_p4        |    9|          2|   16|         32|
    |ap_phi_mux_data_937_val978_phi_phi_fu_40574_p4        |    9|          2|   16|         32|
    |ap_phi_mux_data_938_val979_phi_phi_fu_40586_p4        |    9|          2|   16|         32|
    |ap_phi_mux_data_939_val980_phi_phi_fu_40598_p4        |    9|          2|   16|         32|
    |ap_phi_mux_data_93_val134_phi_phi_fu_30446_p4         |    9|          2|   16|         32|
    |ap_phi_mux_data_940_val981_phi_phi_fu_40610_p4        |    9|          2|   16|         32|
    |ap_phi_mux_data_941_val982_phi_phi_fu_40622_p4        |    9|          2|   16|         32|
    |ap_phi_mux_data_942_val983_phi_phi_fu_40634_p4        |    9|          2|   16|         32|
    |ap_phi_mux_data_943_val984_phi_phi_fu_40646_p4        |    9|          2|   16|         32|
    |ap_phi_mux_data_944_val985_phi_phi_fu_40658_p4        |    9|          2|   16|         32|
    |ap_phi_mux_data_945_val986_phi_phi_fu_40670_p4        |    9|          2|   16|         32|
    |ap_phi_mux_data_946_val987_phi_phi_fu_40682_p4        |    9|          2|   16|         32|
    |ap_phi_mux_data_947_val988_phi_phi_fu_40694_p4        |    9|          2|   16|         32|
    |ap_phi_mux_data_948_val989_phi_phi_fu_40706_p4        |    9|          2|   16|         32|
    |ap_phi_mux_data_949_val990_phi_phi_fu_40718_p4        |    9|          2|   16|         32|
    |ap_phi_mux_data_94_val135_phi_phi_fu_30458_p4         |    9|          2|   16|         32|
    |ap_phi_mux_data_950_val991_phi_phi_fu_40730_p4        |    9|          2|   16|         32|
    |ap_phi_mux_data_951_val992_phi_phi_fu_40742_p4        |    9|          2|   16|         32|
    |ap_phi_mux_data_952_val993_phi_phi_fu_40754_p4        |    9|          2|   16|         32|
    |ap_phi_mux_data_953_val994_phi_phi_fu_40766_p4        |    9|          2|   16|         32|
    |ap_phi_mux_data_954_val995_phi_phi_fu_40778_p4        |    9|          2|   16|         32|
    |ap_phi_mux_data_955_val996_phi_phi_fu_40790_p4        |    9|          2|   16|         32|
    |ap_phi_mux_data_956_val997_phi_phi_fu_40802_p4        |    9|          2|   16|         32|
    |ap_phi_mux_data_957_val998_phi_phi_fu_40814_p4        |    9|          2|   16|         32|
    |ap_phi_mux_data_958_val999_phi_phi_fu_40826_p4        |    9|          2|   16|         32|
    |ap_phi_mux_data_959_val1000_phi_phi_fu_40838_p4       |    9|          2|   16|         32|
    |ap_phi_mux_data_95_val136_phi_phi_fu_30470_p4         |    9|          2|   16|         32|
    |ap_phi_mux_data_960_val1001_phi_phi_fu_40850_p4       |    9|          2|   16|         32|
    |ap_phi_mux_data_961_val1002_phi_phi_fu_40862_p4       |    9|          2|   16|         32|
    |ap_phi_mux_data_962_val1003_phi_phi_fu_40874_p4       |    9|          2|   16|         32|
    |ap_phi_mux_data_963_val1004_phi_phi_fu_40886_p4       |    9|          2|   16|         32|
    |ap_phi_mux_data_964_val1005_phi_phi_fu_40898_p4       |    9|          2|   16|         32|
    |ap_phi_mux_data_965_val1006_phi_phi_fu_40910_p4       |    9|          2|   16|         32|
    |ap_phi_mux_data_966_val1007_phi_phi_fu_40922_p4       |    9|          2|   16|         32|
    |ap_phi_mux_data_967_val1008_phi_phi_fu_40934_p4       |    9|          2|   16|         32|
    |ap_phi_mux_data_968_val1009_phi_phi_fu_40946_p4       |    9|          2|   16|         32|
    |ap_phi_mux_data_969_val1010_phi_phi_fu_40958_p4       |    9|          2|   16|         32|
    |ap_phi_mux_data_96_val137_phi_phi_fu_30482_p4         |    9|          2|   16|         32|
    |ap_phi_mux_data_970_val1011_phi_phi_fu_40970_p4       |    9|          2|   16|         32|
    |ap_phi_mux_data_971_val1012_phi_phi_fu_40982_p4       |    9|          2|   16|         32|
    |ap_phi_mux_data_972_val1013_phi_phi_fu_40994_p4       |    9|          2|   16|         32|
    |ap_phi_mux_data_973_val1014_phi_phi_fu_41006_p4       |    9|          2|   16|         32|
    |ap_phi_mux_data_974_val1015_phi_phi_fu_41018_p4       |    9|          2|   16|         32|
    |ap_phi_mux_data_975_val1016_phi_phi_fu_41030_p4       |    9|          2|   16|         32|
    |ap_phi_mux_data_976_val1017_phi_phi_fu_41042_p4       |    9|          2|   16|         32|
    |ap_phi_mux_data_977_val1018_phi_phi_fu_41054_p4       |    9|          2|   16|         32|
    |ap_phi_mux_data_978_val1019_phi_phi_fu_41066_p4       |    9|          2|   16|         32|
    |ap_phi_mux_data_979_val1020_phi_phi_fu_41078_p4       |    9|          2|   16|         32|
    |ap_phi_mux_data_97_val138_phi_phi_fu_30494_p4         |    9|          2|   16|         32|
    |ap_phi_mux_data_980_val1021_phi_phi_fu_41090_p4       |    9|          2|   16|         32|
    |ap_phi_mux_data_981_val1022_phi_phi_fu_41102_p4       |    9|          2|   16|         32|
    |ap_phi_mux_data_982_val1023_phi_phi_fu_41114_p4       |    9|          2|   16|         32|
    |ap_phi_mux_data_983_val1024_phi_phi_fu_41126_p4       |    9|          2|   16|         32|
    |ap_phi_mux_data_984_val1025_phi_phi_fu_41138_p4       |    9|          2|   16|         32|
    |ap_phi_mux_data_985_val1026_phi_phi_fu_41150_p4       |    9|          2|   16|         32|
    |ap_phi_mux_data_986_val1027_phi_phi_fu_41162_p4       |    9|          2|   16|         32|
    |ap_phi_mux_data_987_val1028_phi_phi_fu_41174_p4       |    9|          2|   16|         32|
    |ap_phi_mux_data_988_val1029_phi_phi_fu_41186_p4       |    9|          2|   16|         32|
    |ap_phi_mux_data_989_val1030_phi_phi_fu_41198_p4       |    9|          2|   16|         32|
    |ap_phi_mux_data_98_val139_phi_phi_fu_30506_p4         |    9|          2|   16|         32|
    |ap_phi_mux_data_990_val1031_phi_phi_fu_41210_p4       |    9|          2|   16|         32|
    |ap_phi_mux_data_991_val1032_phi_phi_fu_41222_p4       |    9|          2|   16|         32|
    |ap_phi_mux_data_992_val1033_phi_phi_fu_41234_p4       |    9|          2|   16|         32|
    |ap_phi_mux_data_993_val1034_phi_phi_fu_41246_p4       |    9|          2|   16|         32|
    |ap_phi_mux_data_994_val1035_phi_phi_fu_41258_p4       |    9|          2|   16|         32|
    |ap_phi_mux_data_995_val1036_phi_phi_fu_41270_p4       |    9|          2|   16|         32|
    |ap_phi_mux_data_996_val1037_phi_phi_fu_41282_p4       |    9|          2|   16|         32|
    |ap_phi_mux_data_997_val1038_phi_phi_fu_41294_p4       |    9|          2|   16|         32|
    |ap_phi_mux_data_998_val1039_phi_phi_fu_41306_p4       |    9|          2|   16|         32|
    |ap_phi_mux_data_999_val1040_phi_phi_fu_41318_p4       |    9|          2|   16|         32|
    |ap_phi_mux_data_99_val140_phi_phi_fu_30518_p4         |    9|          2|   16|         32|
    |ap_phi_mux_data_9_val50_phi_phi_fu_29438_p4           |    9|          2|   16|         32|
    |ap_phi_mux_do_init_phi_fu_11156_p6                    |   14|          3|    1|          3|
    |ap_phi_mux_w_index3_phi_fu_11171_p6                   |   14|          3|    8|         24|
    |ap_phi_reg_pp0_iter1_data_0_val41_phi_reg_29326       |    9|          2|   16|         32|
    |ap_phi_reg_pp0_iter1_data_1000_val1041_phi_reg_41326  |    9|          2|   16|         32|
    |ap_phi_reg_pp0_iter1_data_1001_val1042_phi_reg_41338  |    9|          2|   16|         32|
    |ap_phi_reg_pp0_iter1_data_1002_val1043_phi_reg_41350  |    9|          2|   16|         32|
    |ap_phi_reg_pp0_iter1_data_1003_val1044_phi_reg_41362  |    9|          2|   16|         32|
    |ap_phi_reg_pp0_iter1_data_1004_val1045_phi_reg_41374  |    9|          2|   16|         32|
    |ap_phi_reg_pp0_iter1_data_1005_val1046_phi_reg_41386  |    9|          2|   16|         32|
    |ap_phi_reg_pp0_iter1_data_1006_val1047_phi_reg_41398  |    9|          2|   16|         32|
    |ap_phi_reg_pp0_iter1_data_1007_val1048_phi_reg_41410  |    9|          2|   16|         32|
    |ap_phi_reg_pp0_iter1_data_1008_val1049_phi_reg_41422  |    9|          2|   16|         32|
    |ap_phi_reg_pp0_iter1_data_1009_val1050_phi_reg_41434  |    9|          2|   16|         32|
    |ap_phi_reg_pp0_iter1_data_100_val141_phi_reg_30526    |    9|          2|   16|         32|
    |ap_phi_reg_pp0_iter1_data_1010_val1051_phi_reg_41446  |    9|          2|   16|         32|
    |ap_phi_reg_pp0_iter1_data_1011_val1052_phi_reg_41458  |    9|          2|   16|         32|
    |ap_phi_reg_pp0_iter1_data_1012_val1053_phi_reg_41470  |    9|          2|   16|         32|
    |ap_phi_reg_pp0_iter1_data_1013_val1054_phi_reg_41482  |    9|          2|   16|         32|
    |ap_phi_reg_pp0_iter1_data_1014_val1055_phi_reg_41494  |    9|          2|   16|         32|
    |ap_phi_reg_pp0_iter1_data_1015_val1056_phi_reg_41506  |    9|          2|   16|         32|
    |ap_phi_reg_pp0_iter1_data_1016_val1057_phi_reg_41518  |    9|          2|   16|         32|
    |ap_phi_reg_pp0_iter1_data_1017_val1058_phi_reg_41530  |    9|          2|   16|         32|
    |ap_phi_reg_pp0_iter1_data_1018_val1059_phi_reg_41542  |    9|          2|   16|         32|
    |ap_phi_reg_pp0_iter1_data_1019_val1060_phi_reg_41554  |    9|          2|   16|         32|
    |ap_phi_reg_pp0_iter1_data_101_val142_phi_reg_30538    |    9|          2|   16|         32|
    |ap_phi_reg_pp0_iter1_data_1020_val1061_phi_reg_41566  |    9|          2|   16|         32|
    |ap_phi_reg_pp0_iter1_data_1021_val1062_phi_reg_41578  |    9|          2|   16|         32|
    |ap_phi_reg_pp0_iter1_data_1022_val1063_phi_reg_41590  |    9|          2|   16|         32|
    |ap_phi_reg_pp0_iter1_data_1023_val1064_phi_reg_41602  |    9|          2|   16|         32|
    |ap_phi_reg_pp0_iter1_data_1024_val1065_phi_reg_41614  |    9|          2|   16|         32|
    |ap_phi_reg_pp0_iter1_data_1025_val1066_phi_reg_41626  |    9|          2|   16|         32|
    |ap_phi_reg_pp0_iter1_data_1026_val1067_phi_reg_41638  |    9|          2|   16|         32|
    |ap_phi_reg_pp0_iter1_data_1027_val1068_phi_reg_41650  |    9|          2|   16|         32|
    |ap_phi_reg_pp0_iter1_data_1028_val1069_phi_reg_41662  |    9|          2|   16|         32|
    |ap_phi_reg_pp0_iter1_data_1029_val1070_phi_reg_41674  |    9|          2|   16|         32|
    |ap_phi_reg_pp0_iter1_data_102_val143_phi_reg_30550    |    9|          2|   16|         32|
    |ap_phi_reg_pp0_iter1_data_1030_val1071_phi_reg_41686  |    9|          2|   16|         32|
    |ap_phi_reg_pp0_iter1_data_1031_val1072_phi_reg_41698  |    9|          2|   16|         32|
    |ap_phi_reg_pp0_iter1_data_1032_val1073_phi_reg_41710  |    9|          2|   16|         32|
    |ap_phi_reg_pp0_iter1_data_1033_val1074_phi_reg_41722  |    9|          2|   16|         32|
    |ap_phi_reg_pp0_iter1_data_1034_val1075_phi_reg_41734  |    9|          2|   16|         32|
    |ap_phi_reg_pp0_iter1_data_1035_val1076_phi_reg_41746  |    9|          2|   16|         32|
    |ap_phi_reg_pp0_iter1_data_1036_val1077_phi_reg_41758  |    9|          2|   16|         32|
    |ap_phi_reg_pp0_iter1_data_1037_val1078_phi_reg_41770  |    9|          2|   16|         32|
    |ap_phi_reg_pp0_iter1_data_1038_val1079_phi_reg_41782  |    9|          2|   16|         32|
    |ap_phi_reg_pp0_iter1_data_1039_val1080_phi_reg_41794  |    9|          2|   16|         32|
    |ap_phi_reg_pp0_iter1_data_103_val144_phi_reg_30562    |    9|          2|   16|         32|
    |ap_phi_reg_pp0_iter1_data_1040_val1081_phi_reg_41806  |    9|          2|   16|         32|
    |ap_phi_reg_pp0_iter1_data_1041_val1082_phi_reg_41818  |    9|          2|   16|         32|
    |ap_phi_reg_pp0_iter1_data_1042_val1083_phi_reg_41830  |    9|          2|   16|         32|
    |ap_phi_reg_pp0_iter1_data_1043_val1084_phi_reg_41842  |    9|          2|   16|         32|
    |ap_phi_reg_pp0_iter1_data_1044_val1085_phi_reg_41854  |    9|          2|   16|         32|
    |ap_phi_reg_pp0_iter1_data_1045_val1086_phi_reg_41866  |    9|          2|   16|         32|
    |ap_phi_reg_pp0_iter1_data_1046_val1087_phi_reg_41878  |    9|          2|   16|         32|
    |ap_phi_reg_pp0_iter1_data_1047_val1088_phi_reg_41890  |    9|          2|   16|         32|
    |ap_phi_reg_pp0_iter1_data_1048_val1089_phi_reg_41902  |    9|          2|   16|         32|
    |ap_phi_reg_pp0_iter1_data_1049_val1090_phi_reg_41914  |    9|          2|   16|         32|
    |ap_phi_reg_pp0_iter1_data_104_val145_phi_reg_30574    |    9|          2|   16|         32|
    |ap_phi_reg_pp0_iter1_data_1050_val1091_phi_reg_41926  |    9|          2|   16|         32|
    |ap_phi_reg_pp0_iter1_data_1051_val1092_phi_reg_41938  |    9|          2|   16|         32|
    |ap_phi_reg_pp0_iter1_data_1052_val1093_phi_reg_41950  |    9|          2|   16|         32|
    |ap_phi_reg_pp0_iter1_data_1053_val1094_phi_reg_41962  |    9|          2|   16|         32|
    |ap_phi_reg_pp0_iter1_data_1054_val1095_phi_reg_41974  |    9|          2|   16|         32|
    |ap_phi_reg_pp0_iter1_data_1055_val1096_phi_reg_41986  |    9|          2|   16|         32|
    |ap_phi_reg_pp0_iter1_data_1056_val1097_phi_reg_41998  |    9|          2|   16|         32|
    |ap_phi_reg_pp0_iter1_data_1057_val1098_phi_reg_42010  |    9|          2|   16|         32|
    |ap_phi_reg_pp0_iter1_data_1058_val1099_phi_reg_42022  |    9|          2|   16|         32|
    |ap_phi_reg_pp0_iter1_data_1059_val1100_phi_reg_42034  |    9|          2|   16|         32|
    |ap_phi_reg_pp0_iter1_data_105_val146_phi_reg_30586    |    9|          2|   16|         32|
    |ap_phi_reg_pp0_iter1_data_1060_val1101_phi_reg_42046  |    9|          2|   16|         32|
    |ap_phi_reg_pp0_iter1_data_1061_val1102_phi_reg_42058  |    9|          2|   16|         32|
    |ap_phi_reg_pp0_iter1_data_1062_val1103_phi_reg_42070  |    9|          2|   16|         32|
    |ap_phi_reg_pp0_iter1_data_1063_val1104_phi_reg_42082  |    9|          2|   16|         32|
    |ap_phi_reg_pp0_iter1_data_1064_val1105_phi_reg_42094  |    9|          2|   16|         32|
    |ap_phi_reg_pp0_iter1_data_1065_val1106_phi_reg_42106  |    9|          2|   16|         32|
    |ap_phi_reg_pp0_iter1_data_1066_val1107_phi_reg_42118  |    9|          2|   16|         32|
    |ap_phi_reg_pp0_iter1_data_1067_val1108_phi_reg_42130  |    9|          2|   16|         32|
    |ap_phi_reg_pp0_iter1_data_1068_val1109_phi_reg_42142  |    9|          2|   16|         32|
    |ap_phi_reg_pp0_iter1_data_1069_val1110_phi_reg_42154  |    9|          2|   16|         32|
    |ap_phi_reg_pp0_iter1_data_106_val147_phi_reg_30598    |    9|          2|   16|         32|
    |ap_phi_reg_pp0_iter1_data_1070_val1111_phi_reg_42166  |    9|          2|   16|         32|
    |ap_phi_reg_pp0_iter1_data_1071_val1112_phi_reg_42178  |    9|          2|   16|         32|
    |ap_phi_reg_pp0_iter1_data_1072_val1113_phi_reg_42190  |    9|          2|   16|         32|
    |ap_phi_reg_pp0_iter1_data_1073_val1114_phi_reg_42202  |    9|          2|   16|         32|
    |ap_phi_reg_pp0_iter1_data_1074_val1115_phi_reg_42214  |    9|          2|   16|         32|
    |ap_phi_reg_pp0_iter1_data_1075_val1116_phi_reg_42226  |    9|          2|   16|         32|
    |ap_phi_reg_pp0_iter1_data_1076_val1117_phi_reg_42238  |    9|          2|   16|         32|
    |ap_phi_reg_pp0_iter1_data_1077_val1118_phi_reg_42250  |    9|          2|   16|         32|
    |ap_phi_reg_pp0_iter1_data_1078_val1119_phi_reg_42262  |    9|          2|   16|         32|
    |ap_phi_reg_pp0_iter1_data_1079_val1120_phi_reg_42274  |    9|          2|   16|         32|
    |ap_phi_reg_pp0_iter1_data_107_val148_phi_reg_30610    |    9|          2|   16|         32|
    |ap_phi_reg_pp0_iter1_data_1080_val1121_phi_reg_42286  |    9|          2|   16|         32|
    |ap_phi_reg_pp0_iter1_data_1081_val1122_phi_reg_42298  |    9|          2|   16|         32|
    |ap_phi_reg_pp0_iter1_data_1082_val1123_phi_reg_42310  |    9|          2|   16|         32|
    |ap_phi_reg_pp0_iter1_data_1083_val1124_phi_reg_42322  |    9|          2|   16|         32|
    |ap_phi_reg_pp0_iter1_data_1084_val1125_phi_reg_42334  |    9|          2|   16|         32|
    |ap_phi_reg_pp0_iter1_data_1085_val1126_phi_reg_42346  |    9|          2|   16|         32|
    |ap_phi_reg_pp0_iter1_data_1086_val1127_phi_reg_42358  |    9|          2|   16|         32|
    |ap_phi_reg_pp0_iter1_data_1087_val1128_phi_reg_42370  |    9|          2|   16|         32|
    |ap_phi_reg_pp0_iter1_data_1088_val1129_phi_reg_42382  |    9|          2|   16|         32|
    |ap_phi_reg_pp0_iter1_data_1089_val1130_phi_reg_42394  |    9|          2|   16|         32|
    |ap_phi_reg_pp0_iter1_data_108_val149_phi_reg_30622    |    9|          2|   16|         32|
    |ap_phi_reg_pp0_iter1_data_1090_val1131_phi_reg_42406  |    9|          2|   16|         32|
    |ap_phi_reg_pp0_iter1_data_1091_val1132_phi_reg_42418  |    9|          2|   16|         32|
    |ap_phi_reg_pp0_iter1_data_1092_val1133_phi_reg_42430  |    9|          2|   16|         32|
    |ap_phi_reg_pp0_iter1_data_1093_val1134_phi_reg_42442  |    9|          2|   16|         32|
    |ap_phi_reg_pp0_iter1_data_1094_val1135_phi_reg_42454  |    9|          2|   16|         32|
    |ap_phi_reg_pp0_iter1_data_1095_val1136_phi_reg_42466  |    9|          2|   16|         32|
    |ap_phi_reg_pp0_iter1_data_1096_val1137_phi_reg_42478  |    9|          2|   16|         32|
    |ap_phi_reg_pp0_iter1_data_1097_val1138_phi_reg_42490  |    9|          2|   16|         32|
    |ap_phi_reg_pp0_iter1_data_1098_val1139_phi_reg_42502  |    9|          2|   16|         32|
    |ap_phi_reg_pp0_iter1_data_1099_val1140_phi_reg_42514  |    9|          2|   16|         32|
    |ap_phi_reg_pp0_iter1_data_109_val150_phi_reg_30634    |    9|          2|   16|         32|
    |ap_phi_reg_pp0_iter1_data_10_val51_phi_reg_29446      |    9|          2|   16|         32|
    |ap_phi_reg_pp0_iter1_data_1100_val1141_phi_reg_42526  |    9|          2|   16|         32|
    |ap_phi_reg_pp0_iter1_data_1101_val1142_phi_reg_42538  |    9|          2|   16|         32|
    |ap_phi_reg_pp0_iter1_data_1102_val1143_phi_reg_42550  |    9|          2|   16|         32|
    |ap_phi_reg_pp0_iter1_data_1103_val1144_phi_reg_42562  |    9|          2|   16|         32|
    |ap_phi_reg_pp0_iter1_data_1104_val1145_phi_reg_42574  |    9|          2|   16|         32|
    |ap_phi_reg_pp0_iter1_data_1105_val1146_phi_reg_42586  |    9|          2|   16|         32|
    |ap_phi_reg_pp0_iter1_data_1106_val1147_phi_reg_42598  |    9|          2|   16|         32|
    |ap_phi_reg_pp0_iter1_data_1107_val1148_phi_reg_42610  |    9|          2|   16|         32|
    |ap_phi_reg_pp0_iter1_data_1108_val1149_phi_reg_42622  |    9|          2|   16|         32|
    |ap_phi_reg_pp0_iter1_data_1109_val1150_phi_reg_42634  |    9|          2|   16|         32|
    |ap_phi_reg_pp0_iter1_data_110_val151_phi_reg_30646    |    9|          2|   16|         32|
    |ap_phi_reg_pp0_iter1_data_1110_val1151_phi_reg_42646  |    9|          2|   16|         32|
    |ap_phi_reg_pp0_iter1_data_1111_val1152_phi_reg_42658  |    9|          2|   16|         32|
    |ap_phi_reg_pp0_iter1_data_1112_val1153_phi_reg_42670  |    9|          2|   16|         32|
    |ap_phi_reg_pp0_iter1_data_1113_val1154_phi_reg_42682  |    9|          2|   16|         32|
    |ap_phi_reg_pp0_iter1_data_1114_val1155_phi_reg_42694  |    9|          2|   16|         32|
    |ap_phi_reg_pp0_iter1_data_1115_val1156_phi_reg_42706  |    9|          2|   16|         32|
    |ap_phi_reg_pp0_iter1_data_1116_val1157_phi_reg_42718  |    9|          2|   16|         32|
    |ap_phi_reg_pp0_iter1_data_1117_val1158_phi_reg_42730  |    9|          2|   16|         32|
    |ap_phi_reg_pp0_iter1_data_1118_val1159_phi_reg_42742  |    9|          2|   16|         32|
    |ap_phi_reg_pp0_iter1_data_1119_val1160_phi_reg_42754  |    9|          2|   16|         32|
    |ap_phi_reg_pp0_iter1_data_111_val152_phi_reg_30658    |    9|          2|   16|         32|
    |ap_phi_reg_pp0_iter1_data_1120_val1161_phi_reg_42766  |    9|          2|   16|         32|
    |ap_phi_reg_pp0_iter1_data_1121_val1162_phi_reg_42778  |    9|          2|   16|         32|
    |ap_phi_reg_pp0_iter1_data_1122_val1163_phi_reg_42790  |    9|          2|   16|         32|
    |ap_phi_reg_pp0_iter1_data_1123_val1164_phi_reg_42802  |    9|          2|   16|         32|
    |ap_phi_reg_pp0_iter1_data_1124_val1165_phi_reg_42814  |    9|          2|   16|         32|
    |ap_phi_reg_pp0_iter1_data_1125_val1166_phi_reg_42826  |    9|          2|   16|         32|
    |ap_phi_reg_pp0_iter1_data_1126_val1167_phi_reg_42838  |    9|          2|   16|         32|
    |ap_phi_reg_pp0_iter1_data_1127_val1168_phi_reg_42850  |    9|          2|   16|         32|
    |ap_phi_reg_pp0_iter1_data_1128_val1169_phi_reg_42862  |    9|          2|   16|         32|
    |ap_phi_reg_pp0_iter1_data_1129_val1170_phi_reg_42874  |    9|          2|   16|         32|
    |ap_phi_reg_pp0_iter1_data_112_val153_phi_reg_30670    |    9|          2|   16|         32|
    |ap_phi_reg_pp0_iter1_data_1130_val1171_phi_reg_42886  |    9|          2|   16|         32|
    |ap_phi_reg_pp0_iter1_data_1131_val1172_phi_reg_42898  |    9|          2|   16|         32|
    |ap_phi_reg_pp0_iter1_data_1132_val1173_phi_reg_42910  |    9|          2|   16|         32|
    |ap_phi_reg_pp0_iter1_data_1133_val1174_phi_reg_42922  |    9|          2|   16|         32|
    |ap_phi_reg_pp0_iter1_data_1134_val1175_phi_reg_42934  |    9|          2|   16|         32|
    |ap_phi_reg_pp0_iter1_data_1135_val1176_phi_reg_42946  |    9|          2|   16|         32|
    |ap_phi_reg_pp0_iter1_data_1136_val1177_phi_reg_42958  |    9|          2|   16|         32|
    |ap_phi_reg_pp0_iter1_data_1137_val1178_phi_reg_42970  |    9|          2|   16|         32|
    |ap_phi_reg_pp0_iter1_data_1138_val1179_phi_reg_42982  |    9|          2|   16|         32|
    |ap_phi_reg_pp0_iter1_data_1139_val1180_phi_reg_42994  |    9|          2|   16|         32|
    |ap_phi_reg_pp0_iter1_data_113_val154_phi_reg_30682    |    9|          2|   16|         32|
    |ap_phi_reg_pp0_iter1_data_1140_val1181_phi_reg_43006  |    9|          2|   16|         32|
    |ap_phi_reg_pp0_iter1_data_1141_val1182_phi_reg_43018  |    9|          2|   16|         32|
    |ap_phi_reg_pp0_iter1_data_1142_val1183_phi_reg_43030  |    9|          2|   16|         32|
    |ap_phi_reg_pp0_iter1_data_1143_val1184_phi_reg_43042  |    9|          2|   16|         32|
    |ap_phi_reg_pp0_iter1_data_1144_val1185_phi_reg_43054  |    9|          2|   16|         32|
    |ap_phi_reg_pp0_iter1_data_1145_val1186_phi_reg_43066  |    9|          2|   16|         32|
    |ap_phi_reg_pp0_iter1_data_1146_val1187_phi_reg_43078  |    9|          2|   16|         32|
    |ap_phi_reg_pp0_iter1_data_1147_val1188_phi_reg_43090  |    9|          2|   16|         32|
    |ap_phi_reg_pp0_iter1_data_1148_val1189_phi_reg_43102  |    9|          2|   16|         32|
    |ap_phi_reg_pp0_iter1_data_1149_val1190_phi_reg_43114  |    9|          2|   16|         32|
    |ap_phi_reg_pp0_iter1_data_114_val155_phi_reg_30694    |    9|          2|   16|         32|
    |ap_phi_reg_pp0_iter1_data_1150_val1191_phi_reg_43126  |    9|          2|   16|         32|
    |ap_phi_reg_pp0_iter1_data_1151_val1192_phi_reg_43138  |    9|          2|   16|         32|
    |ap_phi_reg_pp0_iter1_data_1152_val1193_phi_reg_43150  |    9|          2|   16|         32|
    |ap_phi_reg_pp0_iter1_data_1153_val1194_phi_reg_43162  |    9|          2|   16|         32|
    |ap_phi_reg_pp0_iter1_data_1154_val1195_phi_reg_43174  |    9|          2|   16|         32|
    |ap_phi_reg_pp0_iter1_data_1155_val1196_phi_reg_43186  |    9|          2|   16|         32|
    |ap_phi_reg_pp0_iter1_data_1156_val1197_phi_reg_43198  |    9|          2|   16|         32|
    |ap_phi_reg_pp0_iter1_data_1157_val1198_phi_reg_43210  |    9|          2|   16|         32|
    |ap_phi_reg_pp0_iter1_data_1158_val1199_phi_reg_43222  |    9|          2|   16|         32|
    |ap_phi_reg_pp0_iter1_data_1159_val1200_phi_reg_43234  |    9|          2|   16|         32|
    |ap_phi_reg_pp0_iter1_data_115_val156_phi_reg_30706    |    9|          2|   16|         32|
    |ap_phi_reg_pp0_iter1_data_1160_val1201_phi_reg_43246  |    9|          2|   16|         32|
    |ap_phi_reg_pp0_iter1_data_1161_val1202_phi_reg_43258  |    9|          2|   16|         32|
    |ap_phi_reg_pp0_iter1_data_1162_val1203_phi_reg_43270  |    9|          2|   16|         32|
    |ap_phi_reg_pp0_iter1_data_1163_val1204_phi_reg_43282  |    9|          2|   16|         32|
    |ap_phi_reg_pp0_iter1_data_1164_val1205_phi_reg_43294  |    9|          2|   16|         32|
    |ap_phi_reg_pp0_iter1_data_1165_val1206_phi_reg_43306  |    9|          2|   16|         32|
    |ap_phi_reg_pp0_iter1_data_1166_val1207_phi_reg_43318  |    9|          2|   16|         32|
    |ap_phi_reg_pp0_iter1_data_1167_val1208_phi_reg_43330  |    9|          2|   16|         32|
    |ap_phi_reg_pp0_iter1_data_1168_val1209_phi_reg_43342  |    9|          2|   16|         32|
    |ap_phi_reg_pp0_iter1_data_1169_val1210_phi_reg_43354  |    9|          2|   16|         32|
    |ap_phi_reg_pp0_iter1_data_116_val157_phi_reg_30718    |    9|          2|   16|         32|
    |ap_phi_reg_pp0_iter1_data_1170_val1211_phi_reg_43366  |    9|          2|   16|         32|
    |ap_phi_reg_pp0_iter1_data_1171_val1212_phi_reg_43378  |    9|          2|   16|         32|
    |ap_phi_reg_pp0_iter1_data_1172_val1213_phi_reg_43390  |    9|          2|   16|         32|
    |ap_phi_reg_pp0_iter1_data_1173_val1214_phi_reg_43402  |    9|          2|   16|         32|
    |ap_phi_reg_pp0_iter1_data_1174_val1215_phi_reg_43414  |    9|          2|   16|         32|
    |ap_phi_reg_pp0_iter1_data_1175_val1216_phi_reg_43426  |    9|          2|   16|         32|
    |ap_phi_reg_pp0_iter1_data_1176_val1217_phi_reg_43438  |    9|          2|   16|         32|
    |ap_phi_reg_pp0_iter1_data_1177_val1218_phi_reg_43450  |    9|          2|   16|         32|
    |ap_phi_reg_pp0_iter1_data_1178_val1219_phi_reg_43462  |    9|          2|   16|         32|
    |ap_phi_reg_pp0_iter1_data_1179_val1220_phi_reg_43474  |    9|          2|   16|         32|
    |ap_phi_reg_pp0_iter1_data_117_val158_phi_reg_30730    |    9|          2|   16|         32|
    |ap_phi_reg_pp0_iter1_data_1180_val1221_phi_reg_43486  |    9|          2|   16|         32|
    |ap_phi_reg_pp0_iter1_data_1181_val1222_phi_reg_43498  |    9|          2|   16|         32|
    |ap_phi_reg_pp0_iter1_data_1182_val1223_phi_reg_43510  |    9|          2|   16|         32|
    |ap_phi_reg_pp0_iter1_data_1183_val1224_phi_reg_43522  |    9|          2|   16|         32|
    |ap_phi_reg_pp0_iter1_data_1184_val1225_phi_reg_43534  |    9|          2|   16|         32|
    |ap_phi_reg_pp0_iter1_data_1185_val1226_phi_reg_43546  |    9|          2|   16|         32|
    |ap_phi_reg_pp0_iter1_data_1186_val1227_phi_reg_43558  |    9|          2|   16|         32|
    |ap_phi_reg_pp0_iter1_data_1187_val1228_phi_reg_43570  |    9|          2|   16|         32|
    |ap_phi_reg_pp0_iter1_data_1188_val1229_phi_reg_43582  |    9|          2|   16|         32|
    |ap_phi_reg_pp0_iter1_data_1189_val1230_phi_reg_43594  |    9|          2|   16|         32|
    |ap_phi_reg_pp0_iter1_data_118_val159_phi_reg_30742    |    9|          2|   16|         32|
    |ap_phi_reg_pp0_iter1_data_1190_val1231_phi_reg_43606  |    9|          2|   16|         32|
    |ap_phi_reg_pp0_iter1_data_1191_val1232_phi_reg_43618  |    9|          2|   16|         32|
    |ap_phi_reg_pp0_iter1_data_1192_val1233_phi_reg_43630  |    9|          2|   16|         32|
    |ap_phi_reg_pp0_iter1_data_1193_val1234_phi_reg_43642  |    9|          2|   16|         32|
    |ap_phi_reg_pp0_iter1_data_1194_val1235_phi_reg_43654  |    9|          2|   16|         32|
    |ap_phi_reg_pp0_iter1_data_1195_val1236_phi_reg_43666  |    9|          2|   16|         32|
    |ap_phi_reg_pp0_iter1_data_1196_val1237_phi_reg_43678  |    9|          2|   16|         32|
    |ap_phi_reg_pp0_iter1_data_1197_val1238_phi_reg_43690  |    9|          2|   16|         32|
    |ap_phi_reg_pp0_iter1_data_1198_val1239_phi_reg_43702  |    9|          2|   16|         32|
    |ap_phi_reg_pp0_iter1_data_1199_val1240_phi_reg_43714  |    9|          2|   16|         32|
    |ap_phi_reg_pp0_iter1_data_119_val160_phi_reg_30754    |    9|          2|   16|         32|
    |ap_phi_reg_pp0_iter1_data_11_val52_phi_reg_29458      |    9|          2|   16|         32|
    |ap_phi_reg_pp0_iter1_data_1200_val1241_phi_reg_43726  |    9|          2|   16|         32|
    |ap_phi_reg_pp0_iter1_data_1201_val1242_phi_reg_43738  |    9|          2|   16|         32|
    |ap_phi_reg_pp0_iter1_data_1202_val1243_phi_reg_43750  |    9|          2|   16|         32|
    |ap_phi_reg_pp0_iter1_data_1203_val1244_phi_reg_43762  |    9|          2|   16|         32|
    |ap_phi_reg_pp0_iter1_data_1204_val1245_phi_reg_43774  |    9|          2|   16|         32|
    |ap_phi_reg_pp0_iter1_data_1205_val1246_phi_reg_43786  |    9|          2|   16|         32|
    |ap_phi_reg_pp0_iter1_data_1206_val1247_phi_reg_43798  |    9|          2|   16|         32|
    |ap_phi_reg_pp0_iter1_data_1207_val1248_phi_reg_43810  |    9|          2|   16|         32|
    |ap_phi_reg_pp0_iter1_data_1208_val1249_phi_reg_43822  |    9|          2|   16|         32|
    |ap_phi_reg_pp0_iter1_data_1209_val1250_phi_reg_43834  |    9|          2|   16|         32|
    |ap_phi_reg_pp0_iter1_data_120_val161_phi_reg_30766    |    9|          2|   16|         32|
    |ap_phi_reg_pp0_iter1_data_1210_val1251_phi_reg_43846  |    9|          2|   16|         32|
    |ap_phi_reg_pp0_iter1_data_1211_val1252_phi_reg_43858  |    9|          2|   16|         32|
    |ap_phi_reg_pp0_iter1_data_1212_val1253_phi_reg_43870  |    9|          2|   16|         32|
    |ap_phi_reg_pp0_iter1_data_1213_val1254_phi_reg_43882  |    9|          2|   16|         32|
    |ap_phi_reg_pp0_iter1_data_1214_val1255_phi_reg_43894  |    9|          2|   16|         32|
    |ap_phi_reg_pp0_iter1_data_1215_val1256_phi_reg_43906  |    9|          2|   16|         32|
    |ap_phi_reg_pp0_iter1_data_1216_val1257_phi_reg_43918  |    9|          2|   16|         32|
    |ap_phi_reg_pp0_iter1_data_1217_val1258_phi_reg_43930  |    9|          2|   16|         32|
    |ap_phi_reg_pp0_iter1_data_1218_val1259_phi_reg_43942  |    9|          2|   16|         32|
    |ap_phi_reg_pp0_iter1_data_1219_val1260_phi_reg_43954  |    9|          2|   16|         32|
    |ap_phi_reg_pp0_iter1_data_121_val162_phi_reg_30778    |    9|          2|   16|         32|
    |ap_phi_reg_pp0_iter1_data_1220_val1261_phi_reg_43966  |    9|          2|   16|         32|
    |ap_phi_reg_pp0_iter1_data_1221_val1262_phi_reg_43978  |    9|          2|   16|         32|
    |ap_phi_reg_pp0_iter1_data_1222_val1263_phi_reg_43990  |    9|          2|   16|         32|
    |ap_phi_reg_pp0_iter1_data_1223_val1264_phi_reg_44002  |    9|          2|   16|         32|
    |ap_phi_reg_pp0_iter1_data_1224_val1265_phi_reg_44014  |    9|          2|   16|         32|
    |ap_phi_reg_pp0_iter1_data_1225_val1266_phi_reg_44026  |    9|          2|   16|         32|
    |ap_phi_reg_pp0_iter1_data_1226_val1267_phi_reg_44038  |    9|          2|   16|         32|
    |ap_phi_reg_pp0_iter1_data_1227_val1268_phi_reg_44050  |    9|          2|   16|         32|
    |ap_phi_reg_pp0_iter1_data_1228_val1269_phi_reg_44062  |    9|          2|   16|         32|
    |ap_phi_reg_pp0_iter1_data_1229_val1270_phi_reg_44074  |    9|          2|   16|         32|
    |ap_phi_reg_pp0_iter1_data_122_val163_phi_reg_30790    |    9|          2|   16|         32|
    |ap_phi_reg_pp0_iter1_data_1230_val1271_phi_reg_44086  |    9|          2|   16|         32|
    |ap_phi_reg_pp0_iter1_data_1231_val1272_phi_reg_44098  |    9|          2|   16|         32|
    |ap_phi_reg_pp0_iter1_data_1232_val1273_phi_reg_44110  |    9|          2|   16|         32|
    |ap_phi_reg_pp0_iter1_data_1233_val1274_phi_reg_44122  |    9|          2|   16|         32|
    |ap_phi_reg_pp0_iter1_data_1234_val1275_phi_reg_44134  |    9|          2|   16|         32|
    |ap_phi_reg_pp0_iter1_data_1235_val1276_phi_reg_44146  |    9|          2|   16|         32|
    |ap_phi_reg_pp0_iter1_data_1236_val1277_phi_reg_44158  |    9|          2|   16|         32|
    |ap_phi_reg_pp0_iter1_data_1237_val1278_phi_reg_44170  |    9|          2|   16|         32|
    |ap_phi_reg_pp0_iter1_data_1238_val1279_phi_reg_44182  |    9|          2|   16|         32|
    |ap_phi_reg_pp0_iter1_data_1239_val1280_phi_reg_44194  |    9|          2|   16|         32|
    |ap_phi_reg_pp0_iter1_data_123_val164_phi_reg_30802    |    9|          2|   16|         32|
    |ap_phi_reg_pp0_iter1_data_1240_val1281_phi_reg_44206  |    9|          2|   16|         32|
    |ap_phi_reg_pp0_iter1_data_1241_val1282_phi_reg_44218  |    9|          2|   16|         32|
    |ap_phi_reg_pp0_iter1_data_1242_val1283_phi_reg_44230  |    9|          2|   16|         32|
    |ap_phi_reg_pp0_iter1_data_1243_val1284_phi_reg_44242  |    9|          2|   16|         32|
    |ap_phi_reg_pp0_iter1_data_1244_val1285_phi_reg_44254  |    9|          2|   16|         32|
    |ap_phi_reg_pp0_iter1_data_1245_val1286_phi_reg_44266  |    9|          2|   16|         32|
    |ap_phi_reg_pp0_iter1_data_1246_val1287_phi_reg_44278  |    9|          2|   16|         32|
    |ap_phi_reg_pp0_iter1_data_1247_val1288_phi_reg_44290  |    9|          2|   16|         32|
    |ap_phi_reg_pp0_iter1_data_1248_val1289_phi_reg_44302  |    9|          2|   16|         32|
    |ap_phi_reg_pp0_iter1_data_1249_val1290_phi_reg_44314  |    9|          2|   16|         32|
    |ap_phi_reg_pp0_iter1_data_124_val165_phi_reg_30814    |    9|          2|   16|         32|
    |ap_phi_reg_pp0_iter1_data_1250_val1291_phi_reg_44326  |    9|          2|   16|         32|
    |ap_phi_reg_pp0_iter1_data_1251_val1292_phi_reg_44338  |    9|          2|   16|         32|
    |ap_phi_reg_pp0_iter1_data_1252_val1293_phi_reg_44350  |    9|          2|   16|         32|
    |ap_phi_reg_pp0_iter1_data_1253_val1294_phi_reg_44362  |    9|          2|   16|         32|
    |ap_phi_reg_pp0_iter1_data_1254_val1295_phi_reg_44374  |    9|          2|   16|         32|
    |ap_phi_reg_pp0_iter1_data_1255_val1296_phi_reg_44386  |    9|          2|   16|         32|
    |ap_phi_reg_pp0_iter1_data_1256_val1297_phi_reg_44398  |    9|          2|   16|         32|
    |ap_phi_reg_pp0_iter1_data_1257_val1298_phi_reg_44410  |    9|          2|   16|         32|
    |ap_phi_reg_pp0_iter1_data_1258_val1299_phi_reg_44422  |    9|          2|   16|         32|
    |ap_phi_reg_pp0_iter1_data_1259_val1300_phi_reg_44434  |    9|          2|   16|         32|
    |ap_phi_reg_pp0_iter1_data_125_val166_phi_reg_30826    |    9|          2|   16|         32|
    |ap_phi_reg_pp0_iter1_data_1260_val1301_phi_reg_44446  |    9|          2|   16|         32|
    |ap_phi_reg_pp0_iter1_data_1261_val1302_phi_reg_44458  |    9|          2|   16|         32|
    |ap_phi_reg_pp0_iter1_data_1262_val1303_phi_reg_44470  |    9|          2|   16|         32|
    |ap_phi_reg_pp0_iter1_data_1263_val1304_phi_reg_44482  |    9|          2|   16|         32|
    |ap_phi_reg_pp0_iter1_data_1264_val1305_phi_reg_44494  |    9|          2|   16|         32|
    |ap_phi_reg_pp0_iter1_data_1265_val1306_phi_reg_44506  |    9|          2|   16|         32|
    |ap_phi_reg_pp0_iter1_data_1266_val1307_phi_reg_44518  |    9|          2|   16|         32|
    |ap_phi_reg_pp0_iter1_data_1267_val1308_phi_reg_44530  |    9|          2|   16|         32|
    |ap_phi_reg_pp0_iter1_data_1268_val1309_phi_reg_44542  |    9|          2|   16|         32|
    |ap_phi_reg_pp0_iter1_data_1269_val1310_phi_reg_44554  |    9|          2|   16|         32|
    |ap_phi_reg_pp0_iter1_data_126_val167_phi_reg_30838    |    9|          2|   16|         32|
    |ap_phi_reg_pp0_iter1_data_1270_val1311_phi_reg_44566  |    9|          2|   16|         32|
    |ap_phi_reg_pp0_iter1_data_1271_val1312_phi_reg_44578  |    9|          2|   16|         32|
    |ap_phi_reg_pp0_iter1_data_1272_val1313_phi_reg_44590  |    9|          2|   16|         32|
    |ap_phi_reg_pp0_iter1_data_1273_val1314_phi_reg_44602  |    9|          2|   16|         32|
    |ap_phi_reg_pp0_iter1_data_1274_val1315_phi_reg_44614  |    9|          2|   16|         32|
    |ap_phi_reg_pp0_iter1_data_1275_val1316_phi_reg_44626  |    9|          2|   16|         32|
    |ap_phi_reg_pp0_iter1_data_1276_val1317_phi_reg_44638  |    9|          2|   16|         32|
    |ap_phi_reg_pp0_iter1_data_1277_val1318_phi_reg_44650  |    9|          2|   16|         32|
    |ap_phi_reg_pp0_iter1_data_1278_val1319_phi_reg_44662  |    9|          2|   16|         32|
    |ap_phi_reg_pp0_iter1_data_1279_val1320_phi_reg_44674  |    9|          2|   16|         32|
    |ap_phi_reg_pp0_iter1_data_127_val168_phi_reg_30850    |    9|          2|   16|         32|
    |ap_phi_reg_pp0_iter1_data_1280_val1321_phi_reg_44686  |    9|          2|   16|         32|
    |ap_phi_reg_pp0_iter1_data_1281_val1322_phi_reg_44698  |    9|          2|   16|         32|
    |ap_phi_reg_pp0_iter1_data_1282_val1323_phi_reg_44710  |    9|          2|   16|         32|
    |ap_phi_reg_pp0_iter1_data_1283_val1324_phi_reg_44722  |    9|          2|   16|         32|
    |ap_phi_reg_pp0_iter1_data_1284_val1325_phi_reg_44734  |    9|          2|   16|         32|
    |ap_phi_reg_pp0_iter1_data_1285_val1326_phi_reg_44746  |    9|          2|   16|         32|
    |ap_phi_reg_pp0_iter1_data_1286_val1327_phi_reg_44758  |    9|          2|   16|         32|
    |ap_phi_reg_pp0_iter1_data_1287_val1328_phi_reg_44770  |    9|          2|   16|         32|
    |ap_phi_reg_pp0_iter1_data_1288_val1329_phi_reg_44782  |    9|          2|   16|         32|
    |ap_phi_reg_pp0_iter1_data_1289_val1330_phi_reg_44794  |    9|          2|   16|         32|
    |ap_phi_reg_pp0_iter1_data_128_val169_phi_reg_30862    |    9|          2|   16|         32|
    |ap_phi_reg_pp0_iter1_data_1290_val1331_phi_reg_44806  |    9|          2|   16|         32|
    |ap_phi_reg_pp0_iter1_data_1291_val1332_phi_reg_44818  |    9|          2|   16|         32|
    |ap_phi_reg_pp0_iter1_data_1292_val1333_phi_reg_44830  |    9|          2|   16|         32|
    |ap_phi_reg_pp0_iter1_data_1293_val1334_phi_reg_44842  |    9|          2|   16|         32|
    |ap_phi_reg_pp0_iter1_data_1294_val1335_phi_reg_44854  |    9|          2|   16|         32|
    |ap_phi_reg_pp0_iter1_data_1295_val1336_phi_reg_44866  |    9|          2|   16|         32|
    |ap_phi_reg_pp0_iter1_data_129_val170_phi_reg_30874    |    9|          2|   16|         32|
    |ap_phi_reg_pp0_iter1_data_12_val53_phi_reg_29470      |    9|          2|   16|         32|
    |ap_phi_reg_pp0_iter1_data_130_val171_phi_reg_30886    |    9|          2|   16|         32|
    |ap_phi_reg_pp0_iter1_data_131_val172_phi_reg_30898    |    9|          2|   16|         32|
    |ap_phi_reg_pp0_iter1_data_132_val173_phi_reg_30910    |    9|          2|   16|         32|
    |ap_phi_reg_pp0_iter1_data_133_val174_phi_reg_30922    |    9|          2|   16|         32|
    |ap_phi_reg_pp0_iter1_data_134_val175_phi_reg_30934    |    9|          2|   16|         32|
    |ap_phi_reg_pp0_iter1_data_135_val176_phi_reg_30946    |    9|          2|   16|         32|
    |ap_phi_reg_pp0_iter1_data_136_val177_phi_reg_30958    |    9|          2|   16|         32|
    |ap_phi_reg_pp0_iter1_data_137_val178_phi_reg_30970    |    9|          2|   16|         32|
    |ap_phi_reg_pp0_iter1_data_138_val179_phi_reg_30982    |    9|          2|   16|         32|
    |ap_phi_reg_pp0_iter1_data_139_val180_phi_reg_30994    |    9|          2|   16|         32|
    |ap_phi_reg_pp0_iter1_data_13_val54_phi_reg_29482      |    9|          2|   16|         32|
    |ap_phi_reg_pp0_iter1_data_140_val181_phi_reg_31006    |    9|          2|   16|         32|
    |ap_phi_reg_pp0_iter1_data_141_val182_phi_reg_31018    |    9|          2|   16|         32|
    |ap_phi_reg_pp0_iter1_data_142_val183_phi_reg_31030    |    9|          2|   16|         32|
    |ap_phi_reg_pp0_iter1_data_143_val184_phi_reg_31042    |    9|          2|   16|         32|
    |ap_phi_reg_pp0_iter1_data_144_val185_phi_reg_31054    |    9|          2|   16|         32|
    |ap_phi_reg_pp0_iter1_data_145_val186_phi_reg_31066    |    9|          2|   16|         32|
    |ap_phi_reg_pp0_iter1_data_146_val187_phi_reg_31078    |    9|          2|   16|         32|
    |ap_phi_reg_pp0_iter1_data_147_val188_phi_reg_31090    |    9|          2|   16|         32|
    |ap_phi_reg_pp0_iter1_data_148_val189_phi_reg_31102    |    9|          2|   16|         32|
    |ap_phi_reg_pp0_iter1_data_149_val190_phi_reg_31114    |    9|          2|   16|         32|
    |ap_phi_reg_pp0_iter1_data_14_val55_phi_reg_29494      |    9|          2|   16|         32|
    |ap_phi_reg_pp0_iter1_data_150_val191_phi_reg_31126    |    9|          2|   16|         32|
    |ap_phi_reg_pp0_iter1_data_151_val192_phi_reg_31138    |    9|          2|   16|         32|
    |ap_phi_reg_pp0_iter1_data_152_val193_phi_reg_31150    |    9|          2|   16|         32|
    |ap_phi_reg_pp0_iter1_data_153_val194_phi_reg_31162    |    9|          2|   16|         32|
    |ap_phi_reg_pp0_iter1_data_154_val195_phi_reg_31174    |    9|          2|   16|         32|
    |ap_phi_reg_pp0_iter1_data_155_val196_phi_reg_31186    |    9|          2|   16|         32|
    |ap_phi_reg_pp0_iter1_data_156_val197_phi_reg_31198    |    9|          2|   16|         32|
    |ap_phi_reg_pp0_iter1_data_157_val198_phi_reg_31210    |    9|          2|   16|         32|
    |ap_phi_reg_pp0_iter1_data_158_val199_phi_reg_31222    |    9|          2|   16|         32|
    |ap_phi_reg_pp0_iter1_data_159_val200_phi_reg_31234    |    9|          2|   16|         32|
    |ap_phi_reg_pp0_iter1_data_15_val56_phi_reg_29506      |    9|          2|   16|         32|
    |ap_phi_reg_pp0_iter1_data_160_val201_phi_reg_31246    |    9|          2|   16|         32|
    |ap_phi_reg_pp0_iter1_data_161_val202_phi_reg_31258    |    9|          2|   16|         32|
    |ap_phi_reg_pp0_iter1_data_162_val203_phi_reg_31270    |    9|          2|   16|         32|
    |ap_phi_reg_pp0_iter1_data_163_val204_phi_reg_31282    |    9|          2|   16|         32|
    |ap_phi_reg_pp0_iter1_data_164_val205_phi_reg_31294    |    9|          2|   16|         32|
    |ap_phi_reg_pp0_iter1_data_165_val206_phi_reg_31306    |    9|          2|   16|         32|
    |ap_phi_reg_pp0_iter1_data_166_val207_phi_reg_31318    |    9|          2|   16|         32|
    |ap_phi_reg_pp0_iter1_data_167_val208_phi_reg_31330    |    9|          2|   16|         32|
    |ap_phi_reg_pp0_iter1_data_168_val209_phi_reg_31342    |    9|          2|   16|         32|
    |ap_phi_reg_pp0_iter1_data_169_val210_phi_reg_31354    |    9|          2|   16|         32|
    |ap_phi_reg_pp0_iter1_data_16_val57_phi_reg_29518      |    9|          2|   16|         32|
    |ap_phi_reg_pp0_iter1_data_170_val211_phi_reg_31366    |    9|          2|   16|         32|
    |ap_phi_reg_pp0_iter1_data_171_val212_phi_reg_31378    |    9|          2|   16|         32|
    |ap_phi_reg_pp0_iter1_data_172_val213_phi_reg_31390    |    9|          2|   16|         32|
    |ap_phi_reg_pp0_iter1_data_173_val214_phi_reg_31402    |    9|          2|   16|         32|
    |ap_phi_reg_pp0_iter1_data_174_val215_phi_reg_31414    |    9|          2|   16|         32|
    |ap_phi_reg_pp0_iter1_data_175_val216_phi_reg_31426    |    9|          2|   16|         32|
    |ap_phi_reg_pp0_iter1_data_176_val217_phi_reg_31438    |    9|          2|   16|         32|
    |ap_phi_reg_pp0_iter1_data_177_val218_phi_reg_31450    |    9|          2|   16|         32|
    |ap_phi_reg_pp0_iter1_data_178_val219_phi_reg_31462    |    9|          2|   16|         32|
    |ap_phi_reg_pp0_iter1_data_179_val220_phi_reg_31474    |    9|          2|   16|         32|
    |ap_phi_reg_pp0_iter1_data_17_val58_phi_reg_29530      |    9|          2|   16|         32|
    |ap_phi_reg_pp0_iter1_data_180_val221_phi_reg_31486    |    9|          2|   16|         32|
    |ap_phi_reg_pp0_iter1_data_181_val222_phi_reg_31498    |    9|          2|   16|         32|
    |ap_phi_reg_pp0_iter1_data_182_val223_phi_reg_31510    |    9|          2|   16|         32|
    |ap_phi_reg_pp0_iter1_data_183_val224_phi_reg_31522    |    9|          2|   16|         32|
    |ap_phi_reg_pp0_iter1_data_184_val225_phi_reg_31534    |    9|          2|   16|         32|
    |ap_phi_reg_pp0_iter1_data_185_val226_phi_reg_31546    |    9|          2|   16|         32|
    |ap_phi_reg_pp0_iter1_data_186_val227_phi_reg_31558    |    9|          2|   16|         32|
    |ap_phi_reg_pp0_iter1_data_187_val228_phi_reg_31570    |    9|          2|   16|         32|
    |ap_phi_reg_pp0_iter1_data_188_val229_phi_reg_31582    |    9|          2|   16|         32|
    |ap_phi_reg_pp0_iter1_data_189_val230_phi_reg_31594    |    9|          2|   16|         32|
    |ap_phi_reg_pp0_iter1_data_18_val59_phi_reg_29542      |    9|          2|   16|         32|
    |ap_phi_reg_pp0_iter1_data_190_val231_phi_reg_31606    |    9|          2|   16|         32|
    |ap_phi_reg_pp0_iter1_data_191_val232_phi_reg_31618    |    9|          2|   16|         32|
    |ap_phi_reg_pp0_iter1_data_192_val233_phi_reg_31630    |    9|          2|   16|         32|
    |ap_phi_reg_pp0_iter1_data_193_val234_phi_reg_31642    |    9|          2|   16|         32|
    |ap_phi_reg_pp0_iter1_data_194_val235_phi_reg_31654    |    9|          2|   16|         32|
    |ap_phi_reg_pp0_iter1_data_195_val236_phi_reg_31666    |    9|          2|   16|         32|
    |ap_phi_reg_pp0_iter1_data_196_val237_phi_reg_31678    |    9|          2|   16|         32|
    |ap_phi_reg_pp0_iter1_data_197_val238_phi_reg_31690    |    9|          2|   16|         32|
    |ap_phi_reg_pp0_iter1_data_198_val239_phi_reg_31702    |    9|          2|   16|         32|
    |ap_phi_reg_pp0_iter1_data_199_val240_phi_reg_31714    |    9|          2|   16|         32|
    |ap_phi_reg_pp0_iter1_data_19_val60_phi_reg_29554      |    9|          2|   16|         32|
    |ap_phi_reg_pp0_iter1_data_1_val42_phi_reg_29338       |    9|          2|   16|         32|
    |ap_phi_reg_pp0_iter1_data_200_val241_phi_reg_31726    |    9|          2|   16|         32|
    |ap_phi_reg_pp0_iter1_data_201_val242_phi_reg_31738    |    9|          2|   16|         32|
    |ap_phi_reg_pp0_iter1_data_202_val243_phi_reg_31750    |    9|          2|   16|         32|
    |ap_phi_reg_pp0_iter1_data_203_val244_phi_reg_31762    |    9|          2|   16|         32|
    |ap_phi_reg_pp0_iter1_data_204_val245_phi_reg_31774    |    9|          2|   16|         32|
    |ap_phi_reg_pp0_iter1_data_205_val246_phi_reg_31786    |    9|          2|   16|         32|
    |ap_phi_reg_pp0_iter1_data_206_val247_phi_reg_31798    |    9|          2|   16|         32|
    |ap_phi_reg_pp0_iter1_data_207_val248_phi_reg_31810    |    9|          2|   16|         32|
    |ap_phi_reg_pp0_iter1_data_208_val249_phi_reg_31822    |    9|          2|   16|         32|
    |ap_phi_reg_pp0_iter1_data_209_val250_phi_reg_31834    |    9|          2|   16|         32|
    |ap_phi_reg_pp0_iter1_data_20_val61_phi_reg_29566      |    9|          2|   16|         32|
    |ap_phi_reg_pp0_iter1_data_210_val251_phi_reg_31846    |    9|          2|   16|         32|
    |ap_phi_reg_pp0_iter1_data_211_val252_phi_reg_31858    |    9|          2|   16|         32|
    |ap_phi_reg_pp0_iter1_data_212_val253_phi_reg_31870    |    9|          2|   16|         32|
    |ap_phi_reg_pp0_iter1_data_213_val254_phi_reg_31882    |    9|          2|   16|         32|
    |ap_phi_reg_pp0_iter1_data_214_val255_phi_reg_31894    |    9|          2|   16|         32|
    |ap_phi_reg_pp0_iter1_data_215_val256_phi_reg_31906    |    9|          2|   16|         32|
    |ap_phi_reg_pp0_iter1_data_216_val257_phi_reg_31918    |    9|          2|   16|         32|
    |ap_phi_reg_pp0_iter1_data_217_val258_phi_reg_31930    |    9|          2|   16|         32|
    |ap_phi_reg_pp0_iter1_data_218_val259_phi_reg_31942    |    9|          2|   16|         32|
    |ap_phi_reg_pp0_iter1_data_219_val260_phi_reg_31954    |    9|          2|   16|         32|
    |ap_phi_reg_pp0_iter1_data_21_val62_phi_reg_29578      |    9|          2|   16|         32|
    |ap_phi_reg_pp0_iter1_data_220_val261_phi_reg_31966    |    9|          2|   16|         32|
    |ap_phi_reg_pp0_iter1_data_221_val262_phi_reg_31978    |    9|          2|   16|         32|
    |ap_phi_reg_pp0_iter1_data_222_val263_phi_reg_31990    |    9|          2|   16|         32|
    |ap_phi_reg_pp0_iter1_data_223_val264_phi_reg_32002    |    9|          2|   16|         32|
    |ap_phi_reg_pp0_iter1_data_224_val265_phi_reg_32014    |    9|          2|   16|         32|
    |ap_phi_reg_pp0_iter1_data_225_val266_phi_reg_32026    |    9|          2|   16|         32|
    |ap_phi_reg_pp0_iter1_data_226_val267_phi_reg_32038    |    9|          2|   16|         32|
    |ap_phi_reg_pp0_iter1_data_227_val268_phi_reg_32050    |    9|          2|   16|         32|
    |ap_phi_reg_pp0_iter1_data_228_val269_phi_reg_32062    |    9|          2|   16|         32|
    |ap_phi_reg_pp0_iter1_data_229_val270_phi_reg_32074    |    9|          2|   16|         32|
    |ap_phi_reg_pp0_iter1_data_22_val63_phi_reg_29590      |    9|          2|   16|         32|
    |ap_phi_reg_pp0_iter1_data_230_val271_phi_reg_32086    |    9|          2|   16|         32|
    |ap_phi_reg_pp0_iter1_data_231_val272_phi_reg_32098    |    9|          2|   16|         32|
    |ap_phi_reg_pp0_iter1_data_232_val273_phi_reg_32110    |    9|          2|   16|         32|
    |ap_phi_reg_pp0_iter1_data_233_val274_phi_reg_32122    |    9|          2|   16|         32|
    |ap_phi_reg_pp0_iter1_data_234_val275_phi_reg_32134    |    9|          2|   16|         32|
    |ap_phi_reg_pp0_iter1_data_235_val276_phi_reg_32146    |    9|          2|   16|         32|
    |ap_phi_reg_pp0_iter1_data_236_val277_phi_reg_32158    |    9|          2|   16|         32|
    |ap_phi_reg_pp0_iter1_data_237_val278_phi_reg_32170    |    9|          2|   16|         32|
    |ap_phi_reg_pp0_iter1_data_238_val279_phi_reg_32182    |    9|          2|   16|         32|
    |ap_phi_reg_pp0_iter1_data_239_val280_phi_reg_32194    |    9|          2|   16|         32|
    |ap_phi_reg_pp0_iter1_data_23_val64_phi_reg_29602      |    9|          2|   16|         32|
    |ap_phi_reg_pp0_iter1_data_240_val281_phi_reg_32206    |    9|          2|   16|         32|
    |ap_phi_reg_pp0_iter1_data_241_val282_phi_reg_32218    |    9|          2|   16|         32|
    |ap_phi_reg_pp0_iter1_data_242_val283_phi_reg_32230    |    9|          2|   16|         32|
    |ap_phi_reg_pp0_iter1_data_243_val284_phi_reg_32242    |    9|          2|   16|         32|
    |ap_phi_reg_pp0_iter1_data_244_val285_phi_reg_32254    |    9|          2|   16|         32|
    |ap_phi_reg_pp0_iter1_data_245_val286_phi_reg_32266    |    9|          2|   16|         32|
    |ap_phi_reg_pp0_iter1_data_246_val287_phi_reg_32278    |    9|          2|   16|         32|
    |ap_phi_reg_pp0_iter1_data_247_val288_phi_reg_32290    |    9|          2|   16|         32|
    |ap_phi_reg_pp0_iter1_data_248_val289_phi_reg_32302    |    9|          2|   16|         32|
    |ap_phi_reg_pp0_iter1_data_249_val290_phi_reg_32314    |    9|          2|   16|         32|
    |ap_phi_reg_pp0_iter1_data_24_val65_phi_reg_29614      |    9|          2|   16|         32|
    |ap_phi_reg_pp0_iter1_data_250_val291_phi_reg_32326    |    9|          2|   16|         32|
    |ap_phi_reg_pp0_iter1_data_251_val292_phi_reg_32338    |    9|          2|   16|         32|
    |ap_phi_reg_pp0_iter1_data_252_val293_phi_reg_32350    |    9|          2|   16|         32|
    |ap_phi_reg_pp0_iter1_data_253_val294_phi_reg_32362    |    9|          2|   16|         32|
    |ap_phi_reg_pp0_iter1_data_254_val295_phi_reg_32374    |    9|          2|   16|         32|
    |ap_phi_reg_pp0_iter1_data_255_val296_phi_reg_32386    |    9|          2|   16|         32|
    |ap_phi_reg_pp0_iter1_data_256_val297_phi_reg_32398    |    9|          2|   16|         32|
    |ap_phi_reg_pp0_iter1_data_257_val298_phi_reg_32410    |    9|          2|   16|         32|
    |ap_phi_reg_pp0_iter1_data_258_val299_phi_reg_32422    |    9|          2|   16|         32|
    |ap_phi_reg_pp0_iter1_data_259_val300_phi_reg_32434    |    9|          2|   16|         32|
    |ap_phi_reg_pp0_iter1_data_25_val66_phi_reg_29626      |    9|          2|   16|         32|
    |ap_phi_reg_pp0_iter1_data_260_val301_phi_reg_32446    |    9|          2|   16|         32|
    |ap_phi_reg_pp0_iter1_data_261_val302_phi_reg_32458    |    9|          2|   16|         32|
    |ap_phi_reg_pp0_iter1_data_262_val303_phi_reg_32470    |    9|          2|   16|         32|
    |ap_phi_reg_pp0_iter1_data_263_val304_phi_reg_32482    |    9|          2|   16|         32|
    |ap_phi_reg_pp0_iter1_data_264_val305_phi_reg_32494    |    9|          2|   16|         32|
    |ap_phi_reg_pp0_iter1_data_265_val306_phi_reg_32506    |    9|          2|   16|         32|
    |ap_phi_reg_pp0_iter1_data_266_val307_phi_reg_32518    |    9|          2|   16|         32|
    |ap_phi_reg_pp0_iter1_data_267_val308_phi_reg_32530    |    9|          2|   16|         32|
    |ap_phi_reg_pp0_iter1_data_268_val309_phi_reg_32542    |    9|          2|   16|         32|
    |ap_phi_reg_pp0_iter1_data_269_val310_phi_reg_32554    |    9|          2|   16|         32|
    |ap_phi_reg_pp0_iter1_data_26_val67_phi_reg_29638      |    9|          2|   16|         32|
    |ap_phi_reg_pp0_iter1_data_270_val311_phi_reg_32566    |    9|          2|   16|         32|
    |ap_phi_reg_pp0_iter1_data_271_val312_phi_reg_32578    |    9|          2|   16|         32|
    |ap_phi_reg_pp0_iter1_data_272_val313_phi_reg_32590    |    9|          2|   16|         32|
    |ap_phi_reg_pp0_iter1_data_273_val314_phi_reg_32602    |    9|          2|   16|         32|
    |ap_phi_reg_pp0_iter1_data_274_val315_phi_reg_32614    |    9|          2|   16|         32|
    |ap_phi_reg_pp0_iter1_data_275_val316_phi_reg_32626    |    9|          2|   16|         32|
    |ap_phi_reg_pp0_iter1_data_276_val317_phi_reg_32638    |    9|          2|   16|         32|
    |ap_phi_reg_pp0_iter1_data_277_val318_phi_reg_32650    |    9|          2|   16|         32|
    |ap_phi_reg_pp0_iter1_data_278_val319_phi_reg_32662    |    9|          2|   16|         32|
    |ap_phi_reg_pp0_iter1_data_279_val320_phi_reg_32674    |    9|          2|   16|         32|
    |ap_phi_reg_pp0_iter1_data_27_val68_phi_reg_29650      |    9|          2|   16|         32|
    |ap_phi_reg_pp0_iter1_data_280_val321_phi_reg_32686    |    9|          2|   16|         32|
    |ap_phi_reg_pp0_iter1_data_281_val322_phi_reg_32698    |    9|          2|   16|         32|
    |ap_phi_reg_pp0_iter1_data_282_val323_phi_reg_32710    |    9|          2|   16|         32|
    |ap_phi_reg_pp0_iter1_data_283_val324_phi_reg_32722    |    9|          2|   16|         32|
    |ap_phi_reg_pp0_iter1_data_284_val325_phi_reg_32734    |    9|          2|   16|         32|
    |ap_phi_reg_pp0_iter1_data_285_val326_phi_reg_32746    |    9|          2|   16|         32|
    |ap_phi_reg_pp0_iter1_data_286_val327_phi_reg_32758    |    9|          2|   16|         32|
    |ap_phi_reg_pp0_iter1_data_287_val328_phi_reg_32770    |    9|          2|   16|         32|
    |ap_phi_reg_pp0_iter1_data_288_val329_phi_reg_32782    |    9|          2|   16|         32|
    |ap_phi_reg_pp0_iter1_data_289_val330_phi_reg_32794    |    9|          2|   16|         32|
    |ap_phi_reg_pp0_iter1_data_28_val69_phi_reg_29662      |    9|          2|   16|         32|
    |ap_phi_reg_pp0_iter1_data_290_val331_phi_reg_32806    |    9|          2|   16|         32|
    |ap_phi_reg_pp0_iter1_data_291_val332_phi_reg_32818    |    9|          2|   16|         32|
    |ap_phi_reg_pp0_iter1_data_292_val333_phi_reg_32830    |    9|          2|   16|         32|
    |ap_phi_reg_pp0_iter1_data_293_val334_phi_reg_32842    |    9|          2|   16|         32|
    |ap_phi_reg_pp0_iter1_data_294_val335_phi_reg_32854    |    9|          2|   16|         32|
    |ap_phi_reg_pp0_iter1_data_295_val336_phi_reg_32866    |    9|          2|   16|         32|
    |ap_phi_reg_pp0_iter1_data_296_val337_phi_reg_32878    |    9|          2|   16|         32|
    |ap_phi_reg_pp0_iter1_data_297_val338_phi_reg_32890    |    9|          2|   16|         32|
    |ap_phi_reg_pp0_iter1_data_298_val339_phi_reg_32902    |    9|          2|   16|         32|
    |ap_phi_reg_pp0_iter1_data_299_val340_phi_reg_32914    |    9|          2|   16|         32|
    |ap_phi_reg_pp0_iter1_data_29_val70_phi_reg_29674      |    9|          2|   16|         32|
    |ap_phi_reg_pp0_iter1_data_2_val43_phi_reg_29350       |    9|          2|   16|         32|
    |ap_phi_reg_pp0_iter1_data_300_val341_phi_reg_32926    |    9|          2|   16|         32|
    |ap_phi_reg_pp0_iter1_data_301_val342_phi_reg_32938    |    9|          2|   16|         32|
    |ap_phi_reg_pp0_iter1_data_302_val343_phi_reg_32950    |    9|          2|   16|         32|
    |ap_phi_reg_pp0_iter1_data_303_val344_phi_reg_32962    |    9|          2|   16|         32|
    |ap_phi_reg_pp0_iter1_data_304_val345_phi_reg_32974    |    9|          2|   16|         32|
    |ap_phi_reg_pp0_iter1_data_305_val346_phi_reg_32986    |    9|          2|   16|         32|
    |ap_phi_reg_pp0_iter1_data_306_val347_phi_reg_32998    |    9|          2|   16|         32|
    |ap_phi_reg_pp0_iter1_data_307_val348_phi_reg_33010    |    9|          2|   16|         32|
    |ap_phi_reg_pp0_iter1_data_308_val349_phi_reg_33022    |    9|          2|   16|         32|
    |ap_phi_reg_pp0_iter1_data_309_val350_phi_reg_33034    |    9|          2|   16|         32|
    |ap_phi_reg_pp0_iter1_data_30_val71_phi_reg_29686      |    9|          2|   16|         32|
    |ap_phi_reg_pp0_iter1_data_310_val351_phi_reg_33046    |    9|          2|   16|         32|
    |ap_phi_reg_pp0_iter1_data_311_val352_phi_reg_33058    |    9|          2|   16|         32|
    |ap_phi_reg_pp0_iter1_data_312_val353_phi_reg_33070    |    9|          2|   16|         32|
    |ap_phi_reg_pp0_iter1_data_313_val354_phi_reg_33082    |    9|          2|   16|         32|
    |ap_phi_reg_pp0_iter1_data_314_val355_phi_reg_33094    |    9|          2|   16|         32|
    |ap_phi_reg_pp0_iter1_data_315_val356_phi_reg_33106    |    9|          2|   16|         32|
    |ap_phi_reg_pp0_iter1_data_316_val357_phi_reg_33118    |    9|          2|   16|         32|
    |ap_phi_reg_pp0_iter1_data_317_val358_phi_reg_33130    |    9|          2|   16|         32|
    |ap_phi_reg_pp0_iter1_data_318_val359_phi_reg_33142    |    9|          2|   16|         32|
    |ap_phi_reg_pp0_iter1_data_319_val360_phi_reg_33154    |    9|          2|   16|         32|
    |ap_phi_reg_pp0_iter1_data_31_val72_phi_reg_29698      |    9|          2|   16|         32|
    |ap_phi_reg_pp0_iter1_data_320_val361_phi_reg_33166    |    9|          2|   16|         32|
    |ap_phi_reg_pp0_iter1_data_321_val362_phi_reg_33178    |    9|          2|   16|         32|
    |ap_phi_reg_pp0_iter1_data_322_val363_phi_reg_33190    |    9|          2|   16|         32|
    |ap_phi_reg_pp0_iter1_data_323_val364_phi_reg_33202    |    9|          2|   16|         32|
    |ap_phi_reg_pp0_iter1_data_324_val365_phi_reg_33214    |    9|          2|   16|         32|
    |ap_phi_reg_pp0_iter1_data_325_val366_phi_reg_33226    |    9|          2|   16|         32|
    |ap_phi_reg_pp0_iter1_data_326_val367_phi_reg_33238    |    9|          2|   16|         32|
    |ap_phi_reg_pp0_iter1_data_327_val368_phi_reg_33250    |    9|          2|   16|         32|
    |ap_phi_reg_pp0_iter1_data_328_val369_phi_reg_33262    |    9|          2|   16|         32|
    |ap_phi_reg_pp0_iter1_data_329_val370_phi_reg_33274    |    9|          2|   16|         32|
    |ap_phi_reg_pp0_iter1_data_32_val73_phi_reg_29710      |    9|          2|   16|         32|
    |ap_phi_reg_pp0_iter1_data_330_val371_phi_reg_33286    |    9|          2|   16|         32|
    |ap_phi_reg_pp0_iter1_data_331_val372_phi_reg_33298    |    9|          2|   16|         32|
    |ap_phi_reg_pp0_iter1_data_332_val373_phi_reg_33310    |    9|          2|   16|         32|
    |ap_phi_reg_pp0_iter1_data_333_val374_phi_reg_33322    |    9|          2|   16|         32|
    |ap_phi_reg_pp0_iter1_data_334_val375_phi_reg_33334    |    9|          2|   16|         32|
    |ap_phi_reg_pp0_iter1_data_335_val376_phi_reg_33346    |    9|          2|   16|         32|
    |ap_phi_reg_pp0_iter1_data_336_val377_phi_reg_33358    |    9|          2|   16|         32|
    |ap_phi_reg_pp0_iter1_data_337_val378_phi_reg_33370    |    9|          2|   16|         32|
    |ap_phi_reg_pp0_iter1_data_338_val379_phi_reg_33382    |    9|          2|   16|         32|
    |ap_phi_reg_pp0_iter1_data_339_val380_phi_reg_33394    |    9|          2|   16|         32|
    |ap_phi_reg_pp0_iter1_data_33_val74_phi_reg_29722      |    9|          2|   16|         32|
    |ap_phi_reg_pp0_iter1_data_340_val381_phi_reg_33406    |    9|          2|   16|         32|
    |ap_phi_reg_pp0_iter1_data_341_val382_phi_reg_33418    |    9|          2|   16|         32|
    |ap_phi_reg_pp0_iter1_data_342_val383_phi_reg_33430    |    9|          2|   16|         32|
    |ap_phi_reg_pp0_iter1_data_343_val384_phi_reg_33442    |    9|          2|   16|         32|
    |ap_phi_reg_pp0_iter1_data_344_val385_phi_reg_33454    |    9|          2|   16|         32|
    |ap_phi_reg_pp0_iter1_data_345_val386_phi_reg_33466    |    9|          2|   16|         32|
    |ap_phi_reg_pp0_iter1_data_346_val387_phi_reg_33478    |    9|          2|   16|         32|
    |ap_phi_reg_pp0_iter1_data_347_val388_phi_reg_33490    |    9|          2|   16|         32|
    |ap_phi_reg_pp0_iter1_data_348_val389_phi_reg_33502    |    9|          2|   16|         32|
    |ap_phi_reg_pp0_iter1_data_349_val390_phi_reg_33514    |    9|          2|   16|         32|
    |ap_phi_reg_pp0_iter1_data_34_val75_phi_reg_29734      |    9|          2|   16|         32|
    |ap_phi_reg_pp0_iter1_data_350_val391_phi_reg_33526    |    9|          2|   16|         32|
    |ap_phi_reg_pp0_iter1_data_351_val392_phi_reg_33538    |    9|          2|   16|         32|
    |ap_phi_reg_pp0_iter1_data_352_val393_phi_reg_33550    |    9|          2|   16|         32|
    |ap_phi_reg_pp0_iter1_data_353_val394_phi_reg_33562    |    9|          2|   16|         32|
    |ap_phi_reg_pp0_iter1_data_354_val395_phi_reg_33574    |    9|          2|   16|         32|
    |ap_phi_reg_pp0_iter1_data_355_val396_phi_reg_33586    |    9|          2|   16|         32|
    |ap_phi_reg_pp0_iter1_data_356_val397_phi_reg_33598    |    9|          2|   16|         32|
    |ap_phi_reg_pp0_iter1_data_357_val398_phi_reg_33610    |    9|          2|   16|         32|
    |ap_phi_reg_pp0_iter1_data_358_val399_phi_reg_33622    |    9|          2|   16|         32|
    |ap_phi_reg_pp0_iter1_data_359_val400_phi_reg_33634    |    9|          2|   16|         32|
    |ap_phi_reg_pp0_iter1_data_35_val76_phi_reg_29746      |    9|          2|   16|         32|
    |ap_phi_reg_pp0_iter1_data_360_val401_phi_reg_33646    |    9|          2|   16|         32|
    |ap_phi_reg_pp0_iter1_data_361_val402_phi_reg_33658    |    9|          2|   16|         32|
    |ap_phi_reg_pp0_iter1_data_362_val403_phi_reg_33670    |    9|          2|   16|         32|
    |ap_phi_reg_pp0_iter1_data_363_val404_phi_reg_33682    |    9|          2|   16|         32|
    |ap_phi_reg_pp0_iter1_data_364_val405_phi_reg_33694    |    9|          2|   16|         32|
    |ap_phi_reg_pp0_iter1_data_365_val406_phi_reg_33706    |    9|          2|   16|         32|
    |ap_phi_reg_pp0_iter1_data_366_val407_phi_reg_33718    |    9|          2|   16|         32|
    |ap_phi_reg_pp0_iter1_data_367_val408_phi_reg_33730    |    9|          2|   16|         32|
    |ap_phi_reg_pp0_iter1_data_368_val409_phi_reg_33742    |    9|          2|   16|         32|
    |ap_phi_reg_pp0_iter1_data_369_val410_phi_reg_33754    |    9|          2|   16|         32|
    |ap_phi_reg_pp0_iter1_data_36_val77_phi_reg_29758      |    9|          2|   16|         32|
    |ap_phi_reg_pp0_iter1_data_370_val411_phi_reg_33766    |    9|          2|   16|         32|
    |ap_phi_reg_pp0_iter1_data_371_val412_phi_reg_33778    |    9|          2|   16|         32|
    |ap_phi_reg_pp0_iter1_data_372_val413_phi_reg_33790    |    9|          2|   16|         32|
    |ap_phi_reg_pp0_iter1_data_373_val414_phi_reg_33802    |    9|          2|   16|         32|
    |ap_phi_reg_pp0_iter1_data_374_val415_phi_reg_33814    |    9|          2|   16|         32|
    |ap_phi_reg_pp0_iter1_data_375_val416_phi_reg_33826    |    9|          2|   16|         32|
    |ap_phi_reg_pp0_iter1_data_376_val417_phi_reg_33838    |    9|          2|   16|         32|
    |ap_phi_reg_pp0_iter1_data_377_val418_phi_reg_33850    |    9|          2|   16|         32|
    |ap_phi_reg_pp0_iter1_data_378_val419_phi_reg_33862    |    9|          2|   16|         32|
    |ap_phi_reg_pp0_iter1_data_379_val420_phi_reg_33874    |    9|          2|   16|         32|
    |ap_phi_reg_pp0_iter1_data_37_val78_phi_reg_29770      |    9|          2|   16|         32|
    |ap_phi_reg_pp0_iter1_data_380_val421_phi_reg_33886    |    9|          2|   16|         32|
    |ap_phi_reg_pp0_iter1_data_381_val422_phi_reg_33898    |    9|          2|   16|         32|
    |ap_phi_reg_pp0_iter1_data_382_val423_phi_reg_33910    |    9|          2|   16|         32|
    |ap_phi_reg_pp0_iter1_data_383_val424_phi_reg_33922    |    9|          2|   16|         32|
    |ap_phi_reg_pp0_iter1_data_384_val425_phi_reg_33934    |    9|          2|   16|         32|
    |ap_phi_reg_pp0_iter1_data_385_val426_phi_reg_33946    |    9|          2|   16|         32|
    |ap_phi_reg_pp0_iter1_data_386_val427_phi_reg_33958    |    9|          2|   16|         32|
    |ap_phi_reg_pp0_iter1_data_387_val428_phi_reg_33970    |    9|          2|   16|         32|
    |ap_phi_reg_pp0_iter1_data_388_val429_phi_reg_33982    |    9|          2|   16|         32|
    |ap_phi_reg_pp0_iter1_data_389_val430_phi_reg_33994    |    9|          2|   16|         32|
    |ap_phi_reg_pp0_iter1_data_38_val79_phi_reg_29782      |    9|          2|   16|         32|
    |ap_phi_reg_pp0_iter1_data_390_val431_phi_reg_34006    |    9|          2|   16|         32|
    |ap_phi_reg_pp0_iter1_data_391_val432_phi_reg_34018    |    9|          2|   16|         32|
    |ap_phi_reg_pp0_iter1_data_392_val433_phi_reg_34030    |    9|          2|   16|         32|
    |ap_phi_reg_pp0_iter1_data_393_val434_phi_reg_34042    |    9|          2|   16|         32|
    |ap_phi_reg_pp0_iter1_data_394_val435_phi_reg_34054    |    9|          2|   16|         32|
    |ap_phi_reg_pp0_iter1_data_395_val436_phi_reg_34066    |    9|          2|   16|         32|
    |ap_phi_reg_pp0_iter1_data_396_val437_phi_reg_34078    |    9|          2|   16|         32|
    |ap_phi_reg_pp0_iter1_data_397_val438_phi_reg_34090    |    9|          2|   16|         32|
    |ap_phi_reg_pp0_iter1_data_398_val439_phi_reg_34102    |    9|          2|   16|         32|
    |ap_phi_reg_pp0_iter1_data_399_val440_phi_reg_34114    |    9|          2|   16|         32|
    |ap_phi_reg_pp0_iter1_data_39_val80_phi_reg_29794      |    9|          2|   16|         32|
    |ap_phi_reg_pp0_iter1_data_3_val44_phi_reg_29362       |    9|          2|   16|         32|
    |ap_phi_reg_pp0_iter1_data_400_val441_phi_reg_34126    |    9|          2|   16|         32|
    |ap_phi_reg_pp0_iter1_data_401_val442_phi_reg_34138    |    9|          2|   16|         32|
    |ap_phi_reg_pp0_iter1_data_402_val443_phi_reg_34150    |    9|          2|   16|         32|
    |ap_phi_reg_pp0_iter1_data_403_val444_phi_reg_34162    |    9|          2|   16|         32|
    |ap_phi_reg_pp0_iter1_data_404_val445_phi_reg_34174    |    9|          2|   16|         32|
    |ap_phi_reg_pp0_iter1_data_405_val446_phi_reg_34186    |    9|          2|   16|         32|
    |ap_phi_reg_pp0_iter1_data_406_val447_phi_reg_34198    |    9|          2|   16|         32|
    |ap_phi_reg_pp0_iter1_data_407_val448_phi_reg_34210    |    9|          2|   16|         32|
    |ap_phi_reg_pp0_iter1_data_408_val449_phi_reg_34222    |    9|          2|   16|         32|
    |ap_phi_reg_pp0_iter1_data_409_val450_phi_reg_34234    |    9|          2|   16|         32|
    |ap_phi_reg_pp0_iter1_data_40_val81_phi_reg_29806      |    9|          2|   16|         32|
    |ap_phi_reg_pp0_iter1_data_410_val451_phi_reg_34246    |    9|          2|   16|         32|
    |ap_phi_reg_pp0_iter1_data_411_val452_phi_reg_34258    |    9|          2|   16|         32|
    |ap_phi_reg_pp0_iter1_data_412_val453_phi_reg_34270    |    9|          2|   16|         32|
    |ap_phi_reg_pp0_iter1_data_413_val454_phi_reg_34282    |    9|          2|   16|         32|
    |ap_phi_reg_pp0_iter1_data_414_val455_phi_reg_34294    |    9|          2|   16|         32|
    |ap_phi_reg_pp0_iter1_data_415_val456_phi_reg_34306    |    9|          2|   16|         32|
    |ap_phi_reg_pp0_iter1_data_416_val457_phi_reg_34318    |    9|          2|   16|         32|
    |ap_phi_reg_pp0_iter1_data_417_val458_phi_reg_34330    |    9|          2|   16|         32|
    |ap_phi_reg_pp0_iter1_data_418_val459_phi_reg_34342    |    9|          2|   16|         32|
    |ap_phi_reg_pp0_iter1_data_419_val460_phi_reg_34354    |    9|          2|   16|         32|
    |ap_phi_reg_pp0_iter1_data_41_val82_phi_reg_29818      |    9|          2|   16|         32|
    |ap_phi_reg_pp0_iter1_data_420_val461_phi_reg_34366    |    9|          2|   16|         32|
    |ap_phi_reg_pp0_iter1_data_421_val462_phi_reg_34378    |    9|          2|   16|         32|
    |ap_phi_reg_pp0_iter1_data_422_val463_phi_reg_34390    |    9|          2|   16|         32|
    |ap_phi_reg_pp0_iter1_data_423_val464_phi_reg_34402    |    9|          2|   16|         32|
    |ap_phi_reg_pp0_iter1_data_424_val465_phi_reg_34414    |    9|          2|   16|         32|
    |ap_phi_reg_pp0_iter1_data_425_val466_phi_reg_34426    |    9|          2|   16|         32|
    |ap_phi_reg_pp0_iter1_data_426_val467_phi_reg_34438    |    9|          2|   16|         32|
    |ap_phi_reg_pp0_iter1_data_427_val468_phi_reg_34450    |    9|          2|   16|         32|
    |ap_phi_reg_pp0_iter1_data_428_val469_phi_reg_34462    |    9|          2|   16|         32|
    |ap_phi_reg_pp0_iter1_data_429_val470_phi_reg_34474    |    9|          2|   16|         32|
    |ap_phi_reg_pp0_iter1_data_42_val83_phi_reg_29830      |    9|          2|   16|         32|
    |ap_phi_reg_pp0_iter1_data_430_val471_phi_reg_34486    |    9|          2|   16|         32|
    |ap_phi_reg_pp0_iter1_data_431_val472_phi_reg_34498    |    9|          2|   16|         32|
    |ap_phi_reg_pp0_iter1_data_432_val473_phi_reg_34510    |    9|          2|   16|         32|
    |ap_phi_reg_pp0_iter1_data_433_val474_phi_reg_34522    |    9|          2|   16|         32|
    |ap_phi_reg_pp0_iter1_data_434_val475_phi_reg_34534    |    9|          2|   16|         32|
    |ap_phi_reg_pp0_iter1_data_435_val476_phi_reg_34546    |    9|          2|   16|         32|
    |ap_phi_reg_pp0_iter1_data_436_val477_phi_reg_34558    |    9|          2|   16|         32|
    |ap_phi_reg_pp0_iter1_data_437_val478_phi_reg_34570    |    9|          2|   16|         32|
    |ap_phi_reg_pp0_iter1_data_438_val479_phi_reg_34582    |    9|          2|   16|         32|
    |ap_phi_reg_pp0_iter1_data_439_val480_phi_reg_34594    |    9|          2|   16|         32|
    |ap_phi_reg_pp0_iter1_data_43_val84_phi_reg_29842      |    9|          2|   16|         32|
    |ap_phi_reg_pp0_iter1_data_440_val481_phi_reg_34606    |    9|          2|   16|         32|
    |ap_phi_reg_pp0_iter1_data_441_val482_phi_reg_34618    |    9|          2|   16|         32|
    |ap_phi_reg_pp0_iter1_data_442_val483_phi_reg_34630    |    9|          2|   16|         32|
    |ap_phi_reg_pp0_iter1_data_443_val484_phi_reg_34642    |    9|          2|   16|         32|
    |ap_phi_reg_pp0_iter1_data_444_val485_phi_reg_34654    |    9|          2|   16|         32|
    |ap_phi_reg_pp0_iter1_data_445_val486_phi_reg_34666    |    9|          2|   16|         32|
    |ap_phi_reg_pp0_iter1_data_446_val487_phi_reg_34678    |    9|          2|   16|         32|
    |ap_phi_reg_pp0_iter1_data_447_val488_phi_reg_34690    |    9|          2|   16|         32|
    |ap_phi_reg_pp0_iter1_data_448_val489_phi_reg_34702    |    9|          2|   16|         32|
    |ap_phi_reg_pp0_iter1_data_449_val490_phi_reg_34714    |    9|          2|   16|         32|
    |ap_phi_reg_pp0_iter1_data_44_val85_phi_reg_29854      |    9|          2|   16|         32|
    |ap_phi_reg_pp0_iter1_data_450_val491_phi_reg_34726    |    9|          2|   16|         32|
    |ap_phi_reg_pp0_iter1_data_451_val492_phi_reg_34738    |    9|          2|   16|         32|
    |ap_phi_reg_pp0_iter1_data_452_val493_phi_reg_34750    |    9|          2|   16|         32|
    |ap_phi_reg_pp0_iter1_data_453_val494_phi_reg_34762    |    9|          2|   16|         32|
    |ap_phi_reg_pp0_iter1_data_454_val495_phi_reg_34774    |    9|          2|   16|         32|
    |ap_phi_reg_pp0_iter1_data_455_val496_phi_reg_34786    |    9|          2|   16|         32|
    |ap_phi_reg_pp0_iter1_data_456_val497_phi_reg_34798    |    9|          2|   16|         32|
    |ap_phi_reg_pp0_iter1_data_457_val498_phi_reg_34810    |    9|          2|   16|         32|
    |ap_phi_reg_pp0_iter1_data_458_val499_phi_reg_34822    |    9|          2|   16|         32|
    |ap_phi_reg_pp0_iter1_data_459_val500_phi_reg_34834    |    9|          2|   16|         32|
    |ap_phi_reg_pp0_iter1_data_45_val86_phi_reg_29866      |    9|          2|   16|         32|
    |ap_phi_reg_pp0_iter1_data_460_val501_phi_reg_34846    |    9|          2|   16|         32|
    |ap_phi_reg_pp0_iter1_data_461_val502_phi_reg_34858    |    9|          2|   16|         32|
    |ap_phi_reg_pp0_iter1_data_462_val503_phi_reg_34870    |    9|          2|   16|         32|
    |ap_phi_reg_pp0_iter1_data_463_val504_phi_reg_34882    |    9|          2|   16|         32|
    |ap_phi_reg_pp0_iter1_data_464_val505_phi_reg_34894    |    9|          2|   16|         32|
    |ap_phi_reg_pp0_iter1_data_465_val506_phi_reg_34906    |    9|          2|   16|         32|
    |ap_phi_reg_pp0_iter1_data_466_val507_phi_reg_34918    |    9|          2|   16|         32|
    |ap_phi_reg_pp0_iter1_data_467_val508_phi_reg_34930    |    9|          2|   16|         32|
    |ap_phi_reg_pp0_iter1_data_468_val509_phi_reg_34942    |    9|          2|   16|         32|
    |ap_phi_reg_pp0_iter1_data_469_val510_phi_reg_34954    |    9|          2|   16|         32|
    |ap_phi_reg_pp0_iter1_data_46_val87_phi_reg_29878      |    9|          2|   16|         32|
    |ap_phi_reg_pp0_iter1_data_470_val511_phi_reg_34966    |    9|          2|   16|         32|
    |ap_phi_reg_pp0_iter1_data_471_val512_phi_reg_34978    |    9|          2|   16|         32|
    |ap_phi_reg_pp0_iter1_data_472_val513_phi_reg_34990    |    9|          2|   16|         32|
    |ap_phi_reg_pp0_iter1_data_473_val514_phi_reg_35002    |    9|          2|   16|         32|
    |ap_phi_reg_pp0_iter1_data_474_val515_phi_reg_35014    |    9|          2|   16|         32|
    |ap_phi_reg_pp0_iter1_data_475_val516_phi_reg_35026    |    9|          2|   16|         32|
    |ap_phi_reg_pp0_iter1_data_476_val517_phi_reg_35038    |    9|          2|   16|         32|
    |ap_phi_reg_pp0_iter1_data_477_val518_phi_reg_35050    |    9|          2|   16|         32|
    |ap_phi_reg_pp0_iter1_data_478_val519_phi_reg_35062    |    9|          2|   16|         32|
    |ap_phi_reg_pp0_iter1_data_479_val520_phi_reg_35074    |    9|          2|   16|         32|
    |ap_phi_reg_pp0_iter1_data_47_val88_phi_reg_29890      |    9|          2|   16|         32|
    |ap_phi_reg_pp0_iter1_data_480_val521_phi_reg_35086    |    9|          2|   16|         32|
    |ap_phi_reg_pp0_iter1_data_481_val522_phi_reg_35098    |    9|          2|   16|         32|
    |ap_phi_reg_pp0_iter1_data_482_val523_phi_reg_35110    |    9|          2|   16|         32|
    |ap_phi_reg_pp0_iter1_data_483_val524_phi_reg_35122    |    9|          2|   16|         32|
    |ap_phi_reg_pp0_iter1_data_484_val525_phi_reg_35134    |    9|          2|   16|         32|
    |ap_phi_reg_pp0_iter1_data_485_val526_phi_reg_35146    |    9|          2|   16|         32|
    |ap_phi_reg_pp0_iter1_data_486_val527_phi_reg_35158    |    9|          2|   16|         32|
    |ap_phi_reg_pp0_iter1_data_487_val528_phi_reg_35170    |    9|          2|   16|         32|
    |ap_phi_reg_pp0_iter1_data_488_val529_phi_reg_35182    |    9|          2|   16|         32|
    |ap_phi_reg_pp0_iter1_data_489_val530_phi_reg_35194    |    9|          2|   16|         32|
    |ap_phi_reg_pp0_iter1_data_48_val89_phi_reg_29902      |    9|          2|   16|         32|
    |ap_phi_reg_pp0_iter1_data_490_val531_phi_reg_35206    |    9|          2|   16|         32|
    |ap_phi_reg_pp0_iter1_data_491_val532_phi_reg_35218    |    9|          2|   16|         32|
    |ap_phi_reg_pp0_iter1_data_492_val533_phi_reg_35230    |    9|          2|   16|         32|
    |ap_phi_reg_pp0_iter1_data_493_val534_phi_reg_35242    |    9|          2|   16|         32|
    |ap_phi_reg_pp0_iter1_data_494_val535_phi_reg_35254    |    9|          2|   16|         32|
    |ap_phi_reg_pp0_iter1_data_495_val536_phi_reg_35266    |    9|          2|   16|         32|
    |ap_phi_reg_pp0_iter1_data_496_val537_phi_reg_35278    |    9|          2|   16|         32|
    |ap_phi_reg_pp0_iter1_data_497_val538_phi_reg_35290    |    9|          2|   16|         32|
    |ap_phi_reg_pp0_iter1_data_498_val539_phi_reg_35302    |    9|          2|   16|         32|
    |ap_phi_reg_pp0_iter1_data_499_val540_phi_reg_35314    |    9|          2|   16|         32|
    |ap_phi_reg_pp0_iter1_data_49_val90_phi_reg_29914      |    9|          2|   16|         32|
    |ap_phi_reg_pp0_iter1_data_4_val45_phi_reg_29374       |    9|          2|   16|         32|
    |ap_phi_reg_pp0_iter1_data_500_val541_phi_reg_35326    |    9|          2|   16|         32|
    |ap_phi_reg_pp0_iter1_data_501_val542_phi_reg_35338    |    9|          2|   16|         32|
    |ap_phi_reg_pp0_iter1_data_502_val543_phi_reg_35350    |    9|          2|   16|         32|
    |ap_phi_reg_pp0_iter1_data_503_val544_phi_reg_35362    |    9|          2|   16|         32|
    |ap_phi_reg_pp0_iter1_data_504_val545_phi_reg_35374    |    9|          2|   16|         32|
    |ap_phi_reg_pp0_iter1_data_505_val546_phi_reg_35386    |    9|          2|   16|         32|
    |ap_phi_reg_pp0_iter1_data_506_val547_phi_reg_35398    |    9|          2|   16|         32|
    |ap_phi_reg_pp0_iter1_data_507_val548_phi_reg_35410    |    9|          2|   16|         32|
    |ap_phi_reg_pp0_iter1_data_508_val549_phi_reg_35422    |    9|          2|   16|         32|
    |ap_phi_reg_pp0_iter1_data_509_val550_phi_reg_35434    |    9|          2|   16|         32|
    |ap_phi_reg_pp0_iter1_data_50_val91_phi_reg_29926      |    9|          2|   16|         32|
    |ap_phi_reg_pp0_iter1_data_510_val551_phi_reg_35446    |    9|          2|   16|         32|
    |ap_phi_reg_pp0_iter1_data_511_val552_phi_reg_35458    |    9|          2|   16|         32|
    |ap_phi_reg_pp0_iter1_data_512_val553_phi_reg_35470    |    9|          2|   16|         32|
    |ap_phi_reg_pp0_iter1_data_513_val554_phi_reg_35482    |    9|          2|   16|         32|
    |ap_phi_reg_pp0_iter1_data_514_val555_phi_reg_35494    |    9|          2|   16|         32|
    |ap_phi_reg_pp0_iter1_data_515_val556_phi_reg_35506    |    9|          2|   16|         32|
    |ap_phi_reg_pp0_iter1_data_516_val557_phi_reg_35518    |    9|          2|   16|         32|
    |ap_phi_reg_pp0_iter1_data_517_val558_phi_reg_35530    |    9|          2|   16|         32|
    |ap_phi_reg_pp0_iter1_data_518_val559_phi_reg_35542    |    9|          2|   16|         32|
    |ap_phi_reg_pp0_iter1_data_519_val560_phi_reg_35554    |    9|          2|   16|         32|
    |ap_phi_reg_pp0_iter1_data_51_val92_phi_reg_29938      |    9|          2|   16|         32|
    |ap_phi_reg_pp0_iter1_data_520_val561_phi_reg_35566    |    9|          2|   16|         32|
    |ap_phi_reg_pp0_iter1_data_521_val562_phi_reg_35578    |    9|          2|   16|         32|
    |ap_phi_reg_pp0_iter1_data_522_val563_phi_reg_35590    |    9|          2|   16|         32|
    |ap_phi_reg_pp0_iter1_data_523_val564_phi_reg_35602    |    9|          2|   16|         32|
    |ap_phi_reg_pp0_iter1_data_524_val565_phi_reg_35614    |    9|          2|   16|         32|
    |ap_phi_reg_pp0_iter1_data_525_val566_phi_reg_35626    |    9|          2|   16|         32|
    |ap_phi_reg_pp0_iter1_data_526_val567_phi_reg_35638    |    9|          2|   16|         32|
    |ap_phi_reg_pp0_iter1_data_527_val568_phi_reg_35650    |    9|          2|   16|         32|
    |ap_phi_reg_pp0_iter1_data_528_val569_phi_reg_35662    |    9|          2|   16|         32|
    |ap_phi_reg_pp0_iter1_data_529_val570_phi_reg_35674    |    9|          2|   16|         32|
    |ap_phi_reg_pp0_iter1_data_52_val93_phi_reg_29950      |    9|          2|   16|         32|
    |ap_phi_reg_pp0_iter1_data_530_val571_phi_reg_35686    |    9|          2|   16|         32|
    |ap_phi_reg_pp0_iter1_data_531_val572_phi_reg_35698    |    9|          2|   16|         32|
    |ap_phi_reg_pp0_iter1_data_532_val573_phi_reg_35710    |    9|          2|   16|         32|
    |ap_phi_reg_pp0_iter1_data_533_val574_phi_reg_35722    |    9|          2|   16|         32|
    |ap_phi_reg_pp0_iter1_data_534_val575_phi_reg_35734    |    9|          2|   16|         32|
    |ap_phi_reg_pp0_iter1_data_535_val576_phi_reg_35746    |    9|          2|   16|         32|
    |ap_phi_reg_pp0_iter1_data_536_val577_phi_reg_35758    |    9|          2|   16|         32|
    |ap_phi_reg_pp0_iter1_data_537_val578_phi_reg_35770    |    9|          2|   16|         32|
    |ap_phi_reg_pp0_iter1_data_538_val579_phi_reg_35782    |    9|          2|   16|         32|
    |ap_phi_reg_pp0_iter1_data_539_val580_phi_reg_35794    |    9|          2|   16|         32|
    |ap_phi_reg_pp0_iter1_data_53_val94_phi_reg_29962      |    9|          2|   16|         32|
    |ap_phi_reg_pp0_iter1_data_540_val581_phi_reg_35806    |    9|          2|   16|         32|
    |ap_phi_reg_pp0_iter1_data_541_val582_phi_reg_35818    |    9|          2|   16|         32|
    |ap_phi_reg_pp0_iter1_data_542_val583_phi_reg_35830    |    9|          2|   16|         32|
    |ap_phi_reg_pp0_iter1_data_543_val584_phi_reg_35842    |    9|          2|   16|         32|
    |ap_phi_reg_pp0_iter1_data_544_val585_phi_reg_35854    |    9|          2|   16|         32|
    |ap_phi_reg_pp0_iter1_data_545_val586_phi_reg_35866    |    9|          2|   16|         32|
    |ap_phi_reg_pp0_iter1_data_546_val587_phi_reg_35878    |    9|          2|   16|         32|
    |ap_phi_reg_pp0_iter1_data_547_val588_phi_reg_35890    |    9|          2|   16|         32|
    |ap_phi_reg_pp0_iter1_data_548_val589_phi_reg_35902    |    9|          2|   16|         32|
    |ap_phi_reg_pp0_iter1_data_549_val590_phi_reg_35914    |    9|          2|   16|         32|
    |ap_phi_reg_pp0_iter1_data_54_val95_phi_reg_29974      |    9|          2|   16|         32|
    |ap_phi_reg_pp0_iter1_data_550_val591_phi_reg_35926    |    9|          2|   16|         32|
    |ap_phi_reg_pp0_iter1_data_551_val592_phi_reg_35938    |    9|          2|   16|         32|
    |ap_phi_reg_pp0_iter1_data_552_val593_phi_reg_35950    |    9|          2|   16|         32|
    |ap_phi_reg_pp0_iter1_data_553_val594_phi_reg_35962    |    9|          2|   16|         32|
    |ap_phi_reg_pp0_iter1_data_554_val595_phi_reg_35974    |    9|          2|   16|         32|
    |ap_phi_reg_pp0_iter1_data_555_val596_phi_reg_35986    |    9|          2|   16|         32|
    |ap_phi_reg_pp0_iter1_data_556_val597_phi_reg_35998    |    9|          2|   16|         32|
    |ap_phi_reg_pp0_iter1_data_557_val598_phi_reg_36010    |    9|          2|   16|         32|
    |ap_phi_reg_pp0_iter1_data_558_val599_phi_reg_36022    |    9|          2|   16|         32|
    |ap_phi_reg_pp0_iter1_data_559_val600_phi_reg_36034    |    9|          2|   16|         32|
    |ap_phi_reg_pp0_iter1_data_55_val96_phi_reg_29986      |    9|          2|   16|         32|
    |ap_phi_reg_pp0_iter1_data_560_val601_phi_reg_36046    |    9|          2|   16|         32|
    |ap_phi_reg_pp0_iter1_data_561_val602_phi_reg_36058    |    9|          2|   16|         32|
    |ap_phi_reg_pp0_iter1_data_562_val603_phi_reg_36070    |    9|          2|   16|         32|
    |ap_phi_reg_pp0_iter1_data_563_val604_phi_reg_36082    |    9|          2|   16|         32|
    |ap_phi_reg_pp0_iter1_data_564_val605_phi_reg_36094    |    9|          2|   16|         32|
    |ap_phi_reg_pp0_iter1_data_565_val606_phi_reg_36106    |    9|          2|   16|         32|
    |ap_phi_reg_pp0_iter1_data_566_val607_phi_reg_36118    |    9|          2|   16|         32|
    |ap_phi_reg_pp0_iter1_data_567_val608_phi_reg_36130    |    9|          2|   16|         32|
    |ap_phi_reg_pp0_iter1_data_568_val609_phi_reg_36142    |    9|          2|   16|         32|
    |ap_phi_reg_pp0_iter1_data_569_val610_phi_reg_36154    |    9|          2|   16|         32|
    |ap_phi_reg_pp0_iter1_data_56_val97_phi_reg_29998      |    9|          2|   16|         32|
    |ap_phi_reg_pp0_iter1_data_570_val611_phi_reg_36166    |    9|          2|   16|         32|
    |ap_phi_reg_pp0_iter1_data_571_val612_phi_reg_36178    |    9|          2|   16|         32|
    |ap_phi_reg_pp0_iter1_data_572_val613_phi_reg_36190    |    9|          2|   16|         32|
    |ap_phi_reg_pp0_iter1_data_573_val614_phi_reg_36202    |    9|          2|   16|         32|
    |ap_phi_reg_pp0_iter1_data_574_val615_phi_reg_36214    |    9|          2|   16|         32|
    |ap_phi_reg_pp0_iter1_data_575_val616_phi_reg_36226    |    9|          2|   16|         32|
    |ap_phi_reg_pp0_iter1_data_576_val617_phi_reg_36238    |    9|          2|   16|         32|
    |ap_phi_reg_pp0_iter1_data_577_val618_phi_reg_36250    |    9|          2|   16|         32|
    |ap_phi_reg_pp0_iter1_data_578_val619_phi_reg_36262    |    9|          2|   16|         32|
    |ap_phi_reg_pp0_iter1_data_579_val620_phi_reg_36274    |    9|          2|   16|         32|
    |ap_phi_reg_pp0_iter1_data_57_val98_phi_reg_30010      |    9|          2|   16|         32|
    |ap_phi_reg_pp0_iter1_data_580_val621_phi_reg_36286    |    9|          2|   16|         32|
    |ap_phi_reg_pp0_iter1_data_581_val622_phi_reg_36298    |    9|          2|   16|         32|
    |ap_phi_reg_pp0_iter1_data_582_val623_phi_reg_36310    |    9|          2|   16|         32|
    |ap_phi_reg_pp0_iter1_data_583_val624_phi_reg_36322    |    9|          2|   16|         32|
    |ap_phi_reg_pp0_iter1_data_584_val625_phi_reg_36334    |    9|          2|   16|         32|
    |ap_phi_reg_pp0_iter1_data_585_val626_phi_reg_36346    |    9|          2|   16|         32|
    |ap_phi_reg_pp0_iter1_data_586_val627_phi_reg_36358    |    9|          2|   16|         32|
    |ap_phi_reg_pp0_iter1_data_587_val628_phi_reg_36370    |    9|          2|   16|         32|
    |ap_phi_reg_pp0_iter1_data_588_val629_phi_reg_36382    |    9|          2|   16|         32|
    |ap_phi_reg_pp0_iter1_data_589_val630_phi_reg_36394    |    9|          2|   16|         32|
    |ap_phi_reg_pp0_iter1_data_58_val99_phi_reg_30022      |    9|          2|   16|         32|
    |ap_phi_reg_pp0_iter1_data_590_val631_phi_reg_36406    |    9|          2|   16|         32|
    |ap_phi_reg_pp0_iter1_data_591_val632_phi_reg_36418    |    9|          2|   16|         32|
    |ap_phi_reg_pp0_iter1_data_592_val633_phi_reg_36430    |    9|          2|   16|         32|
    |ap_phi_reg_pp0_iter1_data_593_val634_phi_reg_36442    |    9|          2|   16|         32|
    |ap_phi_reg_pp0_iter1_data_594_val635_phi_reg_36454    |    9|          2|   16|         32|
    |ap_phi_reg_pp0_iter1_data_595_val636_phi_reg_36466    |    9|          2|   16|         32|
    |ap_phi_reg_pp0_iter1_data_596_val637_phi_reg_36478    |    9|          2|   16|         32|
    |ap_phi_reg_pp0_iter1_data_597_val638_phi_reg_36490    |    9|          2|   16|         32|
    |ap_phi_reg_pp0_iter1_data_598_val639_phi_reg_36502    |    9|          2|   16|         32|
    |ap_phi_reg_pp0_iter1_data_599_val640_phi_reg_36514    |    9|          2|   16|         32|
    |ap_phi_reg_pp0_iter1_data_59_val100_phi_reg_30034     |    9|          2|   16|         32|
    |ap_phi_reg_pp0_iter1_data_5_val46_phi_reg_29386       |    9|          2|   16|         32|
    |ap_phi_reg_pp0_iter1_data_600_val641_phi_reg_36526    |    9|          2|   16|         32|
    |ap_phi_reg_pp0_iter1_data_601_val642_phi_reg_36538    |    9|          2|   16|         32|
    |ap_phi_reg_pp0_iter1_data_602_val643_phi_reg_36550    |    9|          2|   16|         32|
    |ap_phi_reg_pp0_iter1_data_603_val644_phi_reg_36562    |    9|          2|   16|         32|
    |ap_phi_reg_pp0_iter1_data_604_val645_phi_reg_36574    |    9|          2|   16|         32|
    |ap_phi_reg_pp0_iter1_data_605_val646_phi_reg_36586    |    9|          2|   16|         32|
    |ap_phi_reg_pp0_iter1_data_606_val647_phi_reg_36598    |    9|          2|   16|         32|
    |ap_phi_reg_pp0_iter1_data_607_val648_phi_reg_36610    |    9|          2|   16|         32|
    |ap_phi_reg_pp0_iter1_data_608_val649_phi_reg_36622    |    9|          2|   16|         32|
    |ap_phi_reg_pp0_iter1_data_609_val650_phi_reg_36634    |    9|          2|   16|         32|
    |ap_phi_reg_pp0_iter1_data_60_val101_phi_reg_30046     |    9|          2|   16|         32|
    |ap_phi_reg_pp0_iter1_data_610_val651_phi_reg_36646    |    9|          2|   16|         32|
    |ap_phi_reg_pp0_iter1_data_611_val652_phi_reg_36658    |    9|          2|   16|         32|
    |ap_phi_reg_pp0_iter1_data_612_val653_phi_reg_36670    |    9|          2|   16|         32|
    |ap_phi_reg_pp0_iter1_data_613_val654_phi_reg_36682    |    9|          2|   16|         32|
    |ap_phi_reg_pp0_iter1_data_614_val655_phi_reg_36694    |    9|          2|   16|         32|
    |ap_phi_reg_pp0_iter1_data_615_val656_phi_reg_36706    |    9|          2|   16|         32|
    |ap_phi_reg_pp0_iter1_data_616_val657_phi_reg_36718    |    9|          2|   16|         32|
    |ap_phi_reg_pp0_iter1_data_617_val658_phi_reg_36730    |    9|          2|   16|         32|
    |ap_phi_reg_pp0_iter1_data_618_val659_phi_reg_36742    |    9|          2|   16|         32|
    |ap_phi_reg_pp0_iter1_data_619_val660_phi_reg_36754    |    9|          2|   16|         32|
    |ap_phi_reg_pp0_iter1_data_61_val102_phi_reg_30058     |    9|          2|   16|         32|
    |ap_phi_reg_pp0_iter1_data_620_val661_phi_reg_36766    |    9|          2|   16|         32|
    |ap_phi_reg_pp0_iter1_data_621_val662_phi_reg_36778    |    9|          2|   16|         32|
    |ap_phi_reg_pp0_iter1_data_622_val663_phi_reg_36790    |    9|          2|   16|         32|
    |ap_phi_reg_pp0_iter1_data_623_val664_phi_reg_36802    |    9|          2|   16|         32|
    |ap_phi_reg_pp0_iter1_data_624_val665_phi_reg_36814    |    9|          2|   16|         32|
    |ap_phi_reg_pp0_iter1_data_625_val666_phi_reg_36826    |    9|          2|   16|         32|
    |ap_phi_reg_pp0_iter1_data_626_val667_phi_reg_36838    |    9|          2|   16|         32|
    |ap_phi_reg_pp0_iter1_data_627_val668_phi_reg_36850    |    9|          2|   16|         32|
    |ap_phi_reg_pp0_iter1_data_628_val669_phi_reg_36862    |    9|          2|   16|         32|
    |ap_phi_reg_pp0_iter1_data_629_val670_phi_reg_36874    |    9|          2|   16|         32|
    |ap_phi_reg_pp0_iter1_data_62_val103_phi_reg_30070     |    9|          2|   16|         32|
    |ap_phi_reg_pp0_iter1_data_630_val671_phi_reg_36886    |    9|          2|   16|         32|
    |ap_phi_reg_pp0_iter1_data_631_val672_phi_reg_36898    |    9|          2|   16|         32|
    |ap_phi_reg_pp0_iter1_data_632_val673_phi_reg_36910    |    9|          2|   16|         32|
    |ap_phi_reg_pp0_iter1_data_633_val674_phi_reg_36922    |    9|          2|   16|         32|
    |ap_phi_reg_pp0_iter1_data_634_val675_phi_reg_36934    |    9|          2|   16|         32|
    |ap_phi_reg_pp0_iter1_data_635_val676_phi_reg_36946    |    9|          2|   16|         32|
    |ap_phi_reg_pp0_iter1_data_636_val677_phi_reg_36958    |    9|          2|   16|         32|
    |ap_phi_reg_pp0_iter1_data_637_val678_phi_reg_36970    |    9|          2|   16|         32|
    |ap_phi_reg_pp0_iter1_data_638_val679_phi_reg_36982    |    9|          2|   16|         32|
    |ap_phi_reg_pp0_iter1_data_639_val680_phi_reg_36994    |    9|          2|   16|         32|
    |ap_phi_reg_pp0_iter1_data_63_val104_phi_reg_30082     |    9|          2|   16|         32|
    |ap_phi_reg_pp0_iter1_data_640_val681_phi_reg_37006    |    9|          2|   16|         32|
    |ap_phi_reg_pp0_iter1_data_641_val682_phi_reg_37018    |    9|          2|   16|         32|
    |ap_phi_reg_pp0_iter1_data_642_val683_phi_reg_37030    |    9|          2|   16|         32|
    |ap_phi_reg_pp0_iter1_data_643_val684_phi_reg_37042    |    9|          2|   16|         32|
    |ap_phi_reg_pp0_iter1_data_644_val685_phi_reg_37054    |    9|          2|   16|         32|
    |ap_phi_reg_pp0_iter1_data_645_val686_phi_reg_37066    |    9|          2|   16|         32|
    |ap_phi_reg_pp0_iter1_data_646_val687_phi_reg_37078    |    9|          2|   16|         32|
    |ap_phi_reg_pp0_iter1_data_647_val688_phi_reg_37090    |    9|          2|   16|         32|
    |ap_phi_reg_pp0_iter1_data_648_val689_phi_reg_37102    |    9|          2|   16|         32|
    |ap_phi_reg_pp0_iter1_data_649_val690_phi_reg_37114    |    9|          2|   16|         32|
    |ap_phi_reg_pp0_iter1_data_64_val105_phi_reg_30094     |    9|          2|   16|         32|
    |ap_phi_reg_pp0_iter1_data_650_val691_phi_reg_37126    |    9|          2|   16|         32|
    |ap_phi_reg_pp0_iter1_data_651_val692_phi_reg_37138    |    9|          2|   16|         32|
    |ap_phi_reg_pp0_iter1_data_652_val693_phi_reg_37150    |    9|          2|   16|         32|
    |ap_phi_reg_pp0_iter1_data_653_val694_phi_reg_37162    |    9|          2|   16|         32|
    |ap_phi_reg_pp0_iter1_data_654_val695_phi_reg_37174    |    9|          2|   16|         32|
    |ap_phi_reg_pp0_iter1_data_655_val696_phi_reg_37186    |    9|          2|   16|         32|
    |ap_phi_reg_pp0_iter1_data_656_val697_phi_reg_37198    |    9|          2|   16|         32|
    |ap_phi_reg_pp0_iter1_data_657_val698_phi_reg_37210    |    9|          2|   16|         32|
    |ap_phi_reg_pp0_iter1_data_658_val699_phi_reg_37222    |    9|          2|   16|         32|
    |ap_phi_reg_pp0_iter1_data_659_val700_phi_reg_37234    |    9|          2|   16|         32|
    |ap_phi_reg_pp0_iter1_data_65_val106_phi_reg_30106     |    9|          2|   16|         32|
    |ap_phi_reg_pp0_iter1_data_660_val701_phi_reg_37246    |    9|          2|   16|         32|
    |ap_phi_reg_pp0_iter1_data_661_val702_phi_reg_37258    |    9|          2|   16|         32|
    |ap_phi_reg_pp0_iter1_data_662_val703_phi_reg_37270    |    9|          2|   16|         32|
    |ap_phi_reg_pp0_iter1_data_663_val704_phi_reg_37282    |    9|          2|   16|         32|
    |ap_phi_reg_pp0_iter1_data_664_val705_phi_reg_37294    |    9|          2|   16|         32|
    |ap_phi_reg_pp0_iter1_data_665_val706_phi_reg_37306    |    9|          2|   16|         32|
    |ap_phi_reg_pp0_iter1_data_666_val707_phi_reg_37318    |    9|          2|   16|         32|
    |ap_phi_reg_pp0_iter1_data_667_val708_phi_reg_37330    |    9|          2|   16|         32|
    |ap_phi_reg_pp0_iter1_data_668_val709_phi_reg_37342    |    9|          2|   16|         32|
    |ap_phi_reg_pp0_iter1_data_669_val710_phi_reg_37354    |    9|          2|   16|         32|
    |ap_phi_reg_pp0_iter1_data_66_val107_phi_reg_30118     |    9|          2|   16|         32|
    |ap_phi_reg_pp0_iter1_data_670_val711_phi_reg_37366    |    9|          2|   16|         32|
    |ap_phi_reg_pp0_iter1_data_671_val712_phi_reg_37378    |    9|          2|   16|         32|
    |ap_phi_reg_pp0_iter1_data_672_val713_phi_reg_37390    |    9|          2|   16|         32|
    |ap_phi_reg_pp0_iter1_data_673_val714_phi_reg_37402    |    9|          2|   16|         32|
    |ap_phi_reg_pp0_iter1_data_674_val715_phi_reg_37414    |    9|          2|   16|         32|
    |ap_phi_reg_pp0_iter1_data_675_val716_phi_reg_37426    |    9|          2|   16|         32|
    |ap_phi_reg_pp0_iter1_data_676_val717_phi_reg_37438    |    9|          2|   16|         32|
    |ap_phi_reg_pp0_iter1_data_677_val718_phi_reg_37450    |    9|          2|   16|         32|
    |ap_phi_reg_pp0_iter1_data_678_val719_phi_reg_37462    |    9|          2|   16|         32|
    |ap_phi_reg_pp0_iter1_data_679_val720_phi_reg_37474    |    9|          2|   16|         32|
    |ap_phi_reg_pp0_iter1_data_67_val108_phi_reg_30130     |    9|          2|   16|         32|
    |ap_phi_reg_pp0_iter1_data_680_val721_phi_reg_37486    |    9|          2|   16|         32|
    |ap_phi_reg_pp0_iter1_data_681_val722_phi_reg_37498    |    9|          2|   16|         32|
    |ap_phi_reg_pp0_iter1_data_682_val723_phi_reg_37510    |    9|          2|   16|         32|
    |ap_phi_reg_pp0_iter1_data_683_val724_phi_reg_37522    |    9|          2|   16|         32|
    |ap_phi_reg_pp0_iter1_data_684_val725_phi_reg_37534    |    9|          2|   16|         32|
    |ap_phi_reg_pp0_iter1_data_685_val726_phi_reg_37546    |    9|          2|   16|         32|
    |ap_phi_reg_pp0_iter1_data_686_val727_phi_reg_37558    |    9|          2|   16|         32|
    |ap_phi_reg_pp0_iter1_data_687_val728_phi_reg_37570    |    9|          2|   16|         32|
    |ap_phi_reg_pp0_iter1_data_688_val729_phi_reg_37582    |    9|          2|   16|         32|
    |ap_phi_reg_pp0_iter1_data_689_val730_phi_reg_37594    |    9|          2|   16|         32|
    |ap_phi_reg_pp0_iter1_data_68_val109_phi_reg_30142     |    9|          2|   16|         32|
    |ap_phi_reg_pp0_iter1_data_690_val731_phi_reg_37606    |    9|          2|   16|         32|
    |ap_phi_reg_pp0_iter1_data_691_val732_phi_reg_37618    |    9|          2|   16|         32|
    |ap_phi_reg_pp0_iter1_data_692_val733_phi_reg_37630    |    9|          2|   16|         32|
    |ap_phi_reg_pp0_iter1_data_693_val734_phi_reg_37642    |    9|          2|   16|         32|
    |ap_phi_reg_pp0_iter1_data_694_val735_phi_reg_37654    |    9|          2|   16|         32|
    |ap_phi_reg_pp0_iter1_data_695_val736_phi_reg_37666    |    9|          2|   16|         32|
    |ap_phi_reg_pp0_iter1_data_696_val737_phi_reg_37678    |    9|          2|   16|         32|
    |ap_phi_reg_pp0_iter1_data_697_val738_phi_reg_37690    |    9|          2|   16|         32|
    |ap_phi_reg_pp0_iter1_data_698_val739_phi_reg_37702    |    9|          2|   16|         32|
    |ap_phi_reg_pp0_iter1_data_699_val740_phi_reg_37714    |    9|          2|   16|         32|
    |ap_phi_reg_pp0_iter1_data_69_val110_phi_reg_30154     |    9|          2|   16|         32|
    |ap_phi_reg_pp0_iter1_data_6_val47_phi_reg_29398       |    9|          2|   16|         32|
    |ap_phi_reg_pp0_iter1_data_700_val741_phi_reg_37726    |    9|          2|   16|         32|
    |ap_phi_reg_pp0_iter1_data_701_val742_phi_reg_37738    |    9|          2|   16|         32|
    |ap_phi_reg_pp0_iter1_data_702_val743_phi_reg_37750    |    9|          2|   16|         32|
    |ap_phi_reg_pp0_iter1_data_703_val744_phi_reg_37762    |    9|          2|   16|         32|
    |ap_phi_reg_pp0_iter1_data_704_val745_phi_reg_37774    |    9|          2|   16|         32|
    |ap_phi_reg_pp0_iter1_data_705_val746_phi_reg_37786    |    9|          2|   16|         32|
    |ap_phi_reg_pp0_iter1_data_706_val747_phi_reg_37798    |    9|          2|   16|         32|
    |ap_phi_reg_pp0_iter1_data_707_val748_phi_reg_37810    |    9|          2|   16|         32|
    |ap_phi_reg_pp0_iter1_data_708_val749_phi_reg_37822    |    9|          2|   16|         32|
    |ap_phi_reg_pp0_iter1_data_709_val750_phi_reg_37834    |    9|          2|   16|         32|
    |ap_phi_reg_pp0_iter1_data_70_val111_phi_reg_30166     |    9|          2|   16|         32|
    |ap_phi_reg_pp0_iter1_data_710_val751_phi_reg_37846    |    9|          2|   16|         32|
    |ap_phi_reg_pp0_iter1_data_711_val752_phi_reg_37858    |    9|          2|   16|         32|
    |ap_phi_reg_pp0_iter1_data_712_val753_phi_reg_37870    |    9|          2|   16|         32|
    |ap_phi_reg_pp0_iter1_data_713_val754_phi_reg_37882    |    9|          2|   16|         32|
    |ap_phi_reg_pp0_iter1_data_714_val755_phi_reg_37894    |    9|          2|   16|         32|
    |ap_phi_reg_pp0_iter1_data_715_val756_phi_reg_37906    |    9|          2|   16|         32|
    |ap_phi_reg_pp0_iter1_data_716_val757_phi_reg_37918    |    9|          2|   16|         32|
    |ap_phi_reg_pp0_iter1_data_717_val758_phi_reg_37930    |    9|          2|   16|         32|
    |ap_phi_reg_pp0_iter1_data_718_val759_phi_reg_37942    |    9|          2|   16|         32|
    |ap_phi_reg_pp0_iter1_data_719_val760_phi_reg_37954    |    9|          2|   16|         32|
    |ap_phi_reg_pp0_iter1_data_71_val112_phi_reg_30178     |    9|          2|   16|         32|
    |ap_phi_reg_pp0_iter1_data_720_val761_phi_reg_37966    |    9|          2|   16|         32|
    |ap_phi_reg_pp0_iter1_data_721_val762_phi_reg_37978    |    9|          2|   16|         32|
    |ap_phi_reg_pp0_iter1_data_722_val763_phi_reg_37990    |    9|          2|   16|         32|
    |ap_phi_reg_pp0_iter1_data_723_val764_phi_reg_38002    |    9|          2|   16|         32|
    |ap_phi_reg_pp0_iter1_data_724_val765_phi_reg_38014    |    9|          2|   16|         32|
    |ap_phi_reg_pp0_iter1_data_725_val766_phi_reg_38026    |    9|          2|   16|         32|
    |ap_phi_reg_pp0_iter1_data_726_val767_phi_reg_38038    |    9|          2|   16|         32|
    |ap_phi_reg_pp0_iter1_data_727_val768_phi_reg_38050    |    9|          2|   16|         32|
    |ap_phi_reg_pp0_iter1_data_728_val769_phi_reg_38062    |    9|          2|   16|         32|
    |ap_phi_reg_pp0_iter1_data_729_val770_phi_reg_38074    |    9|          2|   16|         32|
    |ap_phi_reg_pp0_iter1_data_72_val113_phi_reg_30190     |    9|          2|   16|         32|
    |ap_phi_reg_pp0_iter1_data_730_val771_phi_reg_38086    |    9|          2|   16|         32|
    |ap_phi_reg_pp0_iter1_data_731_val772_phi_reg_38098    |    9|          2|   16|         32|
    |ap_phi_reg_pp0_iter1_data_732_val773_phi_reg_38110    |    9|          2|   16|         32|
    |ap_phi_reg_pp0_iter1_data_733_val774_phi_reg_38122    |    9|          2|   16|         32|
    |ap_phi_reg_pp0_iter1_data_734_val775_phi_reg_38134    |    9|          2|   16|         32|
    |ap_phi_reg_pp0_iter1_data_735_val776_phi_reg_38146    |    9|          2|   16|         32|
    |ap_phi_reg_pp0_iter1_data_736_val777_phi_reg_38158    |    9|          2|   16|         32|
    |ap_phi_reg_pp0_iter1_data_737_val778_phi_reg_38170    |    9|          2|   16|         32|
    |ap_phi_reg_pp0_iter1_data_738_val779_phi_reg_38182    |    9|          2|   16|         32|
    |ap_phi_reg_pp0_iter1_data_739_val780_phi_reg_38194    |    9|          2|   16|         32|
    |ap_phi_reg_pp0_iter1_data_73_val114_phi_reg_30202     |    9|          2|   16|         32|
    |ap_phi_reg_pp0_iter1_data_740_val781_phi_reg_38206    |    9|          2|   16|         32|
    |ap_phi_reg_pp0_iter1_data_741_val782_phi_reg_38218    |    9|          2|   16|         32|
    |ap_phi_reg_pp0_iter1_data_742_val783_phi_reg_38230    |    9|          2|   16|         32|
    |ap_phi_reg_pp0_iter1_data_743_val784_phi_reg_38242    |    9|          2|   16|         32|
    |ap_phi_reg_pp0_iter1_data_744_val785_phi_reg_38254    |    9|          2|   16|         32|
    |ap_phi_reg_pp0_iter1_data_745_val786_phi_reg_38266    |    9|          2|   16|         32|
    |ap_phi_reg_pp0_iter1_data_746_val787_phi_reg_38278    |    9|          2|   16|         32|
    |ap_phi_reg_pp0_iter1_data_747_val788_phi_reg_38290    |    9|          2|   16|         32|
    |ap_phi_reg_pp0_iter1_data_748_val789_phi_reg_38302    |    9|          2|   16|         32|
    |ap_phi_reg_pp0_iter1_data_749_val790_phi_reg_38314    |    9|          2|   16|         32|
    |ap_phi_reg_pp0_iter1_data_74_val115_phi_reg_30214     |    9|          2|   16|         32|
    |ap_phi_reg_pp0_iter1_data_750_val791_phi_reg_38326    |    9|          2|   16|         32|
    |ap_phi_reg_pp0_iter1_data_751_val792_phi_reg_38338    |    9|          2|   16|         32|
    |ap_phi_reg_pp0_iter1_data_752_val793_phi_reg_38350    |    9|          2|   16|         32|
    |ap_phi_reg_pp0_iter1_data_753_val794_phi_reg_38362    |    9|          2|   16|         32|
    |ap_phi_reg_pp0_iter1_data_754_val795_phi_reg_38374    |    9|          2|   16|         32|
    |ap_phi_reg_pp0_iter1_data_755_val796_phi_reg_38386    |    9|          2|   16|         32|
    |ap_phi_reg_pp0_iter1_data_756_val797_phi_reg_38398    |    9|          2|   16|         32|
    |ap_phi_reg_pp0_iter1_data_757_val798_phi_reg_38410    |    9|          2|   16|         32|
    |ap_phi_reg_pp0_iter1_data_758_val799_phi_reg_38422    |    9|          2|   16|         32|
    |ap_phi_reg_pp0_iter1_data_759_val800_phi_reg_38434    |    9|          2|   16|         32|
    |ap_phi_reg_pp0_iter1_data_75_val116_phi_reg_30226     |    9|          2|   16|         32|
    |ap_phi_reg_pp0_iter1_data_760_val801_phi_reg_38446    |    9|          2|   16|         32|
    |ap_phi_reg_pp0_iter1_data_761_val802_phi_reg_38458    |    9|          2|   16|         32|
    |ap_phi_reg_pp0_iter1_data_762_val803_phi_reg_38470    |    9|          2|   16|         32|
    |ap_phi_reg_pp0_iter1_data_763_val804_phi_reg_38482    |    9|          2|   16|         32|
    |ap_phi_reg_pp0_iter1_data_764_val805_phi_reg_38494    |    9|          2|   16|         32|
    |ap_phi_reg_pp0_iter1_data_765_val806_phi_reg_38506    |    9|          2|   16|         32|
    |ap_phi_reg_pp0_iter1_data_766_val807_phi_reg_38518    |    9|          2|   16|         32|
    |ap_phi_reg_pp0_iter1_data_767_val808_phi_reg_38530    |    9|          2|   16|         32|
    |ap_phi_reg_pp0_iter1_data_768_val809_phi_reg_38542    |    9|          2|   16|         32|
    |ap_phi_reg_pp0_iter1_data_769_val810_phi_reg_38554    |    9|          2|   16|         32|
    |ap_phi_reg_pp0_iter1_data_76_val117_phi_reg_30238     |    9|          2|   16|         32|
    |ap_phi_reg_pp0_iter1_data_770_val811_phi_reg_38566    |    9|          2|   16|         32|
    |ap_phi_reg_pp0_iter1_data_771_val812_phi_reg_38578    |    9|          2|   16|         32|
    |ap_phi_reg_pp0_iter1_data_772_val813_phi_reg_38590    |    9|          2|   16|         32|
    |ap_phi_reg_pp0_iter1_data_773_val814_phi_reg_38602    |    9|          2|   16|         32|
    |ap_phi_reg_pp0_iter1_data_774_val815_phi_reg_38614    |    9|          2|   16|         32|
    |ap_phi_reg_pp0_iter1_data_775_val816_phi_reg_38626    |    9|          2|   16|         32|
    |ap_phi_reg_pp0_iter1_data_776_val817_phi_reg_38638    |    9|          2|   16|         32|
    |ap_phi_reg_pp0_iter1_data_777_val818_phi_reg_38650    |    9|          2|   16|         32|
    |ap_phi_reg_pp0_iter1_data_778_val819_phi_reg_38662    |    9|          2|   16|         32|
    |ap_phi_reg_pp0_iter1_data_779_val820_phi_reg_38674    |    9|          2|   16|         32|
    |ap_phi_reg_pp0_iter1_data_77_val118_phi_reg_30250     |    9|          2|   16|         32|
    |ap_phi_reg_pp0_iter1_data_780_val821_phi_reg_38686    |    9|          2|   16|         32|
    |ap_phi_reg_pp0_iter1_data_781_val822_phi_reg_38698    |    9|          2|   16|         32|
    |ap_phi_reg_pp0_iter1_data_782_val823_phi_reg_38710    |    9|          2|   16|         32|
    |ap_phi_reg_pp0_iter1_data_783_val824_phi_reg_38722    |    9|          2|   16|         32|
    |ap_phi_reg_pp0_iter1_data_784_val825_phi_reg_38734    |    9|          2|   16|         32|
    |ap_phi_reg_pp0_iter1_data_785_val826_phi_reg_38746    |    9|          2|   16|         32|
    |ap_phi_reg_pp0_iter1_data_786_val827_phi_reg_38758    |    9|          2|   16|         32|
    |ap_phi_reg_pp0_iter1_data_787_val828_phi_reg_38770    |    9|          2|   16|         32|
    |ap_phi_reg_pp0_iter1_data_788_val829_phi_reg_38782    |    9|          2|   16|         32|
    |ap_phi_reg_pp0_iter1_data_789_val830_phi_reg_38794    |    9|          2|   16|         32|
    |ap_phi_reg_pp0_iter1_data_78_val119_phi_reg_30262     |    9|          2|   16|         32|
    |ap_phi_reg_pp0_iter1_data_790_val831_phi_reg_38806    |    9|          2|   16|         32|
    |ap_phi_reg_pp0_iter1_data_791_val832_phi_reg_38818    |    9|          2|   16|         32|
    |ap_phi_reg_pp0_iter1_data_792_val833_phi_reg_38830    |    9|          2|   16|         32|
    |ap_phi_reg_pp0_iter1_data_793_val834_phi_reg_38842    |    9|          2|   16|         32|
    |ap_phi_reg_pp0_iter1_data_794_val835_phi_reg_38854    |    9|          2|   16|         32|
    |ap_phi_reg_pp0_iter1_data_795_val836_phi_reg_38866    |    9|          2|   16|         32|
    |ap_phi_reg_pp0_iter1_data_796_val837_phi_reg_38878    |    9|          2|   16|         32|
    |ap_phi_reg_pp0_iter1_data_797_val838_phi_reg_38890    |    9|          2|   16|         32|
    |ap_phi_reg_pp0_iter1_data_798_val839_phi_reg_38902    |    9|          2|   16|         32|
    |ap_phi_reg_pp0_iter1_data_799_val840_phi_reg_38914    |    9|          2|   16|         32|
    |ap_phi_reg_pp0_iter1_data_79_val120_phi_reg_30274     |    9|          2|   16|         32|
    |ap_phi_reg_pp0_iter1_data_7_val48_phi_reg_29410       |    9|          2|   16|         32|
    |ap_phi_reg_pp0_iter1_data_800_val841_phi_reg_38926    |    9|          2|   16|         32|
    |ap_phi_reg_pp0_iter1_data_801_val842_phi_reg_38938    |    9|          2|   16|         32|
    |ap_phi_reg_pp0_iter1_data_802_val843_phi_reg_38950    |    9|          2|   16|         32|
    |ap_phi_reg_pp0_iter1_data_803_val844_phi_reg_38962    |    9|          2|   16|         32|
    |ap_phi_reg_pp0_iter1_data_804_val845_phi_reg_38974    |    9|          2|   16|         32|
    |ap_phi_reg_pp0_iter1_data_805_val846_phi_reg_38986    |    9|          2|   16|         32|
    |ap_phi_reg_pp0_iter1_data_806_val847_phi_reg_38998    |    9|          2|   16|         32|
    |ap_phi_reg_pp0_iter1_data_807_val848_phi_reg_39010    |    9|          2|   16|         32|
    |ap_phi_reg_pp0_iter1_data_808_val849_phi_reg_39022    |    9|          2|   16|         32|
    |ap_phi_reg_pp0_iter1_data_809_val850_phi_reg_39034    |    9|          2|   16|         32|
    |ap_phi_reg_pp0_iter1_data_80_val121_phi_reg_30286     |    9|          2|   16|         32|
    |ap_phi_reg_pp0_iter1_data_810_val851_phi_reg_39046    |    9|          2|   16|         32|
    |ap_phi_reg_pp0_iter1_data_811_val852_phi_reg_39058    |    9|          2|   16|         32|
    |ap_phi_reg_pp0_iter1_data_812_val853_phi_reg_39070    |    9|          2|   16|         32|
    |ap_phi_reg_pp0_iter1_data_813_val854_phi_reg_39082    |    9|          2|   16|         32|
    |ap_phi_reg_pp0_iter1_data_814_val855_phi_reg_39094    |    9|          2|   16|         32|
    |ap_phi_reg_pp0_iter1_data_815_val856_phi_reg_39106    |    9|          2|   16|         32|
    |ap_phi_reg_pp0_iter1_data_816_val857_phi_reg_39118    |    9|          2|   16|         32|
    |ap_phi_reg_pp0_iter1_data_817_val858_phi_reg_39130    |    9|          2|   16|         32|
    |ap_phi_reg_pp0_iter1_data_818_val859_phi_reg_39142    |    9|          2|   16|         32|
    |ap_phi_reg_pp0_iter1_data_819_val860_phi_reg_39154    |    9|          2|   16|         32|
    |ap_phi_reg_pp0_iter1_data_81_val122_phi_reg_30298     |    9|          2|   16|         32|
    |ap_phi_reg_pp0_iter1_data_820_val861_phi_reg_39166    |    9|          2|   16|         32|
    |ap_phi_reg_pp0_iter1_data_821_val862_phi_reg_39178    |    9|          2|   16|         32|
    |ap_phi_reg_pp0_iter1_data_822_val863_phi_reg_39190    |    9|          2|   16|         32|
    |ap_phi_reg_pp0_iter1_data_823_val864_phi_reg_39202    |    9|          2|   16|         32|
    |ap_phi_reg_pp0_iter1_data_824_val865_phi_reg_39214    |    9|          2|   16|         32|
    |ap_phi_reg_pp0_iter1_data_825_val866_phi_reg_39226    |    9|          2|   16|         32|
    |ap_phi_reg_pp0_iter1_data_826_val867_phi_reg_39238    |    9|          2|   16|         32|
    |ap_phi_reg_pp0_iter1_data_827_val868_phi_reg_39250    |    9|          2|   16|         32|
    |ap_phi_reg_pp0_iter1_data_828_val869_phi_reg_39262    |    9|          2|   16|         32|
    |ap_phi_reg_pp0_iter1_data_829_val870_phi_reg_39274    |    9|          2|   16|         32|
    |ap_phi_reg_pp0_iter1_data_82_val123_phi_reg_30310     |    9|          2|   16|         32|
    |ap_phi_reg_pp0_iter1_data_830_val871_phi_reg_39286    |    9|          2|   16|         32|
    |ap_phi_reg_pp0_iter1_data_831_val872_phi_reg_39298    |    9|          2|   16|         32|
    |ap_phi_reg_pp0_iter1_data_832_val873_phi_reg_39310    |    9|          2|   16|         32|
    |ap_phi_reg_pp0_iter1_data_833_val874_phi_reg_39322    |    9|          2|   16|         32|
    |ap_phi_reg_pp0_iter1_data_834_val875_phi_reg_39334    |    9|          2|   16|         32|
    |ap_phi_reg_pp0_iter1_data_835_val876_phi_reg_39346    |    9|          2|   16|         32|
    |ap_phi_reg_pp0_iter1_data_836_val877_phi_reg_39358    |    9|          2|   16|         32|
    |ap_phi_reg_pp0_iter1_data_837_val878_phi_reg_39370    |    9|          2|   16|         32|
    |ap_phi_reg_pp0_iter1_data_838_val879_phi_reg_39382    |    9|          2|   16|         32|
    |ap_phi_reg_pp0_iter1_data_839_val880_phi_reg_39394    |    9|          2|   16|         32|
    |ap_phi_reg_pp0_iter1_data_83_val124_phi_reg_30322     |    9|          2|   16|         32|
    |ap_phi_reg_pp0_iter1_data_840_val881_phi_reg_39406    |    9|          2|   16|         32|
    |ap_phi_reg_pp0_iter1_data_841_val882_phi_reg_39418    |    9|          2|   16|         32|
    |ap_phi_reg_pp0_iter1_data_842_val883_phi_reg_39430    |    9|          2|   16|         32|
    |ap_phi_reg_pp0_iter1_data_843_val884_phi_reg_39442    |    9|          2|   16|         32|
    |ap_phi_reg_pp0_iter1_data_844_val885_phi_reg_39454    |    9|          2|   16|         32|
    |ap_phi_reg_pp0_iter1_data_845_val886_phi_reg_39466    |    9|          2|   16|         32|
    |ap_phi_reg_pp0_iter1_data_846_val887_phi_reg_39478    |    9|          2|   16|         32|
    |ap_phi_reg_pp0_iter1_data_847_val888_phi_reg_39490    |    9|          2|   16|         32|
    |ap_phi_reg_pp0_iter1_data_848_val889_phi_reg_39502    |    9|          2|   16|         32|
    |ap_phi_reg_pp0_iter1_data_849_val890_phi_reg_39514    |    9|          2|   16|         32|
    |ap_phi_reg_pp0_iter1_data_84_val125_phi_reg_30334     |    9|          2|   16|         32|
    |ap_phi_reg_pp0_iter1_data_850_val891_phi_reg_39526    |    9|          2|   16|         32|
    |ap_phi_reg_pp0_iter1_data_851_val892_phi_reg_39538    |    9|          2|   16|         32|
    |ap_phi_reg_pp0_iter1_data_852_val893_phi_reg_39550    |    9|          2|   16|         32|
    |ap_phi_reg_pp0_iter1_data_853_val894_phi_reg_39562    |    9|          2|   16|         32|
    |ap_phi_reg_pp0_iter1_data_854_val895_phi_reg_39574    |    9|          2|   16|         32|
    |ap_phi_reg_pp0_iter1_data_855_val896_phi_reg_39586    |    9|          2|   16|         32|
    |ap_phi_reg_pp0_iter1_data_856_val897_phi_reg_39598    |    9|          2|   16|         32|
    |ap_phi_reg_pp0_iter1_data_857_val898_phi_reg_39610    |    9|          2|   16|         32|
    |ap_phi_reg_pp0_iter1_data_858_val899_phi_reg_39622    |    9|          2|   16|         32|
    |ap_phi_reg_pp0_iter1_data_859_val900_phi_reg_39634    |    9|          2|   16|         32|
    |ap_phi_reg_pp0_iter1_data_85_val126_phi_reg_30346     |    9|          2|   16|         32|
    |ap_phi_reg_pp0_iter1_data_860_val901_phi_reg_39646    |    9|          2|   16|         32|
    |ap_phi_reg_pp0_iter1_data_861_val902_phi_reg_39658    |    9|          2|   16|         32|
    |ap_phi_reg_pp0_iter1_data_862_val903_phi_reg_39670    |    9|          2|   16|         32|
    |ap_phi_reg_pp0_iter1_data_863_val904_phi_reg_39682    |    9|          2|   16|         32|
    |ap_phi_reg_pp0_iter1_data_864_val905_phi_reg_39694    |    9|          2|   16|         32|
    |ap_phi_reg_pp0_iter1_data_865_val906_phi_reg_39706    |    9|          2|   16|         32|
    |ap_phi_reg_pp0_iter1_data_866_val907_phi_reg_39718    |    9|          2|   16|         32|
    |ap_phi_reg_pp0_iter1_data_867_val908_phi_reg_39730    |    9|          2|   16|         32|
    |ap_phi_reg_pp0_iter1_data_868_val909_phi_reg_39742    |    9|          2|   16|         32|
    |ap_phi_reg_pp0_iter1_data_869_val910_phi_reg_39754    |    9|          2|   16|         32|
    |ap_phi_reg_pp0_iter1_data_86_val127_phi_reg_30358     |    9|          2|   16|         32|
    |ap_phi_reg_pp0_iter1_data_870_val911_phi_reg_39766    |    9|          2|   16|         32|
    |ap_phi_reg_pp0_iter1_data_871_val912_phi_reg_39778    |    9|          2|   16|         32|
    |ap_phi_reg_pp0_iter1_data_872_val913_phi_reg_39790    |    9|          2|   16|         32|
    |ap_phi_reg_pp0_iter1_data_873_val914_phi_reg_39802    |    9|          2|   16|         32|
    |ap_phi_reg_pp0_iter1_data_874_val915_phi_reg_39814    |    9|          2|   16|         32|
    |ap_phi_reg_pp0_iter1_data_875_val916_phi_reg_39826    |    9|          2|   16|         32|
    |ap_phi_reg_pp0_iter1_data_876_val917_phi_reg_39838    |    9|          2|   16|         32|
    |ap_phi_reg_pp0_iter1_data_877_val918_phi_reg_39850    |    9|          2|   16|         32|
    |ap_phi_reg_pp0_iter1_data_878_val919_phi_reg_39862    |    9|          2|   16|         32|
    |ap_phi_reg_pp0_iter1_data_879_val920_phi_reg_39874    |    9|          2|   16|         32|
    |ap_phi_reg_pp0_iter1_data_87_val128_phi_reg_30370     |    9|          2|   16|         32|
    |ap_phi_reg_pp0_iter1_data_880_val921_phi_reg_39886    |    9|          2|   16|         32|
    |ap_phi_reg_pp0_iter1_data_881_val922_phi_reg_39898    |    9|          2|   16|         32|
    |ap_phi_reg_pp0_iter1_data_882_val923_phi_reg_39910    |    9|          2|   16|         32|
    |ap_phi_reg_pp0_iter1_data_883_val924_phi_reg_39922    |    9|          2|   16|         32|
    |ap_phi_reg_pp0_iter1_data_884_val925_phi_reg_39934    |    9|          2|   16|         32|
    |ap_phi_reg_pp0_iter1_data_885_val926_phi_reg_39946    |    9|          2|   16|         32|
    |ap_phi_reg_pp0_iter1_data_886_val927_phi_reg_39958    |    9|          2|   16|         32|
    |ap_phi_reg_pp0_iter1_data_887_val928_phi_reg_39970    |    9|          2|   16|         32|
    |ap_phi_reg_pp0_iter1_data_888_val929_phi_reg_39982    |    9|          2|   16|         32|
    |ap_phi_reg_pp0_iter1_data_889_val930_phi_reg_39994    |    9|          2|   16|         32|
    |ap_phi_reg_pp0_iter1_data_88_val129_phi_reg_30382     |    9|          2|   16|         32|
    |ap_phi_reg_pp0_iter1_data_890_val931_phi_reg_40006    |    9|          2|   16|         32|
    |ap_phi_reg_pp0_iter1_data_891_val932_phi_reg_40018    |    9|          2|   16|         32|
    |ap_phi_reg_pp0_iter1_data_892_val933_phi_reg_40030    |    9|          2|   16|         32|
    |ap_phi_reg_pp0_iter1_data_893_val934_phi_reg_40042    |    9|          2|   16|         32|
    |ap_phi_reg_pp0_iter1_data_894_val935_phi_reg_40054    |    9|          2|   16|         32|
    |ap_phi_reg_pp0_iter1_data_895_val936_phi_reg_40066    |    9|          2|   16|         32|
    |ap_phi_reg_pp0_iter1_data_896_val937_phi_reg_40078    |    9|          2|   16|         32|
    |ap_phi_reg_pp0_iter1_data_897_val938_phi_reg_40090    |    9|          2|   16|         32|
    |ap_phi_reg_pp0_iter1_data_898_val939_phi_reg_40102    |    9|          2|   16|         32|
    |ap_phi_reg_pp0_iter1_data_899_val940_phi_reg_40114    |    9|          2|   16|         32|
    |ap_phi_reg_pp0_iter1_data_89_val130_phi_reg_30394     |    9|          2|   16|         32|
    |ap_phi_reg_pp0_iter1_data_8_val49_phi_reg_29422       |    9|          2|   16|         32|
    |ap_phi_reg_pp0_iter1_data_900_val941_phi_reg_40126    |    9|          2|   16|         32|
    |ap_phi_reg_pp0_iter1_data_901_val942_phi_reg_40138    |    9|          2|   16|         32|
    |ap_phi_reg_pp0_iter1_data_902_val943_phi_reg_40150    |    9|          2|   16|         32|
    |ap_phi_reg_pp0_iter1_data_903_val944_phi_reg_40162    |    9|          2|   16|         32|
    |ap_phi_reg_pp0_iter1_data_904_val945_phi_reg_40174    |    9|          2|   16|         32|
    |ap_phi_reg_pp0_iter1_data_905_val946_phi_reg_40186    |    9|          2|   16|         32|
    |ap_phi_reg_pp0_iter1_data_906_val947_phi_reg_40198    |    9|          2|   16|         32|
    |ap_phi_reg_pp0_iter1_data_907_val948_phi_reg_40210    |    9|          2|   16|         32|
    |ap_phi_reg_pp0_iter1_data_908_val949_phi_reg_40222    |    9|          2|   16|         32|
    |ap_phi_reg_pp0_iter1_data_909_val950_phi_reg_40234    |    9|          2|   16|         32|
    |ap_phi_reg_pp0_iter1_data_90_val131_phi_reg_30406     |    9|          2|   16|         32|
    |ap_phi_reg_pp0_iter1_data_910_val951_phi_reg_40246    |    9|          2|   16|         32|
    |ap_phi_reg_pp0_iter1_data_911_val952_phi_reg_40258    |    9|          2|   16|         32|
    |ap_phi_reg_pp0_iter1_data_912_val953_phi_reg_40270    |    9|          2|   16|         32|
    |ap_phi_reg_pp0_iter1_data_913_val954_phi_reg_40282    |    9|          2|   16|         32|
    |ap_phi_reg_pp0_iter1_data_914_val955_phi_reg_40294    |    9|          2|   16|         32|
    |ap_phi_reg_pp0_iter1_data_915_val956_phi_reg_40306    |    9|          2|   16|         32|
    |ap_phi_reg_pp0_iter1_data_916_val957_phi_reg_40318    |    9|          2|   16|         32|
    |ap_phi_reg_pp0_iter1_data_917_val958_phi_reg_40330    |    9|          2|   16|         32|
    |ap_phi_reg_pp0_iter1_data_918_val959_phi_reg_40342    |    9|          2|   16|         32|
    |ap_phi_reg_pp0_iter1_data_919_val960_phi_reg_40354    |    9|          2|   16|         32|
    |ap_phi_reg_pp0_iter1_data_91_val132_phi_reg_30418     |    9|          2|   16|         32|
    |ap_phi_reg_pp0_iter1_data_920_val961_phi_reg_40366    |    9|          2|   16|         32|
    |ap_phi_reg_pp0_iter1_data_921_val962_phi_reg_40378    |    9|          2|   16|         32|
    |ap_phi_reg_pp0_iter1_data_922_val963_phi_reg_40390    |    9|          2|   16|         32|
    |ap_phi_reg_pp0_iter1_data_923_val964_phi_reg_40402    |    9|          2|   16|         32|
    |ap_phi_reg_pp0_iter1_data_924_val965_phi_reg_40414    |    9|          2|   16|         32|
    |ap_phi_reg_pp0_iter1_data_925_val966_phi_reg_40426    |    9|          2|   16|         32|
    |ap_phi_reg_pp0_iter1_data_926_val967_phi_reg_40438    |    9|          2|   16|         32|
    |ap_phi_reg_pp0_iter1_data_927_val968_phi_reg_40450    |    9|          2|   16|         32|
    |ap_phi_reg_pp0_iter1_data_928_val969_phi_reg_40462    |    9|          2|   16|         32|
    |ap_phi_reg_pp0_iter1_data_929_val970_phi_reg_40474    |    9|          2|   16|         32|
    |ap_phi_reg_pp0_iter1_data_92_val133_phi_reg_30430     |    9|          2|   16|         32|
    |ap_phi_reg_pp0_iter1_data_930_val971_phi_reg_40486    |    9|          2|   16|         32|
    |ap_phi_reg_pp0_iter1_data_931_val972_phi_reg_40498    |    9|          2|   16|         32|
    |ap_phi_reg_pp0_iter1_data_932_val973_phi_reg_40510    |    9|          2|   16|         32|
    |ap_phi_reg_pp0_iter1_data_933_val974_phi_reg_40522    |    9|          2|   16|         32|
    |ap_phi_reg_pp0_iter1_data_934_val975_phi_reg_40534    |    9|          2|   16|         32|
    |ap_phi_reg_pp0_iter1_data_935_val976_phi_reg_40546    |    9|          2|   16|         32|
    |ap_phi_reg_pp0_iter1_data_936_val977_phi_reg_40558    |    9|          2|   16|         32|
    |ap_phi_reg_pp0_iter1_data_937_val978_phi_reg_40570    |    9|          2|   16|         32|
    |ap_phi_reg_pp0_iter1_data_938_val979_phi_reg_40582    |    9|          2|   16|         32|
    |ap_phi_reg_pp0_iter1_data_939_val980_phi_reg_40594    |    9|          2|   16|         32|
    |ap_phi_reg_pp0_iter1_data_93_val134_phi_reg_30442     |    9|          2|   16|         32|
    |ap_phi_reg_pp0_iter1_data_940_val981_phi_reg_40606    |    9|          2|   16|         32|
    |ap_phi_reg_pp0_iter1_data_941_val982_phi_reg_40618    |    9|          2|   16|         32|
    |ap_phi_reg_pp0_iter1_data_942_val983_phi_reg_40630    |    9|          2|   16|         32|
    |ap_phi_reg_pp0_iter1_data_943_val984_phi_reg_40642    |    9|          2|   16|         32|
    |ap_phi_reg_pp0_iter1_data_944_val985_phi_reg_40654    |    9|          2|   16|         32|
    |ap_phi_reg_pp0_iter1_data_945_val986_phi_reg_40666    |    9|          2|   16|         32|
    |ap_phi_reg_pp0_iter1_data_946_val987_phi_reg_40678    |    9|          2|   16|         32|
    |ap_phi_reg_pp0_iter1_data_947_val988_phi_reg_40690    |    9|          2|   16|         32|
    |ap_phi_reg_pp0_iter1_data_948_val989_phi_reg_40702    |    9|          2|   16|         32|
    |ap_phi_reg_pp0_iter1_data_949_val990_phi_reg_40714    |    9|          2|   16|         32|
    |ap_phi_reg_pp0_iter1_data_94_val135_phi_reg_30454     |    9|          2|   16|         32|
    |ap_phi_reg_pp0_iter1_data_950_val991_phi_reg_40726    |    9|          2|   16|         32|
    |ap_phi_reg_pp0_iter1_data_951_val992_phi_reg_40738    |    9|          2|   16|         32|
    |ap_phi_reg_pp0_iter1_data_952_val993_phi_reg_40750    |    9|          2|   16|         32|
    |ap_phi_reg_pp0_iter1_data_953_val994_phi_reg_40762    |    9|          2|   16|         32|
    |ap_phi_reg_pp0_iter1_data_954_val995_phi_reg_40774    |    9|          2|   16|         32|
    |ap_phi_reg_pp0_iter1_data_955_val996_phi_reg_40786    |    9|          2|   16|         32|
    |ap_phi_reg_pp0_iter1_data_956_val997_phi_reg_40798    |    9|          2|   16|         32|
    |ap_phi_reg_pp0_iter1_data_957_val998_phi_reg_40810    |    9|          2|   16|         32|
    |ap_phi_reg_pp0_iter1_data_958_val999_phi_reg_40822    |    9|          2|   16|         32|
    |ap_phi_reg_pp0_iter1_data_959_val1000_phi_reg_40834   |    9|          2|   16|         32|
    |ap_phi_reg_pp0_iter1_data_95_val136_phi_reg_30466     |    9|          2|   16|         32|
    |ap_phi_reg_pp0_iter1_data_960_val1001_phi_reg_40846   |    9|          2|   16|         32|
    |ap_phi_reg_pp0_iter1_data_961_val1002_phi_reg_40858   |    9|          2|   16|         32|
    |ap_phi_reg_pp0_iter1_data_962_val1003_phi_reg_40870   |    9|          2|   16|         32|
    |ap_phi_reg_pp0_iter1_data_963_val1004_phi_reg_40882   |    9|          2|   16|         32|
    |ap_phi_reg_pp0_iter1_data_964_val1005_phi_reg_40894   |    9|          2|   16|         32|
    |ap_phi_reg_pp0_iter1_data_965_val1006_phi_reg_40906   |    9|          2|   16|         32|
    |ap_phi_reg_pp0_iter1_data_966_val1007_phi_reg_40918   |    9|          2|   16|         32|
    |ap_phi_reg_pp0_iter1_data_967_val1008_phi_reg_40930   |    9|          2|   16|         32|
    |ap_phi_reg_pp0_iter1_data_968_val1009_phi_reg_40942   |    9|          2|   16|         32|
    |ap_phi_reg_pp0_iter1_data_969_val1010_phi_reg_40954   |    9|          2|   16|         32|
    |ap_phi_reg_pp0_iter1_data_96_val137_phi_reg_30478     |    9|          2|   16|         32|
    |ap_phi_reg_pp0_iter1_data_970_val1011_phi_reg_40966   |    9|          2|   16|         32|
    |ap_phi_reg_pp0_iter1_data_971_val1012_phi_reg_40978   |    9|          2|   16|         32|
    |ap_phi_reg_pp0_iter1_data_972_val1013_phi_reg_40990   |    9|          2|   16|         32|
    |ap_phi_reg_pp0_iter1_data_973_val1014_phi_reg_41002   |    9|          2|   16|         32|
    |ap_phi_reg_pp0_iter1_data_974_val1015_phi_reg_41014   |    9|          2|   16|         32|
    |ap_phi_reg_pp0_iter1_data_975_val1016_phi_reg_41026   |    9|          2|   16|         32|
    |ap_phi_reg_pp0_iter1_data_976_val1017_phi_reg_41038   |    9|          2|   16|         32|
    |ap_phi_reg_pp0_iter1_data_977_val1018_phi_reg_41050   |    9|          2|   16|         32|
    |ap_phi_reg_pp0_iter1_data_978_val1019_phi_reg_41062   |    9|          2|   16|         32|
    |ap_phi_reg_pp0_iter1_data_979_val1020_phi_reg_41074   |    9|          2|   16|         32|
    |ap_phi_reg_pp0_iter1_data_97_val138_phi_reg_30490     |    9|          2|   16|         32|
    |ap_phi_reg_pp0_iter1_data_980_val1021_phi_reg_41086   |    9|          2|   16|         32|
    |ap_phi_reg_pp0_iter1_data_981_val1022_phi_reg_41098   |    9|          2|   16|         32|
    |ap_phi_reg_pp0_iter1_data_982_val1023_phi_reg_41110   |    9|          2|   16|         32|
    |ap_phi_reg_pp0_iter1_data_983_val1024_phi_reg_41122   |    9|          2|   16|         32|
    |ap_phi_reg_pp0_iter1_data_984_val1025_phi_reg_41134   |    9|          2|   16|         32|
    |ap_phi_reg_pp0_iter1_data_985_val1026_phi_reg_41146   |    9|          2|   16|         32|
    |ap_phi_reg_pp0_iter1_data_986_val1027_phi_reg_41158   |    9|          2|   16|         32|
    |ap_phi_reg_pp0_iter1_data_987_val1028_phi_reg_41170   |    9|          2|   16|         32|
    |ap_phi_reg_pp0_iter1_data_988_val1029_phi_reg_41182   |    9|          2|   16|         32|
    |ap_phi_reg_pp0_iter1_data_989_val1030_phi_reg_41194   |    9|          2|   16|         32|
    |ap_phi_reg_pp0_iter1_data_98_val139_phi_reg_30502     |    9|          2|   16|         32|
    |ap_phi_reg_pp0_iter1_data_990_val1031_phi_reg_41206   |    9|          2|   16|         32|
    |ap_phi_reg_pp0_iter1_data_991_val1032_phi_reg_41218   |    9|          2|   16|         32|
    |ap_phi_reg_pp0_iter1_data_992_val1033_phi_reg_41230   |    9|          2|   16|         32|
    |ap_phi_reg_pp0_iter1_data_993_val1034_phi_reg_41242   |    9|          2|   16|         32|
    |ap_phi_reg_pp0_iter1_data_994_val1035_phi_reg_41254   |    9|          2|   16|         32|
    |ap_phi_reg_pp0_iter1_data_995_val1036_phi_reg_41266   |    9|          2|   16|         32|
    |ap_phi_reg_pp0_iter1_data_996_val1037_phi_reg_41278   |    9|          2|   16|         32|
    |ap_phi_reg_pp0_iter1_data_997_val1038_phi_reg_41290   |    9|          2|   16|         32|
    |ap_phi_reg_pp0_iter1_data_998_val1039_phi_reg_41302   |    9|          2|   16|         32|
    |ap_phi_reg_pp0_iter1_data_999_val1040_phi_reg_41314   |    9|          2|   16|         32|
    |ap_phi_reg_pp0_iter1_data_99_val140_phi_reg_30514     |    9|          2|   16|         32|
    |ap_phi_reg_pp0_iter1_data_9_val50_phi_reg_29434       |    9|          2|   16|         32|
    |ap_return_0                                           |    9|          2|   16|         32|
    |ap_return_1                                           |    9|          2|   16|         32|
    |ap_return_10                                          |    9|          2|   16|         32|
    |ap_return_11                                          |    9|          2|   16|         32|
    |ap_return_2                                           |    9|          2|   16|         32|
    |ap_return_3                                           |    9|          2|   16|         32|
    |ap_return_4                                           |    9|          2|   16|         32|
    |ap_return_5                                           |    9|          2|   16|         32|
    |ap_return_6                                           |    9|          2|   16|         32|
    |ap_return_7                                           |    9|          2|   16|         32|
    |ap_return_8                                           |    9|          2|   16|         32|
    |ap_return_9                                           |    9|          2|   16|         32|
    |conv_i2_i_111125_reg_44892                            |    9|          2|   18|         36|
    |conv_i2_i_171223_reg_44906                            |    9|          2|   18|         36|
    |conv_i2_i_231321_reg_44920                            |    9|          2|   18|         36|
    |conv_i2_i_291419_reg_44934                            |    9|          2|   18|         36|
    |conv_i2_i_351517_reg_44948                            |    9|          2|   18|         36|
    |conv_i2_i_411615_reg_44962                            |    9|          2|   18|         36|
    |conv_i2_i_471713_reg_44976                            |    9|          2|   18|         36|
    |conv_i2_i_51027_reg_44878                             |    9|          2|   18|         36|
    |conv_i2_i_531811_reg_44990                            |    9|          2|   18|         36|
    |conv_i2_i_59199_reg_45004                             |    9|          2|   18|         36|
    |conv_i2_i_65207_reg_45018                             |    9|          2|   18|         36|
    |conv_i2_i_71215_reg_45032                             |    9|          2|   18|         36|
    |data_0_val41_phi_reg_29326                            |    9|          2|   16|         32|
    |data_1000_val1041_phi_reg_41326                       |    9|          2|   16|         32|
    |data_1001_val1042_phi_reg_41338                       |    9|          2|   16|         32|
    |data_1002_val1043_phi_reg_41350                       |    9|          2|   16|         32|
    |data_1003_val1044_phi_reg_41362                       |    9|          2|   16|         32|
    |data_1004_val1045_phi_reg_41374                       |    9|          2|   16|         32|
    |data_1005_val1046_phi_reg_41386                       |    9|          2|   16|         32|
    |data_1006_val1047_phi_reg_41398                       |    9|          2|   16|         32|
    |data_1007_val1048_phi_reg_41410                       |    9|          2|   16|         32|
    |data_1008_val1049_phi_reg_41422                       |    9|          2|   16|         32|
    |data_1009_val1050_phi_reg_41434                       |    9|          2|   16|         32|
    |data_100_val141_phi_reg_30526                         |    9|          2|   16|         32|
    |data_1010_val1051_phi_reg_41446                       |    9|          2|   16|         32|
    |data_1011_val1052_phi_reg_41458                       |    9|          2|   16|         32|
    |data_1012_val1053_phi_reg_41470                       |    9|          2|   16|         32|
    |data_1013_val1054_phi_reg_41482                       |    9|          2|   16|         32|
    |data_1014_val1055_phi_reg_41494                       |    9|          2|   16|         32|
    |data_1015_val1056_phi_reg_41506                       |    9|          2|   16|         32|
    |data_1016_val1057_phi_reg_41518                       |    9|          2|   16|         32|
    |data_1017_val1058_phi_reg_41530                       |    9|          2|   16|         32|
    |data_1018_val1059_phi_reg_41542                       |    9|          2|   16|         32|
    |data_1019_val1060_phi_reg_41554                       |    9|          2|   16|         32|
    |data_101_val142_phi_reg_30538                         |    9|          2|   16|         32|
    |data_1020_val1061_phi_reg_41566                       |    9|          2|   16|         32|
    |data_1021_val1062_phi_reg_41578                       |    9|          2|   16|         32|
    |data_1022_val1063_phi_reg_41590                       |    9|          2|   16|         32|
    |data_1023_val1064_phi_reg_41602                       |    9|          2|   16|         32|
    |data_1024_val1065_phi_reg_41614                       |    9|          2|   16|         32|
    |data_1025_val1066_phi_reg_41626                       |    9|          2|   16|         32|
    |data_1026_val1067_phi_reg_41638                       |    9|          2|   16|         32|
    |data_1027_val1068_phi_reg_41650                       |    9|          2|   16|         32|
    |data_1028_val1069_phi_reg_41662                       |    9|          2|   16|         32|
    |data_1029_val1070_phi_reg_41674                       |    9|          2|   16|         32|
    |data_102_val143_phi_reg_30550                         |    9|          2|   16|         32|
    |data_1030_val1071_phi_reg_41686                       |    9|          2|   16|         32|
    |data_1031_val1072_phi_reg_41698                       |    9|          2|   16|         32|
    |data_1032_val1073_phi_reg_41710                       |    9|          2|   16|         32|
    |data_1033_val1074_phi_reg_41722                       |    9|          2|   16|         32|
    |data_1034_val1075_phi_reg_41734                       |    9|          2|   16|         32|
    |data_1035_val1076_phi_reg_41746                       |    9|          2|   16|         32|
    |data_1036_val1077_phi_reg_41758                       |    9|          2|   16|         32|
    |data_1037_val1078_phi_reg_41770                       |    9|          2|   16|         32|
    |data_1038_val1079_phi_reg_41782                       |    9|          2|   16|         32|
    |data_1039_val1080_phi_reg_41794                       |    9|          2|   16|         32|
    |data_103_val144_phi_reg_30562                         |    9|          2|   16|         32|
    |data_1040_val1081_phi_reg_41806                       |    9|          2|   16|         32|
    |data_1041_val1082_phi_reg_41818                       |    9|          2|   16|         32|
    |data_1042_val1083_phi_reg_41830                       |    9|          2|   16|         32|
    |data_1043_val1084_phi_reg_41842                       |    9|          2|   16|         32|
    |data_1044_val1085_phi_reg_41854                       |    9|          2|   16|         32|
    |data_1045_val1086_phi_reg_41866                       |    9|          2|   16|         32|
    |data_1046_val1087_phi_reg_41878                       |    9|          2|   16|         32|
    |data_1047_val1088_phi_reg_41890                       |    9|          2|   16|         32|
    |data_1048_val1089_phi_reg_41902                       |    9|          2|   16|         32|
    |data_1049_val1090_phi_reg_41914                       |    9|          2|   16|         32|
    |data_104_val145_phi_reg_30574                         |    9|          2|   16|         32|
    |data_1050_val1091_phi_reg_41926                       |    9|          2|   16|         32|
    |data_1051_val1092_phi_reg_41938                       |    9|          2|   16|         32|
    |data_1052_val1093_phi_reg_41950                       |    9|          2|   16|         32|
    |data_1053_val1094_phi_reg_41962                       |    9|          2|   16|         32|
    |data_1054_val1095_phi_reg_41974                       |    9|          2|   16|         32|
    |data_1055_val1096_phi_reg_41986                       |    9|          2|   16|         32|
    |data_1056_val1097_phi_reg_41998                       |    9|          2|   16|         32|
    |data_1057_val1098_phi_reg_42010                       |    9|          2|   16|         32|
    |data_1058_val1099_phi_reg_42022                       |    9|          2|   16|         32|
    |data_1059_val1100_phi_reg_42034                       |    9|          2|   16|         32|
    |data_105_val146_phi_reg_30586                         |    9|          2|   16|         32|
    |data_1060_val1101_phi_reg_42046                       |    9|          2|   16|         32|
    |data_1061_val1102_phi_reg_42058                       |    9|          2|   16|         32|
    |data_1062_val1103_phi_reg_42070                       |    9|          2|   16|         32|
    |data_1063_val1104_phi_reg_42082                       |    9|          2|   16|         32|
    |data_1064_val1105_phi_reg_42094                       |    9|          2|   16|         32|
    |data_1065_val1106_phi_reg_42106                       |    9|          2|   16|         32|
    |data_1066_val1107_phi_reg_42118                       |    9|          2|   16|         32|
    |data_1067_val1108_phi_reg_42130                       |    9|          2|   16|         32|
    |data_1068_val1109_phi_reg_42142                       |    9|          2|   16|         32|
    |data_1069_val1110_phi_reg_42154                       |    9|          2|   16|         32|
    |data_106_val147_phi_reg_30598                         |    9|          2|   16|         32|
    |data_1070_val1111_phi_reg_42166                       |    9|          2|   16|         32|
    |data_1071_val1112_phi_reg_42178                       |    9|          2|   16|         32|
    |data_1072_val1113_phi_reg_42190                       |    9|          2|   16|         32|
    |data_1073_val1114_phi_reg_42202                       |    9|          2|   16|         32|
    |data_1074_val1115_phi_reg_42214                       |    9|          2|   16|         32|
    |data_1075_val1116_phi_reg_42226                       |    9|          2|   16|         32|
    |data_1076_val1117_phi_reg_42238                       |    9|          2|   16|         32|
    |data_1077_val1118_phi_reg_42250                       |    9|          2|   16|         32|
    |data_1078_val1119_phi_reg_42262                       |    9|          2|   16|         32|
    |data_1079_val1120_phi_reg_42274                       |    9|          2|   16|         32|
    |data_107_val148_phi_reg_30610                         |    9|          2|   16|         32|
    |data_1080_val1121_phi_reg_42286                       |    9|          2|   16|         32|
    |data_1081_val1122_phi_reg_42298                       |    9|          2|   16|         32|
    |data_1082_val1123_phi_reg_42310                       |    9|          2|   16|         32|
    |data_1083_val1124_phi_reg_42322                       |    9|          2|   16|         32|
    |data_1084_val1125_phi_reg_42334                       |    9|          2|   16|         32|
    |data_1085_val1126_phi_reg_42346                       |    9|          2|   16|         32|
    |data_1086_val1127_phi_reg_42358                       |    9|          2|   16|         32|
    |data_1087_val1128_phi_reg_42370                       |    9|          2|   16|         32|
    |data_1088_val1129_phi_reg_42382                       |    9|          2|   16|         32|
    |data_1089_val1130_phi_reg_42394                       |    9|          2|   16|         32|
    |data_108_val149_phi_reg_30622                         |    9|          2|   16|         32|
    |data_1090_val1131_phi_reg_42406                       |    9|          2|   16|         32|
    |data_1091_val1132_phi_reg_42418                       |    9|          2|   16|         32|
    |data_1092_val1133_phi_reg_42430                       |    9|          2|   16|         32|
    |data_1093_val1134_phi_reg_42442                       |    9|          2|   16|         32|
    |data_1094_val1135_phi_reg_42454                       |    9|          2|   16|         32|
    |data_1095_val1136_phi_reg_42466                       |    9|          2|   16|         32|
    |data_1096_val1137_phi_reg_42478                       |    9|          2|   16|         32|
    |data_1097_val1138_phi_reg_42490                       |    9|          2|   16|         32|
    |data_1098_val1139_phi_reg_42502                       |    9|          2|   16|         32|
    |data_1099_val1140_phi_reg_42514                       |    9|          2|   16|         32|
    |data_109_val150_phi_reg_30634                         |    9|          2|   16|         32|
    |data_10_val51_phi_reg_29446                           |    9|          2|   16|         32|
    |data_1100_val1141_phi_reg_42526                       |    9|          2|   16|         32|
    |data_1101_val1142_phi_reg_42538                       |    9|          2|   16|         32|
    |data_1102_val1143_phi_reg_42550                       |    9|          2|   16|         32|
    |data_1103_val1144_phi_reg_42562                       |    9|          2|   16|         32|
    |data_1104_val1145_phi_reg_42574                       |    9|          2|   16|         32|
    |data_1105_val1146_phi_reg_42586                       |    9|          2|   16|         32|
    |data_1106_val1147_phi_reg_42598                       |    9|          2|   16|         32|
    |data_1107_val1148_phi_reg_42610                       |    9|          2|   16|         32|
    |data_1108_val1149_phi_reg_42622                       |    9|          2|   16|         32|
    |data_1109_val1150_phi_reg_42634                       |    9|          2|   16|         32|
    |data_110_val151_phi_reg_30646                         |    9|          2|   16|         32|
    |data_1110_val1151_phi_reg_42646                       |    9|          2|   16|         32|
    |data_1111_val1152_phi_reg_42658                       |    9|          2|   16|         32|
    |data_1112_val1153_phi_reg_42670                       |    9|          2|   16|         32|
    |data_1113_val1154_phi_reg_42682                       |    9|          2|   16|         32|
    |data_1114_val1155_phi_reg_42694                       |    9|          2|   16|         32|
    |data_1115_val1156_phi_reg_42706                       |    9|          2|   16|         32|
    |data_1116_val1157_phi_reg_42718                       |    9|          2|   16|         32|
    |data_1117_val1158_phi_reg_42730                       |    9|          2|   16|         32|
    |data_1118_val1159_phi_reg_42742                       |    9|          2|   16|         32|
    |data_1119_val1160_phi_reg_42754                       |    9|          2|   16|         32|
    |data_111_val152_phi_reg_30658                         |    9|          2|   16|         32|
    |data_1120_val1161_phi_reg_42766                       |    9|          2|   16|         32|
    |data_1121_val1162_phi_reg_42778                       |    9|          2|   16|         32|
    |data_1122_val1163_phi_reg_42790                       |    9|          2|   16|         32|
    |data_1123_val1164_phi_reg_42802                       |    9|          2|   16|         32|
    |data_1124_val1165_phi_reg_42814                       |    9|          2|   16|         32|
    |data_1125_val1166_phi_reg_42826                       |    9|          2|   16|         32|
    |data_1126_val1167_phi_reg_42838                       |    9|          2|   16|         32|
    |data_1127_val1168_phi_reg_42850                       |    9|          2|   16|         32|
    |data_1128_val1169_phi_reg_42862                       |    9|          2|   16|         32|
    |data_1129_val1170_phi_reg_42874                       |    9|          2|   16|         32|
    |data_112_val153_phi_reg_30670                         |    9|          2|   16|         32|
    |data_1130_val1171_phi_reg_42886                       |    9|          2|   16|         32|
    |data_1131_val1172_phi_reg_42898                       |    9|          2|   16|         32|
    |data_1132_val1173_phi_reg_42910                       |    9|          2|   16|         32|
    |data_1133_val1174_phi_reg_42922                       |    9|          2|   16|         32|
    |data_1134_val1175_phi_reg_42934                       |    9|          2|   16|         32|
    |data_1135_val1176_phi_reg_42946                       |    9|          2|   16|         32|
    |data_1136_val1177_phi_reg_42958                       |    9|          2|   16|         32|
    |data_1137_val1178_phi_reg_42970                       |    9|          2|   16|         32|
    |data_1138_val1179_phi_reg_42982                       |    9|          2|   16|         32|
    |data_1139_val1180_phi_reg_42994                       |    9|          2|   16|         32|
    |data_113_val154_phi_reg_30682                         |    9|          2|   16|         32|
    |data_1140_val1181_phi_reg_43006                       |    9|          2|   16|         32|
    |data_1141_val1182_phi_reg_43018                       |    9|          2|   16|         32|
    |data_1142_val1183_phi_reg_43030                       |    9|          2|   16|         32|
    |data_1143_val1184_phi_reg_43042                       |    9|          2|   16|         32|
    |data_1144_val1185_phi_reg_43054                       |    9|          2|   16|         32|
    |data_1145_val1186_phi_reg_43066                       |    9|          2|   16|         32|
    |data_1146_val1187_phi_reg_43078                       |    9|          2|   16|         32|
    |data_1147_val1188_phi_reg_43090                       |    9|          2|   16|         32|
    |data_1148_val1189_phi_reg_43102                       |    9|          2|   16|         32|
    |data_1149_val1190_phi_reg_43114                       |    9|          2|   16|         32|
    |data_114_val155_phi_reg_30694                         |    9|          2|   16|         32|
    |data_1150_val1191_phi_reg_43126                       |    9|          2|   16|         32|
    |data_1151_val1192_phi_reg_43138                       |    9|          2|   16|         32|
    |data_1152_val1193_phi_reg_43150                       |    9|          2|   16|         32|
    |data_1153_val1194_phi_reg_43162                       |    9|          2|   16|         32|
    |data_1154_val1195_phi_reg_43174                       |    9|          2|   16|         32|
    |data_1155_val1196_phi_reg_43186                       |    9|          2|   16|         32|
    |data_1156_val1197_phi_reg_43198                       |    9|          2|   16|         32|
    |data_1157_val1198_phi_reg_43210                       |    9|          2|   16|         32|
    |data_1158_val1199_phi_reg_43222                       |    9|          2|   16|         32|
    |data_1159_val1200_phi_reg_43234                       |    9|          2|   16|         32|
    |data_115_val156_phi_reg_30706                         |    9|          2|   16|         32|
    |data_1160_val1201_phi_reg_43246                       |    9|          2|   16|         32|
    |data_1161_val1202_phi_reg_43258                       |    9|          2|   16|         32|
    |data_1162_val1203_phi_reg_43270                       |    9|          2|   16|         32|
    |data_1163_val1204_phi_reg_43282                       |    9|          2|   16|         32|
    |data_1164_val1205_phi_reg_43294                       |    9|          2|   16|         32|
    |data_1165_val1206_phi_reg_43306                       |    9|          2|   16|         32|
    |data_1166_val1207_phi_reg_43318                       |    9|          2|   16|         32|
    |data_1167_val1208_phi_reg_43330                       |    9|          2|   16|         32|
    |data_1168_val1209_phi_reg_43342                       |    9|          2|   16|         32|
    |data_1169_val1210_phi_reg_43354                       |    9|          2|   16|         32|
    |data_116_val157_phi_reg_30718                         |    9|          2|   16|         32|
    |data_1170_val1211_phi_reg_43366                       |    9|          2|   16|         32|
    |data_1171_val1212_phi_reg_43378                       |    9|          2|   16|         32|
    |data_1172_val1213_phi_reg_43390                       |    9|          2|   16|         32|
    |data_1173_val1214_phi_reg_43402                       |    9|          2|   16|         32|
    |data_1174_val1215_phi_reg_43414                       |    9|          2|   16|         32|
    |data_1175_val1216_phi_reg_43426                       |    9|          2|   16|         32|
    |data_1176_val1217_phi_reg_43438                       |    9|          2|   16|         32|
    |data_1177_val1218_phi_reg_43450                       |    9|          2|   16|         32|
    |data_1178_val1219_phi_reg_43462                       |    9|          2|   16|         32|
    |data_1179_val1220_phi_reg_43474                       |    9|          2|   16|         32|
    |data_117_val158_phi_reg_30730                         |    9|          2|   16|         32|
    |data_1180_val1221_phi_reg_43486                       |    9|          2|   16|         32|
    |data_1181_val1222_phi_reg_43498                       |    9|          2|   16|         32|
    |data_1182_val1223_phi_reg_43510                       |    9|          2|   16|         32|
    |data_1183_val1224_phi_reg_43522                       |    9|          2|   16|         32|
    |data_1184_val1225_phi_reg_43534                       |    9|          2|   16|         32|
    |data_1185_val1226_phi_reg_43546                       |    9|          2|   16|         32|
    |data_1186_val1227_phi_reg_43558                       |    9|          2|   16|         32|
    |data_1187_val1228_phi_reg_43570                       |    9|          2|   16|         32|
    |data_1188_val1229_phi_reg_43582                       |    9|          2|   16|         32|
    |data_1189_val1230_phi_reg_43594                       |    9|          2|   16|         32|
    |data_118_val159_phi_reg_30742                         |    9|          2|   16|         32|
    |data_1190_val1231_phi_reg_43606                       |    9|          2|   16|         32|
    |data_1191_val1232_phi_reg_43618                       |    9|          2|   16|         32|
    |data_1192_val1233_phi_reg_43630                       |    9|          2|   16|         32|
    |data_1193_val1234_phi_reg_43642                       |    9|          2|   16|         32|
    |data_1194_val1235_phi_reg_43654                       |    9|          2|   16|         32|
    |data_1195_val1236_phi_reg_43666                       |    9|          2|   16|         32|
    |data_1196_val1237_phi_reg_43678                       |    9|          2|   16|         32|
    |data_1197_val1238_phi_reg_43690                       |    9|          2|   16|         32|
    |data_1198_val1239_phi_reg_43702                       |    9|          2|   16|         32|
    |data_1199_val1240_phi_reg_43714                       |    9|          2|   16|         32|
    |data_119_val160_phi_reg_30754                         |    9|          2|   16|         32|
    |data_11_val52_phi_reg_29458                           |    9|          2|   16|         32|
    |data_1200_val1241_phi_reg_43726                       |    9|          2|   16|         32|
    |data_1201_val1242_phi_reg_43738                       |    9|          2|   16|         32|
    |data_1202_val1243_phi_reg_43750                       |    9|          2|   16|         32|
    |data_1203_val1244_phi_reg_43762                       |    9|          2|   16|         32|
    |data_1204_val1245_phi_reg_43774                       |    9|          2|   16|         32|
    |data_1205_val1246_phi_reg_43786                       |    9|          2|   16|         32|
    |data_1206_val1247_phi_reg_43798                       |    9|          2|   16|         32|
    |data_1207_val1248_phi_reg_43810                       |    9|          2|   16|         32|
    |data_1208_val1249_phi_reg_43822                       |    9|          2|   16|         32|
    |data_1209_val1250_phi_reg_43834                       |    9|          2|   16|         32|
    |data_120_val161_phi_reg_30766                         |    9|          2|   16|         32|
    |data_1210_val1251_phi_reg_43846                       |    9|          2|   16|         32|
    |data_1211_val1252_phi_reg_43858                       |    9|          2|   16|         32|
    |data_1212_val1253_phi_reg_43870                       |    9|          2|   16|         32|
    |data_1213_val1254_phi_reg_43882                       |    9|          2|   16|         32|
    |data_1214_val1255_phi_reg_43894                       |    9|          2|   16|         32|
    |data_1215_val1256_phi_reg_43906                       |    9|          2|   16|         32|
    |data_1216_val1257_phi_reg_43918                       |    9|          2|   16|         32|
    |data_1217_val1258_phi_reg_43930                       |    9|          2|   16|         32|
    |data_1218_val1259_phi_reg_43942                       |    9|          2|   16|         32|
    |data_1219_val1260_phi_reg_43954                       |    9|          2|   16|         32|
    |data_121_val162_phi_reg_30778                         |    9|          2|   16|         32|
    |data_1220_val1261_phi_reg_43966                       |    9|          2|   16|         32|
    |data_1221_val1262_phi_reg_43978                       |    9|          2|   16|         32|
    |data_1222_val1263_phi_reg_43990                       |    9|          2|   16|         32|
    |data_1223_val1264_phi_reg_44002                       |    9|          2|   16|         32|
    |data_1224_val1265_phi_reg_44014                       |    9|          2|   16|         32|
    |data_1225_val1266_phi_reg_44026                       |    9|          2|   16|         32|
    |data_1226_val1267_phi_reg_44038                       |    9|          2|   16|         32|
    |data_1227_val1268_phi_reg_44050                       |    9|          2|   16|         32|
    |data_1228_val1269_phi_reg_44062                       |    9|          2|   16|         32|
    |data_1229_val1270_phi_reg_44074                       |    9|          2|   16|         32|
    |data_122_val163_phi_reg_30790                         |    9|          2|   16|         32|
    |data_1230_val1271_phi_reg_44086                       |    9|          2|   16|         32|
    |data_1231_val1272_phi_reg_44098                       |    9|          2|   16|         32|
    |data_1232_val1273_phi_reg_44110                       |    9|          2|   16|         32|
    |data_1233_val1274_phi_reg_44122                       |    9|          2|   16|         32|
    |data_1234_val1275_phi_reg_44134                       |    9|          2|   16|         32|
    |data_1235_val1276_phi_reg_44146                       |    9|          2|   16|         32|
    |data_1236_val1277_phi_reg_44158                       |    9|          2|   16|         32|
    |data_1237_val1278_phi_reg_44170                       |    9|          2|   16|         32|
    |data_1238_val1279_phi_reg_44182                       |    9|          2|   16|         32|
    |data_1239_val1280_phi_reg_44194                       |    9|          2|   16|         32|
    |data_123_val164_phi_reg_30802                         |    9|          2|   16|         32|
    |data_1240_val1281_phi_reg_44206                       |    9|          2|   16|         32|
    |data_1241_val1282_phi_reg_44218                       |    9|          2|   16|         32|
    |data_1242_val1283_phi_reg_44230                       |    9|          2|   16|         32|
    |data_1243_val1284_phi_reg_44242                       |    9|          2|   16|         32|
    |data_1244_val1285_phi_reg_44254                       |    9|          2|   16|         32|
    |data_1245_val1286_phi_reg_44266                       |    9|          2|   16|         32|
    |data_1246_val1287_phi_reg_44278                       |    9|          2|   16|         32|
    |data_1247_val1288_phi_reg_44290                       |    9|          2|   16|         32|
    |data_1248_val1289_phi_reg_44302                       |    9|          2|   16|         32|
    |data_1249_val1290_phi_reg_44314                       |    9|          2|   16|         32|
    |data_124_val165_phi_reg_30814                         |    9|          2|   16|         32|
    |data_1250_val1291_phi_reg_44326                       |    9|          2|   16|         32|
    |data_1251_val1292_phi_reg_44338                       |    9|          2|   16|         32|
    |data_1252_val1293_phi_reg_44350                       |    9|          2|   16|         32|
    |data_1253_val1294_phi_reg_44362                       |    9|          2|   16|         32|
    |data_1254_val1295_phi_reg_44374                       |    9|          2|   16|         32|
    |data_1255_val1296_phi_reg_44386                       |    9|          2|   16|         32|
    |data_1256_val1297_phi_reg_44398                       |    9|          2|   16|         32|
    |data_1257_val1298_phi_reg_44410                       |    9|          2|   16|         32|
    |data_1258_val1299_phi_reg_44422                       |    9|          2|   16|         32|
    |data_1259_val1300_phi_reg_44434                       |    9|          2|   16|         32|
    |data_125_val166_phi_reg_30826                         |    9|          2|   16|         32|
    |data_1260_val1301_phi_reg_44446                       |    9|          2|   16|         32|
    |data_1261_val1302_phi_reg_44458                       |    9|          2|   16|         32|
    |data_1262_val1303_phi_reg_44470                       |    9|          2|   16|         32|
    |data_1263_val1304_phi_reg_44482                       |    9|          2|   16|         32|
    |data_1264_val1305_phi_reg_44494                       |    9|          2|   16|         32|
    |data_1265_val1306_phi_reg_44506                       |    9|          2|   16|         32|
    |data_1266_val1307_phi_reg_44518                       |    9|          2|   16|         32|
    |data_1267_val1308_phi_reg_44530                       |    9|          2|   16|         32|
    |data_1268_val1309_phi_reg_44542                       |    9|          2|   16|         32|
    |data_1269_val1310_phi_reg_44554                       |    9|          2|   16|         32|
    |data_126_val167_phi_reg_30838                         |    9|          2|   16|         32|
    |data_1270_val1311_phi_reg_44566                       |    9|          2|   16|         32|
    |data_1271_val1312_phi_reg_44578                       |    9|          2|   16|         32|
    |data_1272_val1313_phi_reg_44590                       |    9|          2|   16|         32|
    |data_1273_val1314_phi_reg_44602                       |    9|          2|   16|         32|
    |data_1274_val1315_phi_reg_44614                       |    9|          2|   16|         32|
    |data_1275_val1316_phi_reg_44626                       |    9|          2|   16|         32|
    |data_1276_val1317_phi_reg_44638                       |    9|          2|   16|         32|
    |data_1277_val1318_phi_reg_44650                       |    9|          2|   16|         32|
    |data_1278_val1319_phi_reg_44662                       |    9|          2|   16|         32|
    |data_1279_val1320_phi_reg_44674                       |    9|          2|   16|         32|
    |data_127_val168_phi_reg_30850                         |    9|          2|   16|         32|
    |data_1280_val1321_phi_reg_44686                       |    9|          2|   16|         32|
    |data_1281_val1322_phi_reg_44698                       |    9|          2|   16|         32|
    |data_1282_val1323_phi_reg_44710                       |    9|          2|   16|         32|
    |data_1283_val1324_phi_reg_44722                       |    9|          2|   16|         32|
    |data_1284_val1325_phi_reg_44734                       |    9|          2|   16|         32|
    |data_1285_val1326_phi_reg_44746                       |    9|          2|   16|         32|
    |data_1286_val1327_phi_reg_44758                       |    9|          2|   16|         32|
    |data_1287_val1328_phi_reg_44770                       |    9|          2|   16|         32|
    |data_1288_val1329_phi_reg_44782                       |    9|          2|   16|         32|
    |data_1289_val1330_phi_reg_44794                       |    9|          2|   16|         32|
    |data_128_val169_phi_reg_30862                         |    9|          2|   16|         32|
    |data_1290_val1331_phi_reg_44806                       |    9|          2|   16|         32|
    |data_1291_val1332_phi_reg_44818                       |    9|          2|   16|         32|
    |data_1292_val1333_phi_reg_44830                       |    9|          2|   16|         32|
    |data_1293_val1334_phi_reg_44842                       |    9|          2|   16|         32|
    |data_1294_val1335_phi_reg_44854                       |    9|          2|   16|         32|
    |data_1295_val1336_phi_reg_44866                       |    9|          2|   16|         32|
    |data_129_val170_phi_reg_30874                         |    9|          2|   16|         32|
    |data_12_val53_phi_reg_29470                           |    9|          2|   16|         32|
    |data_130_val171_phi_reg_30886                         |    9|          2|   16|         32|
    |data_131_val172_phi_reg_30898                         |    9|          2|   16|         32|
    |data_132_val173_phi_reg_30910                         |    9|          2|   16|         32|
    |data_133_val174_phi_reg_30922                         |    9|          2|   16|         32|
    |data_134_val175_phi_reg_30934                         |    9|          2|   16|         32|
    |data_135_val176_phi_reg_30946                         |    9|          2|   16|         32|
    |data_136_val177_phi_reg_30958                         |    9|          2|   16|         32|
    |data_137_val178_phi_reg_30970                         |    9|          2|   16|         32|
    |data_138_val179_phi_reg_30982                         |    9|          2|   16|         32|
    |data_139_val180_phi_reg_30994                         |    9|          2|   16|         32|
    |data_13_val54_phi_reg_29482                           |    9|          2|   16|         32|
    |data_140_val181_phi_reg_31006                         |    9|          2|   16|         32|
    |data_141_val182_phi_reg_31018                         |    9|          2|   16|         32|
    |data_142_val183_phi_reg_31030                         |    9|          2|   16|         32|
    |data_143_val184_phi_reg_31042                         |    9|          2|   16|         32|
    |data_144_val185_phi_reg_31054                         |    9|          2|   16|         32|
    |data_145_val186_phi_reg_31066                         |    9|          2|   16|         32|
    |data_146_val187_phi_reg_31078                         |    9|          2|   16|         32|
    |data_147_val188_phi_reg_31090                         |    9|          2|   16|         32|
    |data_148_val189_phi_reg_31102                         |    9|          2|   16|         32|
    |data_149_val190_phi_reg_31114                         |    9|          2|   16|         32|
    |data_14_val55_phi_reg_29494                           |    9|          2|   16|         32|
    |data_150_val191_phi_reg_31126                         |    9|          2|   16|         32|
    |data_151_val192_phi_reg_31138                         |    9|          2|   16|         32|
    |data_152_val193_phi_reg_31150                         |    9|          2|   16|         32|
    |data_153_val194_phi_reg_31162                         |    9|          2|   16|         32|
    |data_154_val195_phi_reg_31174                         |    9|          2|   16|         32|
    |data_155_val196_phi_reg_31186                         |    9|          2|   16|         32|
    |data_156_val197_phi_reg_31198                         |    9|          2|   16|         32|
    |data_157_val198_phi_reg_31210                         |    9|          2|   16|         32|
    |data_158_val199_phi_reg_31222                         |    9|          2|   16|         32|
    |data_159_val200_phi_reg_31234                         |    9|          2|   16|         32|
    |data_15_val56_phi_reg_29506                           |    9|          2|   16|         32|
    |data_160_val201_phi_reg_31246                         |    9|          2|   16|         32|
    |data_161_val202_phi_reg_31258                         |    9|          2|   16|         32|
    |data_162_val203_phi_reg_31270                         |    9|          2|   16|         32|
    |data_163_val204_phi_reg_31282                         |    9|          2|   16|         32|
    |data_164_val205_phi_reg_31294                         |    9|          2|   16|         32|
    |data_165_val206_phi_reg_31306                         |    9|          2|   16|         32|
    |data_166_val207_phi_reg_31318                         |    9|          2|   16|         32|
    |data_167_val208_phi_reg_31330                         |    9|          2|   16|         32|
    |data_168_val209_phi_reg_31342                         |    9|          2|   16|         32|
    |data_169_val210_phi_reg_31354                         |    9|          2|   16|         32|
    |data_16_val57_phi_reg_29518                           |    9|          2|   16|         32|
    |data_170_val211_phi_reg_31366                         |    9|          2|   16|         32|
    |data_171_val212_phi_reg_31378                         |    9|          2|   16|         32|
    |data_172_val213_phi_reg_31390                         |    9|          2|   16|         32|
    |data_173_val214_phi_reg_31402                         |    9|          2|   16|         32|
    |data_174_val215_phi_reg_31414                         |    9|          2|   16|         32|
    |data_175_val216_phi_reg_31426                         |    9|          2|   16|         32|
    |data_176_val217_phi_reg_31438                         |    9|          2|   16|         32|
    |data_177_val218_phi_reg_31450                         |    9|          2|   16|         32|
    |data_178_val219_phi_reg_31462                         |    9|          2|   16|         32|
    |data_179_val220_phi_reg_31474                         |    9|          2|   16|         32|
    |data_17_val58_phi_reg_29530                           |    9|          2|   16|         32|
    |data_180_val221_phi_reg_31486                         |    9|          2|   16|         32|
    |data_181_val222_phi_reg_31498                         |    9|          2|   16|         32|
    |data_182_val223_phi_reg_31510                         |    9|          2|   16|         32|
    |data_183_val224_phi_reg_31522                         |    9|          2|   16|         32|
    |data_184_val225_phi_reg_31534                         |    9|          2|   16|         32|
    |data_185_val226_phi_reg_31546                         |    9|          2|   16|         32|
    |data_186_val227_phi_reg_31558                         |    9|          2|   16|         32|
    |data_187_val228_phi_reg_31570                         |    9|          2|   16|         32|
    |data_188_val229_phi_reg_31582                         |    9|          2|   16|         32|
    |data_189_val230_phi_reg_31594                         |    9|          2|   16|         32|
    |data_18_val59_phi_reg_29542                           |    9|          2|   16|         32|
    |data_190_val231_phi_reg_31606                         |    9|          2|   16|         32|
    |data_191_val232_phi_reg_31618                         |    9|          2|   16|         32|
    |data_192_val233_phi_reg_31630                         |    9|          2|   16|         32|
    |data_193_val234_phi_reg_31642                         |    9|          2|   16|         32|
    |data_194_val235_phi_reg_31654                         |    9|          2|   16|         32|
    |data_195_val236_phi_reg_31666                         |    9|          2|   16|         32|
    |data_196_val237_phi_reg_31678                         |    9|          2|   16|         32|
    |data_197_val238_phi_reg_31690                         |    9|          2|   16|         32|
    |data_198_val239_phi_reg_31702                         |    9|          2|   16|         32|
    |data_199_val240_phi_reg_31714                         |    9|          2|   16|         32|
    |data_19_val60_phi_reg_29554                           |    9|          2|   16|         32|
    |data_1_val42_phi_reg_29338                            |    9|          2|   16|         32|
    |data_200_val241_phi_reg_31726                         |    9|          2|   16|         32|
    |data_201_val242_phi_reg_31738                         |    9|          2|   16|         32|
    |data_202_val243_phi_reg_31750                         |    9|          2|   16|         32|
    |data_203_val244_phi_reg_31762                         |    9|          2|   16|         32|
    |data_204_val245_phi_reg_31774                         |    9|          2|   16|         32|
    |data_205_val246_phi_reg_31786                         |    9|          2|   16|         32|
    |data_206_val247_phi_reg_31798                         |    9|          2|   16|         32|
    |data_207_val248_phi_reg_31810                         |    9|          2|   16|         32|
    |data_208_val249_phi_reg_31822                         |    9|          2|   16|         32|
    |data_209_val250_phi_reg_31834                         |    9|          2|   16|         32|
    |data_20_val61_phi_reg_29566                           |    9|          2|   16|         32|
    |data_210_val251_phi_reg_31846                         |    9|          2|   16|         32|
    |data_211_val252_phi_reg_31858                         |    9|          2|   16|         32|
    |data_212_val253_phi_reg_31870                         |    9|          2|   16|         32|
    |data_213_val254_phi_reg_31882                         |    9|          2|   16|         32|
    |data_214_val255_phi_reg_31894                         |    9|          2|   16|         32|
    |data_215_val256_phi_reg_31906                         |    9|          2|   16|         32|
    |data_216_val257_phi_reg_31918                         |    9|          2|   16|         32|
    |data_217_val258_phi_reg_31930                         |    9|          2|   16|         32|
    |data_218_val259_phi_reg_31942                         |    9|          2|   16|         32|
    |data_219_val260_phi_reg_31954                         |    9|          2|   16|         32|
    |data_21_val62_phi_reg_29578                           |    9|          2|   16|         32|
    |data_220_val261_phi_reg_31966                         |    9|          2|   16|         32|
    |data_221_val262_phi_reg_31978                         |    9|          2|   16|         32|
    |data_222_val263_phi_reg_31990                         |    9|          2|   16|         32|
    |data_223_val264_phi_reg_32002                         |    9|          2|   16|         32|
    |data_224_val265_phi_reg_32014                         |    9|          2|   16|         32|
    |data_225_val266_phi_reg_32026                         |    9|          2|   16|         32|
    |data_226_val267_phi_reg_32038                         |    9|          2|   16|         32|
    |data_227_val268_phi_reg_32050                         |    9|          2|   16|         32|
    |data_228_val269_phi_reg_32062                         |    9|          2|   16|         32|
    |data_229_val270_phi_reg_32074                         |    9|          2|   16|         32|
    |data_22_val63_phi_reg_29590                           |    9|          2|   16|         32|
    |data_230_val271_phi_reg_32086                         |    9|          2|   16|         32|
    |data_231_val272_phi_reg_32098                         |    9|          2|   16|         32|
    |data_232_val273_phi_reg_32110                         |    9|          2|   16|         32|
    |data_233_val274_phi_reg_32122                         |    9|          2|   16|         32|
    |data_234_val275_phi_reg_32134                         |    9|          2|   16|         32|
    |data_235_val276_phi_reg_32146                         |    9|          2|   16|         32|
    |data_236_val277_phi_reg_32158                         |    9|          2|   16|         32|
    |data_237_val278_phi_reg_32170                         |    9|          2|   16|         32|
    |data_238_val279_phi_reg_32182                         |    9|          2|   16|         32|
    |data_239_val280_phi_reg_32194                         |    9|          2|   16|         32|
    |data_23_val64_phi_reg_29602                           |    9|          2|   16|         32|
    |data_240_val281_phi_reg_32206                         |    9|          2|   16|         32|
    |data_241_val282_phi_reg_32218                         |    9|          2|   16|         32|
    |data_242_val283_phi_reg_32230                         |    9|          2|   16|         32|
    |data_243_val284_phi_reg_32242                         |    9|          2|   16|         32|
    |data_244_val285_phi_reg_32254                         |    9|          2|   16|         32|
    |data_245_val286_phi_reg_32266                         |    9|          2|   16|         32|
    |data_246_val287_phi_reg_32278                         |    9|          2|   16|         32|
    |data_247_val288_phi_reg_32290                         |    9|          2|   16|         32|
    |data_248_val289_phi_reg_32302                         |    9|          2|   16|         32|
    |data_249_val290_phi_reg_32314                         |    9|          2|   16|         32|
    |data_24_val65_phi_reg_29614                           |    9|          2|   16|         32|
    |data_250_val291_phi_reg_32326                         |    9|          2|   16|         32|
    |data_251_val292_phi_reg_32338                         |    9|          2|   16|         32|
    |data_252_val293_phi_reg_32350                         |    9|          2|   16|         32|
    |data_253_val294_phi_reg_32362                         |    9|          2|   16|         32|
    |data_254_val295_phi_reg_32374                         |    9|          2|   16|         32|
    |data_255_val296_phi_reg_32386                         |    9|          2|   16|         32|
    |data_256_val297_phi_reg_32398                         |    9|          2|   16|         32|
    |data_257_val298_phi_reg_32410                         |    9|          2|   16|         32|
    |data_258_val299_phi_reg_32422                         |    9|          2|   16|         32|
    |data_259_val300_phi_reg_32434                         |    9|          2|   16|         32|
    |data_25_val66_phi_reg_29626                           |    9|          2|   16|         32|
    |data_260_val301_phi_reg_32446                         |    9|          2|   16|         32|
    |data_261_val302_phi_reg_32458                         |    9|          2|   16|         32|
    |data_262_val303_phi_reg_32470                         |    9|          2|   16|         32|
    |data_263_val304_phi_reg_32482                         |    9|          2|   16|         32|
    |data_264_val305_phi_reg_32494                         |    9|          2|   16|         32|
    |data_265_val306_phi_reg_32506                         |    9|          2|   16|         32|
    |data_266_val307_phi_reg_32518                         |    9|          2|   16|         32|
    |data_267_val308_phi_reg_32530                         |    9|          2|   16|         32|
    |data_268_val309_phi_reg_32542                         |    9|          2|   16|         32|
    |data_269_val310_phi_reg_32554                         |    9|          2|   16|         32|
    |data_26_val67_phi_reg_29638                           |    9|          2|   16|         32|
    |data_270_val311_phi_reg_32566                         |    9|          2|   16|         32|
    |data_271_val312_phi_reg_32578                         |    9|          2|   16|         32|
    |data_272_val313_phi_reg_32590                         |    9|          2|   16|         32|
    |data_273_val314_phi_reg_32602                         |    9|          2|   16|         32|
    |data_274_val315_phi_reg_32614                         |    9|          2|   16|         32|
    |data_275_val316_phi_reg_32626                         |    9|          2|   16|         32|
    |data_276_val317_phi_reg_32638                         |    9|          2|   16|         32|
    |data_277_val318_phi_reg_32650                         |    9|          2|   16|         32|
    |data_278_val319_phi_reg_32662                         |    9|          2|   16|         32|
    |data_279_val320_phi_reg_32674                         |    9|          2|   16|         32|
    |data_27_val68_phi_reg_29650                           |    9|          2|   16|         32|
    |data_280_val321_phi_reg_32686                         |    9|          2|   16|         32|
    |data_281_val322_phi_reg_32698                         |    9|          2|   16|         32|
    |data_282_val323_phi_reg_32710                         |    9|          2|   16|         32|
    |data_283_val324_phi_reg_32722                         |    9|          2|   16|         32|
    |data_284_val325_phi_reg_32734                         |    9|          2|   16|         32|
    |data_285_val326_phi_reg_32746                         |    9|          2|   16|         32|
    |data_286_val327_phi_reg_32758                         |    9|          2|   16|         32|
    |data_287_val328_phi_reg_32770                         |    9|          2|   16|         32|
    |data_288_val329_phi_reg_32782                         |    9|          2|   16|         32|
    |data_289_val330_phi_reg_32794                         |    9|          2|   16|         32|
    |data_28_val69_phi_reg_29662                           |    9|          2|   16|         32|
    |data_290_val331_phi_reg_32806                         |    9|          2|   16|         32|
    |data_291_val332_phi_reg_32818                         |    9|          2|   16|         32|
    |data_292_val333_phi_reg_32830                         |    9|          2|   16|         32|
    |data_293_val334_phi_reg_32842                         |    9|          2|   16|         32|
    |data_294_val335_phi_reg_32854                         |    9|          2|   16|         32|
    |data_295_val336_phi_reg_32866                         |    9|          2|   16|         32|
    |data_296_val337_phi_reg_32878                         |    9|          2|   16|         32|
    |data_297_val338_phi_reg_32890                         |    9|          2|   16|         32|
    |data_298_val339_phi_reg_32902                         |    9|          2|   16|         32|
    |data_299_val340_phi_reg_32914                         |    9|          2|   16|         32|
    |data_29_val70_phi_reg_29674                           |    9|          2|   16|         32|
    |data_2_val43_phi_reg_29350                            |    9|          2|   16|         32|
    |data_300_val341_phi_reg_32926                         |    9|          2|   16|         32|
    |data_301_val342_phi_reg_32938                         |    9|          2|   16|         32|
    |data_302_val343_phi_reg_32950                         |    9|          2|   16|         32|
    |data_303_val344_phi_reg_32962                         |    9|          2|   16|         32|
    |data_304_val345_phi_reg_32974                         |    9|          2|   16|         32|
    |data_305_val346_phi_reg_32986                         |    9|          2|   16|         32|
    |data_306_val347_phi_reg_32998                         |    9|          2|   16|         32|
    |data_307_val348_phi_reg_33010                         |    9|          2|   16|         32|
    |data_308_val349_phi_reg_33022                         |    9|          2|   16|         32|
    |data_309_val350_phi_reg_33034                         |    9|          2|   16|         32|
    |data_30_val71_phi_reg_29686                           |    9|          2|   16|         32|
    |data_310_val351_phi_reg_33046                         |    9|          2|   16|         32|
    |data_311_val352_phi_reg_33058                         |    9|          2|   16|         32|
    |data_312_val353_phi_reg_33070                         |    9|          2|   16|         32|
    |data_313_val354_phi_reg_33082                         |    9|          2|   16|         32|
    |data_314_val355_phi_reg_33094                         |    9|          2|   16|         32|
    |data_315_val356_phi_reg_33106                         |    9|          2|   16|         32|
    |data_316_val357_phi_reg_33118                         |    9|          2|   16|         32|
    |data_317_val358_phi_reg_33130                         |    9|          2|   16|         32|
    |data_318_val359_phi_reg_33142                         |    9|          2|   16|         32|
    |data_319_val360_phi_reg_33154                         |    9|          2|   16|         32|
    |data_31_val72_phi_reg_29698                           |    9|          2|   16|         32|
    |data_320_val361_phi_reg_33166                         |    9|          2|   16|         32|
    |data_321_val362_phi_reg_33178                         |    9|          2|   16|         32|
    |data_322_val363_phi_reg_33190                         |    9|          2|   16|         32|
    |data_323_val364_phi_reg_33202                         |    9|          2|   16|         32|
    |data_324_val365_phi_reg_33214                         |    9|          2|   16|         32|
    |data_325_val366_phi_reg_33226                         |    9|          2|   16|         32|
    |data_326_val367_phi_reg_33238                         |    9|          2|   16|         32|
    |data_327_val368_phi_reg_33250                         |    9|          2|   16|         32|
    |data_328_val369_phi_reg_33262                         |    9|          2|   16|         32|
    |data_329_val370_phi_reg_33274                         |    9|          2|   16|         32|
    |data_32_val73_phi_reg_29710                           |    9|          2|   16|         32|
    |data_330_val371_phi_reg_33286                         |    9|          2|   16|         32|
    |data_331_val372_phi_reg_33298                         |    9|          2|   16|         32|
    |data_332_val373_phi_reg_33310                         |    9|          2|   16|         32|
    |data_333_val374_phi_reg_33322                         |    9|          2|   16|         32|
    |data_334_val375_phi_reg_33334                         |    9|          2|   16|         32|
    |data_335_val376_phi_reg_33346                         |    9|          2|   16|         32|
    |data_336_val377_phi_reg_33358                         |    9|          2|   16|         32|
    |data_337_val378_phi_reg_33370                         |    9|          2|   16|         32|
    |data_338_val379_phi_reg_33382                         |    9|          2|   16|         32|
    |data_339_val380_phi_reg_33394                         |    9|          2|   16|         32|
    |data_33_val74_phi_reg_29722                           |    9|          2|   16|         32|
    |data_340_val381_phi_reg_33406                         |    9|          2|   16|         32|
    |data_341_val382_phi_reg_33418                         |    9|          2|   16|         32|
    |data_342_val383_phi_reg_33430                         |    9|          2|   16|         32|
    |data_343_val384_phi_reg_33442                         |    9|          2|   16|         32|
    |data_344_val385_phi_reg_33454                         |    9|          2|   16|         32|
    |data_345_val386_phi_reg_33466                         |    9|          2|   16|         32|
    |data_346_val387_phi_reg_33478                         |    9|          2|   16|         32|
    |data_347_val388_phi_reg_33490                         |    9|          2|   16|         32|
    |data_348_val389_phi_reg_33502                         |    9|          2|   16|         32|
    |data_349_val390_phi_reg_33514                         |    9|          2|   16|         32|
    |data_34_val75_phi_reg_29734                           |    9|          2|   16|         32|
    |data_350_val391_phi_reg_33526                         |    9|          2|   16|         32|
    |data_351_val392_phi_reg_33538                         |    9|          2|   16|         32|
    |data_352_val393_phi_reg_33550                         |    9|          2|   16|         32|
    |data_353_val394_phi_reg_33562                         |    9|          2|   16|         32|
    |data_354_val395_phi_reg_33574                         |    9|          2|   16|         32|
    |data_355_val396_phi_reg_33586                         |    9|          2|   16|         32|
    |data_356_val397_phi_reg_33598                         |    9|          2|   16|         32|
    |data_357_val398_phi_reg_33610                         |    9|          2|   16|         32|
    |data_358_val399_phi_reg_33622                         |    9|          2|   16|         32|
    |data_359_val400_phi_reg_33634                         |    9|          2|   16|         32|
    |data_35_val76_phi_reg_29746                           |    9|          2|   16|         32|
    |data_360_val401_phi_reg_33646                         |    9|          2|   16|         32|
    |data_361_val402_phi_reg_33658                         |    9|          2|   16|         32|
    |data_362_val403_phi_reg_33670                         |    9|          2|   16|         32|
    |data_363_val404_phi_reg_33682                         |    9|          2|   16|         32|
    |data_364_val405_phi_reg_33694                         |    9|          2|   16|         32|
    |data_365_val406_phi_reg_33706                         |    9|          2|   16|         32|
    |data_366_val407_phi_reg_33718                         |    9|          2|   16|         32|
    |data_367_val408_phi_reg_33730                         |    9|          2|   16|         32|
    |data_368_val409_phi_reg_33742                         |    9|          2|   16|         32|
    |data_369_val410_phi_reg_33754                         |    9|          2|   16|         32|
    |data_36_val77_phi_reg_29758                           |    9|          2|   16|         32|
    |data_370_val411_phi_reg_33766                         |    9|          2|   16|         32|
    |data_371_val412_phi_reg_33778                         |    9|          2|   16|         32|
    |data_372_val413_phi_reg_33790                         |    9|          2|   16|         32|
    |data_373_val414_phi_reg_33802                         |    9|          2|   16|         32|
    |data_374_val415_phi_reg_33814                         |    9|          2|   16|         32|
    |data_375_val416_phi_reg_33826                         |    9|          2|   16|         32|
    |data_376_val417_phi_reg_33838                         |    9|          2|   16|         32|
    |data_377_val418_phi_reg_33850                         |    9|          2|   16|         32|
    |data_378_val419_phi_reg_33862                         |    9|          2|   16|         32|
    |data_379_val420_phi_reg_33874                         |    9|          2|   16|         32|
    |data_37_val78_phi_reg_29770                           |    9|          2|   16|         32|
    |data_380_val421_phi_reg_33886                         |    9|          2|   16|         32|
    |data_381_val422_phi_reg_33898                         |    9|          2|   16|         32|
    |data_382_val423_phi_reg_33910                         |    9|          2|   16|         32|
    |data_383_val424_phi_reg_33922                         |    9|          2|   16|         32|
    |data_384_val425_phi_reg_33934                         |    9|          2|   16|         32|
    |data_385_val426_phi_reg_33946                         |    9|          2|   16|         32|
    |data_386_val427_phi_reg_33958                         |    9|          2|   16|         32|
    |data_387_val428_phi_reg_33970                         |    9|          2|   16|         32|
    |data_388_val429_phi_reg_33982                         |    9|          2|   16|         32|
    |data_389_val430_phi_reg_33994                         |    9|          2|   16|         32|
    |data_38_val79_phi_reg_29782                           |    9|          2|   16|         32|
    |data_390_val431_phi_reg_34006                         |    9|          2|   16|         32|
    |data_391_val432_phi_reg_34018                         |    9|          2|   16|         32|
    |data_392_val433_phi_reg_34030                         |    9|          2|   16|         32|
    |data_393_val434_phi_reg_34042                         |    9|          2|   16|         32|
    |data_394_val435_phi_reg_34054                         |    9|          2|   16|         32|
    |data_395_val436_phi_reg_34066                         |    9|          2|   16|         32|
    |data_396_val437_phi_reg_34078                         |    9|          2|   16|         32|
    |data_397_val438_phi_reg_34090                         |    9|          2|   16|         32|
    |data_398_val439_phi_reg_34102                         |    9|          2|   16|         32|
    |data_399_val440_phi_reg_34114                         |    9|          2|   16|         32|
    |data_39_val80_phi_reg_29794                           |    9|          2|   16|         32|
    |data_3_val44_phi_reg_29362                            |    9|          2|   16|         32|
    |data_400_val441_phi_reg_34126                         |    9|          2|   16|         32|
    |data_401_val442_phi_reg_34138                         |    9|          2|   16|         32|
    |data_402_val443_phi_reg_34150                         |    9|          2|   16|         32|
    |data_403_val444_phi_reg_34162                         |    9|          2|   16|         32|
    |data_404_val445_phi_reg_34174                         |    9|          2|   16|         32|
    |data_405_val446_phi_reg_34186                         |    9|          2|   16|         32|
    |data_406_val447_phi_reg_34198                         |    9|          2|   16|         32|
    |data_407_val448_phi_reg_34210                         |    9|          2|   16|         32|
    |data_408_val449_phi_reg_34222                         |    9|          2|   16|         32|
    |data_409_val450_phi_reg_34234                         |    9|          2|   16|         32|
    |data_40_val81_phi_reg_29806                           |    9|          2|   16|         32|
    |data_410_val451_phi_reg_34246                         |    9|          2|   16|         32|
    |data_411_val452_phi_reg_34258                         |    9|          2|   16|         32|
    |data_412_val453_phi_reg_34270                         |    9|          2|   16|         32|
    |data_413_val454_phi_reg_34282                         |    9|          2|   16|         32|
    |data_414_val455_phi_reg_34294                         |    9|          2|   16|         32|
    |data_415_val456_phi_reg_34306                         |    9|          2|   16|         32|
    |data_416_val457_phi_reg_34318                         |    9|          2|   16|         32|
    |data_417_val458_phi_reg_34330                         |    9|          2|   16|         32|
    |data_418_val459_phi_reg_34342                         |    9|          2|   16|         32|
    |data_419_val460_phi_reg_34354                         |    9|          2|   16|         32|
    |data_41_val82_phi_reg_29818                           |    9|          2|   16|         32|
    |data_420_val461_phi_reg_34366                         |    9|          2|   16|         32|
    |data_421_val462_phi_reg_34378                         |    9|          2|   16|         32|
    |data_422_val463_phi_reg_34390                         |    9|          2|   16|         32|
    |data_423_val464_phi_reg_34402                         |    9|          2|   16|         32|
    |data_424_val465_phi_reg_34414                         |    9|          2|   16|         32|
    |data_425_val466_phi_reg_34426                         |    9|          2|   16|         32|
    |data_426_val467_phi_reg_34438                         |    9|          2|   16|         32|
    |data_427_val468_phi_reg_34450                         |    9|          2|   16|         32|
    |data_428_val469_phi_reg_34462                         |    9|          2|   16|         32|
    |data_429_val470_phi_reg_34474                         |    9|          2|   16|         32|
    |data_42_val83_phi_reg_29830                           |    9|          2|   16|         32|
    |data_430_val471_phi_reg_34486                         |    9|          2|   16|         32|
    |data_431_val472_phi_reg_34498                         |    9|          2|   16|         32|
    |data_432_val473_phi_reg_34510                         |    9|          2|   16|         32|
    |data_433_val474_phi_reg_34522                         |    9|          2|   16|         32|
    |data_434_val475_phi_reg_34534                         |    9|          2|   16|         32|
    |data_435_val476_phi_reg_34546                         |    9|          2|   16|         32|
    |data_436_val477_phi_reg_34558                         |    9|          2|   16|         32|
    |data_437_val478_phi_reg_34570                         |    9|          2|   16|         32|
    |data_438_val479_phi_reg_34582                         |    9|          2|   16|         32|
    |data_439_val480_phi_reg_34594                         |    9|          2|   16|         32|
    |data_43_val84_phi_reg_29842                           |    9|          2|   16|         32|
    |data_440_val481_phi_reg_34606                         |    9|          2|   16|         32|
    |data_441_val482_phi_reg_34618                         |    9|          2|   16|         32|
    |data_442_val483_phi_reg_34630                         |    9|          2|   16|         32|
    |data_443_val484_phi_reg_34642                         |    9|          2|   16|         32|
    |data_444_val485_phi_reg_34654                         |    9|          2|   16|         32|
    |data_445_val486_phi_reg_34666                         |    9|          2|   16|         32|
    |data_446_val487_phi_reg_34678                         |    9|          2|   16|         32|
    |data_447_val488_phi_reg_34690                         |    9|          2|   16|         32|
    |data_448_val489_phi_reg_34702                         |    9|          2|   16|         32|
    |data_449_val490_phi_reg_34714                         |    9|          2|   16|         32|
    |data_44_val85_phi_reg_29854                           |    9|          2|   16|         32|
    |data_450_val491_phi_reg_34726                         |    9|          2|   16|         32|
    |data_451_val492_phi_reg_34738                         |    9|          2|   16|         32|
    |data_452_val493_phi_reg_34750                         |    9|          2|   16|         32|
    |data_453_val494_phi_reg_34762                         |    9|          2|   16|         32|
    |data_454_val495_phi_reg_34774                         |    9|          2|   16|         32|
    |data_455_val496_phi_reg_34786                         |    9|          2|   16|         32|
    |data_456_val497_phi_reg_34798                         |    9|          2|   16|         32|
    |data_457_val498_phi_reg_34810                         |    9|          2|   16|         32|
    |data_458_val499_phi_reg_34822                         |    9|          2|   16|         32|
    |data_459_val500_phi_reg_34834                         |    9|          2|   16|         32|
    |data_45_val86_phi_reg_29866                           |    9|          2|   16|         32|
    |data_460_val501_phi_reg_34846                         |    9|          2|   16|         32|
    |data_461_val502_phi_reg_34858                         |    9|          2|   16|         32|
    |data_462_val503_phi_reg_34870                         |    9|          2|   16|         32|
    |data_463_val504_phi_reg_34882                         |    9|          2|   16|         32|
    |data_464_val505_phi_reg_34894                         |    9|          2|   16|         32|
    |data_465_val506_phi_reg_34906                         |    9|          2|   16|         32|
    |data_466_val507_phi_reg_34918                         |    9|          2|   16|         32|
    |data_467_val508_phi_reg_34930                         |    9|          2|   16|         32|
    |data_468_val509_phi_reg_34942                         |    9|          2|   16|         32|
    |data_469_val510_phi_reg_34954                         |    9|          2|   16|         32|
    |data_46_val87_phi_reg_29878                           |    9|          2|   16|         32|
    |data_470_val511_phi_reg_34966                         |    9|          2|   16|         32|
    |data_471_val512_phi_reg_34978                         |    9|          2|   16|         32|
    |data_472_val513_phi_reg_34990                         |    9|          2|   16|         32|
    |data_473_val514_phi_reg_35002                         |    9|          2|   16|         32|
    |data_474_val515_phi_reg_35014                         |    9|          2|   16|         32|
    |data_475_val516_phi_reg_35026                         |    9|          2|   16|         32|
    |data_476_val517_phi_reg_35038                         |    9|          2|   16|         32|
    |data_477_val518_phi_reg_35050                         |    9|          2|   16|         32|
    |data_478_val519_phi_reg_35062                         |    9|          2|   16|         32|
    |data_479_val520_phi_reg_35074                         |    9|          2|   16|         32|
    |data_47_val88_phi_reg_29890                           |    9|          2|   16|         32|
    |data_480_val521_phi_reg_35086                         |    9|          2|   16|         32|
    |data_481_val522_phi_reg_35098                         |    9|          2|   16|         32|
    |data_482_val523_phi_reg_35110                         |    9|          2|   16|         32|
    |data_483_val524_phi_reg_35122                         |    9|          2|   16|         32|
    |data_484_val525_phi_reg_35134                         |    9|          2|   16|         32|
    |data_485_val526_phi_reg_35146                         |    9|          2|   16|         32|
    |data_486_val527_phi_reg_35158                         |    9|          2|   16|         32|
    |data_487_val528_phi_reg_35170                         |    9|          2|   16|         32|
    |data_488_val529_phi_reg_35182                         |    9|          2|   16|         32|
    |data_489_val530_phi_reg_35194                         |    9|          2|   16|         32|
    |data_48_val89_phi_reg_29902                           |    9|          2|   16|         32|
    |data_490_val531_phi_reg_35206                         |    9|          2|   16|         32|
    |data_491_val532_phi_reg_35218                         |    9|          2|   16|         32|
    |data_492_val533_phi_reg_35230                         |    9|          2|   16|         32|
    |data_493_val534_phi_reg_35242                         |    9|          2|   16|         32|
    |data_494_val535_phi_reg_35254                         |    9|          2|   16|         32|
    |data_495_val536_phi_reg_35266                         |    9|          2|   16|         32|
    |data_496_val537_phi_reg_35278                         |    9|          2|   16|         32|
    |data_497_val538_phi_reg_35290                         |    9|          2|   16|         32|
    |data_498_val539_phi_reg_35302                         |    9|          2|   16|         32|
    |data_499_val540_phi_reg_35314                         |    9|          2|   16|         32|
    |data_49_val90_phi_reg_29914                           |    9|          2|   16|         32|
    |data_4_val45_phi_reg_29374                            |    9|          2|   16|         32|
    |data_500_val541_phi_reg_35326                         |    9|          2|   16|         32|
    |data_501_val542_phi_reg_35338                         |    9|          2|   16|         32|
    |data_502_val543_phi_reg_35350                         |    9|          2|   16|         32|
    |data_503_val544_phi_reg_35362                         |    9|          2|   16|         32|
    |data_504_val545_phi_reg_35374                         |    9|          2|   16|         32|
    |data_505_val546_phi_reg_35386                         |    9|          2|   16|         32|
    |data_506_val547_phi_reg_35398                         |    9|          2|   16|         32|
    |data_507_val548_phi_reg_35410                         |    9|          2|   16|         32|
    |data_508_val549_phi_reg_35422                         |    9|          2|   16|         32|
    |data_509_val550_phi_reg_35434                         |    9|          2|   16|         32|
    |data_50_val91_phi_reg_29926                           |    9|          2|   16|         32|
    |data_510_val551_phi_reg_35446                         |    9|          2|   16|         32|
    |data_511_val552_phi_reg_35458                         |    9|          2|   16|         32|
    |data_512_val553_phi_reg_35470                         |    9|          2|   16|         32|
    |data_513_val554_phi_reg_35482                         |    9|          2|   16|         32|
    |data_514_val555_phi_reg_35494                         |    9|          2|   16|         32|
    |data_515_val556_phi_reg_35506                         |    9|          2|   16|         32|
    |data_516_val557_phi_reg_35518                         |    9|          2|   16|         32|
    |data_517_val558_phi_reg_35530                         |    9|          2|   16|         32|
    |data_518_val559_phi_reg_35542                         |    9|          2|   16|         32|
    |data_519_val560_phi_reg_35554                         |    9|          2|   16|         32|
    |data_51_val92_phi_reg_29938                           |    9|          2|   16|         32|
    |data_520_val561_phi_reg_35566                         |    9|          2|   16|         32|
    |data_521_val562_phi_reg_35578                         |    9|          2|   16|         32|
    |data_522_val563_phi_reg_35590                         |    9|          2|   16|         32|
    |data_523_val564_phi_reg_35602                         |    9|          2|   16|         32|
    |data_524_val565_phi_reg_35614                         |    9|          2|   16|         32|
    |data_525_val566_phi_reg_35626                         |    9|          2|   16|         32|
    |data_526_val567_phi_reg_35638                         |    9|          2|   16|         32|
    |data_527_val568_phi_reg_35650                         |    9|          2|   16|         32|
    |data_528_val569_phi_reg_35662                         |    9|          2|   16|         32|
    |data_529_val570_phi_reg_35674                         |    9|          2|   16|         32|
    |data_52_val93_phi_reg_29950                           |    9|          2|   16|         32|
    |data_530_val571_phi_reg_35686                         |    9|          2|   16|         32|
    |data_531_val572_phi_reg_35698                         |    9|          2|   16|         32|
    |data_532_val573_phi_reg_35710                         |    9|          2|   16|         32|
    |data_533_val574_phi_reg_35722                         |    9|          2|   16|         32|
    |data_534_val575_phi_reg_35734                         |    9|          2|   16|         32|
    |data_535_val576_phi_reg_35746                         |    9|          2|   16|         32|
    |data_536_val577_phi_reg_35758                         |    9|          2|   16|         32|
    |data_537_val578_phi_reg_35770                         |    9|          2|   16|         32|
    |data_538_val579_phi_reg_35782                         |    9|          2|   16|         32|
    |data_539_val580_phi_reg_35794                         |    9|          2|   16|         32|
    |data_53_val94_phi_reg_29962                           |    9|          2|   16|         32|
    |data_540_val581_phi_reg_35806                         |    9|          2|   16|         32|
    |data_541_val582_phi_reg_35818                         |    9|          2|   16|         32|
    |data_542_val583_phi_reg_35830                         |    9|          2|   16|         32|
    |data_543_val584_phi_reg_35842                         |    9|          2|   16|         32|
    |data_544_val585_phi_reg_35854                         |    9|          2|   16|         32|
    |data_545_val586_phi_reg_35866                         |    9|          2|   16|         32|
    |data_546_val587_phi_reg_35878                         |    9|          2|   16|         32|
    |data_547_val588_phi_reg_35890                         |    9|          2|   16|         32|
    |data_548_val589_phi_reg_35902                         |    9|          2|   16|         32|
    |data_549_val590_phi_reg_35914                         |    9|          2|   16|         32|
    |data_54_val95_phi_reg_29974                           |    9|          2|   16|         32|
    |data_550_val591_phi_reg_35926                         |    9|          2|   16|         32|
    |data_551_val592_phi_reg_35938                         |    9|          2|   16|         32|
    |data_552_val593_phi_reg_35950                         |    9|          2|   16|         32|
    |data_553_val594_phi_reg_35962                         |    9|          2|   16|         32|
    |data_554_val595_phi_reg_35974                         |    9|          2|   16|         32|
    |data_555_val596_phi_reg_35986                         |    9|          2|   16|         32|
    |data_556_val597_phi_reg_35998                         |    9|          2|   16|         32|
    |data_557_val598_phi_reg_36010                         |    9|          2|   16|         32|
    |data_558_val599_phi_reg_36022                         |    9|          2|   16|         32|
    |data_559_val600_phi_reg_36034                         |    9|          2|   16|         32|
    |data_55_val96_phi_reg_29986                           |    9|          2|   16|         32|
    |data_560_val601_phi_reg_36046                         |    9|          2|   16|         32|
    |data_561_val602_phi_reg_36058                         |    9|          2|   16|         32|
    |data_562_val603_phi_reg_36070                         |    9|          2|   16|         32|
    |data_563_val604_phi_reg_36082                         |    9|          2|   16|         32|
    |data_564_val605_phi_reg_36094                         |    9|          2|   16|         32|
    |data_565_val606_phi_reg_36106                         |    9|          2|   16|         32|
    |data_566_val607_phi_reg_36118                         |    9|          2|   16|         32|
    |data_567_val608_phi_reg_36130                         |    9|          2|   16|         32|
    |data_568_val609_phi_reg_36142                         |    9|          2|   16|         32|
    |data_569_val610_phi_reg_36154                         |    9|          2|   16|         32|
    |data_56_val97_phi_reg_29998                           |    9|          2|   16|         32|
    |data_570_val611_phi_reg_36166                         |    9|          2|   16|         32|
    |data_571_val612_phi_reg_36178                         |    9|          2|   16|         32|
    |data_572_val613_phi_reg_36190                         |    9|          2|   16|         32|
    |data_573_val614_phi_reg_36202                         |    9|          2|   16|         32|
    |data_574_val615_phi_reg_36214                         |    9|          2|   16|         32|
    |data_575_val616_phi_reg_36226                         |    9|          2|   16|         32|
    |data_576_val617_phi_reg_36238                         |    9|          2|   16|         32|
    |data_577_val618_phi_reg_36250                         |    9|          2|   16|         32|
    |data_578_val619_phi_reg_36262                         |    9|          2|   16|         32|
    |data_579_val620_phi_reg_36274                         |    9|          2|   16|         32|
    |data_57_val98_phi_reg_30010                           |    9|          2|   16|         32|
    |data_580_val621_phi_reg_36286                         |    9|          2|   16|         32|
    |data_581_val622_phi_reg_36298                         |    9|          2|   16|         32|
    |data_582_val623_phi_reg_36310                         |    9|          2|   16|         32|
    |data_583_val624_phi_reg_36322                         |    9|          2|   16|         32|
    |data_584_val625_phi_reg_36334                         |    9|          2|   16|         32|
    |data_585_val626_phi_reg_36346                         |    9|          2|   16|         32|
    |data_586_val627_phi_reg_36358                         |    9|          2|   16|         32|
    |data_587_val628_phi_reg_36370                         |    9|          2|   16|         32|
    |data_588_val629_phi_reg_36382                         |    9|          2|   16|         32|
    |data_589_val630_phi_reg_36394                         |    9|          2|   16|         32|
    |data_58_val99_phi_reg_30022                           |    9|          2|   16|         32|
    |data_590_val631_phi_reg_36406                         |    9|          2|   16|         32|
    |data_591_val632_phi_reg_36418                         |    9|          2|   16|         32|
    |data_592_val633_phi_reg_36430                         |    9|          2|   16|         32|
    |data_593_val634_phi_reg_36442                         |    9|          2|   16|         32|
    |data_594_val635_phi_reg_36454                         |    9|          2|   16|         32|
    |data_595_val636_phi_reg_36466                         |    9|          2|   16|         32|
    |data_596_val637_phi_reg_36478                         |    9|          2|   16|         32|
    |data_597_val638_phi_reg_36490                         |    9|          2|   16|         32|
    |data_598_val639_phi_reg_36502                         |    9|          2|   16|         32|
    |data_599_val640_phi_reg_36514                         |    9|          2|   16|         32|
    |data_59_val100_phi_reg_30034                          |    9|          2|   16|         32|
    |data_5_val46_phi_reg_29386                            |    9|          2|   16|         32|
    |data_600_val641_phi_reg_36526                         |    9|          2|   16|         32|
    |data_601_val642_phi_reg_36538                         |    9|          2|   16|         32|
    |data_602_val643_phi_reg_36550                         |    9|          2|   16|         32|
    |data_603_val644_phi_reg_36562                         |    9|          2|   16|         32|
    |data_604_val645_phi_reg_36574                         |    9|          2|   16|         32|
    |data_605_val646_phi_reg_36586                         |    9|          2|   16|         32|
    |data_606_val647_phi_reg_36598                         |    9|          2|   16|         32|
    |data_607_val648_phi_reg_36610                         |    9|          2|   16|         32|
    |data_608_val649_phi_reg_36622                         |    9|          2|   16|         32|
    |data_609_val650_phi_reg_36634                         |    9|          2|   16|         32|
    |data_60_val101_phi_reg_30046                          |    9|          2|   16|         32|
    |data_610_val651_phi_reg_36646                         |    9|          2|   16|         32|
    |data_611_val652_phi_reg_36658                         |    9|          2|   16|         32|
    |data_612_val653_phi_reg_36670                         |    9|          2|   16|         32|
    |data_613_val654_phi_reg_36682                         |    9|          2|   16|         32|
    |data_614_val655_phi_reg_36694                         |    9|          2|   16|         32|
    |data_615_val656_phi_reg_36706                         |    9|          2|   16|         32|
    |data_616_val657_phi_reg_36718                         |    9|          2|   16|         32|
    |data_617_val658_phi_reg_36730                         |    9|          2|   16|         32|
    |data_618_val659_phi_reg_36742                         |    9|          2|   16|         32|
    |data_619_val660_phi_reg_36754                         |    9|          2|   16|         32|
    |data_61_val102_phi_reg_30058                          |    9|          2|   16|         32|
    |data_620_val661_phi_reg_36766                         |    9|          2|   16|         32|
    |data_621_val662_phi_reg_36778                         |    9|          2|   16|         32|
    |data_622_val663_phi_reg_36790                         |    9|          2|   16|         32|
    |data_623_val664_phi_reg_36802                         |    9|          2|   16|         32|
    |data_624_val665_phi_reg_36814                         |    9|          2|   16|         32|
    |data_625_val666_phi_reg_36826                         |    9|          2|   16|         32|
    |data_626_val667_phi_reg_36838                         |    9|          2|   16|         32|
    |data_627_val668_phi_reg_36850                         |    9|          2|   16|         32|
    |data_628_val669_phi_reg_36862                         |    9|          2|   16|         32|
    |data_629_val670_phi_reg_36874                         |    9|          2|   16|         32|
    |data_62_val103_phi_reg_30070                          |    9|          2|   16|         32|
    |data_630_val671_phi_reg_36886                         |    9|          2|   16|         32|
    |data_631_val672_phi_reg_36898                         |    9|          2|   16|         32|
    |data_632_val673_phi_reg_36910                         |    9|          2|   16|         32|
    |data_633_val674_phi_reg_36922                         |    9|          2|   16|         32|
    |data_634_val675_phi_reg_36934                         |    9|          2|   16|         32|
    |data_635_val676_phi_reg_36946                         |    9|          2|   16|         32|
    |data_636_val677_phi_reg_36958                         |    9|          2|   16|         32|
    |data_637_val678_phi_reg_36970                         |    9|          2|   16|         32|
    |data_638_val679_phi_reg_36982                         |    9|          2|   16|         32|
    |data_639_val680_phi_reg_36994                         |    9|          2|   16|         32|
    |data_63_val104_phi_reg_30082                          |    9|          2|   16|         32|
    |data_640_val681_phi_reg_37006                         |    9|          2|   16|         32|
    |data_641_val682_phi_reg_37018                         |    9|          2|   16|         32|
    |data_642_val683_phi_reg_37030                         |    9|          2|   16|         32|
    |data_643_val684_phi_reg_37042                         |    9|          2|   16|         32|
    |data_644_val685_phi_reg_37054                         |    9|          2|   16|         32|
    |data_645_val686_phi_reg_37066                         |    9|          2|   16|         32|
    |data_646_val687_phi_reg_37078                         |    9|          2|   16|         32|
    |data_647_val688_phi_reg_37090                         |    9|          2|   16|         32|
    |data_648_val689_phi_reg_37102                         |    9|          2|   16|         32|
    |data_649_val690_phi_reg_37114                         |    9|          2|   16|         32|
    |data_64_val105_phi_reg_30094                          |    9|          2|   16|         32|
    |data_650_val691_phi_reg_37126                         |    9|          2|   16|         32|
    |data_651_val692_phi_reg_37138                         |    9|          2|   16|         32|
    |data_652_val693_phi_reg_37150                         |    9|          2|   16|         32|
    |data_653_val694_phi_reg_37162                         |    9|          2|   16|         32|
    |data_654_val695_phi_reg_37174                         |    9|          2|   16|         32|
    |data_655_val696_phi_reg_37186                         |    9|          2|   16|         32|
    |data_656_val697_phi_reg_37198                         |    9|          2|   16|         32|
    |data_657_val698_phi_reg_37210                         |    9|          2|   16|         32|
    |data_658_val699_phi_reg_37222                         |    9|          2|   16|         32|
    |data_659_val700_phi_reg_37234                         |    9|          2|   16|         32|
    |data_65_val106_phi_reg_30106                          |    9|          2|   16|         32|
    |data_660_val701_phi_reg_37246                         |    9|          2|   16|         32|
    |data_661_val702_phi_reg_37258                         |    9|          2|   16|         32|
    |data_662_val703_phi_reg_37270                         |    9|          2|   16|         32|
    |data_663_val704_phi_reg_37282                         |    9|          2|   16|         32|
    |data_664_val705_phi_reg_37294                         |    9|          2|   16|         32|
    |data_665_val706_phi_reg_37306                         |    9|          2|   16|         32|
    |data_666_val707_phi_reg_37318                         |    9|          2|   16|         32|
    |data_667_val708_phi_reg_37330                         |    9|          2|   16|         32|
    |data_668_val709_phi_reg_37342                         |    9|          2|   16|         32|
    |data_669_val710_phi_reg_37354                         |    9|          2|   16|         32|
    |data_66_val107_phi_reg_30118                          |    9|          2|   16|         32|
    |data_670_val711_phi_reg_37366                         |    9|          2|   16|         32|
    |data_671_val712_phi_reg_37378                         |    9|          2|   16|         32|
    |data_672_val713_phi_reg_37390                         |    9|          2|   16|         32|
    |data_673_val714_phi_reg_37402                         |    9|          2|   16|         32|
    |data_674_val715_phi_reg_37414                         |    9|          2|   16|         32|
    |data_675_val716_phi_reg_37426                         |    9|          2|   16|         32|
    |data_676_val717_phi_reg_37438                         |    9|          2|   16|         32|
    |data_677_val718_phi_reg_37450                         |    9|          2|   16|         32|
    |data_678_val719_phi_reg_37462                         |    9|          2|   16|         32|
    |data_679_val720_phi_reg_37474                         |    9|          2|   16|         32|
    |data_67_val108_phi_reg_30130                          |    9|          2|   16|         32|
    |data_680_val721_phi_reg_37486                         |    9|          2|   16|         32|
    |data_681_val722_phi_reg_37498                         |    9|          2|   16|         32|
    |data_682_val723_phi_reg_37510                         |    9|          2|   16|         32|
    |data_683_val724_phi_reg_37522                         |    9|          2|   16|         32|
    |data_684_val725_phi_reg_37534                         |    9|          2|   16|         32|
    |data_685_val726_phi_reg_37546                         |    9|          2|   16|         32|
    |data_686_val727_phi_reg_37558                         |    9|          2|   16|         32|
    |data_687_val728_phi_reg_37570                         |    9|          2|   16|         32|
    |data_688_val729_phi_reg_37582                         |    9|          2|   16|         32|
    |data_689_val730_phi_reg_37594                         |    9|          2|   16|         32|
    |data_68_val109_phi_reg_30142                          |    9|          2|   16|         32|
    |data_690_val731_phi_reg_37606                         |    9|          2|   16|         32|
    |data_691_val732_phi_reg_37618                         |    9|          2|   16|         32|
    |data_692_val733_phi_reg_37630                         |    9|          2|   16|         32|
    |data_693_val734_phi_reg_37642                         |    9|          2|   16|         32|
    |data_694_val735_phi_reg_37654                         |    9|          2|   16|         32|
    |data_695_val736_phi_reg_37666                         |    9|          2|   16|         32|
    |data_696_val737_phi_reg_37678                         |    9|          2|   16|         32|
    |data_697_val738_phi_reg_37690                         |    9|          2|   16|         32|
    |data_698_val739_phi_reg_37702                         |    9|          2|   16|         32|
    |data_699_val740_phi_reg_37714                         |    9|          2|   16|         32|
    |data_69_val110_phi_reg_30154                          |    9|          2|   16|         32|
    |data_6_val47_phi_reg_29398                            |    9|          2|   16|         32|
    |data_700_val741_phi_reg_37726                         |    9|          2|   16|         32|
    |data_701_val742_phi_reg_37738                         |    9|          2|   16|         32|
    |data_702_val743_phi_reg_37750                         |    9|          2|   16|         32|
    |data_703_val744_phi_reg_37762                         |    9|          2|   16|         32|
    |data_704_val745_phi_reg_37774                         |    9|          2|   16|         32|
    |data_705_val746_phi_reg_37786                         |    9|          2|   16|         32|
    |data_706_val747_phi_reg_37798                         |    9|          2|   16|         32|
    |data_707_val748_phi_reg_37810                         |    9|          2|   16|         32|
    |data_708_val749_phi_reg_37822                         |    9|          2|   16|         32|
    |data_709_val750_phi_reg_37834                         |    9|          2|   16|         32|
    |data_70_val111_phi_reg_30166                          |    9|          2|   16|         32|
    |data_710_val751_phi_reg_37846                         |    9|          2|   16|         32|
    |data_711_val752_phi_reg_37858                         |    9|          2|   16|         32|
    |data_712_val753_phi_reg_37870                         |    9|          2|   16|         32|
    |data_713_val754_phi_reg_37882                         |    9|          2|   16|         32|
    |data_714_val755_phi_reg_37894                         |    9|          2|   16|         32|
    |data_715_val756_phi_reg_37906                         |    9|          2|   16|         32|
    |data_716_val757_phi_reg_37918                         |    9|          2|   16|         32|
    |data_717_val758_phi_reg_37930                         |    9|          2|   16|         32|
    |data_718_val759_phi_reg_37942                         |    9|          2|   16|         32|
    |data_719_val760_phi_reg_37954                         |    9|          2|   16|         32|
    |data_71_val112_phi_reg_30178                          |    9|          2|   16|         32|
    |data_720_val761_phi_reg_37966                         |    9|          2|   16|         32|
    |data_721_val762_phi_reg_37978                         |    9|          2|   16|         32|
    |data_722_val763_phi_reg_37990                         |    9|          2|   16|         32|
    |data_723_val764_phi_reg_38002                         |    9|          2|   16|         32|
    |data_724_val765_phi_reg_38014                         |    9|          2|   16|         32|
    |data_725_val766_phi_reg_38026                         |    9|          2|   16|         32|
    |data_726_val767_phi_reg_38038                         |    9|          2|   16|         32|
    |data_727_val768_phi_reg_38050                         |    9|          2|   16|         32|
    |data_728_val769_phi_reg_38062                         |    9|          2|   16|         32|
    |data_729_val770_phi_reg_38074                         |    9|          2|   16|         32|
    |data_72_val113_phi_reg_30190                          |    9|          2|   16|         32|
    |data_730_val771_phi_reg_38086                         |    9|          2|   16|         32|
    |data_731_val772_phi_reg_38098                         |    9|          2|   16|         32|
    |data_732_val773_phi_reg_38110                         |    9|          2|   16|         32|
    |data_733_val774_phi_reg_38122                         |    9|          2|   16|         32|
    |data_734_val775_phi_reg_38134                         |    9|          2|   16|         32|
    |data_735_val776_phi_reg_38146                         |    9|          2|   16|         32|
    |data_736_val777_phi_reg_38158                         |    9|          2|   16|         32|
    |data_737_val778_phi_reg_38170                         |    9|          2|   16|         32|
    |data_738_val779_phi_reg_38182                         |    9|          2|   16|         32|
    |data_739_val780_phi_reg_38194                         |    9|          2|   16|         32|
    |data_73_val114_phi_reg_30202                          |    9|          2|   16|         32|
    |data_740_val781_phi_reg_38206                         |    9|          2|   16|         32|
    |data_741_val782_phi_reg_38218                         |    9|          2|   16|         32|
    |data_742_val783_phi_reg_38230                         |    9|          2|   16|         32|
    |data_743_val784_phi_reg_38242                         |    9|          2|   16|         32|
    |data_744_val785_phi_reg_38254                         |    9|          2|   16|         32|
    |data_745_val786_phi_reg_38266                         |    9|          2|   16|         32|
    |data_746_val787_phi_reg_38278                         |    9|          2|   16|         32|
    |data_747_val788_phi_reg_38290                         |    9|          2|   16|         32|
    |data_748_val789_phi_reg_38302                         |    9|          2|   16|         32|
    |data_749_val790_phi_reg_38314                         |    9|          2|   16|         32|
    |data_74_val115_phi_reg_30214                          |    9|          2|   16|         32|
    |data_750_val791_phi_reg_38326                         |    9|          2|   16|         32|
    |data_751_val792_phi_reg_38338                         |    9|          2|   16|         32|
    |data_752_val793_phi_reg_38350                         |    9|          2|   16|         32|
    |data_753_val794_phi_reg_38362                         |    9|          2|   16|         32|
    |data_754_val795_phi_reg_38374                         |    9|          2|   16|         32|
    |data_755_val796_phi_reg_38386                         |    9|          2|   16|         32|
    |data_756_val797_phi_reg_38398                         |    9|          2|   16|         32|
    |data_757_val798_phi_reg_38410                         |    9|          2|   16|         32|
    |data_758_val799_phi_reg_38422                         |    9|          2|   16|         32|
    |data_759_val800_phi_reg_38434                         |    9|          2|   16|         32|
    |data_75_val116_phi_reg_30226                          |    9|          2|   16|         32|
    |data_760_val801_phi_reg_38446                         |    9|          2|   16|         32|
    |data_761_val802_phi_reg_38458                         |    9|          2|   16|         32|
    |data_762_val803_phi_reg_38470                         |    9|          2|   16|         32|
    |data_763_val804_phi_reg_38482                         |    9|          2|   16|         32|
    |data_764_val805_phi_reg_38494                         |    9|          2|   16|         32|
    |data_765_val806_phi_reg_38506                         |    9|          2|   16|         32|
    |data_766_val807_phi_reg_38518                         |    9|          2|   16|         32|
    |data_767_val808_phi_reg_38530                         |    9|          2|   16|         32|
    |data_768_val809_phi_reg_38542                         |    9|          2|   16|         32|
    |data_769_val810_phi_reg_38554                         |    9|          2|   16|         32|
    |data_76_val117_phi_reg_30238                          |    9|          2|   16|         32|
    |data_770_val811_phi_reg_38566                         |    9|          2|   16|         32|
    |data_771_val812_phi_reg_38578                         |    9|          2|   16|         32|
    |data_772_val813_phi_reg_38590                         |    9|          2|   16|         32|
    |data_773_val814_phi_reg_38602                         |    9|          2|   16|         32|
    |data_774_val815_phi_reg_38614                         |    9|          2|   16|         32|
    |data_775_val816_phi_reg_38626                         |    9|          2|   16|         32|
    |data_776_val817_phi_reg_38638                         |    9|          2|   16|         32|
    |data_777_val818_phi_reg_38650                         |    9|          2|   16|         32|
    |data_778_val819_phi_reg_38662                         |    9|          2|   16|         32|
    |data_779_val820_phi_reg_38674                         |    9|          2|   16|         32|
    |data_77_val118_phi_reg_30250                          |    9|          2|   16|         32|
    |data_780_val821_phi_reg_38686                         |    9|          2|   16|         32|
    |data_781_val822_phi_reg_38698                         |    9|          2|   16|         32|
    |data_782_val823_phi_reg_38710                         |    9|          2|   16|         32|
    |data_783_val824_phi_reg_38722                         |    9|          2|   16|         32|
    |data_784_val825_phi_reg_38734                         |    9|          2|   16|         32|
    |data_785_val826_phi_reg_38746                         |    9|          2|   16|         32|
    |data_786_val827_phi_reg_38758                         |    9|          2|   16|         32|
    |data_787_val828_phi_reg_38770                         |    9|          2|   16|         32|
    |data_788_val829_phi_reg_38782                         |    9|          2|   16|         32|
    |data_789_val830_phi_reg_38794                         |    9|          2|   16|         32|
    |data_78_val119_phi_reg_30262                          |    9|          2|   16|         32|
    |data_790_val831_phi_reg_38806                         |    9|          2|   16|         32|
    |data_791_val832_phi_reg_38818                         |    9|          2|   16|         32|
    |data_792_val833_phi_reg_38830                         |    9|          2|   16|         32|
    |data_793_val834_phi_reg_38842                         |    9|          2|   16|         32|
    |data_794_val835_phi_reg_38854                         |    9|          2|   16|         32|
    |data_795_val836_phi_reg_38866                         |    9|          2|   16|         32|
    |data_796_val837_phi_reg_38878                         |    9|          2|   16|         32|
    |data_797_val838_phi_reg_38890                         |    9|          2|   16|         32|
    |data_798_val839_phi_reg_38902                         |    9|          2|   16|         32|
    |data_799_val840_phi_reg_38914                         |    9|          2|   16|         32|
    |data_79_val120_phi_reg_30274                          |    9|          2|   16|         32|
    |data_7_val48_phi_reg_29410                            |    9|          2|   16|         32|
    |data_800_val841_phi_reg_38926                         |    9|          2|   16|         32|
    |data_801_val842_phi_reg_38938                         |    9|          2|   16|         32|
    |data_802_val843_phi_reg_38950                         |    9|          2|   16|         32|
    |data_803_val844_phi_reg_38962                         |    9|          2|   16|         32|
    |data_804_val845_phi_reg_38974                         |    9|          2|   16|         32|
    |data_805_val846_phi_reg_38986                         |    9|          2|   16|         32|
    |data_806_val847_phi_reg_38998                         |    9|          2|   16|         32|
    |data_807_val848_phi_reg_39010                         |    9|          2|   16|         32|
    |data_808_val849_phi_reg_39022                         |    9|          2|   16|         32|
    |data_809_val850_phi_reg_39034                         |    9|          2|   16|         32|
    |data_80_val121_phi_reg_30286                          |    9|          2|   16|         32|
    |data_810_val851_phi_reg_39046                         |    9|          2|   16|         32|
    |data_811_val852_phi_reg_39058                         |    9|          2|   16|         32|
    |data_812_val853_phi_reg_39070                         |    9|          2|   16|         32|
    |data_813_val854_phi_reg_39082                         |    9|          2|   16|         32|
    |data_814_val855_phi_reg_39094                         |    9|          2|   16|         32|
    |data_815_val856_phi_reg_39106                         |    9|          2|   16|         32|
    |data_816_val857_phi_reg_39118                         |    9|          2|   16|         32|
    |data_817_val858_phi_reg_39130                         |    9|          2|   16|         32|
    |data_818_val859_phi_reg_39142                         |    9|          2|   16|         32|
    |data_819_val860_phi_reg_39154                         |    9|          2|   16|         32|
    |data_81_val122_phi_reg_30298                          |    9|          2|   16|         32|
    |data_820_val861_phi_reg_39166                         |    9|          2|   16|         32|
    |data_821_val862_phi_reg_39178                         |    9|          2|   16|         32|
    |data_822_val863_phi_reg_39190                         |    9|          2|   16|         32|
    |data_823_val864_phi_reg_39202                         |    9|          2|   16|         32|
    |data_824_val865_phi_reg_39214                         |    9|          2|   16|         32|
    |data_825_val866_phi_reg_39226                         |    9|          2|   16|         32|
    |data_826_val867_phi_reg_39238                         |    9|          2|   16|         32|
    |data_827_val868_phi_reg_39250                         |    9|          2|   16|         32|
    |data_828_val869_phi_reg_39262                         |    9|          2|   16|         32|
    |data_829_val870_phi_reg_39274                         |    9|          2|   16|         32|
    |data_82_val123_phi_reg_30310                          |    9|          2|   16|         32|
    |data_830_val871_phi_reg_39286                         |    9|          2|   16|         32|
    |data_831_val872_phi_reg_39298                         |    9|          2|   16|         32|
    |data_832_val873_phi_reg_39310                         |    9|          2|   16|         32|
    |data_833_val874_phi_reg_39322                         |    9|          2|   16|         32|
    |data_834_val875_phi_reg_39334                         |    9|          2|   16|         32|
    |data_835_val876_phi_reg_39346                         |    9|          2|   16|         32|
    |data_836_val877_phi_reg_39358                         |    9|          2|   16|         32|
    |data_837_val878_phi_reg_39370                         |    9|          2|   16|         32|
    |data_838_val879_phi_reg_39382                         |    9|          2|   16|         32|
    |data_839_val880_phi_reg_39394                         |    9|          2|   16|         32|
    |data_83_val124_phi_reg_30322                          |    9|          2|   16|         32|
    |data_840_val881_phi_reg_39406                         |    9|          2|   16|         32|
    |data_841_val882_phi_reg_39418                         |    9|          2|   16|         32|
    |data_842_val883_phi_reg_39430                         |    9|          2|   16|         32|
    |data_843_val884_phi_reg_39442                         |    9|          2|   16|         32|
    |data_844_val885_phi_reg_39454                         |    9|          2|   16|         32|
    |data_845_val886_phi_reg_39466                         |    9|          2|   16|         32|
    |data_846_val887_phi_reg_39478                         |    9|          2|   16|         32|
    |data_847_val888_phi_reg_39490                         |    9|          2|   16|         32|
    |data_848_val889_phi_reg_39502                         |    9|          2|   16|         32|
    |data_849_val890_phi_reg_39514                         |    9|          2|   16|         32|
    |data_84_val125_phi_reg_30334                          |    9|          2|   16|         32|
    |data_850_val891_phi_reg_39526                         |    9|          2|   16|         32|
    |data_851_val892_phi_reg_39538                         |    9|          2|   16|         32|
    |data_852_val893_phi_reg_39550                         |    9|          2|   16|         32|
    |data_853_val894_phi_reg_39562                         |    9|          2|   16|         32|
    |data_854_val895_phi_reg_39574                         |    9|          2|   16|         32|
    |data_855_val896_phi_reg_39586                         |    9|          2|   16|         32|
    |data_856_val897_phi_reg_39598                         |    9|          2|   16|         32|
    |data_857_val898_phi_reg_39610                         |    9|          2|   16|         32|
    |data_858_val899_phi_reg_39622                         |    9|          2|   16|         32|
    |data_859_val900_phi_reg_39634                         |    9|          2|   16|         32|
    |data_85_val126_phi_reg_30346                          |    9|          2|   16|         32|
    |data_860_val901_phi_reg_39646                         |    9|          2|   16|         32|
    |data_861_val902_phi_reg_39658                         |    9|          2|   16|         32|
    |data_862_val903_phi_reg_39670                         |    9|          2|   16|         32|
    |data_863_val904_phi_reg_39682                         |    9|          2|   16|         32|
    |data_864_val905_phi_reg_39694                         |    9|          2|   16|         32|
    |data_865_val906_phi_reg_39706                         |    9|          2|   16|         32|
    |data_866_val907_phi_reg_39718                         |    9|          2|   16|         32|
    |data_867_val908_phi_reg_39730                         |    9|          2|   16|         32|
    |data_868_val909_phi_reg_39742                         |    9|          2|   16|         32|
    |data_869_val910_phi_reg_39754                         |    9|          2|   16|         32|
    |data_86_val127_phi_reg_30358                          |    9|          2|   16|         32|
    |data_870_val911_phi_reg_39766                         |    9|          2|   16|         32|
    |data_871_val912_phi_reg_39778                         |    9|          2|   16|         32|
    |data_872_val913_phi_reg_39790                         |    9|          2|   16|         32|
    |data_873_val914_phi_reg_39802                         |    9|          2|   16|         32|
    |data_874_val915_phi_reg_39814                         |    9|          2|   16|         32|
    |data_875_val916_phi_reg_39826                         |    9|          2|   16|         32|
    |data_876_val917_phi_reg_39838                         |    9|          2|   16|         32|
    |data_877_val918_phi_reg_39850                         |    9|          2|   16|         32|
    |data_878_val919_phi_reg_39862                         |    9|          2|   16|         32|
    |data_879_val920_phi_reg_39874                         |    9|          2|   16|         32|
    |data_87_val128_phi_reg_30370                          |    9|          2|   16|         32|
    |data_880_val921_phi_reg_39886                         |    9|          2|   16|         32|
    |data_881_val922_phi_reg_39898                         |    9|          2|   16|         32|
    |data_882_val923_phi_reg_39910                         |    9|          2|   16|         32|
    |data_883_val924_phi_reg_39922                         |    9|          2|   16|         32|
    |data_884_val925_phi_reg_39934                         |    9|          2|   16|         32|
    |data_885_val926_phi_reg_39946                         |    9|          2|   16|         32|
    |data_886_val927_phi_reg_39958                         |    9|          2|   16|         32|
    |data_887_val928_phi_reg_39970                         |    9|          2|   16|         32|
    |data_888_val929_phi_reg_39982                         |    9|          2|   16|         32|
    |data_889_val930_phi_reg_39994                         |    9|          2|   16|         32|
    |data_88_val129_phi_reg_30382                          |    9|          2|   16|         32|
    |data_890_val931_phi_reg_40006                         |    9|          2|   16|         32|
    |data_891_val932_phi_reg_40018                         |    9|          2|   16|         32|
    |data_892_val933_phi_reg_40030                         |    9|          2|   16|         32|
    |data_893_val934_phi_reg_40042                         |    9|          2|   16|         32|
    |data_894_val935_phi_reg_40054                         |    9|          2|   16|         32|
    |data_895_val936_phi_reg_40066                         |    9|          2|   16|         32|
    |data_896_val937_phi_reg_40078                         |    9|          2|   16|         32|
    |data_897_val938_phi_reg_40090                         |    9|          2|   16|         32|
    |data_898_val939_phi_reg_40102                         |    9|          2|   16|         32|
    |data_899_val940_phi_reg_40114                         |    9|          2|   16|         32|
    |data_89_val130_phi_reg_30394                          |    9|          2|   16|         32|
    |data_8_val49_phi_reg_29422                            |    9|          2|   16|         32|
    |data_900_val941_phi_reg_40126                         |    9|          2|   16|         32|
    |data_901_val942_phi_reg_40138                         |    9|          2|   16|         32|
    |data_902_val943_phi_reg_40150                         |    9|          2|   16|         32|
    |data_903_val944_phi_reg_40162                         |    9|          2|   16|         32|
    |data_904_val945_phi_reg_40174                         |    9|          2|   16|         32|
    |data_905_val946_phi_reg_40186                         |    9|          2|   16|         32|
    |data_906_val947_phi_reg_40198                         |    9|          2|   16|         32|
    |data_907_val948_phi_reg_40210                         |    9|          2|   16|         32|
    |data_908_val949_phi_reg_40222                         |    9|          2|   16|         32|
    |data_909_val950_phi_reg_40234                         |    9|          2|   16|         32|
    |data_90_val131_phi_reg_30406                          |    9|          2|   16|         32|
    |data_910_val951_phi_reg_40246                         |    9|          2|   16|         32|
    |data_911_val952_phi_reg_40258                         |    9|          2|   16|         32|
    |data_912_val953_phi_reg_40270                         |    9|          2|   16|         32|
    |data_913_val954_phi_reg_40282                         |    9|          2|   16|         32|
    |data_914_val955_phi_reg_40294                         |    9|          2|   16|         32|
    |data_915_val956_phi_reg_40306                         |    9|          2|   16|         32|
    |data_916_val957_phi_reg_40318                         |    9|          2|   16|         32|
    |data_917_val958_phi_reg_40330                         |    9|          2|   16|         32|
    |data_918_val959_phi_reg_40342                         |    9|          2|   16|         32|
    |data_919_val960_phi_reg_40354                         |    9|          2|   16|         32|
    |data_91_val132_phi_reg_30418                          |    9|          2|   16|         32|
    |data_920_val961_phi_reg_40366                         |    9|          2|   16|         32|
    |data_921_val962_phi_reg_40378                         |    9|          2|   16|         32|
    |data_922_val963_phi_reg_40390                         |    9|          2|   16|         32|
    |data_923_val964_phi_reg_40402                         |    9|          2|   16|         32|
    |data_924_val965_phi_reg_40414                         |    9|          2|   16|         32|
    |data_925_val966_phi_reg_40426                         |    9|          2|   16|         32|
    |data_926_val967_phi_reg_40438                         |    9|          2|   16|         32|
    |data_927_val968_phi_reg_40450                         |    9|          2|   16|         32|
    |data_928_val969_phi_reg_40462                         |    9|          2|   16|         32|
    |data_929_val970_phi_reg_40474                         |    9|          2|   16|         32|
    |data_92_val133_phi_reg_30430                          |    9|          2|   16|         32|
    |data_930_val971_phi_reg_40486                         |    9|          2|   16|         32|
    |data_931_val972_phi_reg_40498                         |    9|          2|   16|         32|
    |data_932_val973_phi_reg_40510                         |    9|          2|   16|         32|
    |data_933_val974_phi_reg_40522                         |    9|          2|   16|         32|
    |data_934_val975_phi_reg_40534                         |    9|          2|   16|         32|
    |data_935_val976_phi_reg_40546                         |    9|          2|   16|         32|
    |data_936_val977_phi_reg_40558                         |    9|          2|   16|         32|
    |data_937_val978_phi_reg_40570                         |    9|          2|   16|         32|
    |data_938_val979_phi_reg_40582                         |    9|          2|   16|         32|
    |data_939_val980_phi_reg_40594                         |    9|          2|   16|         32|
    |data_93_val134_phi_reg_30442                          |    9|          2|   16|         32|
    |data_940_val981_phi_reg_40606                         |    9|          2|   16|         32|
    |data_941_val982_phi_reg_40618                         |    9|          2|   16|         32|
    |data_942_val983_phi_reg_40630                         |    9|          2|   16|         32|
    |data_943_val984_phi_reg_40642                         |    9|          2|   16|         32|
    |data_944_val985_phi_reg_40654                         |    9|          2|   16|         32|
    |data_945_val986_phi_reg_40666                         |    9|          2|   16|         32|
    |data_946_val987_phi_reg_40678                         |    9|          2|   16|         32|
    |data_947_val988_phi_reg_40690                         |    9|          2|   16|         32|
    |data_948_val989_phi_reg_40702                         |    9|          2|   16|         32|
    |data_949_val990_phi_reg_40714                         |    9|          2|   16|         32|
    |data_94_val135_phi_reg_30454                          |    9|          2|   16|         32|
    |data_950_val991_phi_reg_40726                         |    9|          2|   16|         32|
    |data_951_val992_phi_reg_40738                         |    9|          2|   16|         32|
    |data_952_val993_phi_reg_40750                         |    9|          2|   16|         32|
    |data_953_val994_phi_reg_40762                         |    9|          2|   16|         32|
    |data_954_val995_phi_reg_40774                         |    9|          2|   16|         32|
    |data_955_val996_phi_reg_40786                         |    9|          2|   16|         32|
    |data_956_val997_phi_reg_40798                         |    9|          2|   16|         32|
    |data_957_val998_phi_reg_40810                         |    9|          2|   16|         32|
    |data_958_val999_phi_reg_40822                         |    9|          2|   16|         32|
    |data_959_val1000_phi_reg_40834                        |    9|          2|   16|         32|
    |data_95_val136_phi_reg_30466                          |    9|          2|   16|         32|
    |data_960_val1001_phi_reg_40846                        |    9|          2|   16|         32|
    |data_961_val1002_phi_reg_40858                        |    9|          2|   16|         32|
    |data_962_val1003_phi_reg_40870                        |    9|          2|   16|         32|
    |data_963_val1004_phi_reg_40882                        |    9|          2|   16|         32|
    |data_964_val1005_phi_reg_40894                        |    9|          2|   16|         32|
    |data_965_val1006_phi_reg_40906                        |    9|          2|   16|         32|
    |data_966_val1007_phi_reg_40918                        |    9|          2|   16|         32|
    |data_967_val1008_phi_reg_40930                        |    9|          2|   16|         32|
    |data_968_val1009_phi_reg_40942                        |    9|          2|   16|         32|
    |data_969_val1010_phi_reg_40954                        |    9|          2|   16|         32|
    |data_96_val137_phi_reg_30478                          |    9|          2|   16|         32|
    |data_970_val1011_phi_reg_40966                        |    9|          2|   16|         32|
    |data_971_val1012_phi_reg_40978                        |    9|          2|   16|         32|
    |data_972_val1013_phi_reg_40990                        |    9|          2|   16|         32|
    |data_973_val1014_phi_reg_41002                        |    9|          2|   16|         32|
    |data_974_val1015_phi_reg_41014                        |    9|          2|   16|         32|
    |data_975_val1016_phi_reg_41026                        |    9|          2|   16|         32|
    |data_976_val1017_phi_reg_41038                        |    9|          2|   16|         32|
    |data_977_val1018_phi_reg_41050                        |    9|          2|   16|         32|
    |data_978_val1019_phi_reg_41062                        |    9|          2|   16|         32|
    |data_979_val1020_phi_reg_41074                        |    9|          2|   16|         32|
    |data_97_val138_phi_reg_30490                          |    9|          2|   16|         32|
    |data_980_val1021_phi_reg_41086                        |    9|          2|   16|         32|
    |data_981_val1022_phi_reg_41098                        |    9|          2|   16|         32|
    |data_982_val1023_phi_reg_41110                        |    9|          2|   16|         32|
    |data_983_val1024_phi_reg_41122                        |    9|          2|   16|         32|
    |data_984_val1025_phi_reg_41134                        |    9|          2|   16|         32|
    |data_985_val1026_phi_reg_41146                        |    9|          2|   16|         32|
    |data_986_val1027_phi_reg_41158                        |    9|          2|   16|         32|
    |data_987_val1028_phi_reg_41170                        |    9|          2|   16|         32|
    |data_988_val1029_phi_reg_41182                        |    9|          2|   16|         32|
    |data_989_val1030_phi_reg_41194                        |    9|          2|   16|         32|
    |data_98_val139_phi_reg_30502                          |    9|          2|   16|         32|
    |data_990_val1031_phi_reg_41206                        |    9|          2|   16|         32|
    |data_991_val1032_phi_reg_41218                        |    9|          2|   16|         32|
    |data_992_val1033_phi_reg_41230                        |    9|          2|   16|         32|
    |data_993_val1034_phi_reg_41242                        |    9|          2|   16|         32|
    |data_994_val1035_phi_reg_41254                        |    9|          2|   16|         32|
    |data_995_val1036_phi_reg_41266                        |    9|          2|   16|         32|
    |data_996_val1037_phi_reg_41278                        |    9|          2|   16|         32|
    |data_997_val1038_phi_reg_41290                        |    9|          2|   16|         32|
    |data_998_val1039_phi_reg_41302                        |    9|          2|   16|         32|
    |data_999_val1040_phi_reg_41314                        |    9|          2|   16|         32|
    |data_99_val140_phi_reg_30514                          |    9|          2|   16|         32|
    |data_9_val50_phi_reg_29434                            |    9|          2|   16|         32|
    |w_index3_reg_11168                                    |    9|          2|    8|         16|
    +------------------------------------------------------+-----+-----------+-----+-----------+
    |Total                                                 |35371|       7860|62851|     125711|
    +------------------------------------------------------+-----+-----------+-----+-----------+

    * Register: 
    +------------------------------------------------------+-----+----+-----+-----------+
    |                         Name                         |  FF | LUT| Bits| Const Bits|
    +------------------------------------------------------+-----+----+-----+-----------+
    |a_40_reg_59390                                        |   16|   0|   16|          0|
    |a_41_reg_59400                                        |   16|   0|   16|          0|
    |a_42_reg_59410                                        |   16|   0|   16|          0|
    |a_43_reg_59420                                        |   16|   0|   16|          0|
    |a_44_reg_59430                                        |   16|   0|   16|          0|
    |a_reg_59380                                           |   16|   0|   16|          0|
    |ap_CS_fsm                                             |    1|   0|    1|          0|
    |ap_done_reg                                           |    1|   0|    1|          0|
    |ap_enable_reg_pp0_iter1                               |    1|   0|    1|          0|
    |ap_enable_reg_pp0_iter2                               |    1|   0|    1|          0|
    |ap_enable_reg_pp0_iter3                               |    1|   0|    1|          0|
    |ap_loop_exit_ready_pp0_iter1_reg                      |    1|   0|    1|          0|
    |ap_loop_exit_ready_pp0_iter2_reg                      |    1|   0|    1|          0|
    |ap_loop_exit_ready_pp0_iter3_reg                      |    1|   0|    1|          0|
    |ap_loop_init_pp0_iter1_reg                            |    1|   0|    1|          0|
    |ap_loop_init_pp0_iter2_reg                            |    1|   0|    1|          0|
    |ap_loop_init_pp0_iter3_reg                            |    1|   0|    1|          0|
    |ap_phi_reg_pp0_iter1_data_0_val41_phi_reg_29326       |   16|   0|   16|          0|
    |ap_phi_reg_pp0_iter1_data_1000_val1041_phi_reg_41326  |   16|   0|   16|          0|
    |ap_phi_reg_pp0_iter1_data_1001_val1042_phi_reg_41338  |   16|   0|   16|          0|
    |ap_phi_reg_pp0_iter1_data_1002_val1043_phi_reg_41350  |   16|   0|   16|          0|
    |ap_phi_reg_pp0_iter1_data_1003_val1044_phi_reg_41362  |   16|   0|   16|          0|
    |ap_phi_reg_pp0_iter1_data_1004_val1045_phi_reg_41374  |   16|   0|   16|          0|
    |ap_phi_reg_pp0_iter1_data_1005_val1046_phi_reg_41386  |   16|   0|   16|          0|
    |ap_phi_reg_pp0_iter1_data_1006_val1047_phi_reg_41398  |   16|   0|   16|          0|
    |ap_phi_reg_pp0_iter1_data_1007_val1048_phi_reg_41410  |   16|   0|   16|          0|
    |ap_phi_reg_pp0_iter1_data_1008_val1049_phi_reg_41422  |   16|   0|   16|          0|
    |ap_phi_reg_pp0_iter1_data_1009_val1050_phi_reg_41434  |   16|   0|   16|          0|
    |ap_phi_reg_pp0_iter1_data_100_val141_phi_reg_30526    |   16|   0|   16|          0|
    |ap_phi_reg_pp0_iter1_data_1010_val1051_phi_reg_41446  |   16|   0|   16|          0|
    |ap_phi_reg_pp0_iter1_data_1011_val1052_phi_reg_41458  |   16|   0|   16|          0|
    |ap_phi_reg_pp0_iter1_data_1012_val1053_phi_reg_41470  |   16|   0|   16|          0|
    |ap_phi_reg_pp0_iter1_data_1013_val1054_phi_reg_41482  |   16|   0|   16|          0|
    |ap_phi_reg_pp0_iter1_data_1014_val1055_phi_reg_41494  |   16|   0|   16|          0|
    |ap_phi_reg_pp0_iter1_data_1015_val1056_phi_reg_41506  |   16|   0|   16|          0|
    |ap_phi_reg_pp0_iter1_data_1016_val1057_phi_reg_41518  |   16|   0|   16|          0|
    |ap_phi_reg_pp0_iter1_data_1017_val1058_phi_reg_41530  |   16|   0|   16|          0|
    |ap_phi_reg_pp0_iter1_data_1018_val1059_phi_reg_41542  |   16|   0|   16|          0|
    |ap_phi_reg_pp0_iter1_data_1019_val1060_phi_reg_41554  |   16|   0|   16|          0|
    |ap_phi_reg_pp0_iter1_data_101_val142_phi_reg_30538    |   16|   0|   16|          0|
    |ap_phi_reg_pp0_iter1_data_1020_val1061_phi_reg_41566  |   16|   0|   16|          0|
    |ap_phi_reg_pp0_iter1_data_1021_val1062_phi_reg_41578  |   16|   0|   16|          0|
    |ap_phi_reg_pp0_iter1_data_1022_val1063_phi_reg_41590  |   16|   0|   16|          0|
    |ap_phi_reg_pp0_iter1_data_1023_val1064_phi_reg_41602  |   16|   0|   16|          0|
    |ap_phi_reg_pp0_iter1_data_1024_val1065_phi_reg_41614  |   16|   0|   16|          0|
    |ap_phi_reg_pp0_iter1_data_1025_val1066_phi_reg_41626  |   16|   0|   16|          0|
    |ap_phi_reg_pp0_iter1_data_1026_val1067_phi_reg_41638  |   16|   0|   16|          0|
    |ap_phi_reg_pp0_iter1_data_1027_val1068_phi_reg_41650  |   16|   0|   16|          0|
    |ap_phi_reg_pp0_iter1_data_1028_val1069_phi_reg_41662  |   16|   0|   16|          0|
    |ap_phi_reg_pp0_iter1_data_1029_val1070_phi_reg_41674  |   16|   0|   16|          0|
    |ap_phi_reg_pp0_iter1_data_102_val143_phi_reg_30550    |   16|   0|   16|          0|
    |ap_phi_reg_pp0_iter1_data_1030_val1071_phi_reg_41686  |   16|   0|   16|          0|
    |ap_phi_reg_pp0_iter1_data_1031_val1072_phi_reg_41698  |   16|   0|   16|          0|
    |ap_phi_reg_pp0_iter1_data_1032_val1073_phi_reg_41710  |   16|   0|   16|          0|
    |ap_phi_reg_pp0_iter1_data_1033_val1074_phi_reg_41722  |   16|   0|   16|          0|
    |ap_phi_reg_pp0_iter1_data_1034_val1075_phi_reg_41734  |   16|   0|   16|          0|
    |ap_phi_reg_pp0_iter1_data_1035_val1076_phi_reg_41746  |   16|   0|   16|          0|
    |ap_phi_reg_pp0_iter1_data_1036_val1077_phi_reg_41758  |   16|   0|   16|          0|
    |ap_phi_reg_pp0_iter1_data_1037_val1078_phi_reg_41770  |   16|   0|   16|          0|
    |ap_phi_reg_pp0_iter1_data_1038_val1079_phi_reg_41782  |   16|   0|   16|          0|
    |ap_phi_reg_pp0_iter1_data_1039_val1080_phi_reg_41794  |   16|   0|   16|          0|
    |ap_phi_reg_pp0_iter1_data_103_val144_phi_reg_30562    |   16|   0|   16|          0|
    |ap_phi_reg_pp0_iter1_data_1040_val1081_phi_reg_41806  |   16|   0|   16|          0|
    |ap_phi_reg_pp0_iter1_data_1041_val1082_phi_reg_41818  |   16|   0|   16|          0|
    |ap_phi_reg_pp0_iter1_data_1042_val1083_phi_reg_41830  |   16|   0|   16|          0|
    |ap_phi_reg_pp0_iter1_data_1043_val1084_phi_reg_41842  |   16|   0|   16|          0|
    |ap_phi_reg_pp0_iter1_data_1044_val1085_phi_reg_41854  |   16|   0|   16|          0|
    |ap_phi_reg_pp0_iter1_data_1045_val1086_phi_reg_41866  |   16|   0|   16|          0|
    |ap_phi_reg_pp0_iter1_data_1046_val1087_phi_reg_41878  |   16|   0|   16|          0|
    |ap_phi_reg_pp0_iter1_data_1047_val1088_phi_reg_41890  |   16|   0|   16|          0|
    |ap_phi_reg_pp0_iter1_data_1048_val1089_phi_reg_41902  |   16|   0|   16|          0|
    |ap_phi_reg_pp0_iter1_data_1049_val1090_phi_reg_41914  |   16|   0|   16|          0|
    |ap_phi_reg_pp0_iter1_data_104_val145_phi_reg_30574    |   16|   0|   16|          0|
    |ap_phi_reg_pp0_iter1_data_1050_val1091_phi_reg_41926  |   16|   0|   16|          0|
    |ap_phi_reg_pp0_iter1_data_1051_val1092_phi_reg_41938  |   16|   0|   16|          0|
    |ap_phi_reg_pp0_iter1_data_1052_val1093_phi_reg_41950  |   16|   0|   16|          0|
    |ap_phi_reg_pp0_iter1_data_1053_val1094_phi_reg_41962  |   16|   0|   16|          0|
    |ap_phi_reg_pp0_iter1_data_1054_val1095_phi_reg_41974  |   16|   0|   16|          0|
    |ap_phi_reg_pp0_iter1_data_1055_val1096_phi_reg_41986  |   16|   0|   16|          0|
    |ap_phi_reg_pp0_iter1_data_1056_val1097_phi_reg_41998  |   16|   0|   16|          0|
    |ap_phi_reg_pp0_iter1_data_1057_val1098_phi_reg_42010  |   16|   0|   16|          0|
    |ap_phi_reg_pp0_iter1_data_1058_val1099_phi_reg_42022  |   16|   0|   16|          0|
    |ap_phi_reg_pp0_iter1_data_1059_val1100_phi_reg_42034  |   16|   0|   16|          0|
    |ap_phi_reg_pp0_iter1_data_105_val146_phi_reg_30586    |   16|   0|   16|          0|
    |ap_phi_reg_pp0_iter1_data_1060_val1101_phi_reg_42046  |   16|   0|   16|          0|
    |ap_phi_reg_pp0_iter1_data_1061_val1102_phi_reg_42058  |   16|   0|   16|          0|
    |ap_phi_reg_pp0_iter1_data_1062_val1103_phi_reg_42070  |   16|   0|   16|          0|
    |ap_phi_reg_pp0_iter1_data_1063_val1104_phi_reg_42082  |   16|   0|   16|          0|
    |ap_phi_reg_pp0_iter1_data_1064_val1105_phi_reg_42094  |   16|   0|   16|          0|
    |ap_phi_reg_pp0_iter1_data_1065_val1106_phi_reg_42106  |   16|   0|   16|          0|
    |ap_phi_reg_pp0_iter1_data_1066_val1107_phi_reg_42118  |   16|   0|   16|          0|
    |ap_phi_reg_pp0_iter1_data_1067_val1108_phi_reg_42130  |   16|   0|   16|          0|
    |ap_phi_reg_pp0_iter1_data_1068_val1109_phi_reg_42142  |   16|   0|   16|          0|
    |ap_phi_reg_pp0_iter1_data_1069_val1110_phi_reg_42154  |   16|   0|   16|          0|
    |ap_phi_reg_pp0_iter1_data_106_val147_phi_reg_30598    |   16|   0|   16|          0|
    |ap_phi_reg_pp0_iter1_data_1070_val1111_phi_reg_42166  |   16|   0|   16|          0|
    |ap_phi_reg_pp0_iter1_data_1071_val1112_phi_reg_42178  |   16|   0|   16|          0|
    |ap_phi_reg_pp0_iter1_data_1072_val1113_phi_reg_42190  |   16|   0|   16|          0|
    |ap_phi_reg_pp0_iter1_data_1073_val1114_phi_reg_42202  |   16|   0|   16|          0|
    |ap_phi_reg_pp0_iter1_data_1074_val1115_phi_reg_42214  |   16|   0|   16|          0|
    |ap_phi_reg_pp0_iter1_data_1075_val1116_phi_reg_42226  |   16|   0|   16|          0|
    |ap_phi_reg_pp0_iter1_data_1076_val1117_phi_reg_42238  |   16|   0|   16|          0|
    |ap_phi_reg_pp0_iter1_data_1077_val1118_phi_reg_42250  |   16|   0|   16|          0|
    |ap_phi_reg_pp0_iter1_data_1078_val1119_phi_reg_42262  |   16|   0|   16|          0|
    |ap_phi_reg_pp0_iter1_data_1079_val1120_phi_reg_42274  |   16|   0|   16|          0|
    |ap_phi_reg_pp0_iter1_data_107_val148_phi_reg_30610    |   16|   0|   16|          0|
    |ap_phi_reg_pp0_iter1_data_1080_val1121_phi_reg_42286  |   16|   0|   16|          0|
    |ap_phi_reg_pp0_iter1_data_1081_val1122_phi_reg_42298  |   16|   0|   16|          0|
    |ap_phi_reg_pp0_iter1_data_1082_val1123_phi_reg_42310  |   16|   0|   16|          0|
    |ap_phi_reg_pp0_iter1_data_1083_val1124_phi_reg_42322  |   16|   0|   16|          0|
    |ap_phi_reg_pp0_iter1_data_1084_val1125_phi_reg_42334  |   16|   0|   16|          0|
    |ap_phi_reg_pp0_iter1_data_1085_val1126_phi_reg_42346  |   16|   0|   16|          0|
    |ap_phi_reg_pp0_iter1_data_1086_val1127_phi_reg_42358  |   16|   0|   16|          0|
    |ap_phi_reg_pp0_iter1_data_1087_val1128_phi_reg_42370  |   16|   0|   16|          0|
    |ap_phi_reg_pp0_iter1_data_1088_val1129_phi_reg_42382  |   16|   0|   16|          0|
    |ap_phi_reg_pp0_iter1_data_1089_val1130_phi_reg_42394  |   16|   0|   16|          0|
    |ap_phi_reg_pp0_iter1_data_108_val149_phi_reg_30622    |   16|   0|   16|          0|
    |ap_phi_reg_pp0_iter1_data_1090_val1131_phi_reg_42406  |   16|   0|   16|          0|
    |ap_phi_reg_pp0_iter1_data_1091_val1132_phi_reg_42418  |   16|   0|   16|          0|
    |ap_phi_reg_pp0_iter1_data_1092_val1133_phi_reg_42430  |   16|   0|   16|          0|
    |ap_phi_reg_pp0_iter1_data_1093_val1134_phi_reg_42442  |   16|   0|   16|          0|
    |ap_phi_reg_pp0_iter1_data_1094_val1135_phi_reg_42454  |   16|   0|   16|          0|
    |ap_phi_reg_pp0_iter1_data_1095_val1136_phi_reg_42466  |   16|   0|   16|          0|
    |ap_phi_reg_pp0_iter1_data_1096_val1137_phi_reg_42478  |   16|   0|   16|          0|
    |ap_phi_reg_pp0_iter1_data_1097_val1138_phi_reg_42490  |   16|   0|   16|          0|
    |ap_phi_reg_pp0_iter1_data_1098_val1139_phi_reg_42502  |   16|   0|   16|          0|
    |ap_phi_reg_pp0_iter1_data_1099_val1140_phi_reg_42514  |   16|   0|   16|          0|
    |ap_phi_reg_pp0_iter1_data_109_val150_phi_reg_30634    |   16|   0|   16|          0|
    |ap_phi_reg_pp0_iter1_data_10_val51_phi_reg_29446      |   16|   0|   16|          0|
    |ap_phi_reg_pp0_iter1_data_1100_val1141_phi_reg_42526  |   16|   0|   16|          0|
    |ap_phi_reg_pp0_iter1_data_1101_val1142_phi_reg_42538  |   16|   0|   16|          0|
    |ap_phi_reg_pp0_iter1_data_1102_val1143_phi_reg_42550  |   16|   0|   16|          0|
    |ap_phi_reg_pp0_iter1_data_1103_val1144_phi_reg_42562  |   16|   0|   16|          0|
    |ap_phi_reg_pp0_iter1_data_1104_val1145_phi_reg_42574  |   16|   0|   16|          0|
    |ap_phi_reg_pp0_iter1_data_1105_val1146_phi_reg_42586  |   16|   0|   16|          0|
    |ap_phi_reg_pp0_iter1_data_1106_val1147_phi_reg_42598  |   16|   0|   16|          0|
    |ap_phi_reg_pp0_iter1_data_1107_val1148_phi_reg_42610  |   16|   0|   16|          0|
    |ap_phi_reg_pp0_iter1_data_1108_val1149_phi_reg_42622  |   16|   0|   16|          0|
    |ap_phi_reg_pp0_iter1_data_1109_val1150_phi_reg_42634  |   16|   0|   16|          0|
    |ap_phi_reg_pp0_iter1_data_110_val151_phi_reg_30646    |   16|   0|   16|          0|
    |ap_phi_reg_pp0_iter1_data_1110_val1151_phi_reg_42646  |   16|   0|   16|          0|
    |ap_phi_reg_pp0_iter1_data_1111_val1152_phi_reg_42658  |   16|   0|   16|          0|
    |ap_phi_reg_pp0_iter1_data_1112_val1153_phi_reg_42670  |   16|   0|   16|          0|
    |ap_phi_reg_pp0_iter1_data_1113_val1154_phi_reg_42682  |   16|   0|   16|          0|
    |ap_phi_reg_pp0_iter1_data_1114_val1155_phi_reg_42694  |   16|   0|   16|          0|
    |ap_phi_reg_pp0_iter1_data_1115_val1156_phi_reg_42706  |   16|   0|   16|          0|
    |ap_phi_reg_pp0_iter1_data_1116_val1157_phi_reg_42718  |   16|   0|   16|          0|
    |ap_phi_reg_pp0_iter1_data_1117_val1158_phi_reg_42730  |   16|   0|   16|          0|
    |ap_phi_reg_pp0_iter1_data_1118_val1159_phi_reg_42742  |   16|   0|   16|          0|
    |ap_phi_reg_pp0_iter1_data_1119_val1160_phi_reg_42754  |   16|   0|   16|          0|
    |ap_phi_reg_pp0_iter1_data_111_val152_phi_reg_30658    |   16|   0|   16|          0|
    |ap_phi_reg_pp0_iter1_data_1120_val1161_phi_reg_42766  |   16|   0|   16|          0|
    |ap_phi_reg_pp0_iter1_data_1121_val1162_phi_reg_42778  |   16|   0|   16|          0|
    |ap_phi_reg_pp0_iter1_data_1122_val1163_phi_reg_42790  |   16|   0|   16|          0|
    |ap_phi_reg_pp0_iter1_data_1123_val1164_phi_reg_42802  |   16|   0|   16|          0|
    |ap_phi_reg_pp0_iter1_data_1124_val1165_phi_reg_42814  |   16|   0|   16|          0|
    |ap_phi_reg_pp0_iter1_data_1125_val1166_phi_reg_42826  |   16|   0|   16|          0|
    |ap_phi_reg_pp0_iter1_data_1126_val1167_phi_reg_42838  |   16|   0|   16|          0|
    |ap_phi_reg_pp0_iter1_data_1127_val1168_phi_reg_42850  |   16|   0|   16|          0|
    |ap_phi_reg_pp0_iter1_data_1128_val1169_phi_reg_42862  |   16|   0|   16|          0|
    |ap_phi_reg_pp0_iter1_data_1129_val1170_phi_reg_42874  |   16|   0|   16|          0|
    |ap_phi_reg_pp0_iter1_data_112_val153_phi_reg_30670    |   16|   0|   16|          0|
    |ap_phi_reg_pp0_iter1_data_1130_val1171_phi_reg_42886  |   16|   0|   16|          0|
    |ap_phi_reg_pp0_iter1_data_1131_val1172_phi_reg_42898  |   16|   0|   16|          0|
    |ap_phi_reg_pp0_iter1_data_1132_val1173_phi_reg_42910  |   16|   0|   16|          0|
    |ap_phi_reg_pp0_iter1_data_1133_val1174_phi_reg_42922  |   16|   0|   16|          0|
    |ap_phi_reg_pp0_iter1_data_1134_val1175_phi_reg_42934  |   16|   0|   16|          0|
    |ap_phi_reg_pp0_iter1_data_1135_val1176_phi_reg_42946  |   16|   0|   16|          0|
    |ap_phi_reg_pp0_iter1_data_1136_val1177_phi_reg_42958  |   16|   0|   16|          0|
    |ap_phi_reg_pp0_iter1_data_1137_val1178_phi_reg_42970  |   16|   0|   16|          0|
    |ap_phi_reg_pp0_iter1_data_1138_val1179_phi_reg_42982  |   16|   0|   16|          0|
    |ap_phi_reg_pp0_iter1_data_1139_val1180_phi_reg_42994  |   16|   0|   16|          0|
    |ap_phi_reg_pp0_iter1_data_113_val154_phi_reg_30682    |   16|   0|   16|          0|
    |ap_phi_reg_pp0_iter1_data_1140_val1181_phi_reg_43006  |   16|   0|   16|          0|
    |ap_phi_reg_pp0_iter1_data_1141_val1182_phi_reg_43018  |   16|   0|   16|          0|
    |ap_phi_reg_pp0_iter1_data_1142_val1183_phi_reg_43030  |   16|   0|   16|          0|
    |ap_phi_reg_pp0_iter1_data_1143_val1184_phi_reg_43042  |   16|   0|   16|          0|
    |ap_phi_reg_pp0_iter1_data_1144_val1185_phi_reg_43054  |   16|   0|   16|          0|
    |ap_phi_reg_pp0_iter1_data_1145_val1186_phi_reg_43066  |   16|   0|   16|          0|
    |ap_phi_reg_pp0_iter1_data_1146_val1187_phi_reg_43078  |   16|   0|   16|          0|
    |ap_phi_reg_pp0_iter1_data_1147_val1188_phi_reg_43090  |   16|   0|   16|          0|
    |ap_phi_reg_pp0_iter1_data_1148_val1189_phi_reg_43102  |   16|   0|   16|          0|
    |ap_phi_reg_pp0_iter1_data_1149_val1190_phi_reg_43114  |   16|   0|   16|          0|
    |ap_phi_reg_pp0_iter1_data_114_val155_phi_reg_30694    |   16|   0|   16|          0|
    |ap_phi_reg_pp0_iter1_data_1150_val1191_phi_reg_43126  |   16|   0|   16|          0|
    |ap_phi_reg_pp0_iter1_data_1151_val1192_phi_reg_43138  |   16|   0|   16|          0|
    |ap_phi_reg_pp0_iter1_data_1152_val1193_phi_reg_43150  |   16|   0|   16|          0|
    |ap_phi_reg_pp0_iter1_data_1153_val1194_phi_reg_43162  |   16|   0|   16|          0|
    |ap_phi_reg_pp0_iter1_data_1154_val1195_phi_reg_43174  |   16|   0|   16|          0|
    |ap_phi_reg_pp0_iter1_data_1155_val1196_phi_reg_43186  |   16|   0|   16|          0|
    |ap_phi_reg_pp0_iter1_data_1156_val1197_phi_reg_43198  |   16|   0|   16|          0|
    |ap_phi_reg_pp0_iter1_data_1157_val1198_phi_reg_43210  |   16|   0|   16|          0|
    |ap_phi_reg_pp0_iter1_data_1158_val1199_phi_reg_43222  |   16|   0|   16|          0|
    |ap_phi_reg_pp0_iter1_data_1159_val1200_phi_reg_43234  |   16|   0|   16|          0|
    |ap_phi_reg_pp0_iter1_data_115_val156_phi_reg_30706    |   16|   0|   16|          0|
    |ap_phi_reg_pp0_iter1_data_1160_val1201_phi_reg_43246  |   16|   0|   16|          0|
    |ap_phi_reg_pp0_iter1_data_1161_val1202_phi_reg_43258  |   16|   0|   16|          0|
    |ap_phi_reg_pp0_iter1_data_1162_val1203_phi_reg_43270  |   16|   0|   16|          0|
    |ap_phi_reg_pp0_iter1_data_1163_val1204_phi_reg_43282  |   16|   0|   16|          0|
    |ap_phi_reg_pp0_iter1_data_1164_val1205_phi_reg_43294  |   16|   0|   16|          0|
    |ap_phi_reg_pp0_iter1_data_1165_val1206_phi_reg_43306  |   16|   0|   16|          0|
    |ap_phi_reg_pp0_iter1_data_1166_val1207_phi_reg_43318  |   16|   0|   16|          0|
    |ap_phi_reg_pp0_iter1_data_1167_val1208_phi_reg_43330  |   16|   0|   16|          0|
    |ap_phi_reg_pp0_iter1_data_1168_val1209_phi_reg_43342  |   16|   0|   16|          0|
    |ap_phi_reg_pp0_iter1_data_1169_val1210_phi_reg_43354  |   16|   0|   16|          0|
    |ap_phi_reg_pp0_iter1_data_116_val157_phi_reg_30718    |   16|   0|   16|          0|
    |ap_phi_reg_pp0_iter1_data_1170_val1211_phi_reg_43366  |   16|   0|   16|          0|
    |ap_phi_reg_pp0_iter1_data_1171_val1212_phi_reg_43378  |   16|   0|   16|          0|
    |ap_phi_reg_pp0_iter1_data_1172_val1213_phi_reg_43390  |   16|   0|   16|          0|
    |ap_phi_reg_pp0_iter1_data_1173_val1214_phi_reg_43402  |   16|   0|   16|          0|
    |ap_phi_reg_pp0_iter1_data_1174_val1215_phi_reg_43414  |   16|   0|   16|          0|
    |ap_phi_reg_pp0_iter1_data_1175_val1216_phi_reg_43426  |   16|   0|   16|          0|
    |ap_phi_reg_pp0_iter1_data_1176_val1217_phi_reg_43438  |   16|   0|   16|          0|
    |ap_phi_reg_pp0_iter1_data_1177_val1218_phi_reg_43450  |   16|   0|   16|          0|
    |ap_phi_reg_pp0_iter1_data_1178_val1219_phi_reg_43462  |   16|   0|   16|          0|
    |ap_phi_reg_pp0_iter1_data_1179_val1220_phi_reg_43474  |   16|   0|   16|          0|
    |ap_phi_reg_pp0_iter1_data_117_val158_phi_reg_30730    |   16|   0|   16|          0|
    |ap_phi_reg_pp0_iter1_data_1180_val1221_phi_reg_43486  |   16|   0|   16|          0|
    |ap_phi_reg_pp0_iter1_data_1181_val1222_phi_reg_43498  |   16|   0|   16|          0|
    |ap_phi_reg_pp0_iter1_data_1182_val1223_phi_reg_43510  |   16|   0|   16|          0|
    |ap_phi_reg_pp0_iter1_data_1183_val1224_phi_reg_43522  |   16|   0|   16|          0|
    |ap_phi_reg_pp0_iter1_data_1184_val1225_phi_reg_43534  |   16|   0|   16|          0|
    |ap_phi_reg_pp0_iter1_data_1185_val1226_phi_reg_43546  |   16|   0|   16|          0|
    |ap_phi_reg_pp0_iter1_data_1186_val1227_phi_reg_43558  |   16|   0|   16|          0|
    |ap_phi_reg_pp0_iter1_data_1187_val1228_phi_reg_43570  |   16|   0|   16|          0|
    |ap_phi_reg_pp0_iter1_data_1188_val1229_phi_reg_43582  |   16|   0|   16|          0|
    |ap_phi_reg_pp0_iter1_data_1189_val1230_phi_reg_43594  |   16|   0|   16|          0|
    |ap_phi_reg_pp0_iter1_data_118_val159_phi_reg_30742    |   16|   0|   16|          0|
    |ap_phi_reg_pp0_iter1_data_1190_val1231_phi_reg_43606  |   16|   0|   16|          0|
    |ap_phi_reg_pp0_iter1_data_1191_val1232_phi_reg_43618  |   16|   0|   16|          0|
    |ap_phi_reg_pp0_iter1_data_1192_val1233_phi_reg_43630  |   16|   0|   16|          0|
    |ap_phi_reg_pp0_iter1_data_1193_val1234_phi_reg_43642  |   16|   0|   16|          0|
    |ap_phi_reg_pp0_iter1_data_1194_val1235_phi_reg_43654  |   16|   0|   16|          0|
    |ap_phi_reg_pp0_iter1_data_1195_val1236_phi_reg_43666  |   16|   0|   16|          0|
    |ap_phi_reg_pp0_iter1_data_1196_val1237_phi_reg_43678  |   16|   0|   16|          0|
    |ap_phi_reg_pp0_iter1_data_1197_val1238_phi_reg_43690  |   16|   0|   16|          0|
    |ap_phi_reg_pp0_iter1_data_1198_val1239_phi_reg_43702  |   16|   0|   16|          0|
    |ap_phi_reg_pp0_iter1_data_1199_val1240_phi_reg_43714  |   16|   0|   16|          0|
    |ap_phi_reg_pp0_iter1_data_119_val160_phi_reg_30754    |   16|   0|   16|          0|
    |ap_phi_reg_pp0_iter1_data_11_val52_phi_reg_29458      |   16|   0|   16|          0|
    |ap_phi_reg_pp0_iter1_data_1200_val1241_phi_reg_43726  |   16|   0|   16|          0|
    |ap_phi_reg_pp0_iter1_data_1201_val1242_phi_reg_43738  |   16|   0|   16|          0|
    |ap_phi_reg_pp0_iter1_data_1202_val1243_phi_reg_43750  |   16|   0|   16|          0|
    |ap_phi_reg_pp0_iter1_data_1203_val1244_phi_reg_43762  |   16|   0|   16|          0|
    |ap_phi_reg_pp0_iter1_data_1204_val1245_phi_reg_43774  |   16|   0|   16|          0|
    |ap_phi_reg_pp0_iter1_data_1205_val1246_phi_reg_43786  |   16|   0|   16|          0|
    |ap_phi_reg_pp0_iter1_data_1206_val1247_phi_reg_43798  |   16|   0|   16|          0|
    |ap_phi_reg_pp0_iter1_data_1207_val1248_phi_reg_43810  |   16|   0|   16|          0|
    |ap_phi_reg_pp0_iter1_data_1208_val1249_phi_reg_43822  |   16|   0|   16|          0|
    |ap_phi_reg_pp0_iter1_data_1209_val1250_phi_reg_43834  |   16|   0|   16|          0|
    |ap_phi_reg_pp0_iter1_data_120_val161_phi_reg_30766    |   16|   0|   16|          0|
    |ap_phi_reg_pp0_iter1_data_1210_val1251_phi_reg_43846  |   16|   0|   16|          0|
    |ap_phi_reg_pp0_iter1_data_1211_val1252_phi_reg_43858  |   16|   0|   16|          0|
    |ap_phi_reg_pp0_iter1_data_1212_val1253_phi_reg_43870  |   16|   0|   16|          0|
    |ap_phi_reg_pp0_iter1_data_1213_val1254_phi_reg_43882  |   16|   0|   16|          0|
    |ap_phi_reg_pp0_iter1_data_1214_val1255_phi_reg_43894  |   16|   0|   16|          0|
    |ap_phi_reg_pp0_iter1_data_1215_val1256_phi_reg_43906  |   16|   0|   16|          0|
    |ap_phi_reg_pp0_iter1_data_1216_val1257_phi_reg_43918  |   16|   0|   16|          0|
    |ap_phi_reg_pp0_iter1_data_1217_val1258_phi_reg_43930  |   16|   0|   16|          0|
    |ap_phi_reg_pp0_iter1_data_1218_val1259_phi_reg_43942  |   16|   0|   16|          0|
    |ap_phi_reg_pp0_iter1_data_1219_val1260_phi_reg_43954  |   16|   0|   16|          0|
    |ap_phi_reg_pp0_iter1_data_121_val162_phi_reg_30778    |   16|   0|   16|          0|
    |ap_phi_reg_pp0_iter1_data_1220_val1261_phi_reg_43966  |   16|   0|   16|          0|
    |ap_phi_reg_pp0_iter1_data_1221_val1262_phi_reg_43978  |   16|   0|   16|          0|
    |ap_phi_reg_pp0_iter1_data_1222_val1263_phi_reg_43990  |   16|   0|   16|          0|
    |ap_phi_reg_pp0_iter1_data_1223_val1264_phi_reg_44002  |   16|   0|   16|          0|
    |ap_phi_reg_pp0_iter1_data_1224_val1265_phi_reg_44014  |   16|   0|   16|          0|
    |ap_phi_reg_pp0_iter1_data_1225_val1266_phi_reg_44026  |   16|   0|   16|          0|
    |ap_phi_reg_pp0_iter1_data_1226_val1267_phi_reg_44038  |   16|   0|   16|          0|
    |ap_phi_reg_pp0_iter1_data_1227_val1268_phi_reg_44050  |   16|   0|   16|          0|
    |ap_phi_reg_pp0_iter1_data_1228_val1269_phi_reg_44062  |   16|   0|   16|          0|
    |ap_phi_reg_pp0_iter1_data_1229_val1270_phi_reg_44074  |   16|   0|   16|          0|
    |ap_phi_reg_pp0_iter1_data_122_val163_phi_reg_30790    |   16|   0|   16|          0|
    |ap_phi_reg_pp0_iter1_data_1230_val1271_phi_reg_44086  |   16|   0|   16|          0|
    |ap_phi_reg_pp0_iter1_data_1231_val1272_phi_reg_44098  |   16|   0|   16|          0|
    |ap_phi_reg_pp0_iter1_data_1232_val1273_phi_reg_44110  |   16|   0|   16|          0|
    |ap_phi_reg_pp0_iter1_data_1233_val1274_phi_reg_44122  |   16|   0|   16|          0|
    |ap_phi_reg_pp0_iter1_data_1234_val1275_phi_reg_44134  |   16|   0|   16|          0|
    |ap_phi_reg_pp0_iter1_data_1235_val1276_phi_reg_44146  |   16|   0|   16|          0|
    |ap_phi_reg_pp0_iter1_data_1236_val1277_phi_reg_44158  |   16|   0|   16|          0|
    |ap_phi_reg_pp0_iter1_data_1237_val1278_phi_reg_44170  |   16|   0|   16|          0|
    |ap_phi_reg_pp0_iter1_data_1238_val1279_phi_reg_44182  |   16|   0|   16|          0|
    |ap_phi_reg_pp0_iter1_data_1239_val1280_phi_reg_44194  |   16|   0|   16|          0|
    |ap_phi_reg_pp0_iter1_data_123_val164_phi_reg_30802    |   16|   0|   16|          0|
    |ap_phi_reg_pp0_iter1_data_1240_val1281_phi_reg_44206  |   16|   0|   16|          0|
    |ap_phi_reg_pp0_iter1_data_1241_val1282_phi_reg_44218  |   16|   0|   16|          0|
    |ap_phi_reg_pp0_iter1_data_1242_val1283_phi_reg_44230  |   16|   0|   16|          0|
    |ap_phi_reg_pp0_iter1_data_1243_val1284_phi_reg_44242  |   16|   0|   16|          0|
    |ap_phi_reg_pp0_iter1_data_1244_val1285_phi_reg_44254  |   16|   0|   16|          0|
    |ap_phi_reg_pp0_iter1_data_1245_val1286_phi_reg_44266  |   16|   0|   16|          0|
    |ap_phi_reg_pp0_iter1_data_1246_val1287_phi_reg_44278  |   16|   0|   16|          0|
    |ap_phi_reg_pp0_iter1_data_1247_val1288_phi_reg_44290  |   16|   0|   16|          0|
    |ap_phi_reg_pp0_iter1_data_1248_val1289_phi_reg_44302  |   16|   0|   16|          0|
    |ap_phi_reg_pp0_iter1_data_1249_val1290_phi_reg_44314  |   16|   0|   16|          0|
    |ap_phi_reg_pp0_iter1_data_124_val165_phi_reg_30814    |   16|   0|   16|          0|
    |ap_phi_reg_pp0_iter1_data_1250_val1291_phi_reg_44326  |   16|   0|   16|          0|
    |ap_phi_reg_pp0_iter1_data_1251_val1292_phi_reg_44338  |   16|   0|   16|          0|
    |ap_phi_reg_pp0_iter1_data_1252_val1293_phi_reg_44350  |   16|   0|   16|          0|
    |ap_phi_reg_pp0_iter1_data_1253_val1294_phi_reg_44362  |   16|   0|   16|          0|
    |ap_phi_reg_pp0_iter1_data_1254_val1295_phi_reg_44374  |   16|   0|   16|          0|
    |ap_phi_reg_pp0_iter1_data_1255_val1296_phi_reg_44386  |   16|   0|   16|          0|
    |ap_phi_reg_pp0_iter1_data_1256_val1297_phi_reg_44398  |   16|   0|   16|          0|
    |ap_phi_reg_pp0_iter1_data_1257_val1298_phi_reg_44410  |   16|   0|   16|          0|
    |ap_phi_reg_pp0_iter1_data_1258_val1299_phi_reg_44422  |   16|   0|   16|          0|
    |ap_phi_reg_pp0_iter1_data_1259_val1300_phi_reg_44434  |   16|   0|   16|          0|
    |ap_phi_reg_pp0_iter1_data_125_val166_phi_reg_30826    |   16|   0|   16|          0|
    |ap_phi_reg_pp0_iter1_data_1260_val1301_phi_reg_44446  |   16|   0|   16|          0|
    |ap_phi_reg_pp0_iter1_data_1261_val1302_phi_reg_44458  |   16|   0|   16|          0|
    |ap_phi_reg_pp0_iter1_data_1262_val1303_phi_reg_44470  |   16|   0|   16|          0|
    |ap_phi_reg_pp0_iter1_data_1263_val1304_phi_reg_44482  |   16|   0|   16|          0|
    |ap_phi_reg_pp0_iter1_data_1264_val1305_phi_reg_44494  |   16|   0|   16|          0|
    |ap_phi_reg_pp0_iter1_data_1265_val1306_phi_reg_44506  |   16|   0|   16|          0|
    |ap_phi_reg_pp0_iter1_data_1266_val1307_phi_reg_44518  |   16|   0|   16|          0|
    |ap_phi_reg_pp0_iter1_data_1267_val1308_phi_reg_44530  |   16|   0|   16|          0|
    |ap_phi_reg_pp0_iter1_data_1268_val1309_phi_reg_44542  |   16|   0|   16|          0|
    |ap_phi_reg_pp0_iter1_data_1269_val1310_phi_reg_44554  |   16|   0|   16|          0|
    |ap_phi_reg_pp0_iter1_data_126_val167_phi_reg_30838    |   16|   0|   16|          0|
    |ap_phi_reg_pp0_iter1_data_1270_val1311_phi_reg_44566  |   16|   0|   16|          0|
    |ap_phi_reg_pp0_iter1_data_1271_val1312_phi_reg_44578  |   16|   0|   16|          0|
    |ap_phi_reg_pp0_iter1_data_1272_val1313_phi_reg_44590  |   16|   0|   16|          0|
    |ap_phi_reg_pp0_iter1_data_1273_val1314_phi_reg_44602  |   16|   0|   16|          0|
    |ap_phi_reg_pp0_iter1_data_1274_val1315_phi_reg_44614  |   16|   0|   16|          0|
    |ap_phi_reg_pp0_iter1_data_1275_val1316_phi_reg_44626  |   16|   0|   16|          0|
    |ap_phi_reg_pp0_iter1_data_1276_val1317_phi_reg_44638  |   16|   0|   16|          0|
    |ap_phi_reg_pp0_iter1_data_1277_val1318_phi_reg_44650  |   16|   0|   16|          0|
    |ap_phi_reg_pp0_iter1_data_1278_val1319_phi_reg_44662  |   16|   0|   16|          0|
    |ap_phi_reg_pp0_iter1_data_1279_val1320_phi_reg_44674  |   16|   0|   16|          0|
    |ap_phi_reg_pp0_iter1_data_127_val168_phi_reg_30850    |   16|   0|   16|          0|
    |ap_phi_reg_pp0_iter1_data_1280_val1321_phi_reg_44686  |   16|   0|   16|          0|
    |ap_phi_reg_pp0_iter1_data_1281_val1322_phi_reg_44698  |   16|   0|   16|          0|
    |ap_phi_reg_pp0_iter1_data_1282_val1323_phi_reg_44710  |   16|   0|   16|          0|
    |ap_phi_reg_pp0_iter1_data_1283_val1324_phi_reg_44722  |   16|   0|   16|          0|
    |ap_phi_reg_pp0_iter1_data_1284_val1325_phi_reg_44734  |   16|   0|   16|          0|
    |ap_phi_reg_pp0_iter1_data_1285_val1326_phi_reg_44746  |   16|   0|   16|          0|
    |ap_phi_reg_pp0_iter1_data_1286_val1327_phi_reg_44758  |   16|   0|   16|          0|
    |ap_phi_reg_pp0_iter1_data_1287_val1328_phi_reg_44770  |   16|   0|   16|          0|
    |ap_phi_reg_pp0_iter1_data_1288_val1329_phi_reg_44782  |   16|   0|   16|          0|
    |ap_phi_reg_pp0_iter1_data_1289_val1330_phi_reg_44794  |   16|   0|   16|          0|
    |ap_phi_reg_pp0_iter1_data_128_val169_phi_reg_30862    |   16|   0|   16|          0|
    |ap_phi_reg_pp0_iter1_data_1290_val1331_phi_reg_44806  |   16|   0|   16|          0|
    |ap_phi_reg_pp0_iter1_data_1291_val1332_phi_reg_44818  |   16|   0|   16|          0|
    |ap_phi_reg_pp0_iter1_data_1292_val1333_phi_reg_44830  |   16|   0|   16|          0|
    |ap_phi_reg_pp0_iter1_data_1293_val1334_phi_reg_44842  |   16|   0|   16|          0|
    |ap_phi_reg_pp0_iter1_data_1294_val1335_phi_reg_44854  |   16|   0|   16|          0|
    |ap_phi_reg_pp0_iter1_data_1295_val1336_phi_reg_44866  |   16|   0|   16|          0|
    |ap_phi_reg_pp0_iter1_data_129_val170_phi_reg_30874    |   16|   0|   16|          0|
    |ap_phi_reg_pp0_iter1_data_12_val53_phi_reg_29470      |   16|   0|   16|          0|
    |ap_phi_reg_pp0_iter1_data_130_val171_phi_reg_30886    |   16|   0|   16|          0|
    |ap_phi_reg_pp0_iter1_data_131_val172_phi_reg_30898    |   16|   0|   16|          0|
    |ap_phi_reg_pp0_iter1_data_132_val173_phi_reg_30910    |   16|   0|   16|          0|
    |ap_phi_reg_pp0_iter1_data_133_val174_phi_reg_30922    |   16|   0|   16|          0|
    |ap_phi_reg_pp0_iter1_data_134_val175_phi_reg_30934    |   16|   0|   16|          0|
    |ap_phi_reg_pp0_iter1_data_135_val176_phi_reg_30946    |   16|   0|   16|          0|
    |ap_phi_reg_pp0_iter1_data_136_val177_phi_reg_30958    |   16|   0|   16|          0|
    |ap_phi_reg_pp0_iter1_data_137_val178_phi_reg_30970    |   16|   0|   16|          0|
    |ap_phi_reg_pp0_iter1_data_138_val179_phi_reg_30982    |   16|   0|   16|          0|
    |ap_phi_reg_pp0_iter1_data_139_val180_phi_reg_30994    |   16|   0|   16|          0|
    |ap_phi_reg_pp0_iter1_data_13_val54_phi_reg_29482      |   16|   0|   16|          0|
    |ap_phi_reg_pp0_iter1_data_140_val181_phi_reg_31006    |   16|   0|   16|          0|
    |ap_phi_reg_pp0_iter1_data_141_val182_phi_reg_31018    |   16|   0|   16|          0|
    |ap_phi_reg_pp0_iter1_data_142_val183_phi_reg_31030    |   16|   0|   16|          0|
    |ap_phi_reg_pp0_iter1_data_143_val184_phi_reg_31042    |   16|   0|   16|          0|
    |ap_phi_reg_pp0_iter1_data_144_val185_phi_reg_31054    |   16|   0|   16|          0|
    |ap_phi_reg_pp0_iter1_data_145_val186_phi_reg_31066    |   16|   0|   16|          0|
    |ap_phi_reg_pp0_iter1_data_146_val187_phi_reg_31078    |   16|   0|   16|          0|
    |ap_phi_reg_pp0_iter1_data_147_val188_phi_reg_31090    |   16|   0|   16|          0|
    |ap_phi_reg_pp0_iter1_data_148_val189_phi_reg_31102    |   16|   0|   16|          0|
    |ap_phi_reg_pp0_iter1_data_149_val190_phi_reg_31114    |   16|   0|   16|          0|
    |ap_phi_reg_pp0_iter1_data_14_val55_phi_reg_29494      |   16|   0|   16|          0|
    |ap_phi_reg_pp0_iter1_data_150_val191_phi_reg_31126    |   16|   0|   16|          0|
    |ap_phi_reg_pp0_iter1_data_151_val192_phi_reg_31138    |   16|   0|   16|          0|
    |ap_phi_reg_pp0_iter1_data_152_val193_phi_reg_31150    |   16|   0|   16|          0|
    |ap_phi_reg_pp0_iter1_data_153_val194_phi_reg_31162    |   16|   0|   16|          0|
    |ap_phi_reg_pp0_iter1_data_154_val195_phi_reg_31174    |   16|   0|   16|          0|
    |ap_phi_reg_pp0_iter1_data_155_val196_phi_reg_31186    |   16|   0|   16|          0|
    |ap_phi_reg_pp0_iter1_data_156_val197_phi_reg_31198    |   16|   0|   16|          0|
    |ap_phi_reg_pp0_iter1_data_157_val198_phi_reg_31210    |   16|   0|   16|          0|
    |ap_phi_reg_pp0_iter1_data_158_val199_phi_reg_31222    |   16|   0|   16|          0|
    |ap_phi_reg_pp0_iter1_data_159_val200_phi_reg_31234    |   16|   0|   16|          0|
    |ap_phi_reg_pp0_iter1_data_15_val56_phi_reg_29506      |   16|   0|   16|          0|
    |ap_phi_reg_pp0_iter1_data_160_val201_phi_reg_31246    |   16|   0|   16|          0|
    |ap_phi_reg_pp0_iter1_data_161_val202_phi_reg_31258    |   16|   0|   16|          0|
    |ap_phi_reg_pp0_iter1_data_162_val203_phi_reg_31270    |   16|   0|   16|          0|
    |ap_phi_reg_pp0_iter1_data_163_val204_phi_reg_31282    |   16|   0|   16|          0|
    |ap_phi_reg_pp0_iter1_data_164_val205_phi_reg_31294    |   16|   0|   16|          0|
    |ap_phi_reg_pp0_iter1_data_165_val206_phi_reg_31306    |   16|   0|   16|          0|
    |ap_phi_reg_pp0_iter1_data_166_val207_phi_reg_31318    |   16|   0|   16|          0|
    |ap_phi_reg_pp0_iter1_data_167_val208_phi_reg_31330    |   16|   0|   16|          0|
    |ap_phi_reg_pp0_iter1_data_168_val209_phi_reg_31342    |   16|   0|   16|          0|
    |ap_phi_reg_pp0_iter1_data_169_val210_phi_reg_31354    |   16|   0|   16|          0|
    |ap_phi_reg_pp0_iter1_data_16_val57_phi_reg_29518      |   16|   0|   16|          0|
    |ap_phi_reg_pp0_iter1_data_170_val211_phi_reg_31366    |   16|   0|   16|          0|
    |ap_phi_reg_pp0_iter1_data_171_val212_phi_reg_31378    |   16|   0|   16|          0|
    |ap_phi_reg_pp0_iter1_data_172_val213_phi_reg_31390    |   16|   0|   16|          0|
    |ap_phi_reg_pp0_iter1_data_173_val214_phi_reg_31402    |   16|   0|   16|          0|
    |ap_phi_reg_pp0_iter1_data_174_val215_phi_reg_31414    |   16|   0|   16|          0|
    |ap_phi_reg_pp0_iter1_data_175_val216_phi_reg_31426    |   16|   0|   16|          0|
    |ap_phi_reg_pp0_iter1_data_176_val217_phi_reg_31438    |   16|   0|   16|          0|
    |ap_phi_reg_pp0_iter1_data_177_val218_phi_reg_31450    |   16|   0|   16|          0|
    |ap_phi_reg_pp0_iter1_data_178_val219_phi_reg_31462    |   16|   0|   16|          0|
    |ap_phi_reg_pp0_iter1_data_179_val220_phi_reg_31474    |   16|   0|   16|          0|
    |ap_phi_reg_pp0_iter1_data_17_val58_phi_reg_29530      |   16|   0|   16|          0|
    |ap_phi_reg_pp0_iter1_data_180_val221_phi_reg_31486    |   16|   0|   16|          0|
    |ap_phi_reg_pp0_iter1_data_181_val222_phi_reg_31498    |   16|   0|   16|          0|
    |ap_phi_reg_pp0_iter1_data_182_val223_phi_reg_31510    |   16|   0|   16|          0|
    |ap_phi_reg_pp0_iter1_data_183_val224_phi_reg_31522    |   16|   0|   16|          0|
    |ap_phi_reg_pp0_iter1_data_184_val225_phi_reg_31534    |   16|   0|   16|          0|
    |ap_phi_reg_pp0_iter1_data_185_val226_phi_reg_31546    |   16|   0|   16|          0|
    |ap_phi_reg_pp0_iter1_data_186_val227_phi_reg_31558    |   16|   0|   16|          0|
    |ap_phi_reg_pp0_iter1_data_187_val228_phi_reg_31570    |   16|   0|   16|          0|
    |ap_phi_reg_pp0_iter1_data_188_val229_phi_reg_31582    |   16|   0|   16|          0|
    |ap_phi_reg_pp0_iter1_data_189_val230_phi_reg_31594    |   16|   0|   16|          0|
    |ap_phi_reg_pp0_iter1_data_18_val59_phi_reg_29542      |   16|   0|   16|          0|
    |ap_phi_reg_pp0_iter1_data_190_val231_phi_reg_31606    |   16|   0|   16|          0|
    |ap_phi_reg_pp0_iter1_data_191_val232_phi_reg_31618    |   16|   0|   16|          0|
    |ap_phi_reg_pp0_iter1_data_192_val233_phi_reg_31630    |   16|   0|   16|          0|
    |ap_phi_reg_pp0_iter1_data_193_val234_phi_reg_31642    |   16|   0|   16|          0|
    |ap_phi_reg_pp0_iter1_data_194_val235_phi_reg_31654    |   16|   0|   16|          0|
    |ap_phi_reg_pp0_iter1_data_195_val236_phi_reg_31666    |   16|   0|   16|          0|
    |ap_phi_reg_pp0_iter1_data_196_val237_phi_reg_31678    |   16|   0|   16|          0|
    |ap_phi_reg_pp0_iter1_data_197_val238_phi_reg_31690    |   16|   0|   16|          0|
    |ap_phi_reg_pp0_iter1_data_198_val239_phi_reg_31702    |   16|   0|   16|          0|
    |ap_phi_reg_pp0_iter1_data_199_val240_phi_reg_31714    |   16|   0|   16|          0|
    |ap_phi_reg_pp0_iter1_data_19_val60_phi_reg_29554      |   16|   0|   16|          0|
    |ap_phi_reg_pp0_iter1_data_1_val42_phi_reg_29338       |   16|   0|   16|          0|
    |ap_phi_reg_pp0_iter1_data_200_val241_phi_reg_31726    |   16|   0|   16|          0|
    |ap_phi_reg_pp0_iter1_data_201_val242_phi_reg_31738    |   16|   0|   16|          0|
    |ap_phi_reg_pp0_iter1_data_202_val243_phi_reg_31750    |   16|   0|   16|          0|
    |ap_phi_reg_pp0_iter1_data_203_val244_phi_reg_31762    |   16|   0|   16|          0|
    |ap_phi_reg_pp0_iter1_data_204_val245_phi_reg_31774    |   16|   0|   16|          0|
    |ap_phi_reg_pp0_iter1_data_205_val246_phi_reg_31786    |   16|   0|   16|          0|
    |ap_phi_reg_pp0_iter1_data_206_val247_phi_reg_31798    |   16|   0|   16|          0|
    |ap_phi_reg_pp0_iter1_data_207_val248_phi_reg_31810    |   16|   0|   16|          0|
    |ap_phi_reg_pp0_iter1_data_208_val249_phi_reg_31822    |   16|   0|   16|          0|
    |ap_phi_reg_pp0_iter1_data_209_val250_phi_reg_31834    |   16|   0|   16|          0|
    |ap_phi_reg_pp0_iter1_data_20_val61_phi_reg_29566      |   16|   0|   16|          0|
    |ap_phi_reg_pp0_iter1_data_210_val251_phi_reg_31846    |   16|   0|   16|          0|
    |ap_phi_reg_pp0_iter1_data_211_val252_phi_reg_31858    |   16|   0|   16|          0|
    |ap_phi_reg_pp0_iter1_data_212_val253_phi_reg_31870    |   16|   0|   16|          0|
    |ap_phi_reg_pp0_iter1_data_213_val254_phi_reg_31882    |   16|   0|   16|          0|
    |ap_phi_reg_pp0_iter1_data_214_val255_phi_reg_31894    |   16|   0|   16|          0|
    |ap_phi_reg_pp0_iter1_data_215_val256_phi_reg_31906    |   16|   0|   16|          0|
    |ap_phi_reg_pp0_iter1_data_216_val257_phi_reg_31918    |   16|   0|   16|          0|
    |ap_phi_reg_pp0_iter1_data_217_val258_phi_reg_31930    |   16|   0|   16|          0|
    |ap_phi_reg_pp0_iter1_data_218_val259_phi_reg_31942    |   16|   0|   16|          0|
    |ap_phi_reg_pp0_iter1_data_219_val260_phi_reg_31954    |   16|   0|   16|          0|
    |ap_phi_reg_pp0_iter1_data_21_val62_phi_reg_29578      |   16|   0|   16|          0|
    |ap_phi_reg_pp0_iter1_data_220_val261_phi_reg_31966    |   16|   0|   16|          0|
    |ap_phi_reg_pp0_iter1_data_221_val262_phi_reg_31978    |   16|   0|   16|          0|
    |ap_phi_reg_pp0_iter1_data_222_val263_phi_reg_31990    |   16|   0|   16|          0|
    |ap_phi_reg_pp0_iter1_data_223_val264_phi_reg_32002    |   16|   0|   16|          0|
    |ap_phi_reg_pp0_iter1_data_224_val265_phi_reg_32014    |   16|   0|   16|          0|
    |ap_phi_reg_pp0_iter1_data_225_val266_phi_reg_32026    |   16|   0|   16|          0|
    |ap_phi_reg_pp0_iter1_data_226_val267_phi_reg_32038    |   16|   0|   16|          0|
    |ap_phi_reg_pp0_iter1_data_227_val268_phi_reg_32050    |   16|   0|   16|          0|
    |ap_phi_reg_pp0_iter1_data_228_val269_phi_reg_32062    |   16|   0|   16|          0|
    |ap_phi_reg_pp0_iter1_data_229_val270_phi_reg_32074    |   16|   0|   16|          0|
    |ap_phi_reg_pp0_iter1_data_22_val63_phi_reg_29590      |   16|   0|   16|          0|
    |ap_phi_reg_pp0_iter1_data_230_val271_phi_reg_32086    |   16|   0|   16|          0|
    |ap_phi_reg_pp0_iter1_data_231_val272_phi_reg_32098    |   16|   0|   16|          0|
    |ap_phi_reg_pp0_iter1_data_232_val273_phi_reg_32110    |   16|   0|   16|          0|
    |ap_phi_reg_pp0_iter1_data_233_val274_phi_reg_32122    |   16|   0|   16|          0|
    |ap_phi_reg_pp0_iter1_data_234_val275_phi_reg_32134    |   16|   0|   16|          0|
    |ap_phi_reg_pp0_iter1_data_235_val276_phi_reg_32146    |   16|   0|   16|          0|
    |ap_phi_reg_pp0_iter1_data_236_val277_phi_reg_32158    |   16|   0|   16|          0|
    |ap_phi_reg_pp0_iter1_data_237_val278_phi_reg_32170    |   16|   0|   16|          0|
    |ap_phi_reg_pp0_iter1_data_238_val279_phi_reg_32182    |   16|   0|   16|          0|
    |ap_phi_reg_pp0_iter1_data_239_val280_phi_reg_32194    |   16|   0|   16|          0|
    |ap_phi_reg_pp0_iter1_data_23_val64_phi_reg_29602      |   16|   0|   16|          0|
    |ap_phi_reg_pp0_iter1_data_240_val281_phi_reg_32206    |   16|   0|   16|          0|
    |ap_phi_reg_pp0_iter1_data_241_val282_phi_reg_32218    |   16|   0|   16|          0|
    |ap_phi_reg_pp0_iter1_data_242_val283_phi_reg_32230    |   16|   0|   16|          0|
    |ap_phi_reg_pp0_iter1_data_243_val284_phi_reg_32242    |   16|   0|   16|          0|
    |ap_phi_reg_pp0_iter1_data_244_val285_phi_reg_32254    |   16|   0|   16|          0|
    |ap_phi_reg_pp0_iter1_data_245_val286_phi_reg_32266    |   16|   0|   16|          0|
    |ap_phi_reg_pp0_iter1_data_246_val287_phi_reg_32278    |   16|   0|   16|          0|
    |ap_phi_reg_pp0_iter1_data_247_val288_phi_reg_32290    |   16|   0|   16|          0|
    |ap_phi_reg_pp0_iter1_data_248_val289_phi_reg_32302    |   16|   0|   16|          0|
    |ap_phi_reg_pp0_iter1_data_249_val290_phi_reg_32314    |   16|   0|   16|          0|
    |ap_phi_reg_pp0_iter1_data_24_val65_phi_reg_29614      |   16|   0|   16|          0|
    |ap_phi_reg_pp0_iter1_data_250_val291_phi_reg_32326    |   16|   0|   16|          0|
    |ap_phi_reg_pp0_iter1_data_251_val292_phi_reg_32338    |   16|   0|   16|          0|
    |ap_phi_reg_pp0_iter1_data_252_val293_phi_reg_32350    |   16|   0|   16|          0|
    |ap_phi_reg_pp0_iter1_data_253_val294_phi_reg_32362    |   16|   0|   16|          0|
    |ap_phi_reg_pp0_iter1_data_254_val295_phi_reg_32374    |   16|   0|   16|          0|
    |ap_phi_reg_pp0_iter1_data_255_val296_phi_reg_32386    |   16|   0|   16|          0|
    |ap_phi_reg_pp0_iter1_data_256_val297_phi_reg_32398    |   16|   0|   16|          0|
    |ap_phi_reg_pp0_iter1_data_257_val298_phi_reg_32410    |   16|   0|   16|          0|
    |ap_phi_reg_pp0_iter1_data_258_val299_phi_reg_32422    |   16|   0|   16|          0|
    |ap_phi_reg_pp0_iter1_data_259_val300_phi_reg_32434    |   16|   0|   16|          0|
    |ap_phi_reg_pp0_iter1_data_25_val66_phi_reg_29626      |   16|   0|   16|          0|
    |ap_phi_reg_pp0_iter1_data_260_val301_phi_reg_32446    |   16|   0|   16|          0|
    |ap_phi_reg_pp0_iter1_data_261_val302_phi_reg_32458    |   16|   0|   16|          0|
    |ap_phi_reg_pp0_iter1_data_262_val303_phi_reg_32470    |   16|   0|   16|          0|
    |ap_phi_reg_pp0_iter1_data_263_val304_phi_reg_32482    |   16|   0|   16|          0|
    |ap_phi_reg_pp0_iter1_data_264_val305_phi_reg_32494    |   16|   0|   16|          0|
    |ap_phi_reg_pp0_iter1_data_265_val306_phi_reg_32506    |   16|   0|   16|          0|
    |ap_phi_reg_pp0_iter1_data_266_val307_phi_reg_32518    |   16|   0|   16|          0|
    |ap_phi_reg_pp0_iter1_data_267_val308_phi_reg_32530    |   16|   0|   16|          0|
    |ap_phi_reg_pp0_iter1_data_268_val309_phi_reg_32542    |   16|   0|   16|          0|
    |ap_phi_reg_pp0_iter1_data_269_val310_phi_reg_32554    |   16|   0|   16|          0|
    |ap_phi_reg_pp0_iter1_data_26_val67_phi_reg_29638      |   16|   0|   16|          0|
    |ap_phi_reg_pp0_iter1_data_270_val311_phi_reg_32566    |   16|   0|   16|          0|
    |ap_phi_reg_pp0_iter1_data_271_val312_phi_reg_32578    |   16|   0|   16|          0|
    |ap_phi_reg_pp0_iter1_data_272_val313_phi_reg_32590    |   16|   0|   16|          0|
    |ap_phi_reg_pp0_iter1_data_273_val314_phi_reg_32602    |   16|   0|   16|          0|
    |ap_phi_reg_pp0_iter1_data_274_val315_phi_reg_32614    |   16|   0|   16|          0|
    |ap_phi_reg_pp0_iter1_data_275_val316_phi_reg_32626    |   16|   0|   16|          0|
    |ap_phi_reg_pp0_iter1_data_276_val317_phi_reg_32638    |   16|   0|   16|          0|
    |ap_phi_reg_pp0_iter1_data_277_val318_phi_reg_32650    |   16|   0|   16|          0|
    |ap_phi_reg_pp0_iter1_data_278_val319_phi_reg_32662    |   16|   0|   16|          0|
    |ap_phi_reg_pp0_iter1_data_279_val320_phi_reg_32674    |   16|   0|   16|          0|
    |ap_phi_reg_pp0_iter1_data_27_val68_phi_reg_29650      |   16|   0|   16|          0|
    |ap_phi_reg_pp0_iter1_data_280_val321_phi_reg_32686    |   16|   0|   16|          0|
    |ap_phi_reg_pp0_iter1_data_281_val322_phi_reg_32698    |   16|   0|   16|          0|
    |ap_phi_reg_pp0_iter1_data_282_val323_phi_reg_32710    |   16|   0|   16|          0|
    |ap_phi_reg_pp0_iter1_data_283_val324_phi_reg_32722    |   16|   0|   16|          0|
    |ap_phi_reg_pp0_iter1_data_284_val325_phi_reg_32734    |   16|   0|   16|          0|
    |ap_phi_reg_pp0_iter1_data_285_val326_phi_reg_32746    |   16|   0|   16|          0|
    |ap_phi_reg_pp0_iter1_data_286_val327_phi_reg_32758    |   16|   0|   16|          0|
    |ap_phi_reg_pp0_iter1_data_287_val328_phi_reg_32770    |   16|   0|   16|          0|
    |ap_phi_reg_pp0_iter1_data_288_val329_phi_reg_32782    |   16|   0|   16|          0|
    |ap_phi_reg_pp0_iter1_data_289_val330_phi_reg_32794    |   16|   0|   16|          0|
    |ap_phi_reg_pp0_iter1_data_28_val69_phi_reg_29662      |   16|   0|   16|          0|
    |ap_phi_reg_pp0_iter1_data_290_val331_phi_reg_32806    |   16|   0|   16|          0|
    |ap_phi_reg_pp0_iter1_data_291_val332_phi_reg_32818    |   16|   0|   16|          0|
    |ap_phi_reg_pp0_iter1_data_292_val333_phi_reg_32830    |   16|   0|   16|          0|
    |ap_phi_reg_pp0_iter1_data_293_val334_phi_reg_32842    |   16|   0|   16|          0|
    |ap_phi_reg_pp0_iter1_data_294_val335_phi_reg_32854    |   16|   0|   16|          0|
    |ap_phi_reg_pp0_iter1_data_295_val336_phi_reg_32866    |   16|   0|   16|          0|
    |ap_phi_reg_pp0_iter1_data_296_val337_phi_reg_32878    |   16|   0|   16|          0|
    |ap_phi_reg_pp0_iter1_data_297_val338_phi_reg_32890    |   16|   0|   16|          0|
    |ap_phi_reg_pp0_iter1_data_298_val339_phi_reg_32902    |   16|   0|   16|          0|
    |ap_phi_reg_pp0_iter1_data_299_val340_phi_reg_32914    |   16|   0|   16|          0|
    |ap_phi_reg_pp0_iter1_data_29_val70_phi_reg_29674      |   16|   0|   16|          0|
    |ap_phi_reg_pp0_iter1_data_2_val43_phi_reg_29350       |   16|   0|   16|          0|
    |ap_phi_reg_pp0_iter1_data_300_val341_phi_reg_32926    |   16|   0|   16|          0|
    |ap_phi_reg_pp0_iter1_data_301_val342_phi_reg_32938    |   16|   0|   16|          0|
    |ap_phi_reg_pp0_iter1_data_302_val343_phi_reg_32950    |   16|   0|   16|          0|
    |ap_phi_reg_pp0_iter1_data_303_val344_phi_reg_32962    |   16|   0|   16|          0|
    |ap_phi_reg_pp0_iter1_data_304_val345_phi_reg_32974    |   16|   0|   16|          0|
    |ap_phi_reg_pp0_iter1_data_305_val346_phi_reg_32986    |   16|   0|   16|          0|
    |ap_phi_reg_pp0_iter1_data_306_val347_phi_reg_32998    |   16|   0|   16|          0|
    |ap_phi_reg_pp0_iter1_data_307_val348_phi_reg_33010    |   16|   0|   16|          0|
    |ap_phi_reg_pp0_iter1_data_308_val349_phi_reg_33022    |   16|   0|   16|          0|
    |ap_phi_reg_pp0_iter1_data_309_val350_phi_reg_33034    |   16|   0|   16|          0|
    |ap_phi_reg_pp0_iter1_data_30_val71_phi_reg_29686      |   16|   0|   16|          0|
    |ap_phi_reg_pp0_iter1_data_310_val351_phi_reg_33046    |   16|   0|   16|          0|
    |ap_phi_reg_pp0_iter1_data_311_val352_phi_reg_33058    |   16|   0|   16|          0|
    |ap_phi_reg_pp0_iter1_data_312_val353_phi_reg_33070    |   16|   0|   16|          0|
    |ap_phi_reg_pp0_iter1_data_313_val354_phi_reg_33082    |   16|   0|   16|          0|
    |ap_phi_reg_pp0_iter1_data_314_val355_phi_reg_33094    |   16|   0|   16|          0|
    |ap_phi_reg_pp0_iter1_data_315_val356_phi_reg_33106    |   16|   0|   16|          0|
    |ap_phi_reg_pp0_iter1_data_316_val357_phi_reg_33118    |   16|   0|   16|          0|
    |ap_phi_reg_pp0_iter1_data_317_val358_phi_reg_33130    |   16|   0|   16|          0|
    |ap_phi_reg_pp0_iter1_data_318_val359_phi_reg_33142    |   16|   0|   16|          0|
    |ap_phi_reg_pp0_iter1_data_319_val360_phi_reg_33154    |   16|   0|   16|          0|
    |ap_phi_reg_pp0_iter1_data_31_val72_phi_reg_29698      |   16|   0|   16|          0|
    |ap_phi_reg_pp0_iter1_data_320_val361_phi_reg_33166    |   16|   0|   16|          0|
    |ap_phi_reg_pp0_iter1_data_321_val362_phi_reg_33178    |   16|   0|   16|          0|
    |ap_phi_reg_pp0_iter1_data_322_val363_phi_reg_33190    |   16|   0|   16|          0|
    |ap_phi_reg_pp0_iter1_data_323_val364_phi_reg_33202    |   16|   0|   16|          0|
    |ap_phi_reg_pp0_iter1_data_324_val365_phi_reg_33214    |   16|   0|   16|          0|
    |ap_phi_reg_pp0_iter1_data_325_val366_phi_reg_33226    |   16|   0|   16|          0|
    |ap_phi_reg_pp0_iter1_data_326_val367_phi_reg_33238    |   16|   0|   16|          0|
    |ap_phi_reg_pp0_iter1_data_327_val368_phi_reg_33250    |   16|   0|   16|          0|
    |ap_phi_reg_pp0_iter1_data_328_val369_phi_reg_33262    |   16|   0|   16|          0|
    |ap_phi_reg_pp0_iter1_data_329_val370_phi_reg_33274    |   16|   0|   16|          0|
    |ap_phi_reg_pp0_iter1_data_32_val73_phi_reg_29710      |   16|   0|   16|          0|
    |ap_phi_reg_pp0_iter1_data_330_val371_phi_reg_33286    |   16|   0|   16|          0|
    |ap_phi_reg_pp0_iter1_data_331_val372_phi_reg_33298    |   16|   0|   16|          0|
    |ap_phi_reg_pp0_iter1_data_332_val373_phi_reg_33310    |   16|   0|   16|          0|
    |ap_phi_reg_pp0_iter1_data_333_val374_phi_reg_33322    |   16|   0|   16|          0|
    |ap_phi_reg_pp0_iter1_data_334_val375_phi_reg_33334    |   16|   0|   16|          0|
    |ap_phi_reg_pp0_iter1_data_335_val376_phi_reg_33346    |   16|   0|   16|          0|
    |ap_phi_reg_pp0_iter1_data_336_val377_phi_reg_33358    |   16|   0|   16|          0|
    |ap_phi_reg_pp0_iter1_data_337_val378_phi_reg_33370    |   16|   0|   16|          0|
    |ap_phi_reg_pp0_iter1_data_338_val379_phi_reg_33382    |   16|   0|   16|          0|
    |ap_phi_reg_pp0_iter1_data_339_val380_phi_reg_33394    |   16|   0|   16|          0|
    |ap_phi_reg_pp0_iter1_data_33_val74_phi_reg_29722      |   16|   0|   16|          0|
    |ap_phi_reg_pp0_iter1_data_340_val381_phi_reg_33406    |   16|   0|   16|          0|
    |ap_phi_reg_pp0_iter1_data_341_val382_phi_reg_33418    |   16|   0|   16|          0|
    |ap_phi_reg_pp0_iter1_data_342_val383_phi_reg_33430    |   16|   0|   16|          0|
    |ap_phi_reg_pp0_iter1_data_343_val384_phi_reg_33442    |   16|   0|   16|          0|
    |ap_phi_reg_pp0_iter1_data_344_val385_phi_reg_33454    |   16|   0|   16|          0|
    |ap_phi_reg_pp0_iter1_data_345_val386_phi_reg_33466    |   16|   0|   16|          0|
    |ap_phi_reg_pp0_iter1_data_346_val387_phi_reg_33478    |   16|   0|   16|          0|
    |ap_phi_reg_pp0_iter1_data_347_val388_phi_reg_33490    |   16|   0|   16|          0|
    |ap_phi_reg_pp0_iter1_data_348_val389_phi_reg_33502    |   16|   0|   16|          0|
    |ap_phi_reg_pp0_iter1_data_349_val390_phi_reg_33514    |   16|   0|   16|          0|
    |ap_phi_reg_pp0_iter1_data_34_val75_phi_reg_29734      |   16|   0|   16|          0|
    |ap_phi_reg_pp0_iter1_data_350_val391_phi_reg_33526    |   16|   0|   16|          0|
    |ap_phi_reg_pp0_iter1_data_351_val392_phi_reg_33538    |   16|   0|   16|          0|
    |ap_phi_reg_pp0_iter1_data_352_val393_phi_reg_33550    |   16|   0|   16|          0|
    |ap_phi_reg_pp0_iter1_data_353_val394_phi_reg_33562    |   16|   0|   16|          0|
    |ap_phi_reg_pp0_iter1_data_354_val395_phi_reg_33574    |   16|   0|   16|          0|
    |ap_phi_reg_pp0_iter1_data_355_val396_phi_reg_33586    |   16|   0|   16|          0|
    |ap_phi_reg_pp0_iter1_data_356_val397_phi_reg_33598    |   16|   0|   16|          0|
    |ap_phi_reg_pp0_iter1_data_357_val398_phi_reg_33610    |   16|   0|   16|          0|
    |ap_phi_reg_pp0_iter1_data_358_val399_phi_reg_33622    |   16|   0|   16|          0|
    |ap_phi_reg_pp0_iter1_data_359_val400_phi_reg_33634    |   16|   0|   16|          0|
    |ap_phi_reg_pp0_iter1_data_35_val76_phi_reg_29746      |   16|   0|   16|          0|
    |ap_phi_reg_pp0_iter1_data_360_val401_phi_reg_33646    |   16|   0|   16|          0|
    |ap_phi_reg_pp0_iter1_data_361_val402_phi_reg_33658    |   16|   0|   16|          0|
    |ap_phi_reg_pp0_iter1_data_362_val403_phi_reg_33670    |   16|   0|   16|          0|
    |ap_phi_reg_pp0_iter1_data_363_val404_phi_reg_33682    |   16|   0|   16|          0|
    |ap_phi_reg_pp0_iter1_data_364_val405_phi_reg_33694    |   16|   0|   16|          0|
    |ap_phi_reg_pp0_iter1_data_365_val406_phi_reg_33706    |   16|   0|   16|          0|
    |ap_phi_reg_pp0_iter1_data_366_val407_phi_reg_33718    |   16|   0|   16|          0|
    |ap_phi_reg_pp0_iter1_data_367_val408_phi_reg_33730    |   16|   0|   16|          0|
    |ap_phi_reg_pp0_iter1_data_368_val409_phi_reg_33742    |   16|   0|   16|          0|
    |ap_phi_reg_pp0_iter1_data_369_val410_phi_reg_33754    |   16|   0|   16|          0|
    |ap_phi_reg_pp0_iter1_data_36_val77_phi_reg_29758      |   16|   0|   16|          0|
    |ap_phi_reg_pp0_iter1_data_370_val411_phi_reg_33766    |   16|   0|   16|          0|
    |ap_phi_reg_pp0_iter1_data_371_val412_phi_reg_33778    |   16|   0|   16|          0|
    |ap_phi_reg_pp0_iter1_data_372_val413_phi_reg_33790    |   16|   0|   16|          0|
    |ap_phi_reg_pp0_iter1_data_373_val414_phi_reg_33802    |   16|   0|   16|          0|
    |ap_phi_reg_pp0_iter1_data_374_val415_phi_reg_33814    |   16|   0|   16|          0|
    |ap_phi_reg_pp0_iter1_data_375_val416_phi_reg_33826    |   16|   0|   16|          0|
    |ap_phi_reg_pp0_iter1_data_376_val417_phi_reg_33838    |   16|   0|   16|          0|
    |ap_phi_reg_pp0_iter1_data_377_val418_phi_reg_33850    |   16|   0|   16|          0|
    |ap_phi_reg_pp0_iter1_data_378_val419_phi_reg_33862    |   16|   0|   16|          0|
    |ap_phi_reg_pp0_iter1_data_379_val420_phi_reg_33874    |   16|   0|   16|          0|
    |ap_phi_reg_pp0_iter1_data_37_val78_phi_reg_29770      |   16|   0|   16|          0|
    |ap_phi_reg_pp0_iter1_data_380_val421_phi_reg_33886    |   16|   0|   16|          0|
    |ap_phi_reg_pp0_iter1_data_381_val422_phi_reg_33898    |   16|   0|   16|          0|
    |ap_phi_reg_pp0_iter1_data_382_val423_phi_reg_33910    |   16|   0|   16|          0|
    |ap_phi_reg_pp0_iter1_data_383_val424_phi_reg_33922    |   16|   0|   16|          0|
    |ap_phi_reg_pp0_iter1_data_384_val425_phi_reg_33934    |   16|   0|   16|          0|
    |ap_phi_reg_pp0_iter1_data_385_val426_phi_reg_33946    |   16|   0|   16|          0|
    |ap_phi_reg_pp0_iter1_data_386_val427_phi_reg_33958    |   16|   0|   16|          0|
    |ap_phi_reg_pp0_iter1_data_387_val428_phi_reg_33970    |   16|   0|   16|          0|
    |ap_phi_reg_pp0_iter1_data_388_val429_phi_reg_33982    |   16|   0|   16|          0|
    |ap_phi_reg_pp0_iter1_data_389_val430_phi_reg_33994    |   16|   0|   16|          0|
    |ap_phi_reg_pp0_iter1_data_38_val79_phi_reg_29782      |   16|   0|   16|          0|
    |ap_phi_reg_pp0_iter1_data_390_val431_phi_reg_34006    |   16|   0|   16|          0|
    |ap_phi_reg_pp0_iter1_data_391_val432_phi_reg_34018    |   16|   0|   16|          0|
    |ap_phi_reg_pp0_iter1_data_392_val433_phi_reg_34030    |   16|   0|   16|          0|
    |ap_phi_reg_pp0_iter1_data_393_val434_phi_reg_34042    |   16|   0|   16|          0|
    |ap_phi_reg_pp0_iter1_data_394_val435_phi_reg_34054    |   16|   0|   16|          0|
    |ap_phi_reg_pp0_iter1_data_395_val436_phi_reg_34066    |   16|   0|   16|          0|
    |ap_phi_reg_pp0_iter1_data_396_val437_phi_reg_34078    |   16|   0|   16|          0|
    |ap_phi_reg_pp0_iter1_data_397_val438_phi_reg_34090    |   16|   0|   16|          0|
    |ap_phi_reg_pp0_iter1_data_398_val439_phi_reg_34102    |   16|   0|   16|          0|
    |ap_phi_reg_pp0_iter1_data_399_val440_phi_reg_34114    |   16|   0|   16|          0|
    |ap_phi_reg_pp0_iter1_data_39_val80_phi_reg_29794      |   16|   0|   16|          0|
    |ap_phi_reg_pp0_iter1_data_3_val44_phi_reg_29362       |   16|   0|   16|          0|
    |ap_phi_reg_pp0_iter1_data_400_val441_phi_reg_34126    |   16|   0|   16|          0|
    |ap_phi_reg_pp0_iter1_data_401_val442_phi_reg_34138    |   16|   0|   16|          0|
    |ap_phi_reg_pp0_iter1_data_402_val443_phi_reg_34150    |   16|   0|   16|          0|
    |ap_phi_reg_pp0_iter1_data_403_val444_phi_reg_34162    |   16|   0|   16|          0|
    |ap_phi_reg_pp0_iter1_data_404_val445_phi_reg_34174    |   16|   0|   16|          0|
    |ap_phi_reg_pp0_iter1_data_405_val446_phi_reg_34186    |   16|   0|   16|          0|
    |ap_phi_reg_pp0_iter1_data_406_val447_phi_reg_34198    |   16|   0|   16|          0|
    |ap_phi_reg_pp0_iter1_data_407_val448_phi_reg_34210    |   16|   0|   16|          0|
    |ap_phi_reg_pp0_iter1_data_408_val449_phi_reg_34222    |   16|   0|   16|          0|
    |ap_phi_reg_pp0_iter1_data_409_val450_phi_reg_34234    |   16|   0|   16|          0|
    |ap_phi_reg_pp0_iter1_data_40_val81_phi_reg_29806      |   16|   0|   16|          0|
    |ap_phi_reg_pp0_iter1_data_410_val451_phi_reg_34246    |   16|   0|   16|          0|
    |ap_phi_reg_pp0_iter1_data_411_val452_phi_reg_34258    |   16|   0|   16|          0|
    |ap_phi_reg_pp0_iter1_data_412_val453_phi_reg_34270    |   16|   0|   16|          0|
    |ap_phi_reg_pp0_iter1_data_413_val454_phi_reg_34282    |   16|   0|   16|          0|
    |ap_phi_reg_pp0_iter1_data_414_val455_phi_reg_34294    |   16|   0|   16|          0|
    |ap_phi_reg_pp0_iter1_data_415_val456_phi_reg_34306    |   16|   0|   16|          0|
    |ap_phi_reg_pp0_iter1_data_416_val457_phi_reg_34318    |   16|   0|   16|          0|
    |ap_phi_reg_pp0_iter1_data_417_val458_phi_reg_34330    |   16|   0|   16|          0|
    |ap_phi_reg_pp0_iter1_data_418_val459_phi_reg_34342    |   16|   0|   16|          0|
    |ap_phi_reg_pp0_iter1_data_419_val460_phi_reg_34354    |   16|   0|   16|          0|
    |ap_phi_reg_pp0_iter1_data_41_val82_phi_reg_29818      |   16|   0|   16|          0|
    |ap_phi_reg_pp0_iter1_data_420_val461_phi_reg_34366    |   16|   0|   16|          0|
    |ap_phi_reg_pp0_iter1_data_421_val462_phi_reg_34378    |   16|   0|   16|          0|
    |ap_phi_reg_pp0_iter1_data_422_val463_phi_reg_34390    |   16|   0|   16|          0|
    |ap_phi_reg_pp0_iter1_data_423_val464_phi_reg_34402    |   16|   0|   16|          0|
    |ap_phi_reg_pp0_iter1_data_424_val465_phi_reg_34414    |   16|   0|   16|          0|
    |ap_phi_reg_pp0_iter1_data_425_val466_phi_reg_34426    |   16|   0|   16|          0|
    |ap_phi_reg_pp0_iter1_data_426_val467_phi_reg_34438    |   16|   0|   16|          0|
    |ap_phi_reg_pp0_iter1_data_427_val468_phi_reg_34450    |   16|   0|   16|          0|
    |ap_phi_reg_pp0_iter1_data_428_val469_phi_reg_34462    |   16|   0|   16|          0|
    |ap_phi_reg_pp0_iter1_data_429_val470_phi_reg_34474    |   16|   0|   16|          0|
    |ap_phi_reg_pp0_iter1_data_42_val83_phi_reg_29830      |   16|   0|   16|          0|
    |ap_phi_reg_pp0_iter1_data_430_val471_phi_reg_34486    |   16|   0|   16|          0|
    |ap_phi_reg_pp0_iter1_data_431_val472_phi_reg_34498    |   16|   0|   16|          0|
    |ap_phi_reg_pp0_iter1_data_432_val473_phi_reg_34510    |   16|   0|   16|          0|
    |ap_phi_reg_pp0_iter1_data_433_val474_phi_reg_34522    |   16|   0|   16|          0|
    |ap_phi_reg_pp0_iter1_data_434_val475_phi_reg_34534    |   16|   0|   16|          0|
    |ap_phi_reg_pp0_iter1_data_435_val476_phi_reg_34546    |   16|   0|   16|          0|
    |ap_phi_reg_pp0_iter1_data_436_val477_phi_reg_34558    |   16|   0|   16|          0|
    |ap_phi_reg_pp0_iter1_data_437_val478_phi_reg_34570    |   16|   0|   16|          0|
    |ap_phi_reg_pp0_iter1_data_438_val479_phi_reg_34582    |   16|   0|   16|          0|
    |ap_phi_reg_pp0_iter1_data_439_val480_phi_reg_34594    |   16|   0|   16|          0|
    |ap_phi_reg_pp0_iter1_data_43_val84_phi_reg_29842      |   16|   0|   16|          0|
    |ap_phi_reg_pp0_iter1_data_440_val481_phi_reg_34606    |   16|   0|   16|          0|
    |ap_phi_reg_pp0_iter1_data_441_val482_phi_reg_34618    |   16|   0|   16|          0|
    |ap_phi_reg_pp0_iter1_data_442_val483_phi_reg_34630    |   16|   0|   16|          0|
    |ap_phi_reg_pp0_iter1_data_443_val484_phi_reg_34642    |   16|   0|   16|          0|
    |ap_phi_reg_pp0_iter1_data_444_val485_phi_reg_34654    |   16|   0|   16|          0|
    |ap_phi_reg_pp0_iter1_data_445_val486_phi_reg_34666    |   16|   0|   16|          0|
    |ap_phi_reg_pp0_iter1_data_446_val487_phi_reg_34678    |   16|   0|   16|          0|
    |ap_phi_reg_pp0_iter1_data_447_val488_phi_reg_34690    |   16|   0|   16|          0|
    |ap_phi_reg_pp0_iter1_data_448_val489_phi_reg_34702    |   16|   0|   16|          0|
    |ap_phi_reg_pp0_iter1_data_449_val490_phi_reg_34714    |   16|   0|   16|          0|
    |ap_phi_reg_pp0_iter1_data_44_val85_phi_reg_29854      |   16|   0|   16|          0|
    |ap_phi_reg_pp0_iter1_data_450_val491_phi_reg_34726    |   16|   0|   16|          0|
    |ap_phi_reg_pp0_iter1_data_451_val492_phi_reg_34738    |   16|   0|   16|          0|
    |ap_phi_reg_pp0_iter1_data_452_val493_phi_reg_34750    |   16|   0|   16|          0|
    |ap_phi_reg_pp0_iter1_data_453_val494_phi_reg_34762    |   16|   0|   16|          0|
    |ap_phi_reg_pp0_iter1_data_454_val495_phi_reg_34774    |   16|   0|   16|          0|
    |ap_phi_reg_pp0_iter1_data_455_val496_phi_reg_34786    |   16|   0|   16|          0|
    |ap_phi_reg_pp0_iter1_data_456_val497_phi_reg_34798    |   16|   0|   16|          0|
    |ap_phi_reg_pp0_iter1_data_457_val498_phi_reg_34810    |   16|   0|   16|          0|
    |ap_phi_reg_pp0_iter1_data_458_val499_phi_reg_34822    |   16|   0|   16|          0|
    |ap_phi_reg_pp0_iter1_data_459_val500_phi_reg_34834    |   16|   0|   16|          0|
    |ap_phi_reg_pp0_iter1_data_45_val86_phi_reg_29866      |   16|   0|   16|          0|
    |ap_phi_reg_pp0_iter1_data_460_val501_phi_reg_34846    |   16|   0|   16|          0|
    |ap_phi_reg_pp0_iter1_data_461_val502_phi_reg_34858    |   16|   0|   16|          0|
    |ap_phi_reg_pp0_iter1_data_462_val503_phi_reg_34870    |   16|   0|   16|          0|
    |ap_phi_reg_pp0_iter1_data_463_val504_phi_reg_34882    |   16|   0|   16|          0|
    |ap_phi_reg_pp0_iter1_data_464_val505_phi_reg_34894    |   16|   0|   16|          0|
    |ap_phi_reg_pp0_iter1_data_465_val506_phi_reg_34906    |   16|   0|   16|          0|
    |ap_phi_reg_pp0_iter1_data_466_val507_phi_reg_34918    |   16|   0|   16|          0|
    |ap_phi_reg_pp0_iter1_data_467_val508_phi_reg_34930    |   16|   0|   16|          0|
    |ap_phi_reg_pp0_iter1_data_468_val509_phi_reg_34942    |   16|   0|   16|          0|
    |ap_phi_reg_pp0_iter1_data_469_val510_phi_reg_34954    |   16|   0|   16|          0|
    |ap_phi_reg_pp0_iter1_data_46_val87_phi_reg_29878      |   16|   0|   16|          0|
    |ap_phi_reg_pp0_iter1_data_470_val511_phi_reg_34966    |   16|   0|   16|          0|
    |ap_phi_reg_pp0_iter1_data_471_val512_phi_reg_34978    |   16|   0|   16|          0|
    |ap_phi_reg_pp0_iter1_data_472_val513_phi_reg_34990    |   16|   0|   16|          0|
    |ap_phi_reg_pp0_iter1_data_473_val514_phi_reg_35002    |   16|   0|   16|          0|
    |ap_phi_reg_pp0_iter1_data_474_val515_phi_reg_35014    |   16|   0|   16|          0|
    |ap_phi_reg_pp0_iter1_data_475_val516_phi_reg_35026    |   16|   0|   16|          0|
    |ap_phi_reg_pp0_iter1_data_476_val517_phi_reg_35038    |   16|   0|   16|          0|
    |ap_phi_reg_pp0_iter1_data_477_val518_phi_reg_35050    |   16|   0|   16|          0|
    |ap_phi_reg_pp0_iter1_data_478_val519_phi_reg_35062    |   16|   0|   16|          0|
    |ap_phi_reg_pp0_iter1_data_479_val520_phi_reg_35074    |   16|   0|   16|          0|
    |ap_phi_reg_pp0_iter1_data_47_val88_phi_reg_29890      |   16|   0|   16|          0|
    |ap_phi_reg_pp0_iter1_data_480_val521_phi_reg_35086    |   16|   0|   16|          0|
    |ap_phi_reg_pp0_iter1_data_481_val522_phi_reg_35098    |   16|   0|   16|          0|
    |ap_phi_reg_pp0_iter1_data_482_val523_phi_reg_35110    |   16|   0|   16|          0|
    |ap_phi_reg_pp0_iter1_data_483_val524_phi_reg_35122    |   16|   0|   16|          0|
    |ap_phi_reg_pp0_iter1_data_484_val525_phi_reg_35134    |   16|   0|   16|          0|
    |ap_phi_reg_pp0_iter1_data_485_val526_phi_reg_35146    |   16|   0|   16|          0|
    |ap_phi_reg_pp0_iter1_data_486_val527_phi_reg_35158    |   16|   0|   16|          0|
    |ap_phi_reg_pp0_iter1_data_487_val528_phi_reg_35170    |   16|   0|   16|          0|
    |ap_phi_reg_pp0_iter1_data_488_val529_phi_reg_35182    |   16|   0|   16|          0|
    |ap_phi_reg_pp0_iter1_data_489_val530_phi_reg_35194    |   16|   0|   16|          0|
    |ap_phi_reg_pp0_iter1_data_48_val89_phi_reg_29902      |   16|   0|   16|          0|
    |ap_phi_reg_pp0_iter1_data_490_val531_phi_reg_35206    |   16|   0|   16|          0|
    |ap_phi_reg_pp0_iter1_data_491_val532_phi_reg_35218    |   16|   0|   16|          0|
    |ap_phi_reg_pp0_iter1_data_492_val533_phi_reg_35230    |   16|   0|   16|          0|
    |ap_phi_reg_pp0_iter1_data_493_val534_phi_reg_35242    |   16|   0|   16|          0|
    |ap_phi_reg_pp0_iter1_data_494_val535_phi_reg_35254    |   16|   0|   16|          0|
    |ap_phi_reg_pp0_iter1_data_495_val536_phi_reg_35266    |   16|   0|   16|          0|
    |ap_phi_reg_pp0_iter1_data_496_val537_phi_reg_35278    |   16|   0|   16|          0|
    |ap_phi_reg_pp0_iter1_data_497_val538_phi_reg_35290    |   16|   0|   16|          0|
    |ap_phi_reg_pp0_iter1_data_498_val539_phi_reg_35302    |   16|   0|   16|          0|
    |ap_phi_reg_pp0_iter1_data_499_val540_phi_reg_35314    |   16|   0|   16|          0|
    |ap_phi_reg_pp0_iter1_data_49_val90_phi_reg_29914      |   16|   0|   16|          0|
    |ap_phi_reg_pp0_iter1_data_4_val45_phi_reg_29374       |   16|   0|   16|          0|
    |ap_phi_reg_pp0_iter1_data_500_val541_phi_reg_35326    |   16|   0|   16|          0|
    |ap_phi_reg_pp0_iter1_data_501_val542_phi_reg_35338    |   16|   0|   16|          0|
    |ap_phi_reg_pp0_iter1_data_502_val543_phi_reg_35350    |   16|   0|   16|          0|
    |ap_phi_reg_pp0_iter1_data_503_val544_phi_reg_35362    |   16|   0|   16|          0|
    |ap_phi_reg_pp0_iter1_data_504_val545_phi_reg_35374    |   16|   0|   16|          0|
    |ap_phi_reg_pp0_iter1_data_505_val546_phi_reg_35386    |   16|   0|   16|          0|
    |ap_phi_reg_pp0_iter1_data_506_val547_phi_reg_35398    |   16|   0|   16|          0|
    |ap_phi_reg_pp0_iter1_data_507_val548_phi_reg_35410    |   16|   0|   16|          0|
    |ap_phi_reg_pp0_iter1_data_508_val549_phi_reg_35422    |   16|   0|   16|          0|
    |ap_phi_reg_pp0_iter1_data_509_val550_phi_reg_35434    |   16|   0|   16|          0|
    |ap_phi_reg_pp0_iter1_data_50_val91_phi_reg_29926      |   16|   0|   16|          0|
    |ap_phi_reg_pp0_iter1_data_510_val551_phi_reg_35446    |   16|   0|   16|          0|
    |ap_phi_reg_pp0_iter1_data_511_val552_phi_reg_35458    |   16|   0|   16|          0|
    |ap_phi_reg_pp0_iter1_data_512_val553_phi_reg_35470    |   16|   0|   16|          0|
    |ap_phi_reg_pp0_iter1_data_513_val554_phi_reg_35482    |   16|   0|   16|          0|
    |ap_phi_reg_pp0_iter1_data_514_val555_phi_reg_35494    |   16|   0|   16|          0|
    |ap_phi_reg_pp0_iter1_data_515_val556_phi_reg_35506    |   16|   0|   16|          0|
    |ap_phi_reg_pp0_iter1_data_516_val557_phi_reg_35518    |   16|   0|   16|          0|
    |ap_phi_reg_pp0_iter1_data_517_val558_phi_reg_35530    |   16|   0|   16|          0|
    |ap_phi_reg_pp0_iter1_data_518_val559_phi_reg_35542    |   16|   0|   16|          0|
    |ap_phi_reg_pp0_iter1_data_519_val560_phi_reg_35554    |   16|   0|   16|          0|
    |ap_phi_reg_pp0_iter1_data_51_val92_phi_reg_29938      |   16|   0|   16|          0|
    |ap_phi_reg_pp0_iter1_data_520_val561_phi_reg_35566    |   16|   0|   16|          0|
    |ap_phi_reg_pp0_iter1_data_521_val562_phi_reg_35578    |   16|   0|   16|          0|
    |ap_phi_reg_pp0_iter1_data_522_val563_phi_reg_35590    |   16|   0|   16|          0|
    |ap_phi_reg_pp0_iter1_data_523_val564_phi_reg_35602    |   16|   0|   16|          0|
    |ap_phi_reg_pp0_iter1_data_524_val565_phi_reg_35614    |   16|   0|   16|          0|
    |ap_phi_reg_pp0_iter1_data_525_val566_phi_reg_35626    |   16|   0|   16|          0|
    |ap_phi_reg_pp0_iter1_data_526_val567_phi_reg_35638    |   16|   0|   16|          0|
    |ap_phi_reg_pp0_iter1_data_527_val568_phi_reg_35650    |   16|   0|   16|          0|
    |ap_phi_reg_pp0_iter1_data_528_val569_phi_reg_35662    |   16|   0|   16|          0|
    |ap_phi_reg_pp0_iter1_data_529_val570_phi_reg_35674    |   16|   0|   16|          0|
    |ap_phi_reg_pp0_iter1_data_52_val93_phi_reg_29950      |   16|   0|   16|          0|
    |ap_phi_reg_pp0_iter1_data_530_val571_phi_reg_35686    |   16|   0|   16|          0|
    |ap_phi_reg_pp0_iter1_data_531_val572_phi_reg_35698    |   16|   0|   16|          0|
    |ap_phi_reg_pp0_iter1_data_532_val573_phi_reg_35710    |   16|   0|   16|          0|
    |ap_phi_reg_pp0_iter1_data_533_val574_phi_reg_35722    |   16|   0|   16|          0|
    |ap_phi_reg_pp0_iter1_data_534_val575_phi_reg_35734    |   16|   0|   16|          0|
    |ap_phi_reg_pp0_iter1_data_535_val576_phi_reg_35746    |   16|   0|   16|          0|
    |ap_phi_reg_pp0_iter1_data_536_val577_phi_reg_35758    |   16|   0|   16|          0|
    |ap_phi_reg_pp0_iter1_data_537_val578_phi_reg_35770    |   16|   0|   16|          0|
    |ap_phi_reg_pp0_iter1_data_538_val579_phi_reg_35782    |   16|   0|   16|          0|
    |ap_phi_reg_pp0_iter1_data_539_val580_phi_reg_35794    |   16|   0|   16|          0|
    |ap_phi_reg_pp0_iter1_data_53_val94_phi_reg_29962      |   16|   0|   16|          0|
    |ap_phi_reg_pp0_iter1_data_540_val581_phi_reg_35806    |   16|   0|   16|          0|
    |ap_phi_reg_pp0_iter1_data_541_val582_phi_reg_35818    |   16|   0|   16|          0|
    |ap_phi_reg_pp0_iter1_data_542_val583_phi_reg_35830    |   16|   0|   16|          0|
    |ap_phi_reg_pp0_iter1_data_543_val584_phi_reg_35842    |   16|   0|   16|          0|
    |ap_phi_reg_pp0_iter1_data_544_val585_phi_reg_35854    |   16|   0|   16|          0|
    |ap_phi_reg_pp0_iter1_data_545_val586_phi_reg_35866    |   16|   0|   16|          0|
    |ap_phi_reg_pp0_iter1_data_546_val587_phi_reg_35878    |   16|   0|   16|          0|
    |ap_phi_reg_pp0_iter1_data_547_val588_phi_reg_35890    |   16|   0|   16|          0|
    |ap_phi_reg_pp0_iter1_data_548_val589_phi_reg_35902    |   16|   0|   16|          0|
    |ap_phi_reg_pp0_iter1_data_549_val590_phi_reg_35914    |   16|   0|   16|          0|
    |ap_phi_reg_pp0_iter1_data_54_val95_phi_reg_29974      |   16|   0|   16|          0|
    |ap_phi_reg_pp0_iter1_data_550_val591_phi_reg_35926    |   16|   0|   16|          0|
    |ap_phi_reg_pp0_iter1_data_551_val592_phi_reg_35938    |   16|   0|   16|          0|
    |ap_phi_reg_pp0_iter1_data_552_val593_phi_reg_35950    |   16|   0|   16|          0|
    |ap_phi_reg_pp0_iter1_data_553_val594_phi_reg_35962    |   16|   0|   16|          0|
    |ap_phi_reg_pp0_iter1_data_554_val595_phi_reg_35974    |   16|   0|   16|          0|
    |ap_phi_reg_pp0_iter1_data_555_val596_phi_reg_35986    |   16|   0|   16|          0|
    |ap_phi_reg_pp0_iter1_data_556_val597_phi_reg_35998    |   16|   0|   16|          0|
    |ap_phi_reg_pp0_iter1_data_557_val598_phi_reg_36010    |   16|   0|   16|          0|
    |ap_phi_reg_pp0_iter1_data_558_val599_phi_reg_36022    |   16|   0|   16|          0|
    |ap_phi_reg_pp0_iter1_data_559_val600_phi_reg_36034    |   16|   0|   16|          0|
    |ap_phi_reg_pp0_iter1_data_55_val96_phi_reg_29986      |   16|   0|   16|          0|
    |ap_phi_reg_pp0_iter1_data_560_val601_phi_reg_36046    |   16|   0|   16|          0|
    |ap_phi_reg_pp0_iter1_data_561_val602_phi_reg_36058    |   16|   0|   16|          0|
    |ap_phi_reg_pp0_iter1_data_562_val603_phi_reg_36070    |   16|   0|   16|          0|
    |ap_phi_reg_pp0_iter1_data_563_val604_phi_reg_36082    |   16|   0|   16|          0|
    |ap_phi_reg_pp0_iter1_data_564_val605_phi_reg_36094    |   16|   0|   16|          0|
    |ap_phi_reg_pp0_iter1_data_565_val606_phi_reg_36106    |   16|   0|   16|          0|
    |ap_phi_reg_pp0_iter1_data_566_val607_phi_reg_36118    |   16|   0|   16|          0|
    |ap_phi_reg_pp0_iter1_data_567_val608_phi_reg_36130    |   16|   0|   16|          0|
    |ap_phi_reg_pp0_iter1_data_568_val609_phi_reg_36142    |   16|   0|   16|          0|
    |ap_phi_reg_pp0_iter1_data_569_val610_phi_reg_36154    |   16|   0|   16|          0|
    |ap_phi_reg_pp0_iter1_data_56_val97_phi_reg_29998      |   16|   0|   16|          0|
    |ap_phi_reg_pp0_iter1_data_570_val611_phi_reg_36166    |   16|   0|   16|          0|
    |ap_phi_reg_pp0_iter1_data_571_val612_phi_reg_36178    |   16|   0|   16|          0|
    |ap_phi_reg_pp0_iter1_data_572_val613_phi_reg_36190    |   16|   0|   16|          0|
    |ap_phi_reg_pp0_iter1_data_573_val614_phi_reg_36202    |   16|   0|   16|          0|
    |ap_phi_reg_pp0_iter1_data_574_val615_phi_reg_36214    |   16|   0|   16|          0|
    |ap_phi_reg_pp0_iter1_data_575_val616_phi_reg_36226    |   16|   0|   16|          0|
    |ap_phi_reg_pp0_iter1_data_576_val617_phi_reg_36238    |   16|   0|   16|          0|
    |ap_phi_reg_pp0_iter1_data_577_val618_phi_reg_36250    |   16|   0|   16|          0|
    |ap_phi_reg_pp0_iter1_data_578_val619_phi_reg_36262    |   16|   0|   16|          0|
    |ap_phi_reg_pp0_iter1_data_579_val620_phi_reg_36274    |   16|   0|   16|          0|
    |ap_phi_reg_pp0_iter1_data_57_val98_phi_reg_30010      |   16|   0|   16|          0|
    |ap_phi_reg_pp0_iter1_data_580_val621_phi_reg_36286    |   16|   0|   16|          0|
    |ap_phi_reg_pp0_iter1_data_581_val622_phi_reg_36298    |   16|   0|   16|          0|
    |ap_phi_reg_pp0_iter1_data_582_val623_phi_reg_36310    |   16|   0|   16|          0|
    |ap_phi_reg_pp0_iter1_data_583_val624_phi_reg_36322    |   16|   0|   16|          0|
    |ap_phi_reg_pp0_iter1_data_584_val625_phi_reg_36334    |   16|   0|   16|          0|
    |ap_phi_reg_pp0_iter1_data_585_val626_phi_reg_36346    |   16|   0|   16|          0|
    |ap_phi_reg_pp0_iter1_data_586_val627_phi_reg_36358    |   16|   0|   16|          0|
    |ap_phi_reg_pp0_iter1_data_587_val628_phi_reg_36370    |   16|   0|   16|          0|
    |ap_phi_reg_pp0_iter1_data_588_val629_phi_reg_36382    |   16|   0|   16|          0|
    |ap_phi_reg_pp0_iter1_data_589_val630_phi_reg_36394    |   16|   0|   16|          0|
    |ap_phi_reg_pp0_iter1_data_58_val99_phi_reg_30022      |   16|   0|   16|          0|
    |ap_phi_reg_pp0_iter1_data_590_val631_phi_reg_36406    |   16|   0|   16|          0|
    |ap_phi_reg_pp0_iter1_data_591_val632_phi_reg_36418    |   16|   0|   16|          0|
    |ap_phi_reg_pp0_iter1_data_592_val633_phi_reg_36430    |   16|   0|   16|          0|
    |ap_phi_reg_pp0_iter1_data_593_val634_phi_reg_36442    |   16|   0|   16|          0|
    |ap_phi_reg_pp0_iter1_data_594_val635_phi_reg_36454    |   16|   0|   16|          0|
    |ap_phi_reg_pp0_iter1_data_595_val636_phi_reg_36466    |   16|   0|   16|          0|
    |ap_phi_reg_pp0_iter1_data_596_val637_phi_reg_36478    |   16|   0|   16|          0|
    |ap_phi_reg_pp0_iter1_data_597_val638_phi_reg_36490    |   16|   0|   16|          0|
    |ap_phi_reg_pp0_iter1_data_598_val639_phi_reg_36502    |   16|   0|   16|          0|
    |ap_phi_reg_pp0_iter1_data_599_val640_phi_reg_36514    |   16|   0|   16|          0|
    |ap_phi_reg_pp0_iter1_data_59_val100_phi_reg_30034     |   16|   0|   16|          0|
    |ap_phi_reg_pp0_iter1_data_5_val46_phi_reg_29386       |   16|   0|   16|          0|
    |ap_phi_reg_pp0_iter1_data_600_val641_phi_reg_36526    |   16|   0|   16|          0|
    |ap_phi_reg_pp0_iter1_data_601_val642_phi_reg_36538    |   16|   0|   16|          0|
    |ap_phi_reg_pp0_iter1_data_602_val643_phi_reg_36550    |   16|   0|   16|          0|
    |ap_phi_reg_pp0_iter1_data_603_val644_phi_reg_36562    |   16|   0|   16|          0|
    |ap_phi_reg_pp0_iter1_data_604_val645_phi_reg_36574    |   16|   0|   16|          0|
    |ap_phi_reg_pp0_iter1_data_605_val646_phi_reg_36586    |   16|   0|   16|          0|
    |ap_phi_reg_pp0_iter1_data_606_val647_phi_reg_36598    |   16|   0|   16|          0|
    |ap_phi_reg_pp0_iter1_data_607_val648_phi_reg_36610    |   16|   0|   16|          0|
    |ap_phi_reg_pp0_iter1_data_608_val649_phi_reg_36622    |   16|   0|   16|          0|
    |ap_phi_reg_pp0_iter1_data_609_val650_phi_reg_36634    |   16|   0|   16|          0|
    |ap_phi_reg_pp0_iter1_data_60_val101_phi_reg_30046     |   16|   0|   16|          0|
    |ap_phi_reg_pp0_iter1_data_610_val651_phi_reg_36646    |   16|   0|   16|          0|
    |ap_phi_reg_pp0_iter1_data_611_val652_phi_reg_36658    |   16|   0|   16|          0|
    |ap_phi_reg_pp0_iter1_data_612_val653_phi_reg_36670    |   16|   0|   16|          0|
    |ap_phi_reg_pp0_iter1_data_613_val654_phi_reg_36682    |   16|   0|   16|          0|
    |ap_phi_reg_pp0_iter1_data_614_val655_phi_reg_36694    |   16|   0|   16|          0|
    |ap_phi_reg_pp0_iter1_data_615_val656_phi_reg_36706    |   16|   0|   16|          0|
    |ap_phi_reg_pp0_iter1_data_616_val657_phi_reg_36718    |   16|   0|   16|          0|
    |ap_phi_reg_pp0_iter1_data_617_val658_phi_reg_36730    |   16|   0|   16|          0|
    |ap_phi_reg_pp0_iter1_data_618_val659_phi_reg_36742    |   16|   0|   16|          0|
    |ap_phi_reg_pp0_iter1_data_619_val660_phi_reg_36754    |   16|   0|   16|          0|
    |ap_phi_reg_pp0_iter1_data_61_val102_phi_reg_30058     |   16|   0|   16|          0|
    |ap_phi_reg_pp0_iter1_data_620_val661_phi_reg_36766    |   16|   0|   16|          0|
    |ap_phi_reg_pp0_iter1_data_621_val662_phi_reg_36778    |   16|   0|   16|          0|
    |ap_phi_reg_pp0_iter1_data_622_val663_phi_reg_36790    |   16|   0|   16|          0|
    |ap_phi_reg_pp0_iter1_data_623_val664_phi_reg_36802    |   16|   0|   16|          0|
    |ap_phi_reg_pp0_iter1_data_624_val665_phi_reg_36814    |   16|   0|   16|          0|
    |ap_phi_reg_pp0_iter1_data_625_val666_phi_reg_36826    |   16|   0|   16|          0|
    |ap_phi_reg_pp0_iter1_data_626_val667_phi_reg_36838    |   16|   0|   16|          0|
    |ap_phi_reg_pp0_iter1_data_627_val668_phi_reg_36850    |   16|   0|   16|          0|
    |ap_phi_reg_pp0_iter1_data_628_val669_phi_reg_36862    |   16|   0|   16|          0|
    |ap_phi_reg_pp0_iter1_data_629_val670_phi_reg_36874    |   16|   0|   16|          0|
    |ap_phi_reg_pp0_iter1_data_62_val103_phi_reg_30070     |   16|   0|   16|          0|
    |ap_phi_reg_pp0_iter1_data_630_val671_phi_reg_36886    |   16|   0|   16|          0|
    |ap_phi_reg_pp0_iter1_data_631_val672_phi_reg_36898    |   16|   0|   16|          0|
    |ap_phi_reg_pp0_iter1_data_632_val673_phi_reg_36910    |   16|   0|   16|          0|
    |ap_phi_reg_pp0_iter1_data_633_val674_phi_reg_36922    |   16|   0|   16|          0|
    |ap_phi_reg_pp0_iter1_data_634_val675_phi_reg_36934    |   16|   0|   16|          0|
    |ap_phi_reg_pp0_iter1_data_635_val676_phi_reg_36946    |   16|   0|   16|          0|
    |ap_phi_reg_pp0_iter1_data_636_val677_phi_reg_36958    |   16|   0|   16|          0|
    |ap_phi_reg_pp0_iter1_data_637_val678_phi_reg_36970    |   16|   0|   16|          0|
    |ap_phi_reg_pp0_iter1_data_638_val679_phi_reg_36982    |   16|   0|   16|          0|
    |ap_phi_reg_pp0_iter1_data_639_val680_phi_reg_36994    |   16|   0|   16|          0|
    |ap_phi_reg_pp0_iter1_data_63_val104_phi_reg_30082     |   16|   0|   16|          0|
    |ap_phi_reg_pp0_iter1_data_640_val681_phi_reg_37006    |   16|   0|   16|          0|
    |ap_phi_reg_pp0_iter1_data_641_val682_phi_reg_37018    |   16|   0|   16|          0|
    |ap_phi_reg_pp0_iter1_data_642_val683_phi_reg_37030    |   16|   0|   16|          0|
    |ap_phi_reg_pp0_iter1_data_643_val684_phi_reg_37042    |   16|   0|   16|          0|
    |ap_phi_reg_pp0_iter1_data_644_val685_phi_reg_37054    |   16|   0|   16|          0|
    |ap_phi_reg_pp0_iter1_data_645_val686_phi_reg_37066    |   16|   0|   16|          0|
    |ap_phi_reg_pp0_iter1_data_646_val687_phi_reg_37078    |   16|   0|   16|          0|
    |ap_phi_reg_pp0_iter1_data_647_val688_phi_reg_37090    |   16|   0|   16|          0|
    |ap_phi_reg_pp0_iter1_data_648_val689_phi_reg_37102    |   16|   0|   16|          0|
    |ap_phi_reg_pp0_iter1_data_649_val690_phi_reg_37114    |   16|   0|   16|          0|
    |ap_phi_reg_pp0_iter1_data_64_val105_phi_reg_30094     |   16|   0|   16|          0|
    |ap_phi_reg_pp0_iter1_data_650_val691_phi_reg_37126    |   16|   0|   16|          0|
    |ap_phi_reg_pp0_iter1_data_651_val692_phi_reg_37138    |   16|   0|   16|          0|
    |ap_phi_reg_pp0_iter1_data_652_val693_phi_reg_37150    |   16|   0|   16|          0|
    |ap_phi_reg_pp0_iter1_data_653_val694_phi_reg_37162    |   16|   0|   16|          0|
    |ap_phi_reg_pp0_iter1_data_654_val695_phi_reg_37174    |   16|   0|   16|          0|
    |ap_phi_reg_pp0_iter1_data_655_val696_phi_reg_37186    |   16|   0|   16|          0|
    |ap_phi_reg_pp0_iter1_data_656_val697_phi_reg_37198    |   16|   0|   16|          0|
    |ap_phi_reg_pp0_iter1_data_657_val698_phi_reg_37210    |   16|   0|   16|          0|
    |ap_phi_reg_pp0_iter1_data_658_val699_phi_reg_37222    |   16|   0|   16|          0|
    |ap_phi_reg_pp0_iter1_data_659_val700_phi_reg_37234    |   16|   0|   16|          0|
    |ap_phi_reg_pp0_iter1_data_65_val106_phi_reg_30106     |   16|   0|   16|          0|
    |ap_phi_reg_pp0_iter1_data_660_val701_phi_reg_37246    |   16|   0|   16|          0|
    |ap_phi_reg_pp0_iter1_data_661_val702_phi_reg_37258    |   16|   0|   16|          0|
    |ap_phi_reg_pp0_iter1_data_662_val703_phi_reg_37270    |   16|   0|   16|          0|
    |ap_phi_reg_pp0_iter1_data_663_val704_phi_reg_37282    |   16|   0|   16|          0|
    |ap_phi_reg_pp0_iter1_data_664_val705_phi_reg_37294    |   16|   0|   16|          0|
    |ap_phi_reg_pp0_iter1_data_665_val706_phi_reg_37306    |   16|   0|   16|          0|
    |ap_phi_reg_pp0_iter1_data_666_val707_phi_reg_37318    |   16|   0|   16|          0|
    |ap_phi_reg_pp0_iter1_data_667_val708_phi_reg_37330    |   16|   0|   16|          0|
    |ap_phi_reg_pp0_iter1_data_668_val709_phi_reg_37342    |   16|   0|   16|          0|
    |ap_phi_reg_pp0_iter1_data_669_val710_phi_reg_37354    |   16|   0|   16|          0|
    |ap_phi_reg_pp0_iter1_data_66_val107_phi_reg_30118     |   16|   0|   16|          0|
    |ap_phi_reg_pp0_iter1_data_670_val711_phi_reg_37366    |   16|   0|   16|          0|
    |ap_phi_reg_pp0_iter1_data_671_val712_phi_reg_37378    |   16|   0|   16|          0|
    |ap_phi_reg_pp0_iter1_data_672_val713_phi_reg_37390    |   16|   0|   16|          0|
    |ap_phi_reg_pp0_iter1_data_673_val714_phi_reg_37402    |   16|   0|   16|          0|
    |ap_phi_reg_pp0_iter1_data_674_val715_phi_reg_37414    |   16|   0|   16|          0|
    |ap_phi_reg_pp0_iter1_data_675_val716_phi_reg_37426    |   16|   0|   16|          0|
    |ap_phi_reg_pp0_iter1_data_676_val717_phi_reg_37438    |   16|   0|   16|          0|
    |ap_phi_reg_pp0_iter1_data_677_val718_phi_reg_37450    |   16|   0|   16|          0|
    |ap_phi_reg_pp0_iter1_data_678_val719_phi_reg_37462    |   16|   0|   16|          0|
    |ap_phi_reg_pp0_iter1_data_679_val720_phi_reg_37474    |   16|   0|   16|          0|
    |ap_phi_reg_pp0_iter1_data_67_val108_phi_reg_30130     |   16|   0|   16|          0|
    |ap_phi_reg_pp0_iter1_data_680_val721_phi_reg_37486    |   16|   0|   16|          0|
    |ap_phi_reg_pp0_iter1_data_681_val722_phi_reg_37498    |   16|   0|   16|          0|
    |ap_phi_reg_pp0_iter1_data_682_val723_phi_reg_37510    |   16|   0|   16|          0|
    |ap_phi_reg_pp0_iter1_data_683_val724_phi_reg_37522    |   16|   0|   16|          0|
    |ap_phi_reg_pp0_iter1_data_684_val725_phi_reg_37534    |   16|   0|   16|          0|
    |ap_phi_reg_pp0_iter1_data_685_val726_phi_reg_37546    |   16|   0|   16|          0|
    |ap_phi_reg_pp0_iter1_data_686_val727_phi_reg_37558    |   16|   0|   16|          0|
    |ap_phi_reg_pp0_iter1_data_687_val728_phi_reg_37570    |   16|   0|   16|          0|
    |ap_phi_reg_pp0_iter1_data_688_val729_phi_reg_37582    |   16|   0|   16|          0|
    |ap_phi_reg_pp0_iter1_data_689_val730_phi_reg_37594    |   16|   0|   16|          0|
    |ap_phi_reg_pp0_iter1_data_68_val109_phi_reg_30142     |   16|   0|   16|          0|
    |ap_phi_reg_pp0_iter1_data_690_val731_phi_reg_37606    |   16|   0|   16|          0|
    |ap_phi_reg_pp0_iter1_data_691_val732_phi_reg_37618    |   16|   0|   16|          0|
    |ap_phi_reg_pp0_iter1_data_692_val733_phi_reg_37630    |   16|   0|   16|          0|
    |ap_phi_reg_pp0_iter1_data_693_val734_phi_reg_37642    |   16|   0|   16|          0|
    |ap_phi_reg_pp0_iter1_data_694_val735_phi_reg_37654    |   16|   0|   16|          0|
    |ap_phi_reg_pp0_iter1_data_695_val736_phi_reg_37666    |   16|   0|   16|          0|
    |ap_phi_reg_pp0_iter1_data_696_val737_phi_reg_37678    |   16|   0|   16|          0|
    |ap_phi_reg_pp0_iter1_data_697_val738_phi_reg_37690    |   16|   0|   16|          0|
    |ap_phi_reg_pp0_iter1_data_698_val739_phi_reg_37702    |   16|   0|   16|          0|
    |ap_phi_reg_pp0_iter1_data_699_val740_phi_reg_37714    |   16|   0|   16|          0|
    |ap_phi_reg_pp0_iter1_data_69_val110_phi_reg_30154     |   16|   0|   16|          0|
    |ap_phi_reg_pp0_iter1_data_6_val47_phi_reg_29398       |   16|   0|   16|          0|
    |ap_phi_reg_pp0_iter1_data_700_val741_phi_reg_37726    |   16|   0|   16|          0|
    |ap_phi_reg_pp0_iter1_data_701_val742_phi_reg_37738    |   16|   0|   16|          0|
    |ap_phi_reg_pp0_iter1_data_702_val743_phi_reg_37750    |   16|   0|   16|          0|
    |ap_phi_reg_pp0_iter1_data_703_val744_phi_reg_37762    |   16|   0|   16|          0|
    |ap_phi_reg_pp0_iter1_data_704_val745_phi_reg_37774    |   16|   0|   16|          0|
    |ap_phi_reg_pp0_iter1_data_705_val746_phi_reg_37786    |   16|   0|   16|          0|
    |ap_phi_reg_pp0_iter1_data_706_val747_phi_reg_37798    |   16|   0|   16|          0|
    |ap_phi_reg_pp0_iter1_data_707_val748_phi_reg_37810    |   16|   0|   16|          0|
    |ap_phi_reg_pp0_iter1_data_708_val749_phi_reg_37822    |   16|   0|   16|          0|
    |ap_phi_reg_pp0_iter1_data_709_val750_phi_reg_37834    |   16|   0|   16|          0|
    |ap_phi_reg_pp0_iter1_data_70_val111_phi_reg_30166     |   16|   0|   16|          0|
    |ap_phi_reg_pp0_iter1_data_710_val751_phi_reg_37846    |   16|   0|   16|          0|
    |ap_phi_reg_pp0_iter1_data_711_val752_phi_reg_37858    |   16|   0|   16|          0|
    |ap_phi_reg_pp0_iter1_data_712_val753_phi_reg_37870    |   16|   0|   16|          0|
    |ap_phi_reg_pp0_iter1_data_713_val754_phi_reg_37882    |   16|   0|   16|          0|
    |ap_phi_reg_pp0_iter1_data_714_val755_phi_reg_37894    |   16|   0|   16|          0|
    |ap_phi_reg_pp0_iter1_data_715_val756_phi_reg_37906    |   16|   0|   16|          0|
    |ap_phi_reg_pp0_iter1_data_716_val757_phi_reg_37918    |   16|   0|   16|          0|
    |ap_phi_reg_pp0_iter1_data_717_val758_phi_reg_37930    |   16|   0|   16|          0|
    |ap_phi_reg_pp0_iter1_data_718_val759_phi_reg_37942    |   16|   0|   16|          0|
    |ap_phi_reg_pp0_iter1_data_719_val760_phi_reg_37954    |   16|   0|   16|          0|
    |ap_phi_reg_pp0_iter1_data_71_val112_phi_reg_30178     |   16|   0|   16|          0|
    |ap_phi_reg_pp0_iter1_data_720_val761_phi_reg_37966    |   16|   0|   16|          0|
    |ap_phi_reg_pp0_iter1_data_721_val762_phi_reg_37978    |   16|   0|   16|          0|
    |ap_phi_reg_pp0_iter1_data_722_val763_phi_reg_37990    |   16|   0|   16|          0|
    |ap_phi_reg_pp0_iter1_data_723_val764_phi_reg_38002    |   16|   0|   16|          0|
    |ap_phi_reg_pp0_iter1_data_724_val765_phi_reg_38014    |   16|   0|   16|          0|
    |ap_phi_reg_pp0_iter1_data_725_val766_phi_reg_38026    |   16|   0|   16|          0|
    |ap_phi_reg_pp0_iter1_data_726_val767_phi_reg_38038    |   16|   0|   16|          0|
    |ap_phi_reg_pp0_iter1_data_727_val768_phi_reg_38050    |   16|   0|   16|          0|
    |ap_phi_reg_pp0_iter1_data_728_val769_phi_reg_38062    |   16|   0|   16|          0|
    |ap_phi_reg_pp0_iter1_data_729_val770_phi_reg_38074    |   16|   0|   16|          0|
    |ap_phi_reg_pp0_iter1_data_72_val113_phi_reg_30190     |   16|   0|   16|          0|
    |ap_phi_reg_pp0_iter1_data_730_val771_phi_reg_38086    |   16|   0|   16|          0|
    |ap_phi_reg_pp0_iter1_data_731_val772_phi_reg_38098    |   16|   0|   16|          0|
    |ap_phi_reg_pp0_iter1_data_732_val773_phi_reg_38110    |   16|   0|   16|          0|
    |ap_phi_reg_pp0_iter1_data_733_val774_phi_reg_38122    |   16|   0|   16|          0|
    |ap_phi_reg_pp0_iter1_data_734_val775_phi_reg_38134    |   16|   0|   16|          0|
    |ap_phi_reg_pp0_iter1_data_735_val776_phi_reg_38146    |   16|   0|   16|          0|
    |ap_phi_reg_pp0_iter1_data_736_val777_phi_reg_38158    |   16|   0|   16|          0|
    |ap_phi_reg_pp0_iter1_data_737_val778_phi_reg_38170    |   16|   0|   16|          0|
    |ap_phi_reg_pp0_iter1_data_738_val779_phi_reg_38182    |   16|   0|   16|          0|
    |ap_phi_reg_pp0_iter1_data_739_val780_phi_reg_38194    |   16|   0|   16|          0|
    |ap_phi_reg_pp0_iter1_data_73_val114_phi_reg_30202     |   16|   0|   16|          0|
    |ap_phi_reg_pp0_iter1_data_740_val781_phi_reg_38206    |   16|   0|   16|          0|
    |ap_phi_reg_pp0_iter1_data_741_val782_phi_reg_38218    |   16|   0|   16|          0|
    |ap_phi_reg_pp0_iter1_data_742_val783_phi_reg_38230    |   16|   0|   16|          0|
    |ap_phi_reg_pp0_iter1_data_743_val784_phi_reg_38242    |   16|   0|   16|          0|
    |ap_phi_reg_pp0_iter1_data_744_val785_phi_reg_38254    |   16|   0|   16|          0|
    |ap_phi_reg_pp0_iter1_data_745_val786_phi_reg_38266    |   16|   0|   16|          0|
    |ap_phi_reg_pp0_iter1_data_746_val787_phi_reg_38278    |   16|   0|   16|          0|
    |ap_phi_reg_pp0_iter1_data_747_val788_phi_reg_38290    |   16|   0|   16|          0|
    |ap_phi_reg_pp0_iter1_data_748_val789_phi_reg_38302    |   16|   0|   16|          0|
    |ap_phi_reg_pp0_iter1_data_749_val790_phi_reg_38314    |   16|   0|   16|          0|
    |ap_phi_reg_pp0_iter1_data_74_val115_phi_reg_30214     |   16|   0|   16|          0|
    |ap_phi_reg_pp0_iter1_data_750_val791_phi_reg_38326    |   16|   0|   16|          0|
    |ap_phi_reg_pp0_iter1_data_751_val792_phi_reg_38338    |   16|   0|   16|          0|
    |ap_phi_reg_pp0_iter1_data_752_val793_phi_reg_38350    |   16|   0|   16|          0|
    |ap_phi_reg_pp0_iter1_data_753_val794_phi_reg_38362    |   16|   0|   16|          0|
    |ap_phi_reg_pp0_iter1_data_754_val795_phi_reg_38374    |   16|   0|   16|          0|
    |ap_phi_reg_pp0_iter1_data_755_val796_phi_reg_38386    |   16|   0|   16|          0|
    |ap_phi_reg_pp0_iter1_data_756_val797_phi_reg_38398    |   16|   0|   16|          0|
    |ap_phi_reg_pp0_iter1_data_757_val798_phi_reg_38410    |   16|   0|   16|          0|
    |ap_phi_reg_pp0_iter1_data_758_val799_phi_reg_38422    |   16|   0|   16|          0|
    |ap_phi_reg_pp0_iter1_data_759_val800_phi_reg_38434    |   16|   0|   16|          0|
    |ap_phi_reg_pp0_iter1_data_75_val116_phi_reg_30226     |   16|   0|   16|          0|
    |ap_phi_reg_pp0_iter1_data_760_val801_phi_reg_38446    |   16|   0|   16|          0|
    |ap_phi_reg_pp0_iter1_data_761_val802_phi_reg_38458    |   16|   0|   16|          0|
    |ap_phi_reg_pp0_iter1_data_762_val803_phi_reg_38470    |   16|   0|   16|          0|
    |ap_phi_reg_pp0_iter1_data_763_val804_phi_reg_38482    |   16|   0|   16|          0|
    |ap_phi_reg_pp0_iter1_data_764_val805_phi_reg_38494    |   16|   0|   16|          0|
    |ap_phi_reg_pp0_iter1_data_765_val806_phi_reg_38506    |   16|   0|   16|          0|
    |ap_phi_reg_pp0_iter1_data_766_val807_phi_reg_38518    |   16|   0|   16|          0|
    |ap_phi_reg_pp0_iter1_data_767_val808_phi_reg_38530    |   16|   0|   16|          0|
    |ap_phi_reg_pp0_iter1_data_768_val809_phi_reg_38542    |   16|   0|   16|          0|
    |ap_phi_reg_pp0_iter1_data_769_val810_phi_reg_38554    |   16|   0|   16|          0|
    |ap_phi_reg_pp0_iter1_data_76_val117_phi_reg_30238     |   16|   0|   16|          0|
    |ap_phi_reg_pp0_iter1_data_770_val811_phi_reg_38566    |   16|   0|   16|          0|
    |ap_phi_reg_pp0_iter1_data_771_val812_phi_reg_38578    |   16|   0|   16|          0|
    |ap_phi_reg_pp0_iter1_data_772_val813_phi_reg_38590    |   16|   0|   16|          0|
    |ap_phi_reg_pp0_iter1_data_773_val814_phi_reg_38602    |   16|   0|   16|          0|
    |ap_phi_reg_pp0_iter1_data_774_val815_phi_reg_38614    |   16|   0|   16|          0|
    |ap_phi_reg_pp0_iter1_data_775_val816_phi_reg_38626    |   16|   0|   16|          0|
    |ap_phi_reg_pp0_iter1_data_776_val817_phi_reg_38638    |   16|   0|   16|          0|
    |ap_phi_reg_pp0_iter1_data_777_val818_phi_reg_38650    |   16|   0|   16|          0|
    |ap_phi_reg_pp0_iter1_data_778_val819_phi_reg_38662    |   16|   0|   16|          0|
    |ap_phi_reg_pp0_iter1_data_779_val820_phi_reg_38674    |   16|   0|   16|          0|
    |ap_phi_reg_pp0_iter1_data_77_val118_phi_reg_30250     |   16|   0|   16|          0|
    |ap_phi_reg_pp0_iter1_data_780_val821_phi_reg_38686    |   16|   0|   16|          0|
    |ap_phi_reg_pp0_iter1_data_781_val822_phi_reg_38698    |   16|   0|   16|          0|
    |ap_phi_reg_pp0_iter1_data_782_val823_phi_reg_38710    |   16|   0|   16|          0|
    |ap_phi_reg_pp0_iter1_data_783_val824_phi_reg_38722    |   16|   0|   16|          0|
    |ap_phi_reg_pp0_iter1_data_784_val825_phi_reg_38734    |   16|   0|   16|          0|
    |ap_phi_reg_pp0_iter1_data_785_val826_phi_reg_38746    |   16|   0|   16|          0|
    |ap_phi_reg_pp0_iter1_data_786_val827_phi_reg_38758    |   16|   0|   16|          0|
    |ap_phi_reg_pp0_iter1_data_787_val828_phi_reg_38770    |   16|   0|   16|          0|
    |ap_phi_reg_pp0_iter1_data_788_val829_phi_reg_38782    |   16|   0|   16|          0|
    |ap_phi_reg_pp0_iter1_data_789_val830_phi_reg_38794    |   16|   0|   16|          0|
    |ap_phi_reg_pp0_iter1_data_78_val119_phi_reg_30262     |   16|   0|   16|          0|
    |ap_phi_reg_pp0_iter1_data_790_val831_phi_reg_38806    |   16|   0|   16|          0|
    |ap_phi_reg_pp0_iter1_data_791_val832_phi_reg_38818    |   16|   0|   16|          0|
    |ap_phi_reg_pp0_iter1_data_792_val833_phi_reg_38830    |   16|   0|   16|          0|
    |ap_phi_reg_pp0_iter1_data_793_val834_phi_reg_38842    |   16|   0|   16|          0|
    |ap_phi_reg_pp0_iter1_data_794_val835_phi_reg_38854    |   16|   0|   16|          0|
    |ap_phi_reg_pp0_iter1_data_795_val836_phi_reg_38866    |   16|   0|   16|          0|
    |ap_phi_reg_pp0_iter1_data_796_val837_phi_reg_38878    |   16|   0|   16|          0|
    |ap_phi_reg_pp0_iter1_data_797_val838_phi_reg_38890    |   16|   0|   16|          0|
    |ap_phi_reg_pp0_iter1_data_798_val839_phi_reg_38902    |   16|   0|   16|          0|
    |ap_phi_reg_pp0_iter1_data_799_val840_phi_reg_38914    |   16|   0|   16|          0|
    |ap_phi_reg_pp0_iter1_data_79_val120_phi_reg_30274     |   16|   0|   16|          0|
    |ap_phi_reg_pp0_iter1_data_7_val48_phi_reg_29410       |   16|   0|   16|          0|
    |ap_phi_reg_pp0_iter1_data_800_val841_phi_reg_38926    |   16|   0|   16|          0|
    |ap_phi_reg_pp0_iter1_data_801_val842_phi_reg_38938    |   16|   0|   16|          0|
    |ap_phi_reg_pp0_iter1_data_802_val843_phi_reg_38950    |   16|   0|   16|          0|
    |ap_phi_reg_pp0_iter1_data_803_val844_phi_reg_38962    |   16|   0|   16|          0|
    |ap_phi_reg_pp0_iter1_data_804_val845_phi_reg_38974    |   16|   0|   16|          0|
    |ap_phi_reg_pp0_iter1_data_805_val846_phi_reg_38986    |   16|   0|   16|          0|
    |ap_phi_reg_pp0_iter1_data_806_val847_phi_reg_38998    |   16|   0|   16|          0|
    |ap_phi_reg_pp0_iter1_data_807_val848_phi_reg_39010    |   16|   0|   16|          0|
    |ap_phi_reg_pp0_iter1_data_808_val849_phi_reg_39022    |   16|   0|   16|          0|
    |ap_phi_reg_pp0_iter1_data_809_val850_phi_reg_39034    |   16|   0|   16|          0|
    |ap_phi_reg_pp0_iter1_data_80_val121_phi_reg_30286     |   16|   0|   16|          0|
    |ap_phi_reg_pp0_iter1_data_810_val851_phi_reg_39046    |   16|   0|   16|          0|
    |ap_phi_reg_pp0_iter1_data_811_val852_phi_reg_39058    |   16|   0|   16|          0|
    |ap_phi_reg_pp0_iter1_data_812_val853_phi_reg_39070    |   16|   0|   16|          0|
    |ap_phi_reg_pp0_iter1_data_813_val854_phi_reg_39082    |   16|   0|   16|          0|
    |ap_phi_reg_pp0_iter1_data_814_val855_phi_reg_39094    |   16|   0|   16|          0|
    |ap_phi_reg_pp0_iter1_data_815_val856_phi_reg_39106    |   16|   0|   16|          0|
    |ap_phi_reg_pp0_iter1_data_816_val857_phi_reg_39118    |   16|   0|   16|          0|
    |ap_phi_reg_pp0_iter1_data_817_val858_phi_reg_39130    |   16|   0|   16|          0|
    |ap_phi_reg_pp0_iter1_data_818_val859_phi_reg_39142    |   16|   0|   16|          0|
    |ap_phi_reg_pp0_iter1_data_819_val860_phi_reg_39154    |   16|   0|   16|          0|
    |ap_phi_reg_pp0_iter1_data_81_val122_phi_reg_30298     |   16|   0|   16|          0|
    |ap_phi_reg_pp0_iter1_data_820_val861_phi_reg_39166    |   16|   0|   16|          0|
    |ap_phi_reg_pp0_iter1_data_821_val862_phi_reg_39178    |   16|   0|   16|          0|
    |ap_phi_reg_pp0_iter1_data_822_val863_phi_reg_39190    |   16|   0|   16|          0|
    |ap_phi_reg_pp0_iter1_data_823_val864_phi_reg_39202    |   16|   0|   16|          0|
    |ap_phi_reg_pp0_iter1_data_824_val865_phi_reg_39214    |   16|   0|   16|          0|
    |ap_phi_reg_pp0_iter1_data_825_val866_phi_reg_39226    |   16|   0|   16|          0|
    |ap_phi_reg_pp0_iter1_data_826_val867_phi_reg_39238    |   16|   0|   16|          0|
    |ap_phi_reg_pp0_iter1_data_827_val868_phi_reg_39250    |   16|   0|   16|          0|
    |ap_phi_reg_pp0_iter1_data_828_val869_phi_reg_39262    |   16|   0|   16|          0|
    |ap_phi_reg_pp0_iter1_data_829_val870_phi_reg_39274    |   16|   0|   16|          0|
    |ap_phi_reg_pp0_iter1_data_82_val123_phi_reg_30310     |   16|   0|   16|          0|
    |ap_phi_reg_pp0_iter1_data_830_val871_phi_reg_39286    |   16|   0|   16|          0|
    |ap_phi_reg_pp0_iter1_data_831_val872_phi_reg_39298    |   16|   0|   16|          0|
    |ap_phi_reg_pp0_iter1_data_832_val873_phi_reg_39310    |   16|   0|   16|          0|
    |ap_phi_reg_pp0_iter1_data_833_val874_phi_reg_39322    |   16|   0|   16|          0|
    |ap_phi_reg_pp0_iter1_data_834_val875_phi_reg_39334    |   16|   0|   16|          0|
    |ap_phi_reg_pp0_iter1_data_835_val876_phi_reg_39346    |   16|   0|   16|          0|
    |ap_phi_reg_pp0_iter1_data_836_val877_phi_reg_39358    |   16|   0|   16|          0|
    |ap_phi_reg_pp0_iter1_data_837_val878_phi_reg_39370    |   16|   0|   16|          0|
    |ap_phi_reg_pp0_iter1_data_838_val879_phi_reg_39382    |   16|   0|   16|          0|
    |ap_phi_reg_pp0_iter1_data_839_val880_phi_reg_39394    |   16|   0|   16|          0|
    |ap_phi_reg_pp0_iter1_data_83_val124_phi_reg_30322     |   16|   0|   16|          0|
    |ap_phi_reg_pp0_iter1_data_840_val881_phi_reg_39406    |   16|   0|   16|          0|
    |ap_phi_reg_pp0_iter1_data_841_val882_phi_reg_39418    |   16|   0|   16|          0|
    |ap_phi_reg_pp0_iter1_data_842_val883_phi_reg_39430    |   16|   0|   16|          0|
    |ap_phi_reg_pp0_iter1_data_843_val884_phi_reg_39442    |   16|   0|   16|          0|
    |ap_phi_reg_pp0_iter1_data_844_val885_phi_reg_39454    |   16|   0|   16|          0|
    |ap_phi_reg_pp0_iter1_data_845_val886_phi_reg_39466    |   16|   0|   16|          0|
    |ap_phi_reg_pp0_iter1_data_846_val887_phi_reg_39478    |   16|   0|   16|          0|
    |ap_phi_reg_pp0_iter1_data_847_val888_phi_reg_39490    |   16|   0|   16|          0|
    |ap_phi_reg_pp0_iter1_data_848_val889_phi_reg_39502    |   16|   0|   16|          0|
    |ap_phi_reg_pp0_iter1_data_849_val890_phi_reg_39514    |   16|   0|   16|          0|
    |ap_phi_reg_pp0_iter1_data_84_val125_phi_reg_30334     |   16|   0|   16|          0|
    |ap_phi_reg_pp0_iter1_data_850_val891_phi_reg_39526    |   16|   0|   16|          0|
    |ap_phi_reg_pp0_iter1_data_851_val892_phi_reg_39538    |   16|   0|   16|          0|
    |ap_phi_reg_pp0_iter1_data_852_val893_phi_reg_39550    |   16|   0|   16|          0|
    |ap_phi_reg_pp0_iter1_data_853_val894_phi_reg_39562    |   16|   0|   16|          0|
    |ap_phi_reg_pp0_iter1_data_854_val895_phi_reg_39574    |   16|   0|   16|          0|
    |ap_phi_reg_pp0_iter1_data_855_val896_phi_reg_39586    |   16|   0|   16|          0|
    |ap_phi_reg_pp0_iter1_data_856_val897_phi_reg_39598    |   16|   0|   16|          0|
    |ap_phi_reg_pp0_iter1_data_857_val898_phi_reg_39610    |   16|   0|   16|          0|
    |ap_phi_reg_pp0_iter1_data_858_val899_phi_reg_39622    |   16|   0|   16|          0|
    |ap_phi_reg_pp0_iter1_data_859_val900_phi_reg_39634    |   16|   0|   16|          0|
    |ap_phi_reg_pp0_iter1_data_85_val126_phi_reg_30346     |   16|   0|   16|          0|
    |ap_phi_reg_pp0_iter1_data_860_val901_phi_reg_39646    |   16|   0|   16|          0|
    |ap_phi_reg_pp0_iter1_data_861_val902_phi_reg_39658    |   16|   0|   16|          0|
    |ap_phi_reg_pp0_iter1_data_862_val903_phi_reg_39670    |   16|   0|   16|          0|
    |ap_phi_reg_pp0_iter1_data_863_val904_phi_reg_39682    |   16|   0|   16|          0|
    |ap_phi_reg_pp0_iter1_data_864_val905_phi_reg_39694    |   16|   0|   16|          0|
    |ap_phi_reg_pp0_iter1_data_865_val906_phi_reg_39706    |   16|   0|   16|          0|
    |ap_phi_reg_pp0_iter1_data_866_val907_phi_reg_39718    |   16|   0|   16|          0|
    |ap_phi_reg_pp0_iter1_data_867_val908_phi_reg_39730    |   16|   0|   16|          0|
    |ap_phi_reg_pp0_iter1_data_868_val909_phi_reg_39742    |   16|   0|   16|          0|
    |ap_phi_reg_pp0_iter1_data_869_val910_phi_reg_39754    |   16|   0|   16|          0|
    |ap_phi_reg_pp0_iter1_data_86_val127_phi_reg_30358     |   16|   0|   16|          0|
    |ap_phi_reg_pp0_iter1_data_870_val911_phi_reg_39766    |   16|   0|   16|          0|
    |ap_phi_reg_pp0_iter1_data_871_val912_phi_reg_39778    |   16|   0|   16|          0|
    |ap_phi_reg_pp0_iter1_data_872_val913_phi_reg_39790    |   16|   0|   16|          0|
    |ap_phi_reg_pp0_iter1_data_873_val914_phi_reg_39802    |   16|   0|   16|          0|
    |ap_phi_reg_pp0_iter1_data_874_val915_phi_reg_39814    |   16|   0|   16|          0|
    |ap_phi_reg_pp0_iter1_data_875_val916_phi_reg_39826    |   16|   0|   16|          0|
    |ap_phi_reg_pp0_iter1_data_876_val917_phi_reg_39838    |   16|   0|   16|          0|
    |ap_phi_reg_pp0_iter1_data_877_val918_phi_reg_39850    |   16|   0|   16|          0|
    |ap_phi_reg_pp0_iter1_data_878_val919_phi_reg_39862    |   16|   0|   16|          0|
    |ap_phi_reg_pp0_iter1_data_879_val920_phi_reg_39874    |   16|   0|   16|          0|
    |ap_phi_reg_pp0_iter1_data_87_val128_phi_reg_30370     |   16|   0|   16|          0|
    |ap_phi_reg_pp0_iter1_data_880_val921_phi_reg_39886    |   16|   0|   16|          0|
    |ap_phi_reg_pp0_iter1_data_881_val922_phi_reg_39898    |   16|   0|   16|          0|
    |ap_phi_reg_pp0_iter1_data_882_val923_phi_reg_39910    |   16|   0|   16|          0|
    |ap_phi_reg_pp0_iter1_data_883_val924_phi_reg_39922    |   16|   0|   16|          0|
    |ap_phi_reg_pp0_iter1_data_884_val925_phi_reg_39934    |   16|   0|   16|          0|
    |ap_phi_reg_pp0_iter1_data_885_val926_phi_reg_39946    |   16|   0|   16|          0|
    |ap_phi_reg_pp0_iter1_data_886_val927_phi_reg_39958    |   16|   0|   16|          0|
    |ap_phi_reg_pp0_iter1_data_887_val928_phi_reg_39970    |   16|   0|   16|          0|
    |ap_phi_reg_pp0_iter1_data_888_val929_phi_reg_39982    |   16|   0|   16|          0|
    |ap_phi_reg_pp0_iter1_data_889_val930_phi_reg_39994    |   16|   0|   16|          0|
    |ap_phi_reg_pp0_iter1_data_88_val129_phi_reg_30382     |   16|   0|   16|          0|
    |ap_phi_reg_pp0_iter1_data_890_val931_phi_reg_40006    |   16|   0|   16|          0|
    |ap_phi_reg_pp0_iter1_data_891_val932_phi_reg_40018    |   16|   0|   16|          0|
    |ap_phi_reg_pp0_iter1_data_892_val933_phi_reg_40030    |   16|   0|   16|          0|
    |ap_phi_reg_pp0_iter1_data_893_val934_phi_reg_40042    |   16|   0|   16|          0|
    |ap_phi_reg_pp0_iter1_data_894_val935_phi_reg_40054    |   16|   0|   16|          0|
    |ap_phi_reg_pp0_iter1_data_895_val936_phi_reg_40066    |   16|   0|   16|          0|
    |ap_phi_reg_pp0_iter1_data_896_val937_phi_reg_40078    |   16|   0|   16|          0|
    |ap_phi_reg_pp0_iter1_data_897_val938_phi_reg_40090    |   16|   0|   16|          0|
    |ap_phi_reg_pp0_iter1_data_898_val939_phi_reg_40102    |   16|   0|   16|          0|
    |ap_phi_reg_pp0_iter1_data_899_val940_phi_reg_40114    |   16|   0|   16|          0|
    |ap_phi_reg_pp0_iter1_data_89_val130_phi_reg_30394     |   16|   0|   16|          0|
    |ap_phi_reg_pp0_iter1_data_8_val49_phi_reg_29422       |   16|   0|   16|          0|
    |ap_phi_reg_pp0_iter1_data_900_val941_phi_reg_40126    |   16|   0|   16|          0|
    |ap_phi_reg_pp0_iter1_data_901_val942_phi_reg_40138    |   16|   0|   16|          0|
    |ap_phi_reg_pp0_iter1_data_902_val943_phi_reg_40150    |   16|   0|   16|          0|
    |ap_phi_reg_pp0_iter1_data_903_val944_phi_reg_40162    |   16|   0|   16|          0|
    |ap_phi_reg_pp0_iter1_data_904_val945_phi_reg_40174    |   16|   0|   16|          0|
    |ap_phi_reg_pp0_iter1_data_905_val946_phi_reg_40186    |   16|   0|   16|          0|
    |ap_phi_reg_pp0_iter1_data_906_val947_phi_reg_40198    |   16|   0|   16|          0|
    |ap_phi_reg_pp0_iter1_data_907_val948_phi_reg_40210    |   16|   0|   16|          0|
    |ap_phi_reg_pp0_iter1_data_908_val949_phi_reg_40222    |   16|   0|   16|          0|
    |ap_phi_reg_pp0_iter1_data_909_val950_phi_reg_40234    |   16|   0|   16|          0|
    |ap_phi_reg_pp0_iter1_data_90_val131_phi_reg_30406     |   16|   0|   16|          0|
    |ap_phi_reg_pp0_iter1_data_910_val951_phi_reg_40246    |   16|   0|   16|          0|
    |ap_phi_reg_pp0_iter1_data_911_val952_phi_reg_40258    |   16|   0|   16|          0|
    |ap_phi_reg_pp0_iter1_data_912_val953_phi_reg_40270    |   16|   0|   16|          0|
    |ap_phi_reg_pp0_iter1_data_913_val954_phi_reg_40282    |   16|   0|   16|          0|
    |ap_phi_reg_pp0_iter1_data_914_val955_phi_reg_40294    |   16|   0|   16|          0|
    |ap_phi_reg_pp0_iter1_data_915_val956_phi_reg_40306    |   16|   0|   16|          0|
    |ap_phi_reg_pp0_iter1_data_916_val957_phi_reg_40318    |   16|   0|   16|          0|
    |ap_phi_reg_pp0_iter1_data_917_val958_phi_reg_40330    |   16|   0|   16|          0|
    |ap_phi_reg_pp0_iter1_data_918_val959_phi_reg_40342    |   16|   0|   16|          0|
    |ap_phi_reg_pp0_iter1_data_919_val960_phi_reg_40354    |   16|   0|   16|          0|
    |ap_phi_reg_pp0_iter1_data_91_val132_phi_reg_30418     |   16|   0|   16|          0|
    |ap_phi_reg_pp0_iter1_data_920_val961_phi_reg_40366    |   16|   0|   16|          0|
    |ap_phi_reg_pp0_iter1_data_921_val962_phi_reg_40378    |   16|   0|   16|          0|
    |ap_phi_reg_pp0_iter1_data_922_val963_phi_reg_40390    |   16|   0|   16|          0|
    |ap_phi_reg_pp0_iter1_data_923_val964_phi_reg_40402    |   16|   0|   16|          0|
    |ap_phi_reg_pp0_iter1_data_924_val965_phi_reg_40414    |   16|   0|   16|          0|
    |ap_phi_reg_pp0_iter1_data_925_val966_phi_reg_40426    |   16|   0|   16|          0|
    |ap_phi_reg_pp0_iter1_data_926_val967_phi_reg_40438    |   16|   0|   16|          0|
    |ap_phi_reg_pp0_iter1_data_927_val968_phi_reg_40450    |   16|   0|   16|          0|
    |ap_phi_reg_pp0_iter1_data_928_val969_phi_reg_40462    |   16|   0|   16|          0|
    |ap_phi_reg_pp0_iter1_data_929_val970_phi_reg_40474    |   16|   0|   16|          0|
    |ap_phi_reg_pp0_iter1_data_92_val133_phi_reg_30430     |   16|   0|   16|          0|
    |ap_phi_reg_pp0_iter1_data_930_val971_phi_reg_40486    |   16|   0|   16|          0|
    |ap_phi_reg_pp0_iter1_data_931_val972_phi_reg_40498    |   16|   0|   16|          0|
    |ap_phi_reg_pp0_iter1_data_932_val973_phi_reg_40510    |   16|   0|   16|          0|
    |ap_phi_reg_pp0_iter1_data_933_val974_phi_reg_40522    |   16|   0|   16|          0|
    |ap_phi_reg_pp0_iter1_data_934_val975_phi_reg_40534    |   16|   0|   16|          0|
    |ap_phi_reg_pp0_iter1_data_935_val976_phi_reg_40546    |   16|   0|   16|          0|
    |ap_phi_reg_pp0_iter1_data_936_val977_phi_reg_40558    |   16|   0|   16|          0|
    |ap_phi_reg_pp0_iter1_data_937_val978_phi_reg_40570    |   16|   0|   16|          0|
    |ap_phi_reg_pp0_iter1_data_938_val979_phi_reg_40582    |   16|   0|   16|          0|
    |ap_phi_reg_pp0_iter1_data_939_val980_phi_reg_40594    |   16|   0|   16|          0|
    |ap_phi_reg_pp0_iter1_data_93_val134_phi_reg_30442     |   16|   0|   16|          0|
    |ap_phi_reg_pp0_iter1_data_940_val981_phi_reg_40606    |   16|   0|   16|          0|
    |ap_phi_reg_pp0_iter1_data_941_val982_phi_reg_40618    |   16|   0|   16|          0|
    |ap_phi_reg_pp0_iter1_data_942_val983_phi_reg_40630    |   16|   0|   16|          0|
    |ap_phi_reg_pp0_iter1_data_943_val984_phi_reg_40642    |   16|   0|   16|          0|
    |ap_phi_reg_pp0_iter1_data_944_val985_phi_reg_40654    |   16|   0|   16|          0|
    |ap_phi_reg_pp0_iter1_data_945_val986_phi_reg_40666    |   16|   0|   16|          0|
    |ap_phi_reg_pp0_iter1_data_946_val987_phi_reg_40678    |   16|   0|   16|          0|
    |ap_phi_reg_pp0_iter1_data_947_val988_phi_reg_40690    |   16|   0|   16|          0|
    |ap_phi_reg_pp0_iter1_data_948_val989_phi_reg_40702    |   16|   0|   16|          0|
    |ap_phi_reg_pp0_iter1_data_949_val990_phi_reg_40714    |   16|   0|   16|          0|
    |ap_phi_reg_pp0_iter1_data_94_val135_phi_reg_30454     |   16|   0|   16|          0|
    |ap_phi_reg_pp0_iter1_data_950_val991_phi_reg_40726    |   16|   0|   16|          0|
    |ap_phi_reg_pp0_iter1_data_951_val992_phi_reg_40738    |   16|   0|   16|          0|
    |ap_phi_reg_pp0_iter1_data_952_val993_phi_reg_40750    |   16|   0|   16|          0|
    |ap_phi_reg_pp0_iter1_data_953_val994_phi_reg_40762    |   16|   0|   16|          0|
    |ap_phi_reg_pp0_iter1_data_954_val995_phi_reg_40774    |   16|   0|   16|          0|
    |ap_phi_reg_pp0_iter1_data_955_val996_phi_reg_40786    |   16|   0|   16|          0|
    |ap_phi_reg_pp0_iter1_data_956_val997_phi_reg_40798    |   16|   0|   16|          0|
    |ap_phi_reg_pp0_iter1_data_957_val998_phi_reg_40810    |   16|   0|   16|          0|
    |ap_phi_reg_pp0_iter1_data_958_val999_phi_reg_40822    |   16|   0|   16|          0|
    |ap_phi_reg_pp0_iter1_data_959_val1000_phi_reg_40834   |   16|   0|   16|          0|
    |ap_phi_reg_pp0_iter1_data_95_val136_phi_reg_30466     |   16|   0|   16|          0|
    |ap_phi_reg_pp0_iter1_data_960_val1001_phi_reg_40846   |   16|   0|   16|          0|
    |ap_phi_reg_pp0_iter1_data_961_val1002_phi_reg_40858   |   16|   0|   16|          0|
    |ap_phi_reg_pp0_iter1_data_962_val1003_phi_reg_40870   |   16|   0|   16|          0|
    |ap_phi_reg_pp0_iter1_data_963_val1004_phi_reg_40882   |   16|   0|   16|          0|
    |ap_phi_reg_pp0_iter1_data_964_val1005_phi_reg_40894   |   16|   0|   16|          0|
    |ap_phi_reg_pp0_iter1_data_965_val1006_phi_reg_40906   |   16|   0|   16|          0|
    |ap_phi_reg_pp0_iter1_data_966_val1007_phi_reg_40918   |   16|   0|   16|          0|
    |ap_phi_reg_pp0_iter1_data_967_val1008_phi_reg_40930   |   16|   0|   16|          0|
    |ap_phi_reg_pp0_iter1_data_968_val1009_phi_reg_40942   |   16|   0|   16|          0|
    |ap_phi_reg_pp0_iter1_data_969_val1010_phi_reg_40954   |   16|   0|   16|          0|
    |ap_phi_reg_pp0_iter1_data_96_val137_phi_reg_30478     |   16|   0|   16|          0|
    |ap_phi_reg_pp0_iter1_data_970_val1011_phi_reg_40966   |   16|   0|   16|          0|
    |ap_phi_reg_pp0_iter1_data_971_val1012_phi_reg_40978   |   16|   0|   16|          0|
    |ap_phi_reg_pp0_iter1_data_972_val1013_phi_reg_40990   |   16|   0|   16|          0|
    |ap_phi_reg_pp0_iter1_data_973_val1014_phi_reg_41002   |   16|   0|   16|          0|
    |ap_phi_reg_pp0_iter1_data_974_val1015_phi_reg_41014   |   16|   0|   16|          0|
    |ap_phi_reg_pp0_iter1_data_975_val1016_phi_reg_41026   |   16|   0|   16|          0|
    |ap_phi_reg_pp0_iter1_data_976_val1017_phi_reg_41038   |   16|   0|   16|          0|
    |ap_phi_reg_pp0_iter1_data_977_val1018_phi_reg_41050   |   16|   0|   16|          0|
    |ap_phi_reg_pp0_iter1_data_978_val1019_phi_reg_41062   |   16|   0|   16|          0|
    |ap_phi_reg_pp0_iter1_data_979_val1020_phi_reg_41074   |   16|   0|   16|          0|
    |ap_phi_reg_pp0_iter1_data_97_val138_phi_reg_30490     |   16|   0|   16|          0|
    |ap_phi_reg_pp0_iter1_data_980_val1021_phi_reg_41086   |   16|   0|   16|          0|
    |ap_phi_reg_pp0_iter1_data_981_val1022_phi_reg_41098   |   16|   0|   16|          0|
    |ap_phi_reg_pp0_iter1_data_982_val1023_phi_reg_41110   |   16|   0|   16|          0|
    |ap_phi_reg_pp0_iter1_data_983_val1024_phi_reg_41122   |   16|   0|   16|          0|
    |ap_phi_reg_pp0_iter1_data_984_val1025_phi_reg_41134   |   16|   0|   16|          0|
    |ap_phi_reg_pp0_iter1_data_985_val1026_phi_reg_41146   |   16|   0|   16|          0|
    |ap_phi_reg_pp0_iter1_data_986_val1027_phi_reg_41158   |   16|   0|   16|          0|
    |ap_phi_reg_pp0_iter1_data_987_val1028_phi_reg_41170   |   16|   0|   16|          0|
    |ap_phi_reg_pp0_iter1_data_988_val1029_phi_reg_41182   |   16|   0|   16|          0|
    |ap_phi_reg_pp0_iter1_data_989_val1030_phi_reg_41194   |   16|   0|   16|          0|
    |ap_phi_reg_pp0_iter1_data_98_val139_phi_reg_30502     |   16|   0|   16|          0|
    |ap_phi_reg_pp0_iter1_data_990_val1031_phi_reg_41206   |   16|   0|   16|          0|
    |ap_phi_reg_pp0_iter1_data_991_val1032_phi_reg_41218   |   16|   0|   16|          0|
    |ap_phi_reg_pp0_iter1_data_992_val1033_phi_reg_41230   |   16|   0|   16|          0|
    |ap_phi_reg_pp0_iter1_data_993_val1034_phi_reg_41242   |   16|   0|   16|          0|
    |ap_phi_reg_pp0_iter1_data_994_val1035_phi_reg_41254   |   16|   0|   16|          0|
    |ap_phi_reg_pp0_iter1_data_995_val1036_phi_reg_41266   |   16|   0|   16|          0|
    |ap_phi_reg_pp0_iter1_data_996_val1037_phi_reg_41278   |   16|   0|   16|          0|
    |ap_phi_reg_pp0_iter1_data_997_val1038_phi_reg_41290   |   16|   0|   16|          0|
    |ap_phi_reg_pp0_iter1_data_998_val1039_phi_reg_41302   |   16|   0|   16|          0|
    |ap_phi_reg_pp0_iter1_data_999_val1040_phi_reg_41314   |   16|   0|   16|          0|
    |ap_phi_reg_pp0_iter1_data_99_val140_phi_reg_30514     |   16|   0|   16|          0|
    |ap_phi_reg_pp0_iter1_data_9_val50_phi_reg_29434       |   16|   0|   16|          0|
    |ap_return_0_preg                                      |   16|   0|   16|          0|
    |ap_return_10_preg                                     |   16|   0|   16|          0|
    |ap_return_11_preg                                     |   16|   0|   16|          0|
    |ap_return_1_preg                                      |   16|   0|   16|          0|
    |ap_return_2_preg                                      |   16|   0|   16|          0|
    |ap_return_3_preg                                      |   16|   0|   16|          0|
    |ap_return_4_preg                                      |   16|   0|   16|          0|
    |ap_return_5_preg                                      |   16|   0|   16|          0|
    |ap_return_6_preg                                      |   16|   0|   16|          0|
    |ap_return_7_preg                                      |   16|   0|   16|          0|
    |ap_return_8_preg                                      |   16|   0|   16|          0|
    |ap_return_9_preg                                      |   16|   0|   16|          0|
    |conv_i2_i_111125_reg_44892                            |   18|   0|   18|          0|
    |conv_i2_i_171223_reg_44906                            |   18|   0|   18|          0|
    |conv_i2_i_231321_reg_44920                            |   18|   0|   18|          0|
    |conv_i2_i_291419_reg_44934                            |   18|   0|   18|          0|
    |conv_i2_i_351517_reg_44948                            |   18|   0|   18|          0|
    |conv_i2_i_411615_reg_44962                            |   18|   0|   18|          0|
    |conv_i2_i_471713_reg_44976                            |   18|   0|   18|          0|
    |conv_i2_i_51027_reg_44878                             |   18|   0|   18|          0|
    |conv_i2_i_531811_reg_44990                            |   18|   0|   18|          0|
    |conv_i2_i_59199_reg_45004                             |   18|   0|   18|          0|
    |conv_i2_i_65207_reg_45018                             |   18|   0|   18|          0|
    |conv_i2_i_71215_reg_45032                             |   18|   0|   18|          0|
    |data_0_val41_phi_reg_29326                            |   16|   0|   16|          0|
    |data_1000_val1041_phi_reg_41326                       |   16|   0|   16|          0|
    |data_1001_val1042_phi_reg_41338                       |   16|   0|   16|          0|
    |data_1002_val1043_phi_reg_41350                       |   16|   0|   16|          0|
    |data_1003_val1044_phi_reg_41362                       |   16|   0|   16|          0|
    |data_1004_val1045_phi_reg_41374                       |   16|   0|   16|          0|
    |data_1005_val1046_phi_reg_41386                       |   16|   0|   16|          0|
    |data_1006_val1047_phi_reg_41398                       |   16|   0|   16|          0|
    |data_1007_val1048_phi_reg_41410                       |   16|   0|   16|          0|
    |data_1008_val1049_phi_reg_41422                       |   16|   0|   16|          0|
    |data_1009_val1050_phi_reg_41434                       |   16|   0|   16|          0|
    |data_100_val141_phi_reg_30526                         |   16|   0|   16|          0|
    |data_1010_val1051_phi_reg_41446                       |   16|   0|   16|          0|
    |data_1011_val1052_phi_reg_41458                       |   16|   0|   16|          0|
    |data_1012_val1053_phi_reg_41470                       |   16|   0|   16|          0|
    |data_1013_val1054_phi_reg_41482                       |   16|   0|   16|          0|
    |data_1014_val1055_phi_reg_41494                       |   16|   0|   16|          0|
    |data_1015_val1056_phi_reg_41506                       |   16|   0|   16|          0|
    |data_1016_val1057_phi_reg_41518                       |   16|   0|   16|          0|
    |data_1017_val1058_phi_reg_41530                       |   16|   0|   16|          0|
    |data_1018_val1059_phi_reg_41542                       |   16|   0|   16|          0|
    |data_1019_val1060_phi_reg_41554                       |   16|   0|   16|          0|
    |data_101_val142_phi_reg_30538                         |   16|   0|   16|          0|
    |data_1020_val1061_phi_reg_41566                       |   16|   0|   16|          0|
    |data_1021_val1062_phi_reg_41578                       |   16|   0|   16|          0|
    |data_1022_val1063_phi_reg_41590                       |   16|   0|   16|          0|
    |data_1023_val1064_phi_reg_41602                       |   16|   0|   16|          0|
    |data_1024_val1065_phi_reg_41614                       |   16|   0|   16|          0|
    |data_1025_val1066_phi_reg_41626                       |   16|   0|   16|          0|
    |data_1026_val1067_phi_reg_41638                       |   16|   0|   16|          0|
    |data_1027_val1068_phi_reg_41650                       |   16|   0|   16|          0|
    |data_1028_val1069_phi_reg_41662                       |   16|   0|   16|          0|
    |data_1029_val1070_phi_reg_41674                       |   16|   0|   16|          0|
    |data_102_val143_phi_reg_30550                         |   16|   0|   16|          0|
    |data_1030_val1071_phi_reg_41686                       |   16|   0|   16|          0|
    |data_1031_val1072_phi_reg_41698                       |   16|   0|   16|          0|
    |data_1032_val1073_phi_reg_41710                       |   16|   0|   16|          0|
    |data_1033_val1074_phi_reg_41722                       |   16|   0|   16|          0|
    |data_1034_val1075_phi_reg_41734                       |   16|   0|   16|          0|
    |data_1035_val1076_phi_reg_41746                       |   16|   0|   16|          0|
    |data_1036_val1077_phi_reg_41758                       |   16|   0|   16|          0|
    |data_1037_val1078_phi_reg_41770                       |   16|   0|   16|          0|
    |data_1038_val1079_phi_reg_41782                       |   16|   0|   16|          0|
    |data_1039_val1080_phi_reg_41794                       |   16|   0|   16|          0|
    |data_103_val144_phi_reg_30562                         |   16|   0|   16|          0|
    |data_1040_val1081_phi_reg_41806                       |   16|   0|   16|          0|
    |data_1041_val1082_phi_reg_41818                       |   16|   0|   16|          0|
    |data_1042_val1083_phi_reg_41830                       |   16|   0|   16|          0|
    |data_1043_val1084_phi_reg_41842                       |   16|   0|   16|          0|
    |data_1044_val1085_phi_reg_41854                       |   16|   0|   16|          0|
    |data_1045_val1086_phi_reg_41866                       |   16|   0|   16|          0|
    |data_1046_val1087_phi_reg_41878                       |   16|   0|   16|          0|
    |data_1047_val1088_phi_reg_41890                       |   16|   0|   16|          0|
    |data_1048_val1089_phi_reg_41902                       |   16|   0|   16|          0|
    |data_1049_val1090_phi_reg_41914                       |   16|   0|   16|          0|
    |data_104_val145_phi_reg_30574                         |   16|   0|   16|          0|
    |data_1050_val1091_phi_reg_41926                       |   16|   0|   16|          0|
    |data_1051_val1092_phi_reg_41938                       |   16|   0|   16|          0|
    |data_1052_val1093_phi_reg_41950                       |   16|   0|   16|          0|
    |data_1053_val1094_phi_reg_41962                       |   16|   0|   16|          0|
    |data_1054_val1095_phi_reg_41974                       |   16|   0|   16|          0|
    |data_1055_val1096_phi_reg_41986                       |   16|   0|   16|          0|
    |data_1056_val1097_phi_reg_41998                       |   16|   0|   16|          0|
    |data_1057_val1098_phi_reg_42010                       |   16|   0|   16|          0|
    |data_1058_val1099_phi_reg_42022                       |   16|   0|   16|          0|
    |data_1059_val1100_phi_reg_42034                       |   16|   0|   16|          0|
    |data_105_val146_phi_reg_30586                         |   16|   0|   16|          0|
    |data_1060_val1101_phi_reg_42046                       |   16|   0|   16|          0|
    |data_1061_val1102_phi_reg_42058                       |   16|   0|   16|          0|
    |data_1062_val1103_phi_reg_42070                       |   16|   0|   16|          0|
    |data_1063_val1104_phi_reg_42082                       |   16|   0|   16|          0|
    |data_1064_val1105_phi_reg_42094                       |   16|   0|   16|          0|
    |data_1065_val1106_phi_reg_42106                       |   16|   0|   16|          0|
    |data_1066_val1107_phi_reg_42118                       |   16|   0|   16|          0|
    |data_1067_val1108_phi_reg_42130                       |   16|   0|   16|          0|
    |data_1068_val1109_phi_reg_42142                       |   16|   0|   16|          0|
    |data_1069_val1110_phi_reg_42154                       |   16|   0|   16|          0|
    |data_106_val147_phi_reg_30598                         |   16|   0|   16|          0|
    |data_1070_val1111_phi_reg_42166                       |   16|   0|   16|          0|
    |data_1071_val1112_phi_reg_42178                       |   16|   0|   16|          0|
    |data_1072_val1113_phi_reg_42190                       |   16|   0|   16|          0|
    |data_1073_val1114_phi_reg_42202                       |   16|   0|   16|          0|
    |data_1074_val1115_phi_reg_42214                       |   16|   0|   16|          0|
    |data_1075_val1116_phi_reg_42226                       |   16|   0|   16|          0|
    |data_1076_val1117_phi_reg_42238                       |   16|   0|   16|          0|
    |data_1077_val1118_phi_reg_42250                       |   16|   0|   16|          0|
    |data_1078_val1119_phi_reg_42262                       |   16|   0|   16|          0|
    |data_1079_val1120_phi_reg_42274                       |   16|   0|   16|          0|
    |data_107_val148_phi_reg_30610                         |   16|   0|   16|          0|
    |data_1080_val1121_phi_reg_42286                       |   16|   0|   16|          0|
    |data_1081_val1122_phi_reg_42298                       |   16|   0|   16|          0|
    |data_1082_val1123_phi_reg_42310                       |   16|   0|   16|          0|
    |data_1083_val1124_phi_reg_42322                       |   16|   0|   16|          0|
    |data_1084_val1125_phi_reg_42334                       |   16|   0|   16|          0|
    |data_1085_val1126_phi_reg_42346                       |   16|   0|   16|          0|
    |data_1086_val1127_phi_reg_42358                       |   16|   0|   16|          0|
    |data_1087_val1128_phi_reg_42370                       |   16|   0|   16|          0|
    |data_1088_val1129_phi_reg_42382                       |   16|   0|   16|          0|
    |data_1089_val1130_phi_reg_42394                       |   16|   0|   16|          0|
    |data_108_val149_phi_reg_30622                         |   16|   0|   16|          0|
    |data_1090_val1131_phi_reg_42406                       |   16|   0|   16|          0|
    |data_1091_val1132_phi_reg_42418                       |   16|   0|   16|          0|
    |data_1092_val1133_phi_reg_42430                       |   16|   0|   16|          0|
    |data_1093_val1134_phi_reg_42442                       |   16|   0|   16|          0|
    |data_1094_val1135_phi_reg_42454                       |   16|   0|   16|          0|
    |data_1095_val1136_phi_reg_42466                       |   16|   0|   16|          0|
    |data_1096_val1137_phi_reg_42478                       |   16|   0|   16|          0|
    |data_1097_val1138_phi_reg_42490                       |   16|   0|   16|          0|
    |data_1098_val1139_phi_reg_42502                       |   16|   0|   16|          0|
    |data_1099_val1140_phi_reg_42514                       |   16|   0|   16|          0|
    |data_109_val150_phi_reg_30634                         |   16|   0|   16|          0|
    |data_10_val51_phi_reg_29446                           |   16|   0|   16|          0|
    |data_1100_val1141_phi_reg_42526                       |   16|   0|   16|          0|
    |data_1101_val1142_phi_reg_42538                       |   16|   0|   16|          0|
    |data_1102_val1143_phi_reg_42550                       |   16|   0|   16|          0|
    |data_1103_val1144_phi_reg_42562                       |   16|   0|   16|          0|
    |data_1104_val1145_phi_reg_42574                       |   16|   0|   16|          0|
    |data_1105_val1146_phi_reg_42586                       |   16|   0|   16|          0|
    |data_1106_val1147_phi_reg_42598                       |   16|   0|   16|          0|
    |data_1107_val1148_phi_reg_42610                       |   16|   0|   16|          0|
    |data_1108_val1149_phi_reg_42622                       |   16|   0|   16|          0|
    |data_1109_val1150_phi_reg_42634                       |   16|   0|   16|          0|
    |data_110_val151_phi_reg_30646                         |   16|   0|   16|          0|
    |data_1110_val1151_phi_reg_42646                       |   16|   0|   16|          0|
    |data_1111_val1152_phi_reg_42658                       |   16|   0|   16|          0|
    |data_1112_val1153_phi_reg_42670                       |   16|   0|   16|          0|
    |data_1113_val1154_phi_reg_42682                       |   16|   0|   16|          0|
    |data_1114_val1155_phi_reg_42694                       |   16|   0|   16|          0|
    |data_1115_val1156_phi_reg_42706                       |   16|   0|   16|          0|
    |data_1116_val1157_phi_reg_42718                       |   16|   0|   16|          0|
    |data_1117_val1158_phi_reg_42730                       |   16|   0|   16|          0|
    |data_1118_val1159_phi_reg_42742                       |   16|   0|   16|          0|
    |data_1119_val1160_phi_reg_42754                       |   16|   0|   16|          0|
    |data_111_val152_phi_reg_30658                         |   16|   0|   16|          0|
    |data_1120_val1161_phi_reg_42766                       |   16|   0|   16|          0|
    |data_1121_val1162_phi_reg_42778                       |   16|   0|   16|          0|
    |data_1122_val1163_phi_reg_42790                       |   16|   0|   16|          0|
    |data_1123_val1164_phi_reg_42802                       |   16|   0|   16|          0|
    |data_1124_val1165_phi_reg_42814                       |   16|   0|   16|          0|
    |data_1125_val1166_phi_reg_42826                       |   16|   0|   16|          0|
    |data_1126_val1167_phi_reg_42838                       |   16|   0|   16|          0|
    |data_1127_val1168_phi_reg_42850                       |   16|   0|   16|          0|
    |data_1128_val1169_phi_reg_42862                       |   16|   0|   16|          0|
    |data_1129_val1170_phi_reg_42874                       |   16|   0|   16|          0|
    |data_112_val153_phi_reg_30670                         |   16|   0|   16|          0|
    |data_1130_val1171_phi_reg_42886                       |   16|   0|   16|          0|
    |data_1131_val1172_phi_reg_42898                       |   16|   0|   16|          0|
    |data_1132_val1173_phi_reg_42910                       |   16|   0|   16|          0|
    |data_1133_val1174_phi_reg_42922                       |   16|   0|   16|          0|
    |data_1134_val1175_phi_reg_42934                       |   16|   0|   16|          0|
    |data_1135_val1176_phi_reg_42946                       |   16|   0|   16|          0|
    |data_1136_val1177_phi_reg_42958                       |   16|   0|   16|          0|
    |data_1137_val1178_phi_reg_42970                       |   16|   0|   16|          0|
    |data_1138_val1179_phi_reg_42982                       |   16|   0|   16|          0|
    |data_1139_val1180_phi_reg_42994                       |   16|   0|   16|          0|
    |data_113_val154_phi_reg_30682                         |   16|   0|   16|          0|
    |data_1140_val1181_phi_reg_43006                       |   16|   0|   16|          0|
    |data_1141_val1182_phi_reg_43018                       |   16|   0|   16|          0|
    |data_1142_val1183_phi_reg_43030                       |   16|   0|   16|          0|
    |data_1143_val1184_phi_reg_43042                       |   16|   0|   16|          0|
    |data_1144_val1185_phi_reg_43054                       |   16|   0|   16|          0|
    |data_1145_val1186_phi_reg_43066                       |   16|   0|   16|          0|
    |data_1146_val1187_phi_reg_43078                       |   16|   0|   16|          0|
    |data_1147_val1188_phi_reg_43090                       |   16|   0|   16|          0|
    |data_1148_val1189_phi_reg_43102                       |   16|   0|   16|          0|
    |data_1149_val1190_phi_reg_43114                       |   16|   0|   16|          0|
    |data_114_val155_phi_reg_30694                         |   16|   0|   16|          0|
    |data_1150_val1191_phi_reg_43126                       |   16|   0|   16|          0|
    |data_1151_val1192_phi_reg_43138                       |   16|   0|   16|          0|
    |data_1152_val1193_phi_reg_43150                       |   16|   0|   16|          0|
    |data_1153_val1194_phi_reg_43162                       |   16|   0|   16|          0|
    |data_1154_val1195_phi_reg_43174                       |   16|   0|   16|          0|
    |data_1155_val1196_phi_reg_43186                       |   16|   0|   16|          0|
    |data_1156_val1197_phi_reg_43198                       |   16|   0|   16|          0|
    |data_1157_val1198_phi_reg_43210                       |   16|   0|   16|          0|
    |data_1158_val1199_phi_reg_43222                       |   16|   0|   16|          0|
    |data_1159_val1200_phi_reg_43234                       |   16|   0|   16|          0|
    |data_115_val156_phi_reg_30706                         |   16|   0|   16|          0|
    |data_1160_val1201_phi_reg_43246                       |   16|   0|   16|          0|
    |data_1161_val1202_phi_reg_43258                       |   16|   0|   16|          0|
    |data_1162_val1203_phi_reg_43270                       |   16|   0|   16|          0|
    |data_1163_val1204_phi_reg_43282                       |   16|   0|   16|          0|
    |data_1164_val1205_phi_reg_43294                       |   16|   0|   16|          0|
    |data_1165_val1206_phi_reg_43306                       |   16|   0|   16|          0|
    |data_1166_val1207_phi_reg_43318                       |   16|   0|   16|          0|
    |data_1167_val1208_phi_reg_43330                       |   16|   0|   16|          0|
    |data_1168_val1209_phi_reg_43342                       |   16|   0|   16|          0|
    |data_1169_val1210_phi_reg_43354                       |   16|   0|   16|          0|
    |data_116_val157_phi_reg_30718                         |   16|   0|   16|          0|
    |data_1170_val1211_phi_reg_43366                       |   16|   0|   16|          0|
    |data_1171_val1212_phi_reg_43378                       |   16|   0|   16|          0|
    |data_1172_val1213_phi_reg_43390                       |   16|   0|   16|          0|
    |data_1173_val1214_phi_reg_43402                       |   16|   0|   16|          0|
    |data_1174_val1215_phi_reg_43414                       |   16|   0|   16|          0|
    |data_1175_val1216_phi_reg_43426                       |   16|   0|   16|          0|
    |data_1176_val1217_phi_reg_43438                       |   16|   0|   16|          0|
    |data_1177_val1218_phi_reg_43450                       |   16|   0|   16|          0|
    |data_1178_val1219_phi_reg_43462                       |   16|   0|   16|          0|
    |data_1179_val1220_phi_reg_43474                       |   16|   0|   16|          0|
    |data_117_val158_phi_reg_30730                         |   16|   0|   16|          0|
    |data_1180_val1221_phi_reg_43486                       |   16|   0|   16|          0|
    |data_1181_val1222_phi_reg_43498                       |   16|   0|   16|          0|
    |data_1182_val1223_phi_reg_43510                       |   16|   0|   16|          0|
    |data_1183_val1224_phi_reg_43522                       |   16|   0|   16|          0|
    |data_1184_val1225_phi_reg_43534                       |   16|   0|   16|          0|
    |data_1185_val1226_phi_reg_43546                       |   16|   0|   16|          0|
    |data_1186_val1227_phi_reg_43558                       |   16|   0|   16|          0|
    |data_1187_val1228_phi_reg_43570                       |   16|   0|   16|          0|
    |data_1188_val1229_phi_reg_43582                       |   16|   0|   16|          0|
    |data_1189_val1230_phi_reg_43594                       |   16|   0|   16|          0|
    |data_118_val159_phi_reg_30742                         |   16|   0|   16|          0|
    |data_1190_val1231_phi_reg_43606                       |   16|   0|   16|          0|
    |data_1191_val1232_phi_reg_43618                       |   16|   0|   16|          0|
    |data_1192_val1233_phi_reg_43630                       |   16|   0|   16|          0|
    |data_1193_val1234_phi_reg_43642                       |   16|   0|   16|          0|
    |data_1194_val1235_phi_reg_43654                       |   16|   0|   16|          0|
    |data_1195_val1236_phi_reg_43666                       |   16|   0|   16|          0|
    |data_1196_val1237_phi_reg_43678                       |   16|   0|   16|          0|
    |data_1197_val1238_phi_reg_43690                       |   16|   0|   16|          0|
    |data_1198_val1239_phi_reg_43702                       |   16|   0|   16|          0|
    |data_1199_val1240_phi_reg_43714                       |   16|   0|   16|          0|
    |data_119_val160_phi_reg_30754                         |   16|   0|   16|          0|
    |data_11_val52_phi_reg_29458                           |   16|   0|   16|          0|
    |data_1200_val1241_phi_reg_43726                       |   16|   0|   16|          0|
    |data_1201_val1242_phi_reg_43738                       |   16|   0|   16|          0|
    |data_1202_val1243_phi_reg_43750                       |   16|   0|   16|          0|
    |data_1203_val1244_phi_reg_43762                       |   16|   0|   16|          0|
    |data_1204_val1245_phi_reg_43774                       |   16|   0|   16|          0|
    |data_1205_val1246_phi_reg_43786                       |   16|   0|   16|          0|
    |data_1206_val1247_phi_reg_43798                       |   16|   0|   16|          0|
    |data_1207_val1248_phi_reg_43810                       |   16|   0|   16|          0|
    |data_1208_val1249_phi_reg_43822                       |   16|   0|   16|          0|
    |data_1209_val1250_phi_reg_43834                       |   16|   0|   16|          0|
    |data_120_val161_phi_reg_30766                         |   16|   0|   16|          0|
    |data_1210_val1251_phi_reg_43846                       |   16|   0|   16|          0|
    |data_1211_val1252_phi_reg_43858                       |   16|   0|   16|          0|
    |data_1212_val1253_phi_reg_43870                       |   16|   0|   16|          0|
    |data_1213_val1254_phi_reg_43882                       |   16|   0|   16|          0|
    |data_1214_val1255_phi_reg_43894                       |   16|   0|   16|          0|
    |data_1215_val1256_phi_reg_43906                       |   16|   0|   16|          0|
    |data_1216_val1257_phi_reg_43918                       |   16|   0|   16|          0|
    |data_1217_val1258_phi_reg_43930                       |   16|   0|   16|          0|
    |data_1218_val1259_phi_reg_43942                       |   16|   0|   16|          0|
    |data_1219_val1260_phi_reg_43954                       |   16|   0|   16|          0|
    |data_121_val162_phi_reg_30778                         |   16|   0|   16|          0|
    |data_1220_val1261_phi_reg_43966                       |   16|   0|   16|          0|
    |data_1221_val1262_phi_reg_43978                       |   16|   0|   16|          0|
    |data_1222_val1263_phi_reg_43990                       |   16|   0|   16|          0|
    |data_1223_val1264_phi_reg_44002                       |   16|   0|   16|          0|
    |data_1224_val1265_phi_reg_44014                       |   16|   0|   16|          0|
    |data_1225_val1266_phi_reg_44026                       |   16|   0|   16|          0|
    |data_1226_val1267_phi_reg_44038                       |   16|   0|   16|          0|
    |data_1227_val1268_phi_reg_44050                       |   16|   0|   16|          0|
    |data_1228_val1269_phi_reg_44062                       |   16|   0|   16|          0|
    |data_1229_val1270_phi_reg_44074                       |   16|   0|   16|          0|
    |data_122_val163_phi_reg_30790                         |   16|   0|   16|          0|
    |data_1230_val1271_phi_reg_44086                       |   16|   0|   16|          0|
    |data_1231_val1272_phi_reg_44098                       |   16|   0|   16|          0|
    |data_1232_val1273_phi_reg_44110                       |   16|   0|   16|          0|
    |data_1233_val1274_phi_reg_44122                       |   16|   0|   16|          0|
    |data_1234_val1275_phi_reg_44134                       |   16|   0|   16|          0|
    |data_1235_val1276_phi_reg_44146                       |   16|   0|   16|          0|
    |data_1236_val1277_phi_reg_44158                       |   16|   0|   16|          0|
    |data_1237_val1278_phi_reg_44170                       |   16|   0|   16|          0|
    |data_1238_val1279_phi_reg_44182                       |   16|   0|   16|          0|
    |data_1239_val1280_phi_reg_44194                       |   16|   0|   16|          0|
    |data_123_val164_phi_reg_30802                         |   16|   0|   16|          0|
    |data_1240_val1281_phi_reg_44206                       |   16|   0|   16|          0|
    |data_1241_val1282_phi_reg_44218                       |   16|   0|   16|          0|
    |data_1242_val1283_phi_reg_44230                       |   16|   0|   16|          0|
    |data_1243_val1284_phi_reg_44242                       |   16|   0|   16|          0|
    |data_1244_val1285_phi_reg_44254                       |   16|   0|   16|          0|
    |data_1245_val1286_phi_reg_44266                       |   16|   0|   16|          0|
    |data_1246_val1287_phi_reg_44278                       |   16|   0|   16|          0|
    |data_1247_val1288_phi_reg_44290                       |   16|   0|   16|          0|
    |data_1248_val1289_phi_reg_44302                       |   16|   0|   16|          0|
    |data_1249_val1290_phi_reg_44314                       |   16|   0|   16|          0|
    |data_124_val165_phi_reg_30814                         |   16|   0|   16|          0|
    |data_1250_val1291_phi_reg_44326                       |   16|   0|   16|          0|
    |data_1251_val1292_phi_reg_44338                       |   16|   0|   16|          0|
    |data_1252_val1293_phi_reg_44350                       |   16|   0|   16|          0|
    |data_1253_val1294_phi_reg_44362                       |   16|   0|   16|          0|
    |data_1254_val1295_phi_reg_44374                       |   16|   0|   16|          0|
    |data_1255_val1296_phi_reg_44386                       |   16|   0|   16|          0|
    |data_1256_val1297_phi_reg_44398                       |   16|   0|   16|          0|
    |data_1257_val1298_phi_reg_44410                       |   16|   0|   16|          0|
    |data_1258_val1299_phi_reg_44422                       |   16|   0|   16|          0|
    |data_1259_val1300_phi_reg_44434                       |   16|   0|   16|          0|
    |data_125_val166_phi_reg_30826                         |   16|   0|   16|          0|
    |data_1260_val1301_phi_reg_44446                       |   16|   0|   16|          0|
    |data_1261_val1302_phi_reg_44458                       |   16|   0|   16|          0|
    |data_1262_val1303_phi_reg_44470                       |   16|   0|   16|          0|
    |data_1263_val1304_phi_reg_44482                       |   16|   0|   16|          0|
    |data_1264_val1305_phi_reg_44494                       |   16|   0|   16|          0|
    |data_1265_val1306_phi_reg_44506                       |   16|   0|   16|          0|
    |data_1266_val1307_phi_reg_44518                       |   16|   0|   16|          0|
    |data_1267_val1308_phi_reg_44530                       |   16|   0|   16|          0|
    |data_1268_val1309_phi_reg_44542                       |   16|   0|   16|          0|
    |data_1269_val1310_phi_reg_44554                       |   16|   0|   16|          0|
    |data_126_val167_phi_reg_30838                         |   16|   0|   16|          0|
    |data_1270_val1311_phi_reg_44566                       |   16|   0|   16|          0|
    |data_1271_val1312_phi_reg_44578                       |   16|   0|   16|          0|
    |data_1272_val1313_phi_reg_44590                       |   16|   0|   16|          0|
    |data_1273_val1314_phi_reg_44602                       |   16|   0|   16|          0|
    |data_1274_val1315_phi_reg_44614                       |   16|   0|   16|          0|
    |data_1275_val1316_phi_reg_44626                       |   16|   0|   16|          0|
    |data_1276_val1317_phi_reg_44638                       |   16|   0|   16|          0|
    |data_1277_val1318_phi_reg_44650                       |   16|   0|   16|          0|
    |data_1278_val1319_phi_reg_44662                       |   16|   0|   16|          0|
    |data_1279_val1320_phi_reg_44674                       |   16|   0|   16|          0|
    |data_127_val168_phi_reg_30850                         |   16|   0|   16|          0|
    |data_1280_val1321_phi_reg_44686                       |   16|   0|   16|          0|
    |data_1281_val1322_phi_reg_44698                       |   16|   0|   16|          0|
    |data_1282_val1323_phi_reg_44710                       |   16|   0|   16|          0|
    |data_1283_val1324_phi_reg_44722                       |   16|   0|   16|          0|
    |data_1284_val1325_phi_reg_44734                       |   16|   0|   16|          0|
    |data_1285_val1326_phi_reg_44746                       |   16|   0|   16|          0|
    |data_1286_val1327_phi_reg_44758                       |   16|   0|   16|          0|
    |data_1287_val1328_phi_reg_44770                       |   16|   0|   16|          0|
    |data_1288_val1329_phi_reg_44782                       |   16|   0|   16|          0|
    |data_1289_val1330_phi_reg_44794                       |   16|   0|   16|          0|
    |data_128_val169_phi_reg_30862                         |   16|   0|   16|          0|
    |data_1290_val1331_phi_reg_44806                       |   16|   0|   16|          0|
    |data_1291_val1332_phi_reg_44818                       |   16|   0|   16|          0|
    |data_1292_val1333_phi_reg_44830                       |   16|   0|   16|          0|
    |data_1293_val1334_phi_reg_44842                       |   16|   0|   16|          0|
    |data_1294_val1335_phi_reg_44854                       |   16|   0|   16|          0|
    |data_1295_val1336_phi_reg_44866                       |   16|   0|   16|          0|
    |data_129_val170_phi_reg_30874                         |   16|   0|   16|          0|
    |data_12_val53_phi_reg_29470                           |   16|   0|   16|          0|
    |data_130_val171_phi_reg_30886                         |   16|   0|   16|          0|
    |data_131_val172_phi_reg_30898                         |   16|   0|   16|          0|
    |data_132_val173_phi_reg_30910                         |   16|   0|   16|          0|
    |data_133_val174_phi_reg_30922                         |   16|   0|   16|          0|
    |data_134_val175_phi_reg_30934                         |   16|   0|   16|          0|
    |data_135_val176_phi_reg_30946                         |   16|   0|   16|          0|
    |data_136_val177_phi_reg_30958                         |   16|   0|   16|          0|
    |data_137_val178_phi_reg_30970                         |   16|   0|   16|          0|
    |data_138_val179_phi_reg_30982                         |   16|   0|   16|          0|
    |data_139_val180_phi_reg_30994                         |   16|   0|   16|          0|
    |data_13_val54_phi_reg_29482                           |   16|   0|   16|          0|
    |data_140_val181_phi_reg_31006                         |   16|   0|   16|          0|
    |data_141_val182_phi_reg_31018                         |   16|   0|   16|          0|
    |data_142_val183_phi_reg_31030                         |   16|   0|   16|          0|
    |data_143_val184_phi_reg_31042                         |   16|   0|   16|          0|
    |data_144_val185_phi_reg_31054                         |   16|   0|   16|          0|
    |data_145_val186_phi_reg_31066                         |   16|   0|   16|          0|
    |data_146_val187_phi_reg_31078                         |   16|   0|   16|          0|
    |data_147_val188_phi_reg_31090                         |   16|   0|   16|          0|
    |data_148_val189_phi_reg_31102                         |   16|   0|   16|          0|
    |data_149_val190_phi_reg_31114                         |   16|   0|   16|          0|
    |data_14_val55_phi_reg_29494                           |   16|   0|   16|          0|
    |data_150_val191_phi_reg_31126                         |   16|   0|   16|          0|
    |data_151_val192_phi_reg_31138                         |   16|   0|   16|          0|
    |data_152_val193_phi_reg_31150                         |   16|   0|   16|          0|
    |data_153_val194_phi_reg_31162                         |   16|   0|   16|          0|
    |data_154_val195_phi_reg_31174                         |   16|   0|   16|          0|
    |data_155_val196_phi_reg_31186                         |   16|   0|   16|          0|
    |data_156_val197_phi_reg_31198                         |   16|   0|   16|          0|
    |data_157_val198_phi_reg_31210                         |   16|   0|   16|          0|
    |data_158_val199_phi_reg_31222                         |   16|   0|   16|          0|
    |data_159_val200_phi_reg_31234                         |   16|   0|   16|          0|
    |data_15_val56_phi_reg_29506                           |   16|   0|   16|          0|
    |data_160_val201_phi_reg_31246                         |   16|   0|   16|          0|
    |data_161_val202_phi_reg_31258                         |   16|   0|   16|          0|
    |data_162_val203_phi_reg_31270                         |   16|   0|   16|          0|
    |data_163_val204_phi_reg_31282                         |   16|   0|   16|          0|
    |data_164_val205_phi_reg_31294                         |   16|   0|   16|          0|
    |data_165_val206_phi_reg_31306                         |   16|   0|   16|          0|
    |data_166_val207_phi_reg_31318                         |   16|   0|   16|          0|
    |data_167_val208_phi_reg_31330                         |   16|   0|   16|          0|
    |data_168_val209_phi_reg_31342                         |   16|   0|   16|          0|
    |data_169_val210_phi_reg_31354                         |   16|   0|   16|          0|
    |data_16_val57_phi_reg_29518                           |   16|   0|   16|          0|
    |data_170_val211_phi_reg_31366                         |   16|   0|   16|          0|
    |data_171_val212_phi_reg_31378                         |   16|   0|   16|          0|
    |data_172_val213_phi_reg_31390                         |   16|   0|   16|          0|
    |data_173_val214_phi_reg_31402                         |   16|   0|   16|          0|
    |data_174_val215_phi_reg_31414                         |   16|   0|   16|          0|
    |data_175_val216_phi_reg_31426                         |   16|   0|   16|          0|
    |data_176_val217_phi_reg_31438                         |   16|   0|   16|          0|
    |data_177_val218_phi_reg_31450                         |   16|   0|   16|          0|
    |data_178_val219_phi_reg_31462                         |   16|   0|   16|          0|
    |data_179_val220_phi_reg_31474                         |   16|   0|   16|          0|
    |data_17_val58_phi_reg_29530                           |   16|   0|   16|          0|
    |data_180_val221_phi_reg_31486                         |   16|   0|   16|          0|
    |data_181_val222_phi_reg_31498                         |   16|   0|   16|          0|
    |data_182_val223_phi_reg_31510                         |   16|   0|   16|          0|
    |data_183_val224_phi_reg_31522                         |   16|   0|   16|          0|
    |data_184_val225_phi_reg_31534                         |   16|   0|   16|          0|
    |data_185_val226_phi_reg_31546                         |   16|   0|   16|          0|
    |data_186_val227_phi_reg_31558                         |   16|   0|   16|          0|
    |data_187_val228_phi_reg_31570                         |   16|   0|   16|          0|
    |data_188_val229_phi_reg_31582                         |   16|   0|   16|          0|
    |data_189_val230_phi_reg_31594                         |   16|   0|   16|          0|
    |data_18_val59_phi_reg_29542                           |   16|   0|   16|          0|
    |data_190_val231_phi_reg_31606                         |   16|   0|   16|          0|
    |data_191_val232_phi_reg_31618                         |   16|   0|   16|          0|
    |data_192_val233_phi_reg_31630                         |   16|   0|   16|          0|
    |data_193_val234_phi_reg_31642                         |   16|   0|   16|          0|
    |data_194_val235_phi_reg_31654                         |   16|   0|   16|          0|
    |data_195_val236_phi_reg_31666                         |   16|   0|   16|          0|
    |data_196_val237_phi_reg_31678                         |   16|   0|   16|          0|
    |data_197_val238_phi_reg_31690                         |   16|   0|   16|          0|
    |data_198_val239_phi_reg_31702                         |   16|   0|   16|          0|
    |data_199_val240_phi_reg_31714                         |   16|   0|   16|          0|
    |data_19_val60_phi_reg_29554                           |   16|   0|   16|          0|
    |data_1_val42_phi_reg_29338                            |   16|   0|   16|          0|
    |data_200_val241_phi_reg_31726                         |   16|   0|   16|          0|
    |data_201_val242_phi_reg_31738                         |   16|   0|   16|          0|
    |data_202_val243_phi_reg_31750                         |   16|   0|   16|          0|
    |data_203_val244_phi_reg_31762                         |   16|   0|   16|          0|
    |data_204_val245_phi_reg_31774                         |   16|   0|   16|          0|
    |data_205_val246_phi_reg_31786                         |   16|   0|   16|          0|
    |data_206_val247_phi_reg_31798                         |   16|   0|   16|          0|
    |data_207_val248_phi_reg_31810                         |   16|   0|   16|          0|
    |data_208_val249_phi_reg_31822                         |   16|   0|   16|          0|
    |data_209_val250_phi_reg_31834                         |   16|   0|   16|          0|
    |data_20_val61_phi_reg_29566                           |   16|   0|   16|          0|
    |data_210_val251_phi_reg_31846                         |   16|   0|   16|          0|
    |data_211_val252_phi_reg_31858                         |   16|   0|   16|          0|
    |data_212_val253_phi_reg_31870                         |   16|   0|   16|          0|
    |data_213_val254_phi_reg_31882                         |   16|   0|   16|          0|
    |data_214_val255_phi_reg_31894                         |   16|   0|   16|          0|
    |data_215_val256_phi_reg_31906                         |   16|   0|   16|          0|
    |data_216_val257_phi_reg_31918                         |   16|   0|   16|          0|
    |data_217_val258_phi_reg_31930                         |   16|   0|   16|          0|
    |data_218_val259_phi_reg_31942                         |   16|   0|   16|          0|
    |data_219_val260_phi_reg_31954                         |   16|   0|   16|          0|
    |data_21_val62_phi_reg_29578                           |   16|   0|   16|          0|
    |data_220_val261_phi_reg_31966                         |   16|   0|   16|          0|
    |data_221_val262_phi_reg_31978                         |   16|   0|   16|          0|
    |data_222_val263_phi_reg_31990                         |   16|   0|   16|          0|
    |data_223_val264_phi_reg_32002                         |   16|   0|   16|          0|
    |data_224_val265_phi_reg_32014                         |   16|   0|   16|          0|
    |data_225_val266_phi_reg_32026                         |   16|   0|   16|          0|
    |data_226_val267_phi_reg_32038                         |   16|   0|   16|          0|
    |data_227_val268_phi_reg_32050                         |   16|   0|   16|          0|
    |data_228_val269_phi_reg_32062                         |   16|   0|   16|          0|
    |data_229_val270_phi_reg_32074                         |   16|   0|   16|          0|
    |data_22_val63_phi_reg_29590                           |   16|   0|   16|          0|
    |data_230_val271_phi_reg_32086                         |   16|   0|   16|          0|
    |data_231_val272_phi_reg_32098                         |   16|   0|   16|          0|
    |data_232_val273_phi_reg_32110                         |   16|   0|   16|          0|
    |data_233_val274_phi_reg_32122                         |   16|   0|   16|          0|
    |data_234_val275_phi_reg_32134                         |   16|   0|   16|          0|
    |data_235_val276_phi_reg_32146                         |   16|   0|   16|          0|
    |data_236_val277_phi_reg_32158                         |   16|   0|   16|          0|
    |data_237_val278_phi_reg_32170                         |   16|   0|   16|          0|
    |data_238_val279_phi_reg_32182                         |   16|   0|   16|          0|
    |data_239_val280_phi_reg_32194                         |   16|   0|   16|          0|
    |data_23_val64_phi_reg_29602                           |   16|   0|   16|          0|
    |data_240_val281_phi_reg_32206                         |   16|   0|   16|          0|
    |data_241_val282_phi_reg_32218                         |   16|   0|   16|          0|
    |data_242_val283_phi_reg_32230                         |   16|   0|   16|          0|
    |data_243_val284_phi_reg_32242                         |   16|   0|   16|          0|
    |data_244_val285_phi_reg_32254                         |   16|   0|   16|          0|
    |data_245_val286_phi_reg_32266                         |   16|   0|   16|          0|
    |data_246_val287_phi_reg_32278                         |   16|   0|   16|          0|
    |data_247_val288_phi_reg_32290                         |   16|   0|   16|          0|
    |data_248_val289_phi_reg_32302                         |   16|   0|   16|          0|
    |data_249_val290_phi_reg_32314                         |   16|   0|   16|          0|
    |data_24_val65_phi_reg_29614                           |   16|   0|   16|          0|
    |data_250_val291_phi_reg_32326                         |   16|   0|   16|          0|
    |data_251_val292_phi_reg_32338                         |   16|   0|   16|          0|
    |data_252_val293_phi_reg_32350                         |   16|   0|   16|          0|
    |data_253_val294_phi_reg_32362                         |   16|   0|   16|          0|
    |data_254_val295_phi_reg_32374                         |   16|   0|   16|          0|
    |data_255_val296_phi_reg_32386                         |   16|   0|   16|          0|
    |data_256_val297_phi_reg_32398                         |   16|   0|   16|          0|
    |data_257_val298_phi_reg_32410                         |   16|   0|   16|          0|
    |data_258_val299_phi_reg_32422                         |   16|   0|   16|          0|
    |data_259_val300_phi_reg_32434                         |   16|   0|   16|          0|
    |data_25_val66_phi_reg_29626                           |   16|   0|   16|          0|
    |data_260_val301_phi_reg_32446                         |   16|   0|   16|          0|
    |data_261_val302_phi_reg_32458                         |   16|   0|   16|          0|
    |data_262_val303_phi_reg_32470                         |   16|   0|   16|          0|
    |data_263_val304_phi_reg_32482                         |   16|   0|   16|          0|
    |data_264_val305_phi_reg_32494                         |   16|   0|   16|          0|
    |data_265_val306_phi_reg_32506                         |   16|   0|   16|          0|
    |data_266_val307_phi_reg_32518                         |   16|   0|   16|          0|
    |data_267_val308_phi_reg_32530                         |   16|   0|   16|          0|
    |data_268_val309_phi_reg_32542                         |   16|   0|   16|          0|
    |data_269_val310_phi_reg_32554                         |   16|   0|   16|          0|
    |data_26_val67_phi_reg_29638                           |   16|   0|   16|          0|
    |data_270_val311_phi_reg_32566                         |   16|   0|   16|          0|
    |data_271_val312_phi_reg_32578                         |   16|   0|   16|          0|
    |data_272_val313_phi_reg_32590                         |   16|   0|   16|          0|
    |data_273_val314_phi_reg_32602                         |   16|   0|   16|          0|
    |data_274_val315_phi_reg_32614                         |   16|   0|   16|          0|
    |data_275_val316_phi_reg_32626                         |   16|   0|   16|          0|
    |data_276_val317_phi_reg_32638                         |   16|   0|   16|          0|
    |data_277_val318_phi_reg_32650                         |   16|   0|   16|          0|
    |data_278_val319_phi_reg_32662                         |   16|   0|   16|          0|
    |data_279_val320_phi_reg_32674                         |   16|   0|   16|          0|
    |data_27_val68_phi_reg_29650                           |   16|   0|   16|          0|
    |data_280_val321_phi_reg_32686                         |   16|   0|   16|          0|
    |data_281_val322_phi_reg_32698                         |   16|   0|   16|          0|
    |data_282_val323_phi_reg_32710                         |   16|   0|   16|          0|
    |data_283_val324_phi_reg_32722                         |   16|   0|   16|          0|
    |data_284_val325_phi_reg_32734                         |   16|   0|   16|          0|
    |data_285_val326_phi_reg_32746                         |   16|   0|   16|          0|
    |data_286_val327_phi_reg_32758                         |   16|   0|   16|          0|
    |data_287_val328_phi_reg_32770                         |   16|   0|   16|          0|
    |data_288_val329_phi_reg_32782                         |   16|   0|   16|          0|
    |data_289_val330_phi_reg_32794                         |   16|   0|   16|          0|
    |data_28_val69_phi_reg_29662                           |   16|   0|   16|          0|
    |data_290_val331_phi_reg_32806                         |   16|   0|   16|          0|
    |data_291_val332_phi_reg_32818                         |   16|   0|   16|          0|
    |data_292_val333_phi_reg_32830                         |   16|   0|   16|          0|
    |data_293_val334_phi_reg_32842                         |   16|   0|   16|          0|
    |data_294_val335_phi_reg_32854                         |   16|   0|   16|          0|
    |data_295_val336_phi_reg_32866                         |   16|   0|   16|          0|
    |data_296_val337_phi_reg_32878                         |   16|   0|   16|          0|
    |data_297_val338_phi_reg_32890                         |   16|   0|   16|          0|
    |data_298_val339_phi_reg_32902                         |   16|   0|   16|          0|
    |data_299_val340_phi_reg_32914                         |   16|   0|   16|          0|
    |data_29_val70_phi_reg_29674                           |   16|   0|   16|          0|
    |data_2_val43_phi_reg_29350                            |   16|   0|   16|          0|
    |data_300_val341_phi_reg_32926                         |   16|   0|   16|          0|
    |data_301_val342_phi_reg_32938                         |   16|   0|   16|          0|
    |data_302_val343_phi_reg_32950                         |   16|   0|   16|          0|
    |data_303_val344_phi_reg_32962                         |   16|   0|   16|          0|
    |data_304_val345_phi_reg_32974                         |   16|   0|   16|          0|
    |data_305_val346_phi_reg_32986                         |   16|   0|   16|          0|
    |data_306_val347_phi_reg_32998                         |   16|   0|   16|          0|
    |data_307_val348_phi_reg_33010                         |   16|   0|   16|          0|
    |data_308_val349_phi_reg_33022                         |   16|   0|   16|          0|
    |data_309_val350_phi_reg_33034                         |   16|   0|   16|          0|
    |data_30_val71_phi_reg_29686                           |   16|   0|   16|          0|
    |data_310_val351_phi_reg_33046                         |   16|   0|   16|          0|
    |data_311_val352_phi_reg_33058                         |   16|   0|   16|          0|
    |data_312_val353_phi_reg_33070                         |   16|   0|   16|          0|
    |data_313_val354_phi_reg_33082                         |   16|   0|   16|          0|
    |data_314_val355_phi_reg_33094                         |   16|   0|   16|          0|
    |data_315_val356_phi_reg_33106                         |   16|   0|   16|          0|
    |data_316_val357_phi_reg_33118                         |   16|   0|   16|          0|
    |data_317_val358_phi_reg_33130                         |   16|   0|   16|          0|
    |data_318_val359_phi_reg_33142                         |   16|   0|   16|          0|
    |data_319_val360_phi_reg_33154                         |   16|   0|   16|          0|
    |data_31_val72_phi_reg_29698                           |   16|   0|   16|          0|
    |data_320_val361_phi_reg_33166                         |   16|   0|   16|          0|
    |data_321_val362_phi_reg_33178                         |   16|   0|   16|          0|
    |data_322_val363_phi_reg_33190                         |   16|   0|   16|          0|
    |data_323_val364_phi_reg_33202                         |   16|   0|   16|          0|
    |data_324_val365_phi_reg_33214                         |   16|   0|   16|          0|
    |data_325_val366_phi_reg_33226                         |   16|   0|   16|          0|
    |data_326_val367_phi_reg_33238                         |   16|   0|   16|          0|
    |data_327_val368_phi_reg_33250                         |   16|   0|   16|          0|
    |data_328_val369_phi_reg_33262                         |   16|   0|   16|          0|
    |data_329_val370_phi_reg_33274                         |   16|   0|   16|          0|
    |data_32_val73_phi_reg_29710                           |   16|   0|   16|          0|
    |data_330_val371_phi_reg_33286                         |   16|   0|   16|          0|
    |data_331_val372_phi_reg_33298                         |   16|   0|   16|          0|
    |data_332_val373_phi_reg_33310                         |   16|   0|   16|          0|
    |data_333_val374_phi_reg_33322                         |   16|   0|   16|          0|
    |data_334_val375_phi_reg_33334                         |   16|   0|   16|          0|
    |data_335_val376_phi_reg_33346                         |   16|   0|   16|          0|
    |data_336_val377_phi_reg_33358                         |   16|   0|   16|          0|
    |data_337_val378_phi_reg_33370                         |   16|   0|   16|          0|
    |data_338_val379_phi_reg_33382                         |   16|   0|   16|          0|
    |data_339_val380_phi_reg_33394                         |   16|   0|   16|          0|
    |data_33_val74_phi_reg_29722                           |   16|   0|   16|          0|
    |data_340_val381_phi_reg_33406                         |   16|   0|   16|          0|
    |data_341_val382_phi_reg_33418                         |   16|   0|   16|          0|
    |data_342_val383_phi_reg_33430                         |   16|   0|   16|          0|
    |data_343_val384_phi_reg_33442                         |   16|   0|   16|          0|
    |data_344_val385_phi_reg_33454                         |   16|   0|   16|          0|
    |data_345_val386_phi_reg_33466                         |   16|   0|   16|          0|
    |data_346_val387_phi_reg_33478                         |   16|   0|   16|          0|
    |data_347_val388_phi_reg_33490                         |   16|   0|   16|          0|
    |data_348_val389_phi_reg_33502                         |   16|   0|   16|          0|
    |data_349_val390_phi_reg_33514                         |   16|   0|   16|          0|
    |data_34_val75_phi_reg_29734                           |   16|   0|   16|          0|
    |data_350_val391_phi_reg_33526                         |   16|   0|   16|          0|
    |data_351_val392_phi_reg_33538                         |   16|   0|   16|          0|
    |data_352_val393_phi_reg_33550                         |   16|   0|   16|          0|
    |data_353_val394_phi_reg_33562                         |   16|   0|   16|          0|
    |data_354_val395_phi_reg_33574                         |   16|   0|   16|          0|
    |data_355_val396_phi_reg_33586                         |   16|   0|   16|          0|
    |data_356_val397_phi_reg_33598                         |   16|   0|   16|          0|
    |data_357_val398_phi_reg_33610                         |   16|   0|   16|          0|
    |data_358_val399_phi_reg_33622                         |   16|   0|   16|          0|
    |data_359_val400_phi_reg_33634                         |   16|   0|   16|          0|
    |data_35_val76_phi_reg_29746                           |   16|   0|   16|          0|
    |data_360_val401_phi_reg_33646                         |   16|   0|   16|          0|
    |data_361_val402_phi_reg_33658                         |   16|   0|   16|          0|
    |data_362_val403_phi_reg_33670                         |   16|   0|   16|          0|
    |data_363_val404_phi_reg_33682                         |   16|   0|   16|          0|
    |data_364_val405_phi_reg_33694                         |   16|   0|   16|          0|
    |data_365_val406_phi_reg_33706                         |   16|   0|   16|          0|
    |data_366_val407_phi_reg_33718                         |   16|   0|   16|          0|
    |data_367_val408_phi_reg_33730                         |   16|   0|   16|          0|
    |data_368_val409_phi_reg_33742                         |   16|   0|   16|          0|
    |data_369_val410_phi_reg_33754                         |   16|   0|   16|          0|
    |data_36_val77_phi_reg_29758                           |   16|   0|   16|          0|
    |data_370_val411_phi_reg_33766                         |   16|   0|   16|          0|
    |data_371_val412_phi_reg_33778                         |   16|   0|   16|          0|
    |data_372_val413_phi_reg_33790                         |   16|   0|   16|          0|
    |data_373_val414_phi_reg_33802                         |   16|   0|   16|          0|
    |data_374_val415_phi_reg_33814                         |   16|   0|   16|          0|
    |data_375_val416_phi_reg_33826                         |   16|   0|   16|          0|
    |data_376_val417_phi_reg_33838                         |   16|   0|   16|          0|
    |data_377_val418_phi_reg_33850                         |   16|   0|   16|          0|
    |data_378_val419_phi_reg_33862                         |   16|   0|   16|          0|
    |data_379_val420_phi_reg_33874                         |   16|   0|   16|          0|
    |data_37_val78_phi_reg_29770                           |   16|   0|   16|          0|
    |data_380_val421_phi_reg_33886                         |   16|   0|   16|          0|
    |data_381_val422_phi_reg_33898                         |   16|   0|   16|          0|
    |data_382_val423_phi_reg_33910                         |   16|   0|   16|          0|
    |data_383_val424_phi_reg_33922                         |   16|   0|   16|          0|
    |data_384_val425_phi_reg_33934                         |   16|   0|   16|          0|
    |data_385_val426_phi_reg_33946                         |   16|   0|   16|          0|
    |data_386_val427_phi_reg_33958                         |   16|   0|   16|          0|
    |data_387_val428_phi_reg_33970                         |   16|   0|   16|          0|
    |data_388_val429_phi_reg_33982                         |   16|   0|   16|          0|
    |data_389_val430_phi_reg_33994                         |   16|   0|   16|          0|
    |data_38_val79_phi_reg_29782                           |   16|   0|   16|          0|
    |data_390_val431_phi_reg_34006                         |   16|   0|   16|          0|
    |data_391_val432_phi_reg_34018                         |   16|   0|   16|          0|
    |data_392_val433_phi_reg_34030                         |   16|   0|   16|          0|
    |data_393_val434_phi_reg_34042                         |   16|   0|   16|          0|
    |data_394_val435_phi_reg_34054                         |   16|   0|   16|          0|
    |data_395_val436_phi_reg_34066                         |   16|   0|   16|          0|
    |data_396_val437_phi_reg_34078                         |   16|   0|   16|          0|
    |data_397_val438_phi_reg_34090                         |   16|   0|   16|          0|
    |data_398_val439_phi_reg_34102                         |   16|   0|   16|          0|
    |data_399_val440_phi_reg_34114                         |   16|   0|   16|          0|
    |data_39_val80_phi_reg_29794                           |   16|   0|   16|          0|
    |data_3_val44_phi_reg_29362                            |   16|   0|   16|          0|
    |data_400_val441_phi_reg_34126                         |   16|   0|   16|          0|
    |data_401_val442_phi_reg_34138                         |   16|   0|   16|          0|
    |data_402_val443_phi_reg_34150                         |   16|   0|   16|          0|
    |data_403_val444_phi_reg_34162                         |   16|   0|   16|          0|
    |data_404_val445_phi_reg_34174                         |   16|   0|   16|          0|
    |data_405_val446_phi_reg_34186                         |   16|   0|   16|          0|
    |data_406_val447_phi_reg_34198                         |   16|   0|   16|          0|
    |data_407_val448_phi_reg_34210                         |   16|   0|   16|          0|
    |data_408_val449_phi_reg_34222                         |   16|   0|   16|          0|
    |data_409_val450_phi_reg_34234                         |   16|   0|   16|          0|
    |data_40_val81_phi_reg_29806                           |   16|   0|   16|          0|
    |data_410_val451_phi_reg_34246                         |   16|   0|   16|          0|
    |data_411_val452_phi_reg_34258                         |   16|   0|   16|          0|
    |data_412_val453_phi_reg_34270                         |   16|   0|   16|          0|
    |data_413_val454_phi_reg_34282                         |   16|   0|   16|          0|
    |data_414_val455_phi_reg_34294                         |   16|   0|   16|          0|
    |data_415_val456_phi_reg_34306                         |   16|   0|   16|          0|
    |data_416_val457_phi_reg_34318                         |   16|   0|   16|          0|
    |data_417_val458_phi_reg_34330                         |   16|   0|   16|          0|
    |data_418_val459_phi_reg_34342                         |   16|   0|   16|          0|
    |data_419_val460_phi_reg_34354                         |   16|   0|   16|          0|
    |data_41_val82_phi_reg_29818                           |   16|   0|   16|          0|
    |data_420_val461_phi_reg_34366                         |   16|   0|   16|          0|
    |data_421_val462_phi_reg_34378                         |   16|   0|   16|          0|
    |data_422_val463_phi_reg_34390                         |   16|   0|   16|          0|
    |data_423_val464_phi_reg_34402                         |   16|   0|   16|          0|
    |data_424_val465_phi_reg_34414                         |   16|   0|   16|          0|
    |data_425_val466_phi_reg_34426                         |   16|   0|   16|          0|
    |data_426_val467_phi_reg_34438                         |   16|   0|   16|          0|
    |data_427_val468_phi_reg_34450                         |   16|   0|   16|          0|
    |data_428_val469_phi_reg_34462                         |   16|   0|   16|          0|
    |data_429_val470_phi_reg_34474                         |   16|   0|   16|          0|
    |data_42_val83_phi_reg_29830                           |   16|   0|   16|          0|
    |data_430_val471_phi_reg_34486                         |   16|   0|   16|          0|
    |data_431_val472_phi_reg_34498                         |   16|   0|   16|          0|
    |data_432_val473_phi_reg_34510                         |   16|   0|   16|          0|
    |data_433_val474_phi_reg_34522                         |   16|   0|   16|          0|
    |data_434_val475_phi_reg_34534                         |   16|   0|   16|          0|
    |data_435_val476_phi_reg_34546                         |   16|   0|   16|          0|
    |data_436_val477_phi_reg_34558                         |   16|   0|   16|          0|
    |data_437_val478_phi_reg_34570                         |   16|   0|   16|          0|
    |data_438_val479_phi_reg_34582                         |   16|   0|   16|          0|
    |data_439_val480_phi_reg_34594                         |   16|   0|   16|          0|
    |data_43_val84_phi_reg_29842                           |   16|   0|   16|          0|
    |data_440_val481_phi_reg_34606                         |   16|   0|   16|          0|
    |data_441_val482_phi_reg_34618                         |   16|   0|   16|          0|
    |data_442_val483_phi_reg_34630                         |   16|   0|   16|          0|
    |data_443_val484_phi_reg_34642                         |   16|   0|   16|          0|
    |data_444_val485_phi_reg_34654                         |   16|   0|   16|          0|
    |data_445_val486_phi_reg_34666                         |   16|   0|   16|          0|
    |data_446_val487_phi_reg_34678                         |   16|   0|   16|          0|
    |data_447_val488_phi_reg_34690                         |   16|   0|   16|          0|
    |data_448_val489_phi_reg_34702                         |   16|   0|   16|          0|
    |data_449_val490_phi_reg_34714                         |   16|   0|   16|          0|
    |data_44_val85_phi_reg_29854                           |   16|   0|   16|          0|
    |data_450_val491_phi_reg_34726                         |   16|   0|   16|          0|
    |data_451_val492_phi_reg_34738                         |   16|   0|   16|          0|
    |data_452_val493_phi_reg_34750                         |   16|   0|   16|          0|
    |data_453_val494_phi_reg_34762                         |   16|   0|   16|          0|
    |data_454_val495_phi_reg_34774                         |   16|   0|   16|          0|
    |data_455_val496_phi_reg_34786                         |   16|   0|   16|          0|
    |data_456_val497_phi_reg_34798                         |   16|   0|   16|          0|
    |data_457_val498_phi_reg_34810                         |   16|   0|   16|          0|
    |data_458_val499_phi_reg_34822                         |   16|   0|   16|          0|
    |data_459_val500_phi_reg_34834                         |   16|   0|   16|          0|
    |data_45_val86_phi_reg_29866                           |   16|   0|   16|          0|
    |data_460_val501_phi_reg_34846                         |   16|   0|   16|          0|
    |data_461_val502_phi_reg_34858                         |   16|   0|   16|          0|
    |data_462_val503_phi_reg_34870                         |   16|   0|   16|          0|
    |data_463_val504_phi_reg_34882                         |   16|   0|   16|          0|
    |data_464_val505_phi_reg_34894                         |   16|   0|   16|          0|
    |data_465_val506_phi_reg_34906                         |   16|   0|   16|          0|
    |data_466_val507_phi_reg_34918                         |   16|   0|   16|          0|
    |data_467_val508_phi_reg_34930                         |   16|   0|   16|          0|
    |data_468_val509_phi_reg_34942                         |   16|   0|   16|          0|
    |data_469_val510_phi_reg_34954                         |   16|   0|   16|          0|
    |data_46_val87_phi_reg_29878                           |   16|   0|   16|          0|
    |data_470_val511_phi_reg_34966                         |   16|   0|   16|          0|
    |data_471_val512_phi_reg_34978                         |   16|   0|   16|          0|
    |data_472_val513_phi_reg_34990                         |   16|   0|   16|          0|
    |data_473_val514_phi_reg_35002                         |   16|   0|   16|          0|
    |data_474_val515_phi_reg_35014                         |   16|   0|   16|          0|
    |data_475_val516_phi_reg_35026                         |   16|   0|   16|          0|
    |data_476_val517_phi_reg_35038                         |   16|   0|   16|          0|
    |data_477_val518_phi_reg_35050                         |   16|   0|   16|          0|
    |data_478_val519_phi_reg_35062                         |   16|   0|   16|          0|
    |data_479_val520_phi_reg_35074                         |   16|   0|   16|          0|
    |data_47_val88_phi_reg_29890                           |   16|   0|   16|          0|
    |data_480_val521_phi_reg_35086                         |   16|   0|   16|          0|
    |data_481_val522_phi_reg_35098                         |   16|   0|   16|          0|
    |data_482_val523_phi_reg_35110                         |   16|   0|   16|          0|
    |data_483_val524_phi_reg_35122                         |   16|   0|   16|          0|
    |data_484_val525_phi_reg_35134                         |   16|   0|   16|          0|
    |data_485_val526_phi_reg_35146                         |   16|   0|   16|          0|
    |data_486_val527_phi_reg_35158                         |   16|   0|   16|          0|
    |data_487_val528_phi_reg_35170                         |   16|   0|   16|          0|
    |data_488_val529_phi_reg_35182                         |   16|   0|   16|          0|
    |data_489_val530_phi_reg_35194                         |   16|   0|   16|          0|
    |data_48_val89_phi_reg_29902                           |   16|   0|   16|          0|
    |data_490_val531_phi_reg_35206                         |   16|   0|   16|          0|
    |data_491_val532_phi_reg_35218                         |   16|   0|   16|          0|
    |data_492_val533_phi_reg_35230                         |   16|   0|   16|          0|
    |data_493_val534_phi_reg_35242                         |   16|   0|   16|          0|
    |data_494_val535_phi_reg_35254                         |   16|   0|   16|          0|
    |data_495_val536_phi_reg_35266                         |   16|   0|   16|          0|
    |data_496_val537_phi_reg_35278                         |   16|   0|   16|          0|
    |data_497_val538_phi_reg_35290                         |   16|   0|   16|          0|
    |data_498_val539_phi_reg_35302                         |   16|   0|   16|          0|
    |data_499_val540_phi_reg_35314                         |   16|   0|   16|          0|
    |data_49_val90_phi_reg_29914                           |   16|   0|   16|          0|
    |data_4_val45_phi_reg_29374                            |   16|   0|   16|          0|
    |data_500_val541_phi_reg_35326                         |   16|   0|   16|          0|
    |data_501_val542_phi_reg_35338                         |   16|   0|   16|          0|
    |data_502_val543_phi_reg_35350                         |   16|   0|   16|          0|
    |data_503_val544_phi_reg_35362                         |   16|   0|   16|          0|
    |data_504_val545_phi_reg_35374                         |   16|   0|   16|          0|
    |data_505_val546_phi_reg_35386                         |   16|   0|   16|          0|
    |data_506_val547_phi_reg_35398                         |   16|   0|   16|          0|
    |data_507_val548_phi_reg_35410                         |   16|   0|   16|          0|
    |data_508_val549_phi_reg_35422                         |   16|   0|   16|          0|
    |data_509_val550_phi_reg_35434                         |   16|   0|   16|          0|
    |data_50_val91_phi_reg_29926                           |   16|   0|   16|          0|
    |data_510_val551_phi_reg_35446                         |   16|   0|   16|          0|
    |data_511_val552_phi_reg_35458                         |   16|   0|   16|          0|
    |data_512_val553_phi_reg_35470                         |   16|   0|   16|          0|
    |data_513_val554_phi_reg_35482                         |   16|   0|   16|          0|
    |data_514_val555_phi_reg_35494                         |   16|   0|   16|          0|
    |data_515_val556_phi_reg_35506                         |   16|   0|   16|          0|
    |data_516_val557_phi_reg_35518                         |   16|   0|   16|          0|
    |data_517_val558_phi_reg_35530                         |   16|   0|   16|          0|
    |data_518_val559_phi_reg_35542                         |   16|   0|   16|          0|
    |data_519_val560_phi_reg_35554                         |   16|   0|   16|          0|
    |data_51_val92_phi_reg_29938                           |   16|   0|   16|          0|
    |data_520_val561_phi_reg_35566                         |   16|   0|   16|          0|
    |data_521_val562_phi_reg_35578                         |   16|   0|   16|          0|
    |data_522_val563_phi_reg_35590                         |   16|   0|   16|          0|
    |data_523_val564_phi_reg_35602                         |   16|   0|   16|          0|
    |data_524_val565_phi_reg_35614                         |   16|   0|   16|          0|
    |data_525_val566_phi_reg_35626                         |   16|   0|   16|          0|
    |data_526_val567_phi_reg_35638                         |   16|   0|   16|          0|
    |data_527_val568_phi_reg_35650                         |   16|   0|   16|          0|
    |data_528_val569_phi_reg_35662                         |   16|   0|   16|          0|
    |data_529_val570_phi_reg_35674                         |   16|   0|   16|          0|
    |data_52_val93_phi_reg_29950                           |   16|   0|   16|          0|
    |data_530_val571_phi_reg_35686                         |   16|   0|   16|          0|
    |data_531_val572_phi_reg_35698                         |   16|   0|   16|          0|
    |data_532_val573_phi_reg_35710                         |   16|   0|   16|          0|
    |data_533_val574_phi_reg_35722                         |   16|   0|   16|          0|
    |data_534_val575_phi_reg_35734                         |   16|   0|   16|          0|
    |data_535_val576_phi_reg_35746                         |   16|   0|   16|          0|
    |data_536_val577_phi_reg_35758                         |   16|   0|   16|          0|
    |data_537_val578_phi_reg_35770                         |   16|   0|   16|          0|
    |data_538_val579_phi_reg_35782                         |   16|   0|   16|          0|
    |data_539_val580_phi_reg_35794                         |   16|   0|   16|          0|
    |data_53_val94_phi_reg_29962                           |   16|   0|   16|          0|
    |data_540_val581_phi_reg_35806                         |   16|   0|   16|          0|
    |data_541_val582_phi_reg_35818                         |   16|   0|   16|          0|
    |data_542_val583_phi_reg_35830                         |   16|   0|   16|          0|
    |data_543_val584_phi_reg_35842                         |   16|   0|   16|          0|
    |data_544_val585_phi_reg_35854                         |   16|   0|   16|          0|
    |data_545_val586_phi_reg_35866                         |   16|   0|   16|          0|
    |data_546_val587_phi_reg_35878                         |   16|   0|   16|          0|
    |data_547_val588_phi_reg_35890                         |   16|   0|   16|          0|
    |data_548_val589_phi_reg_35902                         |   16|   0|   16|          0|
    |data_549_val590_phi_reg_35914                         |   16|   0|   16|          0|
    |data_54_val95_phi_reg_29974                           |   16|   0|   16|          0|
    |data_550_val591_phi_reg_35926                         |   16|   0|   16|          0|
    |data_551_val592_phi_reg_35938                         |   16|   0|   16|          0|
    |data_552_val593_phi_reg_35950                         |   16|   0|   16|          0|
    |data_553_val594_phi_reg_35962                         |   16|   0|   16|          0|
    |data_554_val595_phi_reg_35974                         |   16|   0|   16|          0|
    |data_555_val596_phi_reg_35986                         |   16|   0|   16|          0|
    |data_556_val597_phi_reg_35998                         |   16|   0|   16|          0|
    |data_557_val598_phi_reg_36010                         |   16|   0|   16|          0|
    |data_558_val599_phi_reg_36022                         |   16|   0|   16|          0|
    |data_559_val600_phi_reg_36034                         |   16|   0|   16|          0|
    |data_55_val96_phi_reg_29986                           |   16|   0|   16|          0|
    |data_560_val601_phi_reg_36046                         |   16|   0|   16|          0|
    |data_561_val602_phi_reg_36058                         |   16|   0|   16|          0|
    |data_562_val603_phi_reg_36070                         |   16|   0|   16|          0|
    |data_563_val604_phi_reg_36082                         |   16|   0|   16|          0|
    |data_564_val605_phi_reg_36094                         |   16|   0|   16|          0|
    |data_565_val606_phi_reg_36106                         |   16|   0|   16|          0|
    |data_566_val607_phi_reg_36118                         |   16|   0|   16|          0|
    |data_567_val608_phi_reg_36130                         |   16|   0|   16|          0|
    |data_568_val609_phi_reg_36142                         |   16|   0|   16|          0|
    |data_569_val610_phi_reg_36154                         |   16|   0|   16|          0|
    |data_56_val97_phi_reg_29998                           |   16|   0|   16|          0|
    |data_570_val611_phi_reg_36166                         |   16|   0|   16|          0|
    |data_571_val612_phi_reg_36178                         |   16|   0|   16|          0|
    |data_572_val613_phi_reg_36190                         |   16|   0|   16|          0|
    |data_573_val614_phi_reg_36202                         |   16|   0|   16|          0|
    |data_574_val615_phi_reg_36214                         |   16|   0|   16|          0|
    |data_575_val616_phi_reg_36226                         |   16|   0|   16|          0|
    |data_576_val617_phi_reg_36238                         |   16|   0|   16|          0|
    |data_577_val618_phi_reg_36250                         |   16|   0|   16|          0|
    |data_578_val619_phi_reg_36262                         |   16|   0|   16|          0|
    |data_579_val620_phi_reg_36274                         |   16|   0|   16|          0|
    |data_57_val98_phi_reg_30010                           |   16|   0|   16|          0|
    |data_580_val621_phi_reg_36286                         |   16|   0|   16|          0|
    |data_581_val622_phi_reg_36298                         |   16|   0|   16|          0|
    |data_582_val623_phi_reg_36310                         |   16|   0|   16|          0|
    |data_583_val624_phi_reg_36322                         |   16|   0|   16|          0|
    |data_584_val625_phi_reg_36334                         |   16|   0|   16|          0|
    |data_585_val626_phi_reg_36346                         |   16|   0|   16|          0|
    |data_586_val627_phi_reg_36358                         |   16|   0|   16|          0|
    |data_587_val628_phi_reg_36370                         |   16|   0|   16|          0|
    |data_588_val629_phi_reg_36382                         |   16|   0|   16|          0|
    |data_589_val630_phi_reg_36394                         |   16|   0|   16|          0|
    |data_58_val99_phi_reg_30022                           |   16|   0|   16|          0|
    |data_590_val631_phi_reg_36406                         |   16|   0|   16|          0|
    |data_591_val632_phi_reg_36418                         |   16|   0|   16|          0|
    |data_592_val633_phi_reg_36430                         |   16|   0|   16|          0|
    |data_593_val634_phi_reg_36442                         |   16|   0|   16|          0|
    |data_594_val635_phi_reg_36454                         |   16|   0|   16|          0|
    |data_595_val636_phi_reg_36466                         |   16|   0|   16|          0|
    |data_596_val637_phi_reg_36478                         |   16|   0|   16|          0|
    |data_597_val638_phi_reg_36490                         |   16|   0|   16|          0|
    |data_598_val639_phi_reg_36502                         |   16|   0|   16|          0|
    |data_599_val640_phi_reg_36514                         |   16|   0|   16|          0|
    |data_59_val100_phi_reg_30034                          |   16|   0|   16|          0|
    |data_5_val46_phi_reg_29386                            |   16|   0|   16|          0|
    |data_600_val641_phi_reg_36526                         |   16|   0|   16|          0|
    |data_601_val642_phi_reg_36538                         |   16|   0|   16|          0|
    |data_602_val643_phi_reg_36550                         |   16|   0|   16|          0|
    |data_603_val644_phi_reg_36562                         |   16|   0|   16|          0|
    |data_604_val645_phi_reg_36574                         |   16|   0|   16|          0|
    |data_605_val646_phi_reg_36586                         |   16|   0|   16|          0|
    |data_606_val647_phi_reg_36598                         |   16|   0|   16|          0|
    |data_607_val648_phi_reg_36610                         |   16|   0|   16|          0|
    |data_608_val649_phi_reg_36622                         |   16|   0|   16|          0|
    |data_609_val650_phi_reg_36634                         |   16|   0|   16|          0|
    |data_60_val101_phi_reg_30046                          |   16|   0|   16|          0|
    |data_610_val651_phi_reg_36646                         |   16|   0|   16|          0|
    |data_611_val652_phi_reg_36658                         |   16|   0|   16|          0|
    |data_612_val653_phi_reg_36670                         |   16|   0|   16|          0|
    |data_613_val654_phi_reg_36682                         |   16|   0|   16|          0|
    |data_614_val655_phi_reg_36694                         |   16|   0|   16|          0|
    |data_615_val656_phi_reg_36706                         |   16|   0|   16|          0|
    |data_616_val657_phi_reg_36718                         |   16|   0|   16|          0|
    |data_617_val658_phi_reg_36730                         |   16|   0|   16|          0|
    |data_618_val659_phi_reg_36742                         |   16|   0|   16|          0|
    |data_619_val660_phi_reg_36754                         |   16|   0|   16|          0|
    |data_61_val102_phi_reg_30058                          |   16|   0|   16|          0|
    |data_620_val661_phi_reg_36766                         |   16|   0|   16|          0|
    |data_621_val662_phi_reg_36778                         |   16|   0|   16|          0|
    |data_622_val663_phi_reg_36790                         |   16|   0|   16|          0|
    |data_623_val664_phi_reg_36802                         |   16|   0|   16|          0|
    |data_624_val665_phi_reg_36814                         |   16|   0|   16|          0|
    |data_625_val666_phi_reg_36826                         |   16|   0|   16|          0|
    |data_626_val667_phi_reg_36838                         |   16|   0|   16|          0|
    |data_627_val668_phi_reg_36850                         |   16|   0|   16|          0|
    |data_628_val669_phi_reg_36862                         |   16|   0|   16|          0|
    |data_629_val670_phi_reg_36874                         |   16|   0|   16|          0|
    |data_62_val103_phi_reg_30070                          |   16|   0|   16|          0|
    |data_630_val671_phi_reg_36886                         |   16|   0|   16|          0|
    |data_631_val672_phi_reg_36898                         |   16|   0|   16|          0|
    |data_632_val673_phi_reg_36910                         |   16|   0|   16|          0|
    |data_633_val674_phi_reg_36922                         |   16|   0|   16|          0|
    |data_634_val675_phi_reg_36934                         |   16|   0|   16|          0|
    |data_635_val676_phi_reg_36946                         |   16|   0|   16|          0|
    |data_636_val677_phi_reg_36958                         |   16|   0|   16|          0|
    |data_637_val678_phi_reg_36970                         |   16|   0|   16|          0|
    |data_638_val679_phi_reg_36982                         |   16|   0|   16|          0|
    |data_639_val680_phi_reg_36994                         |   16|   0|   16|          0|
    |data_63_val104_phi_reg_30082                          |   16|   0|   16|          0|
    |data_640_val681_phi_reg_37006                         |   16|   0|   16|          0|
    |data_641_val682_phi_reg_37018                         |   16|   0|   16|          0|
    |data_642_val683_phi_reg_37030                         |   16|   0|   16|          0|
    |data_643_val684_phi_reg_37042                         |   16|   0|   16|          0|
    |data_644_val685_phi_reg_37054                         |   16|   0|   16|          0|
    |data_645_val686_phi_reg_37066                         |   16|   0|   16|          0|
    |data_646_val687_phi_reg_37078                         |   16|   0|   16|          0|
    |data_647_val688_phi_reg_37090                         |   16|   0|   16|          0|
    |data_648_val689_phi_reg_37102                         |   16|   0|   16|          0|
    |data_649_val690_phi_reg_37114                         |   16|   0|   16|          0|
    |data_64_val105_phi_reg_30094                          |   16|   0|   16|          0|
    |data_650_val691_phi_reg_37126                         |   16|   0|   16|          0|
    |data_651_val692_phi_reg_37138                         |   16|   0|   16|          0|
    |data_652_val693_phi_reg_37150                         |   16|   0|   16|          0|
    |data_653_val694_phi_reg_37162                         |   16|   0|   16|          0|
    |data_654_val695_phi_reg_37174                         |   16|   0|   16|          0|
    |data_655_val696_phi_reg_37186                         |   16|   0|   16|          0|
    |data_656_val697_phi_reg_37198                         |   16|   0|   16|          0|
    |data_657_val698_phi_reg_37210                         |   16|   0|   16|          0|
    |data_658_val699_phi_reg_37222                         |   16|   0|   16|          0|
    |data_659_val700_phi_reg_37234                         |   16|   0|   16|          0|
    |data_65_val106_phi_reg_30106                          |   16|   0|   16|          0|
    |data_660_val701_phi_reg_37246                         |   16|   0|   16|          0|
    |data_661_val702_phi_reg_37258                         |   16|   0|   16|          0|
    |data_662_val703_phi_reg_37270                         |   16|   0|   16|          0|
    |data_663_val704_phi_reg_37282                         |   16|   0|   16|          0|
    |data_664_val705_phi_reg_37294                         |   16|   0|   16|          0|
    |data_665_val706_phi_reg_37306                         |   16|   0|   16|          0|
    |data_666_val707_phi_reg_37318                         |   16|   0|   16|          0|
    |data_667_val708_phi_reg_37330                         |   16|   0|   16|          0|
    |data_668_val709_phi_reg_37342                         |   16|   0|   16|          0|
    |data_669_val710_phi_reg_37354                         |   16|   0|   16|          0|
    |data_66_val107_phi_reg_30118                          |   16|   0|   16|          0|
    |data_670_val711_phi_reg_37366                         |   16|   0|   16|          0|
    |data_671_val712_phi_reg_37378                         |   16|   0|   16|          0|
    |data_672_val713_phi_reg_37390                         |   16|   0|   16|          0|
    |data_673_val714_phi_reg_37402                         |   16|   0|   16|          0|
    |data_674_val715_phi_reg_37414                         |   16|   0|   16|          0|
    |data_675_val716_phi_reg_37426                         |   16|   0|   16|          0|
    |data_676_val717_phi_reg_37438                         |   16|   0|   16|          0|
    |data_677_val718_phi_reg_37450                         |   16|   0|   16|          0|
    |data_678_val719_phi_reg_37462                         |   16|   0|   16|          0|
    |data_679_val720_phi_reg_37474                         |   16|   0|   16|          0|
    |data_67_val108_phi_reg_30130                          |   16|   0|   16|          0|
    |data_680_val721_phi_reg_37486                         |   16|   0|   16|          0|
    |data_681_val722_phi_reg_37498                         |   16|   0|   16|          0|
    |data_682_val723_phi_reg_37510                         |   16|   0|   16|          0|
    |data_683_val724_phi_reg_37522                         |   16|   0|   16|          0|
    |data_684_val725_phi_reg_37534                         |   16|   0|   16|          0|
    |data_685_val726_phi_reg_37546                         |   16|   0|   16|          0|
    |data_686_val727_phi_reg_37558                         |   16|   0|   16|          0|
    |data_687_val728_phi_reg_37570                         |   16|   0|   16|          0|
    |data_688_val729_phi_reg_37582                         |   16|   0|   16|          0|
    |data_689_val730_phi_reg_37594                         |   16|   0|   16|          0|
    |data_68_val109_phi_reg_30142                          |   16|   0|   16|          0|
    |data_690_val731_phi_reg_37606                         |   16|   0|   16|          0|
    |data_691_val732_phi_reg_37618                         |   16|   0|   16|          0|
    |data_692_val733_phi_reg_37630                         |   16|   0|   16|          0|
    |data_693_val734_phi_reg_37642                         |   16|   0|   16|          0|
    |data_694_val735_phi_reg_37654                         |   16|   0|   16|          0|
    |data_695_val736_phi_reg_37666                         |   16|   0|   16|          0|
    |data_696_val737_phi_reg_37678                         |   16|   0|   16|          0|
    |data_697_val738_phi_reg_37690                         |   16|   0|   16|          0|
    |data_698_val739_phi_reg_37702                         |   16|   0|   16|          0|
    |data_699_val740_phi_reg_37714                         |   16|   0|   16|          0|
    |data_69_val110_phi_reg_30154                          |   16|   0|   16|          0|
    |data_6_val47_phi_reg_29398                            |   16|   0|   16|          0|
    |data_700_val741_phi_reg_37726                         |   16|   0|   16|          0|
    |data_701_val742_phi_reg_37738                         |   16|   0|   16|          0|
    |data_702_val743_phi_reg_37750                         |   16|   0|   16|          0|
    |data_703_val744_phi_reg_37762                         |   16|   0|   16|          0|
    |data_704_val745_phi_reg_37774                         |   16|   0|   16|          0|
    |data_705_val746_phi_reg_37786                         |   16|   0|   16|          0|
    |data_706_val747_phi_reg_37798                         |   16|   0|   16|          0|
    |data_707_val748_phi_reg_37810                         |   16|   0|   16|          0|
    |data_708_val749_phi_reg_37822                         |   16|   0|   16|          0|
    |data_709_val750_phi_reg_37834                         |   16|   0|   16|          0|
    |data_70_val111_phi_reg_30166                          |   16|   0|   16|          0|
    |data_710_val751_phi_reg_37846                         |   16|   0|   16|          0|
    |data_711_val752_phi_reg_37858                         |   16|   0|   16|          0|
    |data_712_val753_phi_reg_37870                         |   16|   0|   16|          0|
    |data_713_val754_phi_reg_37882                         |   16|   0|   16|          0|
    |data_714_val755_phi_reg_37894                         |   16|   0|   16|          0|
    |data_715_val756_phi_reg_37906                         |   16|   0|   16|          0|
    |data_716_val757_phi_reg_37918                         |   16|   0|   16|          0|
    |data_717_val758_phi_reg_37930                         |   16|   0|   16|          0|
    |data_718_val759_phi_reg_37942                         |   16|   0|   16|          0|
    |data_719_val760_phi_reg_37954                         |   16|   0|   16|          0|
    |data_71_val112_phi_reg_30178                          |   16|   0|   16|          0|
    |data_720_val761_phi_reg_37966                         |   16|   0|   16|          0|
    |data_721_val762_phi_reg_37978                         |   16|   0|   16|          0|
    |data_722_val763_phi_reg_37990                         |   16|   0|   16|          0|
    |data_723_val764_phi_reg_38002                         |   16|   0|   16|          0|
    |data_724_val765_phi_reg_38014                         |   16|   0|   16|          0|
    |data_725_val766_phi_reg_38026                         |   16|   0|   16|          0|
    |data_726_val767_phi_reg_38038                         |   16|   0|   16|          0|
    |data_727_val768_phi_reg_38050                         |   16|   0|   16|          0|
    |data_728_val769_phi_reg_38062                         |   16|   0|   16|          0|
    |data_729_val770_phi_reg_38074                         |   16|   0|   16|          0|
    |data_72_val113_phi_reg_30190                          |   16|   0|   16|          0|
    |data_730_val771_phi_reg_38086                         |   16|   0|   16|          0|
    |data_731_val772_phi_reg_38098                         |   16|   0|   16|          0|
    |data_732_val773_phi_reg_38110                         |   16|   0|   16|          0|
    |data_733_val774_phi_reg_38122                         |   16|   0|   16|          0|
    |data_734_val775_phi_reg_38134                         |   16|   0|   16|          0|
    |data_735_val776_phi_reg_38146                         |   16|   0|   16|          0|
    |data_736_val777_phi_reg_38158                         |   16|   0|   16|          0|
    |data_737_val778_phi_reg_38170                         |   16|   0|   16|          0|
    |data_738_val779_phi_reg_38182                         |   16|   0|   16|          0|
    |data_739_val780_phi_reg_38194                         |   16|   0|   16|          0|
    |data_73_val114_phi_reg_30202                          |   16|   0|   16|          0|
    |data_740_val781_phi_reg_38206                         |   16|   0|   16|          0|
    |data_741_val782_phi_reg_38218                         |   16|   0|   16|          0|
    |data_742_val783_phi_reg_38230                         |   16|   0|   16|          0|
    |data_743_val784_phi_reg_38242                         |   16|   0|   16|          0|
    |data_744_val785_phi_reg_38254                         |   16|   0|   16|          0|
    |data_745_val786_phi_reg_38266                         |   16|   0|   16|          0|
    |data_746_val787_phi_reg_38278                         |   16|   0|   16|          0|
    |data_747_val788_phi_reg_38290                         |   16|   0|   16|          0|
    |data_748_val789_phi_reg_38302                         |   16|   0|   16|          0|
    |data_749_val790_phi_reg_38314                         |   16|   0|   16|          0|
    |data_74_val115_phi_reg_30214                          |   16|   0|   16|          0|
    |data_750_val791_phi_reg_38326                         |   16|   0|   16|          0|
    |data_751_val792_phi_reg_38338                         |   16|   0|   16|          0|
    |data_752_val793_phi_reg_38350                         |   16|   0|   16|          0|
    |data_753_val794_phi_reg_38362                         |   16|   0|   16|          0|
    |data_754_val795_phi_reg_38374                         |   16|   0|   16|          0|
    |data_755_val796_phi_reg_38386                         |   16|   0|   16|          0|
    |data_756_val797_phi_reg_38398                         |   16|   0|   16|          0|
    |data_757_val798_phi_reg_38410                         |   16|   0|   16|          0|
    |data_758_val799_phi_reg_38422                         |   16|   0|   16|          0|
    |data_759_val800_phi_reg_38434                         |   16|   0|   16|          0|
    |data_75_val116_phi_reg_30226                          |   16|   0|   16|          0|
    |data_760_val801_phi_reg_38446                         |   16|   0|   16|          0|
    |data_761_val802_phi_reg_38458                         |   16|   0|   16|          0|
    |data_762_val803_phi_reg_38470                         |   16|   0|   16|          0|
    |data_763_val804_phi_reg_38482                         |   16|   0|   16|          0|
    |data_764_val805_phi_reg_38494                         |   16|   0|   16|          0|
    |data_765_val806_phi_reg_38506                         |   16|   0|   16|          0|
    |data_766_val807_phi_reg_38518                         |   16|   0|   16|          0|
    |data_767_val808_phi_reg_38530                         |   16|   0|   16|          0|
    |data_768_val809_phi_reg_38542                         |   16|   0|   16|          0|
    |data_769_val810_phi_reg_38554                         |   16|   0|   16|          0|
    |data_76_val117_phi_reg_30238                          |   16|   0|   16|          0|
    |data_770_val811_phi_reg_38566                         |   16|   0|   16|          0|
    |data_771_val812_phi_reg_38578                         |   16|   0|   16|          0|
    |data_772_val813_phi_reg_38590                         |   16|   0|   16|          0|
    |data_773_val814_phi_reg_38602                         |   16|   0|   16|          0|
    |data_774_val815_phi_reg_38614                         |   16|   0|   16|          0|
    |data_775_val816_phi_reg_38626                         |   16|   0|   16|          0|
    |data_776_val817_phi_reg_38638                         |   16|   0|   16|          0|
    |data_777_val818_phi_reg_38650                         |   16|   0|   16|          0|
    |data_778_val819_phi_reg_38662                         |   16|   0|   16|          0|
    |data_779_val820_phi_reg_38674                         |   16|   0|   16|          0|
    |data_77_val118_phi_reg_30250                          |   16|   0|   16|          0|
    |data_780_val821_phi_reg_38686                         |   16|   0|   16|          0|
    |data_781_val822_phi_reg_38698                         |   16|   0|   16|          0|
    |data_782_val823_phi_reg_38710                         |   16|   0|   16|          0|
    |data_783_val824_phi_reg_38722                         |   16|   0|   16|          0|
    |data_784_val825_phi_reg_38734                         |   16|   0|   16|          0|
    |data_785_val826_phi_reg_38746                         |   16|   0|   16|          0|
    |data_786_val827_phi_reg_38758                         |   16|   0|   16|          0|
    |data_787_val828_phi_reg_38770                         |   16|   0|   16|          0|
    |data_788_val829_phi_reg_38782                         |   16|   0|   16|          0|
    |data_789_val830_phi_reg_38794                         |   16|   0|   16|          0|
    |data_78_val119_phi_reg_30262                          |   16|   0|   16|          0|
    |data_790_val831_phi_reg_38806                         |   16|   0|   16|          0|
    |data_791_val832_phi_reg_38818                         |   16|   0|   16|          0|
    |data_792_val833_phi_reg_38830                         |   16|   0|   16|          0|
    |data_793_val834_phi_reg_38842                         |   16|   0|   16|          0|
    |data_794_val835_phi_reg_38854                         |   16|   0|   16|          0|
    |data_795_val836_phi_reg_38866                         |   16|   0|   16|          0|
    |data_796_val837_phi_reg_38878                         |   16|   0|   16|          0|
    |data_797_val838_phi_reg_38890                         |   16|   0|   16|          0|
    |data_798_val839_phi_reg_38902                         |   16|   0|   16|          0|
    |data_799_val840_phi_reg_38914                         |   16|   0|   16|          0|
    |data_79_val120_phi_reg_30274                          |   16|   0|   16|          0|
    |data_7_val48_phi_reg_29410                            |   16|   0|   16|          0|
    |data_800_val841_phi_reg_38926                         |   16|   0|   16|          0|
    |data_801_val842_phi_reg_38938                         |   16|   0|   16|          0|
    |data_802_val843_phi_reg_38950                         |   16|   0|   16|          0|
    |data_803_val844_phi_reg_38962                         |   16|   0|   16|          0|
    |data_804_val845_phi_reg_38974                         |   16|   0|   16|          0|
    |data_805_val846_phi_reg_38986                         |   16|   0|   16|          0|
    |data_806_val847_phi_reg_38998                         |   16|   0|   16|          0|
    |data_807_val848_phi_reg_39010                         |   16|   0|   16|          0|
    |data_808_val849_phi_reg_39022                         |   16|   0|   16|          0|
    |data_809_val850_phi_reg_39034                         |   16|   0|   16|          0|
    |data_80_val121_phi_reg_30286                          |   16|   0|   16|          0|
    |data_810_val851_phi_reg_39046                         |   16|   0|   16|          0|
    |data_811_val852_phi_reg_39058                         |   16|   0|   16|          0|
    |data_812_val853_phi_reg_39070                         |   16|   0|   16|          0|
    |data_813_val854_phi_reg_39082                         |   16|   0|   16|          0|
    |data_814_val855_phi_reg_39094                         |   16|   0|   16|          0|
    |data_815_val856_phi_reg_39106                         |   16|   0|   16|          0|
    |data_816_val857_phi_reg_39118                         |   16|   0|   16|          0|
    |data_817_val858_phi_reg_39130                         |   16|   0|   16|          0|
    |data_818_val859_phi_reg_39142                         |   16|   0|   16|          0|
    |data_819_val860_phi_reg_39154                         |   16|   0|   16|          0|
    |data_81_val122_phi_reg_30298                          |   16|   0|   16|          0|
    |data_820_val861_phi_reg_39166                         |   16|   0|   16|          0|
    |data_821_val862_phi_reg_39178                         |   16|   0|   16|          0|
    |data_822_val863_phi_reg_39190                         |   16|   0|   16|          0|
    |data_823_val864_phi_reg_39202                         |   16|   0|   16|          0|
    |data_824_val865_phi_reg_39214                         |   16|   0|   16|          0|
    |data_825_val866_phi_reg_39226                         |   16|   0|   16|          0|
    |data_826_val867_phi_reg_39238                         |   16|   0|   16|          0|
    |data_827_val868_phi_reg_39250                         |   16|   0|   16|          0|
    |data_828_val869_phi_reg_39262                         |   16|   0|   16|          0|
    |data_829_val870_phi_reg_39274                         |   16|   0|   16|          0|
    |data_82_val123_phi_reg_30310                          |   16|   0|   16|          0|
    |data_830_val871_phi_reg_39286                         |   16|   0|   16|          0|
    |data_831_val872_phi_reg_39298                         |   16|   0|   16|          0|
    |data_832_val873_phi_reg_39310                         |   16|   0|   16|          0|
    |data_833_val874_phi_reg_39322                         |   16|   0|   16|          0|
    |data_834_val875_phi_reg_39334                         |   16|   0|   16|          0|
    |data_835_val876_phi_reg_39346                         |   16|   0|   16|          0|
    |data_836_val877_phi_reg_39358                         |   16|   0|   16|          0|
    |data_837_val878_phi_reg_39370                         |   16|   0|   16|          0|
    |data_838_val879_phi_reg_39382                         |   16|   0|   16|          0|
    |data_839_val880_phi_reg_39394                         |   16|   0|   16|          0|
    |data_83_val124_phi_reg_30322                          |   16|   0|   16|          0|
    |data_840_val881_phi_reg_39406                         |   16|   0|   16|          0|
    |data_841_val882_phi_reg_39418                         |   16|   0|   16|          0|
    |data_842_val883_phi_reg_39430                         |   16|   0|   16|          0|
    |data_843_val884_phi_reg_39442                         |   16|   0|   16|          0|
    |data_844_val885_phi_reg_39454                         |   16|   0|   16|          0|
    |data_845_val886_phi_reg_39466                         |   16|   0|   16|          0|
    |data_846_val887_phi_reg_39478                         |   16|   0|   16|          0|
    |data_847_val888_phi_reg_39490                         |   16|   0|   16|          0|
    |data_848_val889_phi_reg_39502                         |   16|   0|   16|          0|
    |data_849_val890_phi_reg_39514                         |   16|   0|   16|          0|
    |data_84_val125_phi_reg_30334                          |   16|   0|   16|          0|
    |data_850_val891_phi_reg_39526                         |   16|   0|   16|          0|
    |data_851_val892_phi_reg_39538                         |   16|   0|   16|          0|
    |data_852_val893_phi_reg_39550                         |   16|   0|   16|          0|
    |data_853_val894_phi_reg_39562                         |   16|   0|   16|          0|
    |data_854_val895_phi_reg_39574                         |   16|   0|   16|          0|
    |data_855_val896_phi_reg_39586                         |   16|   0|   16|          0|
    |data_856_val897_phi_reg_39598                         |   16|   0|   16|          0|
    |data_857_val898_phi_reg_39610                         |   16|   0|   16|          0|
    |data_858_val899_phi_reg_39622                         |   16|   0|   16|          0|
    |data_859_val900_phi_reg_39634                         |   16|   0|   16|          0|
    |data_85_val126_phi_reg_30346                          |   16|   0|   16|          0|
    |data_860_val901_phi_reg_39646                         |   16|   0|   16|          0|
    |data_861_val902_phi_reg_39658                         |   16|   0|   16|          0|
    |data_862_val903_phi_reg_39670                         |   16|   0|   16|          0|
    |data_863_val904_phi_reg_39682                         |   16|   0|   16|          0|
    |data_864_val905_phi_reg_39694                         |   16|   0|   16|          0|
    |data_865_val906_phi_reg_39706                         |   16|   0|   16|          0|
    |data_866_val907_phi_reg_39718                         |   16|   0|   16|          0|
    |data_867_val908_phi_reg_39730                         |   16|   0|   16|          0|
    |data_868_val909_phi_reg_39742                         |   16|   0|   16|          0|
    |data_869_val910_phi_reg_39754                         |   16|   0|   16|          0|
    |data_86_val127_phi_reg_30358                          |   16|   0|   16|          0|
    |data_870_val911_phi_reg_39766                         |   16|   0|   16|          0|
    |data_871_val912_phi_reg_39778                         |   16|   0|   16|          0|
    |data_872_val913_phi_reg_39790                         |   16|   0|   16|          0|
    |data_873_val914_phi_reg_39802                         |   16|   0|   16|          0|
    |data_874_val915_phi_reg_39814                         |   16|   0|   16|          0|
    |data_875_val916_phi_reg_39826                         |   16|   0|   16|          0|
    |data_876_val917_phi_reg_39838                         |   16|   0|   16|          0|
    |data_877_val918_phi_reg_39850                         |   16|   0|   16|          0|
    |data_878_val919_phi_reg_39862                         |   16|   0|   16|          0|
    |data_879_val920_phi_reg_39874                         |   16|   0|   16|          0|
    |data_87_val128_phi_reg_30370                          |   16|   0|   16|          0|
    |data_880_val921_phi_reg_39886                         |   16|   0|   16|          0|
    |data_881_val922_phi_reg_39898                         |   16|   0|   16|          0|
    |data_882_val923_phi_reg_39910                         |   16|   0|   16|          0|
    |data_883_val924_phi_reg_39922                         |   16|   0|   16|          0|
    |data_884_val925_phi_reg_39934                         |   16|   0|   16|          0|
    |data_885_val926_phi_reg_39946                         |   16|   0|   16|          0|
    |data_886_val927_phi_reg_39958                         |   16|   0|   16|          0|
    |data_887_val928_phi_reg_39970                         |   16|   0|   16|          0|
    |data_888_val929_phi_reg_39982                         |   16|   0|   16|          0|
    |data_889_val930_phi_reg_39994                         |   16|   0|   16|          0|
    |data_88_val129_phi_reg_30382                          |   16|   0|   16|          0|
    |data_890_val931_phi_reg_40006                         |   16|   0|   16|          0|
    |data_891_val932_phi_reg_40018                         |   16|   0|   16|          0|
    |data_892_val933_phi_reg_40030                         |   16|   0|   16|          0|
    |data_893_val934_phi_reg_40042                         |   16|   0|   16|          0|
    |data_894_val935_phi_reg_40054                         |   16|   0|   16|          0|
    |data_895_val936_phi_reg_40066                         |   16|   0|   16|          0|
    |data_896_val937_phi_reg_40078                         |   16|   0|   16|          0|
    |data_897_val938_phi_reg_40090                         |   16|   0|   16|          0|
    |data_898_val939_phi_reg_40102                         |   16|   0|   16|          0|
    |data_899_val940_phi_reg_40114                         |   16|   0|   16|          0|
    |data_89_val130_phi_reg_30394                          |   16|   0|   16|          0|
    |data_8_val49_phi_reg_29422                            |   16|   0|   16|          0|
    |data_900_val941_phi_reg_40126                         |   16|   0|   16|          0|
    |data_901_val942_phi_reg_40138                         |   16|   0|   16|          0|
    |data_902_val943_phi_reg_40150                         |   16|   0|   16|          0|
    |data_903_val944_phi_reg_40162                         |   16|   0|   16|          0|
    |data_904_val945_phi_reg_40174                         |   16|   0|   16|          0|
    |data_905_val946_phi_reg_40186                         |   16|   0|   16|          0|
    |data_906_val947_phi_reg_40198                         |   16|   0|   16|          0|
    |data_907_val948_phi_reg_40210                         |   16|   0|   16|          0|
    |data_908_val949_phi_reg_40222                         |   16|   0|   16|          0|
    |data_909_val950_phi_reg_40234                         |   16|   0|   16|          0|
    |data_90_val131_phi_reg_30406                          |   16|   0|   16|          0|
    |data_910_val951_phi_reg_40246                         |   16|   0|   16|          0|
    |data_911_val952_phi_reg_40258                         |   16|   0|   16|          0|
    |data_912_val953_phi_reg_40270                         |   16|   0|   16|          0|
    |data_913_val954_phi_reg_40282                         |   16|   0|   16|          0|
    |data_914_val955_phi_reg_40294                         |   16|   0|   16|          0|
    |data_915_val956_phi_reg_40306                         |   16|   0|   16|          0|
    |data_916_val957_phi_reg_40318                         |   16|   0|   16|          0|
    |data_917_val958_phi_reg_40330                         |   16|   0|   16|          0|
    |data_918_val959_phi_reg_40342                         |   16|   0|   16|          0|
    |data_919_val960_phi_reg_40354                         |   16|   0|   16|          0|
    |data_91_val132_phi_reg_30418                          |   16|   0|   16|          0|
    |data_920_val961_phi_reg_40366                         |   16|   0|   16|          0|
    |data_921_val962_phi_reg_40378                         |   16|   0|   16|          0|
    |data_922_val963_phi_reg_40390                         |   16|   0|   16|          0|
    |data_923_val964_phi_reg_40402                         |   16|   0|   16|          0|
    |data_924_val965_phi_reg_40414                         |   16|   0|   16|          0|
    |data_925_val966_phi_reg_40426                         |   16|   0|   16|          0|
    |data_926_val967_phi_reg_40438                         |   16|   0|   16|          0|
    |data_927_val968_phi_reg_40450                         |   16|   0|   16|          0|
    |data_928_val969_phi_reg_40462                         |   16|   0|   16|          0|
    |data_929_val970_phi_reg_40474                         |   16|   0|   16|          0|
    |data_92_val133_phi_reg_30430                          |   16|   0|   16|          0|
    |data_930_val971_phi_reg_40486                         |   16|   0|   16|          0|
    |data_931_val972_phi_reg_40498                         |   16|   0|   16|          0|
    |data_932_val973_phi_reg_40510                         |   16|   0|   16|          0|
    |data_933_val974_phi_reg_40522                         |   16|   0|   16|          0|
    |data_934_val975_phi_reg_40534                         |   16|   0|   16|          0|
    |data_935_val976_phi_reg_40546                         |   16|   0|   16|          0|
    |data_936_val977_phi_reg_40558                         |   16|   0|   16|          0|
    |data_937_val978_phi_reg_40570                         |   16|   0|   16|          0|
    |data_938_val979_phi_reg_40582                         |   16|   0|   16|          0|
    |data_939_val980_phi_reg_40594                         |   16|   0|   16|          0|
    |data_93_val134_phi_reg_30442                          |   16|   0|   16|          0|
    |data_940_val981_phi_reg_40606                         |   16|   0|   16|          0|
    |data_941_val982_phi_reg_40618                         |   16|   0|   16|          0|
    |data_942_val983_phi_reg_40630                         |   16|   0|   16|          0|
    |data_943_val984_phi_reg_40642                         |   16|   0|   16|          0|
    |data_944_val985_phi_reg_40654                         |   16|   0|   16|          0|
    |data_945_val986_phi_reg_40666                         |   16|   0|   16|          0|
    |data_946_val987_phi_reg_40678                         |   16|   0|   16|          0|
    |data_947_val988_phi_reg_40690                         |   16|   0|   16|          0|
    |data_948_val989_phi_reg_40702                         |   16|   0|   16|          0|
    |data_949_val990_phi_reg_40714                         |   16|   0|   16|          0|
    |data_94_val135_phi_reg_30454                          |   16|   0|   16|          0|
    |data_950_val991_phi_reg_40726                         |   16|   0|   16|          0|
    |data_951_val992_phi_reg_40738                         |   16|   0|   16|          0|
    |data_952_val993_phi_reg_40750                         |   16|   0|   16|          0|
    |data_953_val994_phi_reg_40762                         |   16|   0|   16|          0|
    |data_954_val995_phi_reg_40774                         |   16|   0|   16|          0|
    |data_955_val996_phi_reg_40786                         |   16|   0|   16|          0|
    |data_956_val997_phi_reg_40798                         |   16|   0|   16|          0|
    |data_957_val998_phi_reg_40810                         |   16|   0|   16|          0|
    |data_958_val999_phi_reg_40822                         |   16|   0|   16|          0|
    |data_959_val1000_phi_reg_40834                        |   16|   0|   16|          0|
    |data_95_val136_phi_reg_30466                          |   16|   0|   16|          0|
    |data_960_val1001_phi_reg_40846                        |   16|   0|   16|          0|
    |data_961_val1002_phi_reg_40858                        |   16|   0|   16|          0|
    |data_962_val1003_phi_reg_40870                        |   16|   0|   16|          0|
    |data_963_val1004_phi_reg_40882                        |   16|   0|   16|          0|
    |data_964_val1005_phi_reg_40894                        |   16|   0|   16|          0|
    |data_965_val1006_phi_reg_40906                        |   16|   0|   16|          0|
    |data_966_val1007_phi_reg_40918                        |   16|   0|   16|          0|
    |data_967_val1008_phi_reg_40930                        |   16|   0|   16|          0|
    |data_968_val1009_phi_reg_40942                        |   16|   0|   16|          0|
    |data_969_val1010_phi_reg_40954                        |   16|   0|   16|          0|
    |data_96_val137_phi_reg_30478                          |   16|   0|   16|          0|
    |data_970_val1011_phi_reg_40966                        |   16|   0|   16|          0|
    |data_971_val1012_phi_reg_40978                        |   16|   0|   16|          0|
    |data_972_val1013_phi_reg_40990                        |   16|   0|   16|          0|
    |data_973_val1014_phi_reg_41002                        |   16|   0|   16|          0|
    |data_974_val1015_phi_reg_41014                        |   16|   0|   16|          0|
    |data_975_val1016_phi_reg_41026                        |   16|   0|   16|          0|
    |data_976_val1017_phi_reg_41038                        |   16|   0|   16|          0|
    |data_977_val1018_phi_reg_41050                        |   16|   0|   16|          0|
    |data_978_val1019_phi_reg_41062                        |   16|   0|   16|          0|
    |data_979_val1020_phi_reg_41074                        |   16|   0|   16|          0|
    |data_97_val138_phi_reg_30490                          |   16|   0|   16|          0|
    |data_980_val1021_phi_reg_41086                        |   16|   0|   16|          0|
    |data_981_val1022_phi_reg_41098                        |   16|   0|   16|          0|
    |data_982_val1023_phi_reg_41110                        |   16|   0|   16|          0|
    |data_983_val1024_phi_reg_41122                        |   16|   0|   16|          0|
    |data_984_val1025_phi_reg_41134                        |   16|   0|   16|          0|
    |data_985_val1026_phi_reg_41146                        |   16|   0|   16|          0|
    |data_986_val1027_phi_reg_41158                        |   16|   0|   16|          0|
    |data_987_val1028_phi_reg_41170                        |   16|   0|   16|          0|
    |data_988_val1029_phi_reg_41182                        |   16|   0|   16|          0|
    |data_989_val1030_phi_reg_41194                        |   16|   0|   16|          0|
    |data_98_val139_phi_reg_30502                          |   16|   0|   16|          0|
    |data_990_val1031_phi_reg_41206                        |   16|   0|   16|          0|
    |data_991_val1032_phi_reg_41218                        |   16|   0|   16|          0|
    |data_992_val1033_phi_reg_41230                        |   16|   0|   16|          0|
    |data_993_val1034_phi_reg_41242                        |   16|   0|   16|          0|
    |data_994_val1035_phi_reg_41254                        |   16|   0|   16|          0|
    |data_995_val1036_phi_reg_41266                        |   16|   0|   16|          0|
    |data_996_val1037_phi_reg_41278                        |   16|   0|   16|          0|
    |data_997_val1038_phi_reg_41290                        |   16|   0|   16|          0|
    |data_998_val1039_phi_reg_41302                        |   16|   0|   16|          0|
    |data_999_val1040_phi_reg_41314                        |   16|   0|   16|          0|
    |data_99_val140_phi_reg_30514                          |   16|   0|   16|          0|
    |data_9_val50_phi_reg_29434                            |   16|   0|   16|          0|
    |do_init_reg_11153                                     |    1|   0|    1|          0|
    |icmp_ln46_reg_59376                                   |    1|   0|    1|          0|
    |tmp_reg_59766                                         |    7|   0|    7|          0|
    |trunc_ln58_10_reg_59826                               |   18|   0|   18|          0|
    |trunc_ln58_11_reg_59831                               |   18|   0|   18|          0|
    |trunc_ln58_12_reg_59836                               |   18|   0|   18|          0|
    |trunc_ln58_13_reg_59841                               |   18|   0|   18|          0|
    |trunc_ln58_14_reg_59846                               |   18|   0|   18|          0|
    |trunc_ln58_15_reg_59851                               |   18|   0|   18|          0|
    |trunc_ln58_16_reg_59856                               |   18|   0|   18|          0|
    |trunc_ln58_17_reg_59861                               |   18|   0|   18|          0|
    |trunc_ln58_18_reg_59866                               |   18|   0|   18|          0|
    |trunc_ln58_19_reg_59871                               |   18|   0|   18|          0|
    |trunc_ln58_1_reg_59776                                |   18|   0|   18|          0|
    |trunc_ln58_20_reg_59876                               |   18|   0|   18|          0|
    |trunc_ln58_21_reg_59881                               |   18|   0|   18|          0|
    |trunc_ln58_22_reg_59886                               |   18|   0|   18|          0|
    |trunc_ln58_23_reg_59891                               |   18|   0|   18|          0|
    |trunc_ln58_24_reg_59896                               |   18|   0|   18|          0|
    |trunc_ln58_25_reg_59901                               |   18|   0|   18|          0|
    |trunc_ln58_26_reg_59906                               |   18|   0|   18|          0|
    |trunc_ln58_27_reg_59911                               |   18|   0|   18|          0|
    |trunc_ln58_28_reg_59916                               |   18|   0|   18|          0|
    |trunc_ln58_29_reg_59921                               |   18|   0|   18|          0|
    |trunc_ln58_2_reg_59781                                |   18|   0|   18|          0|
    |trunc_ln58_30_reg_59926                               |   18|   0|   18|          0|
    |trunc_ln58_31_reg_59931                               |   18|   0|   18|          0|
    |trunc_ln58_32_reg_59936                               |   18|   0|   18|          0|
    |trunc_ln58_33_reg_59941                               |   18|   0|   18|          0|
    |trunc_ln58_34_reg_59946                               |   18|   0|   18|          0|
    |trunc_ln58_35_reg_59951                               |   18|   0|   18|          0|
    |trunc_ln58_36_reg_59956                               |   18|   0|   18|          0|
    |trunc_ln58_37_reg_59961                               |   18|   0|   18|          0|
    |trunc_ln58_38_reg_59966                               |   18|   0|   18|          0|
    |trunc_ln58_39_reg_59971                               |   18|   0|   18|          0|
    |trunc_ln58_3_reg_59786                                |   18|   0|   18|          0|
    |trunc_ln58_40_reg_59976                               |   18|   0|   18|          0|
    |trunc_ln58_41_reg_59981                               |   18|   0|   18|          0|
    |trunc_ln58_42_reg_59986                               |   18|   0|   18|          0|
    |trunc_ln58_43_reg_59991                               |   18|   0|   18|          0|
    |trunc_ln58_44_reg_59996                               |   18|   0|   18|          0|
    |trunc_ln58_45_reg_60001                               |   18|   0|   18|          0|
    |trunc_ln58_46_reg_60006                               |   18|   0|   18|          0|
    |trunc_ln58_47_reg_60011                               |   18|   0|   18|          0|
    |trunc_ln58_48_reg_60016                               |   18|   0|   18|          0|
    |trunc_ln58_49_reg_60021                               |   18|   0|   18|          0|
    |trunc_ln58_4_reg_59791                                |   18|   0|   18|          0|
    |trunc_ln58_50_reg_60026                               |   18|   0|   18|          0|
    |trunc_ln58_51_reg_60031                               |   18|   0|   18|          0|
    |trunc_ln58_52_reg_60036                               |   18|   0|   18|          0|
    |trunc_ln58_53_reg_60041                               |   18|   0|   18|          0|
    |trunc_ln58_54_reg_60046                               |   18|   0|   18|          0|
    |trunc_ln58_55_reg_60051                               |   18|   0|   18|          0|
    |trunc_ln58_56_reg_60056                               |   18|   0|   18|          0|
    |trunc_ln58_57_reg_60061                               |   18|   0|   18|          0|
    |trunc_ln58_58_reg_60066                               |   18|   0|   18|          0|
    |trunc_ln58_59_reg_60071                               |   18|   0|   18|          0|
    |trunc_ln58_5_reg_59796                                |   18|   0|   18|          0|
    |trunc_ln58_60_reg_60076                               |   18|   0|   18|          0|
    |trunc_ln58_61_reg_60081                               |   18|   0|   18|          0|
    |trunc_ln58_62_reg_60086                               |   18|   0|   18|          0|
    |trunc_ln58_63_reg_60091                               |   18|   0|   18|          0|
    |trunc_ln58_64_reg_60096                               |   18|   0|   18|          0|
    |trunc_ln58_65_reg_60101                               |   18|   0|   18|          0|
    |trunc_ln58_66_reg_60106                               |   18|   0|   18|          0|
    |trunc_ln58_67_reg_60111                               |   18|   0|   18|          0|
    |trunc_ln58_68_reg_60116                               |   18|   0|   18|          0|
    |trunc_ln58_69_reg_60121                               |   18|   0|   18|          0|
    |trunc_ln58_6_reg_59801                                |   18|   0|   18|          0|
    |trunc_ln58_70_reg_60126                               |   14|   0|   14|          0|
    |trunc_ln58_7_reg_59806                                |   18|   0|   18|          0|
    |trunc_ln58_8_reg_59811                                |   18|   0|   18|          0|
    |trunc_ln58_9_reg_59816                                |   18|   0|   18|          0|
    |trunc_ln58_s_reg_59821                                |   18|   0|   18|          0|
    |trunc_ln_reg_59771                                    |   18|   0|   18|          0|
    |w_10_reg_59461                                        |   16|   0|   16|          0|
    |w_11_reg_59466                                        |   16|   0|   16|          0|
    |w_12_reg_59471                                        |   16|   0|   16|          0|
    |w_13_reg_59476                                        |   16|   0|   16|          0|
    |w_14_reg_59481                                        |   16|   0|   16|          0|
    |w_15_reg_59486                                        |   16|   0|   16|          0|
    |w_16_reg_59491                                        |   16|   0|   16|          0|
    |w_17_reg_59496                                        |   16|   0|   16|          0|
    |w_18_reg_59501                                        |   16|   0|   16|          0|
    |w_19_reg_59506                                        |   16|   0|   16|          0|
    |w_1_reg_59395                                         |   16|   0|   16|          0|
    |w_20_reg_59511                                        |   16|   0|   16|          0|
    |w_21_reg_59516                                        |   16|   0|   16|          0|
    |w_22_reg_59521                                        |   16|   0|   16|          0|
    |w_23_reg_59526                                        |   16|   0|   16|          0|
    |w_24_reg_59531                                        |   16|   0|   16|          0|
    |w_25_reg_59536                                        |   16|   0|   16|          0|
    |w_26_reg_59541                                        |   16|   0|   16|          0|
    |w_27_reg_59546                                        |   16|   0|   16|          0|
    |w_28_reg_59551                                        |   16|   0|   16|          0|
    |w_29_reg_59556                                        |   16|   0|   16|          0|
    |w_2_reg_59405                                         |   16|   0|   16|          0|
    |w_30_reg_59561                                        |   16|   0|   16|          0|
    |w_31_reg_59566                                        |   16|   0|   16|          0|
    |w_32_reg_59571                                        |   16|   0|   16|          0|
    |w_33_reg_59576                                        |   16|   0|   16|          0|
    |w_34_reg_59581                                        |   16|   0|   16|          0|
    |w_35_reg_59586                                        |   16|   0|   16|          0|
    |w_36_reg_59591                                        |   16|   0|   16|          0|
    |w_37_reg_59596                                        |   16|   0|   16|          0|
    |w_38_reg_59601                                        |   16|   0|   16|          0|
    |w_39_reg_59606                                        |   16|   0|   16|          0|
    |w_3_reg_59415                                         |   16|   0|   16|          0|
    |w_40_reg_59611                                        |   16|   0|   16|          0|
    |w_41_reg_59616                                        |   16|   0|   16|          0|
    |w_42_reg_59621                                        |   16|   0|   16|          0|
    |w_43_reg_59626                                        |   16|   0|   16|          0|
    |w_44_reg_59631                                        |   16|   0|   16|          0|
    |w_45_reg_59636                                        |   16|   0|   16|          0|
    |w_46_reg_59641                                        |   16|   0|   16|          0|
    |w_47_reg_59646                                        |   16|   0|   16|          0|
    |w_48_reg_59651                                        |   16|   0|   16|          0|
    |w_49_reg_59656                                        |   16|   0|   16|          0|
    |w_4_reg_59425                                         |   16|   0|   16|          0|
    |w_50_reg_59661                                        |   16|   0|   16|          0|
    |w_51_reg_59666                                        |   16|   0|   16|          0|
    |w_52_reg_59671                                        |   16|   0|   16|          0|
    |w_53_reg_59676                                        |   16|   0|   16|          0|
    |w_54_reg_59681                                        |   16|   0|   16|          0|
    |w_55_reg_59686                                        |   16|   0|   16|          0|
    |w_56_reg_59691                                        |   16|   0|   16|          0|
    |w_57_reg_59696                                        |   16|   0|   16|          0|
    |w_58_reg_59701                                        |   16|   0|   16|          0|
    |w_59_reg_59706                                        |   16|   0|   16|          0|
    |w_5_reg_59436                                         |   16|   0|   16|          0|
    |w_60_reg_59711                                        |   16|   0|   16|          0|
    |w_61_reg_59716                                        |   16|   0|   16|          0|
    |w_62_reg_59721                                        |   16|   0|   16|          0|
    |w_63_reg_59726                                        |   16|   0|   16|          0|
    |w_64_reg_59731                                        |   16|   0|   16|          0|
    |w_65_reg_59736                                        |   16|   0|   16|          0|
    |w_66_reg_59741                                        |   16|   0|   16|          0|
    |w_67_reg_59746                                        |   16|   0|   16|          0|
    |w_68_reg_59751                                        |   16|   0|   16|          0|
    |w_69_reg_59756                                        |   16|   0|   16|          0|
    |w_6_reg_59441                                         |   16|   0|   16|          0|
    |w_70_reg_59761                                        |   16|   0|   16|          0|
    |w_7_reg_59446                                         |   16|   0|   16|          0|
    |w_8_reg_59451                                         |   16|   0|   16|          0|
    |w_9_reg_59456                                         |   16|   0|   16|          0|
    |w_index3_reg_11168                                    |    8|   0|    8|          0|
    |w_index_reg_59371                                     |    8|   0|    8|          0|
    |w_reg_59385                                           |   16|   0|   16|          0|
    |icmp_ln46_reg_59376                                   |   64|  32|    1|          0|
    +------------------------------------------------------+-----+----+-----+-----------+
    |Total                                                 |44504|  32|44441|          0|
    +------------------------------------------------------+-----+----+-----+-----------+



================================================================
== Interface
================================================================
* Summary: 
+---------------+-----+-----+------------+--------------------------------------------------------------------+--------------+
|   RTL Ports   | Dir | Bits|  Protocol  |                            Source Object                           |    C Type    |
+---------------+-----+-----+------------+--------------------------------------------------------------------+--------------+
|ap_clk         |   in|    1|  ap_ctrl_hs|  dense_resource_rf_leq_nin<ap_ufixed,ap_fixed<16,6,5,3,0>,config13>|  return value|
|ap_rst         |   in|    1|  ap_ctrl_hs|  dense_resource_rf_leq_nin<ap_ufixed,ap_fixed<16,6,5,3,0>,config13>|  return value|
|ap_start       |   in|    1|  ap_ctrl_hs|  dense_resource_rf_leq_nin<ap_ufixed,ap_fixed<16,6,5,3,0>,config13>|  return value|
|ap_done        |  out|    1|  ap_ctrl_hs|  dense_resource_rf_leq_nin<ap_ufixed,ap_fixed<16,6,5,3,0>,config13>|  return value|
|ap_idle        |  out|    1|  ap_ctrl_hs|  dense_resource_rf_leq_nin<ap_ufixed,ap_fixed<16,6,5,3,0>,config13>|  return value|
|ap_ready       |  out|    1|  ap_ctrl_hs|  dense_resource_rf_leq_nin<ap_ufixed,ap_fixed<16,6,5,3,0>,config13>|  return value|
|ap_return_0    |  out|   16|  ap_ctrl_hs|  dense_resource_rf_leq_nin<ap_ufixed,ap_fixed<16,6,5,3,0>,config13>|  return value|
|ap_return_1    |  out|   16|  ap_ctrl_hs|  dense_resource_rf_leq_nin<ap_ufixed,ap_fixed<16,6,5,3,0>,config13>|  return value|
|ap_return_2    |  out|   16|  ap_ctrl_hs|  dense_resource_rf_leq_nin<ap_ufixed,ap_fixed<16,6,5,3,0>,config13>|  return value|
|ap_return_3    |  out|   16|  ap_ctrl_hs|  dense_resource_rf_leq_nin<ap_ufixed,ap_fixed<16,6,5,3,0>,config13>|  return value|
|ap_return_4    |  out|   16|  ap_ctrl_hs|  dense_resource_rf_leq_nin<ap_ufixed,ap_fixed<16,6,5,3,0>,config13>|  return value|
|ap_return_5    |  out|   16|  ap_ctrl_hs|  dense_resource_rf_leq_nin<ap_ufixed,ap_fixed<16,6,5,3,0>,config13>|  return value|
|ap_return_6    |  out|   16|  ap_ctrl_hs|  dense_resource_rf_leq_nin<ap_ufixed,ap_fixed<16,6,5,3,0>,config13>|  return value|
|ap_return_7    |  out|   16|  ap_ctrl_hs|  dense_resource_rf_leq_nin<ap_ufixed,ap_fixed<16,6,5,3,0>,config13>|  return value|
|ap_return_8    |  out|   16|  ap_ctrl_hs|  dense_resource_rf_leq_nin<ap_ufixed,ap_fixed<16,6,5,3,0>,config13>|  return value|
|ap_return_9    |  out|   16|  ap_ctrl_hs|  dense_resource_rf_leq_nin<ap_ufixed,ap_fixed<16,6,5,3,0>,config13>|  return value|
|ap_return_10   |  out|   16|  ap_ctrl_hs|  dense_resource_rf_leq_nin<ap_ufixed,ap_fixed<16,6,5,3,0>,config13>|  return value|
|ap_return_11   |  out|   16|  ap_ctrl_hs|  dense_resource_rf_leq_nin<ap_ufixed,ap_fixed<16,6,5,3,0>,config13>|  return value|
|data_0_val     |   in|   16|     ap_none|                                                          data_0_val|        scalar|
|data_1_val     |   in|   16|     ap_none|                                                          data_1_val|        scalar|
|data_2_val     |   in|   16|     ap_none|                                                          data_2_val|        scalar|
|data_3_val     |   in|   16|     ap_none|                                                          data_3_val|        scalar|
|data_4_val     |   in|   16|     ap_none|                                                          data_4_val|        scalar|
|data_5_val     |   in|   16|     ap_none|                                                          data_5_val|        scalar|
|data_6_val     |   in|   16|     ap_none|                                                          data_6_val|        scalar|
|data_7_val     |   in|   16|     ap_none|                                                          data_7_val|        scalar|
|data_8_val     |   in|   16|     ap_none|                                                          data_8_val|        scalar|
|data_9_val     |   in|   16|     ap_none|                                                          data_9_val|        scalar|
|data_10_val    |   in|   16|     ap_none|                                                         data_10_val|        scalar|
|data_11_val    |   in|   16|     ap_none|                                                         data_11_val|        scalar|
|data_12_val    |   in|   16|     ap_none|                                                         data_12_val|        scalar|
|data_13_val    |   in|   16|     ap_none|                                                         data_13_val|        scalar|
|data_14_val    |   in|   16|     ap_none|                                                         data_14_val|        scalar|
|data_15_val    |   in|   16|     ap_none|                                                         data_15_val|        scalar|
|data_16_val    |   in|   16|     ap_none|                                                         data_16_val|        scalar|
|data_17_val    |   in|   16|     ap_none|                                                         data_17_val|        scalar|
|data_18_val    |   in|   16|     ap_none|                                                         data_18_val|        scalar|
|data_19_val    |   in|   16|     ap_none|                                                         data_19_val|        scalar|
|data_20_val    |   in|   16|     ap_none|                                                         data_20_val|        scalar|
|data_21_val    |   in|   16|     ap_none|                                                         data_21_val|        scalar|
|data_22_val    |   in|   16|     ap_none|                                                         data_22_val|        scalar|
|data_23_val    |   in|   16|     ap_none|                                                         data_23_val|        scalar|
|data_24_val    |   in|   16|     ap_none|                                                         data_24_val|        scalar|
|data_25_val    |   in|   16|     ap_none|                                                         data_25_val|        scalar|
|data_26_val    |   in|   16|     ap_none|                                                         data_26_val|        scalar|
|data_27_val    |   in|   16|     ap_none|                                                         data_27_val|        scalar|
|data_28_val    |   in|   16|     ap_none|                                                         data_28_val|        scalar|
|data_29_val    |   in|   16|     ap_none|                                                         data_29_val|        scalar|
|data_30_val    |   in|   16|     ap_none|                                                         data_30_val|        scalar|
|data_31_val    |   in|   16|     ap_none|                                                         data_31_val|        scalar|
|data_32_val    |   in|   16|     ap_none|                                                         data_32_val|        scalar|
|data_33_val    |   in|   16|     ap_none|                                                         data_33_val|        scalar|
|data_34_val    |   in|   16|     ap_none|                                                         data_34_val|        scalar|
|data_35_val    |   in|   16|     ap_none|                                                         data_35_val|        scalar|
|data_36_val    |   in|   16|     ap_none|                                                         data_36_val|        scalar|
|data_37_val    |   in|   16|     ap_none|                                                         data_37_val|        scalar|
|data_38_val    |   in|   16|     ap_none|                                                         data_38_val|        scalar|
|data_39_val    |   in|   16|     ap_none|                                                         data_39_val|        scalar|
|data_40_val    |   in|   16|     ap_none|                                                         data_40_val|        scalar|
|data_41_val    |   in|   16|     ap_none|                                                         data_41_val|        scalar|
|data_42_val    |   in|   16|     ap_none|                                                         data_42_val|        scalar|
|data_43_val    |   in|   16|     ap_none|                                                         data_43_val|        scalar|
|data_44_val    |   in|   16|     ap_none|                                                         data_44_val|        scalar|
|data_45_val    |   in|   16|     ap_none|                                                         data_45_val|        scalar|
|data_46_val    |   in|   16|     ap_none|                                                         data_46_val|        scalar|
|data_47_val    |   in|   16|     ap_none|                                                         data_47_val|        scalar|
|data_48_val    |   in|   16|     ap_none|                                                         data_48_val|        scalar|
|data_49_val    |   in|   16|     ap_none|                                                         data_49_val|        scalar|
|data_50_val    |   in|   16|     ap_none|                                                         data_50_val|        scalar|
|data_51_val    |   in|   16|     ap_none|                                                         data_51_val|        scalar|
|data_52_val    |   in|   16|     ap_none|                                                         data_52_val|        scalar|
|data_53_val    |   in|   16|     ap_none|                                                         data_53_val|        scalar|
|data_54_val    |   in|   16|     ap_none|                                                         data_54_val|        scalar|
|data_55_val    |   in|   16|     ap_none|                                                         data_55_val|        scalar|
|data_56_val    |   in|   16|     ap_none|                                                         data_56_val|        scalar|
|data_57_val    |   in|   16|     ap_none|                                                         data_57_val|        scalar|
|data_58_val    |   in|   16|     ap_none|                                                         data_58_val|        scalar|
|data_59_val    |   in|   16|     ap_none|                                                         data_59_val|        scalar|
|data_60_val    |   in|   16|     ap_none|                                                         data_60_val|        scalar|
|data_61_val    |   in|   16|     ap_none|                                                         data_61_val|        scalar|
|data_62_val    |   in|   16|     ap_none|                                                         data_62_val|        scalar|
|data_63_val    |   in|   16|     ap_none|                                                         data_63_val|        scalar|
|data_64_val    |   in|   16|     ap_none|                                                         data_64_val|        scalar|
|data_65_val    |   in|   16|     ap_none|                                                         data_65_val|        scalar|
|data_66_val    |   in|   16|     ap_none|                                                         data_66_val|        scalar|
|data_67_val    |   in|   16|     ap_none|                                                         data_67_val|        scalar|
|data_68_val    |   in|   16|     ap_none|                                                         data_68_val|        scalar|
|data_69_val    |   in|   16|     ap_none|                                                         data_69_val|        scalar|
|data_70_val    |   in|   16|     ap_none|                                                         data_70_val|        scalar|
|data_71_val    |   in|   16|     ap_none|                                                         data_71_val|        scalar|
|data_72_val    |   in|   16|     ap_none|                                                         data_72_val|        scalar|
|data_73_val    |   in|   16|     ap_none|                                                         data_73_val|        scalar|
|data_74_val    |   in|   16|     ap_none|                                                         data_74_val|        scalar|
|data_75_val    |   in|   16|     ap_none|                                                         data_75_val|        scalar|
|data_76_val    |   in|   16|     ap_none|                                                         data_76_val|        scalar|
|data_77_val    |   in|   16|     ap_none|                                                         data_77_val|        scalar|
|data_78_val    |   in|   16|     ap_none|                                                         data_78_val|        scalar|
|data_79_val    |   in|   16|     ap_none|                                                         data_79_val|        scalar|
|data_80_val    |   in|   16|     ap_none|                                                         data_80_val|        scalar|
|data_81_val    |   in|   16|     ap_none|                                                         data_81_val|        scalar|
|data_82_val    |   in|   16|     ap_none|                                                         data_82_val|        scalar|
|data_83_val    |   in|   16|     ap_none|                                                         data_83_val|        scalar|
|data_84_val    |   in|   16|     ap_none|                                                         data_84_val|        scalar|
|data_85_val    |   in|   16|     ap_none|                                                         data_85_val|        scalar|
|data_86_val    |   in|   16|     ap_none|                                                         data_86_val|        scalar|
|data_87_val    |   in|   16|     ap_none|                                                         data_87_val|        scalar|
|data_88_val    |   in|   16|     ap_none|                                                         data_88_val|        scalar|
|data_89_val    |   in|   16|     ap_none|                                                         data_89_val|        scalar|
|data_90_val    |   in|   16|     ap_none|                                                         data_90_val|        scalar|
|data_91_val    |   in|   16|     ap_none|                                                         data_91_val|        scalar|
|data_92_val    |   in|   16|     ap_none|                                                         data_92_val|        scalar|
|data_93_val    |   in|   16|     ap_none|                                                         data_93_val|        scalar|
|data_94_val    |   in|   16|     ap_none|                                                         data_94_val|        scalar|
|data_95_val    |   in|   16|     ap_none|                                                         data_95_val|        scalar|
|data_96_val    |   in|   16|     ap_none|                                                         data_96_val|        scalar|
|data_97_val    |   in|   16|     ap_none|                                                         data_97_val|        scalar|
|data_98_val    |   in|   16|     ap_none|                                                         data_98_val|        scalar|
|data_99_val    |   in|   16|     ap_none|                                                         data_99_val|        scalar|
|data_100_val   |   in|   16|     ap_none|                                                        data_100_val|        scalar|
|data_101_val   |   in|   16|     ap_none|                                                        data_101_val|        scalar|
|data_102_val   |   in|   16|     ap_none|                                                        data_102_val|        scalar|
|data_103_val   |   in|   16|     ap_none|                                                        data_103_val|        scalar|
|data_104_val   |   in|   16|     ap_none|                                                        data_104_val|        scalar|
|data_105_val   |   in|   16|     ap_none|                                                        data_105_val|        scalar|
|data_106_val   |   in|   16|     ap_none|                                                        data_106_val|        scalar|
|data_107_val   |   in|   16|     ap_none|                                                        data_107_val|        scalar|
|data_108_val   |   in|   16|     ap_none|                                                        data_108_val|        scalar|
|data_109_val   |   in|   16|     ap_none|                                                        data_109_val|        scalar|
|data_110_val   |   in|   16|     ap_none|                                                        data_110_val|        scalar|
|data_111_val   |   in|   16|     ap_none|                                                        data_111_val|        scalar|
|data_112_val   |   in|   16|     ap_none|                                                        data_112_val|        scalar|
|data_113_val   |   in|   16|     ap_none|                                                        data_113_val|        scalar|
|data_114_val   |   in|   16|     ap_none|                                                        data_114_val|        scalar|
|data_115_val   |   in|   16|     ap_none|                                                        data_115_val|        scalar|
|data_116_val   |   in|   16|     ap_none|                                                        data_116_val|        scalar|
|data_117_val   |   in|   16|     ap_none|                                                        data_117_val|        scalar|
|data_118_val   |   in|   16|     ap_none|                                                        data_118_val|        scalar|
|data_119_val   |   in|   16|     ap_none|                                                        data_119_val|        scalar|
|data_120_val   |   in|   16|     ap_none|                                                        data_120_val|        scalar|
|data_121_val   |   in|   16|     ap_none|                                                        data_121_val|        scalar|
|data_122_val   |   in|   16|     ap_none|                                                        data_122_val|        scalar|
|data_123_val   |   in|   16|     ap_none|                                                        data_123_val|        scalar|
|data_124_val   |   in|   16|     ap_none|                                                        data_124_val|        scalar|
|data_125_val   |   in|   16|     ap_none|                                                        data_125_val|        scalar|
|data_126_val   |   in|   16|     ap_none|                                                        data_126_val|        scalar|
|data_127_val   |   in|   16|     ap_none|                                                        data_127_val|        scalar|
|data_128_val   |   in|   16|     ap_none|                                                        data_128_val|        scalar|
|data_129_val   |   in|   16|     ap_none|                                                        data_129_val|        scalar|
|data_130_val   |   in|   16|     ap_none|                                                        data_130_val|        scalar|
|data_131_val   |   in|   16|     ap_none|                                                        data_131_val|        scalar|
|data_132_val   |   in|   16|     ap_none|                                                        data_132_val|        scalar|
|data_133_val   |   in|   16|     ap_none|                                                        data_133_val|        scalar|
|data_134_val   |   in|   16|     ap_none|                                                        data_134_val|        scalar|
|data_135_val   |   in|   16|     ap_none|                                                        data_135_val|        scalar|
|data_136_val   |   in|   16|     ap_none|                                                        data_136_val|        scalar|
|data_137_val   |   in|   16|     ap_none|                                                        data_137_val|        scalar|
|data_138_val   |   in|   16|     ap_none|                                                        data_138_val|        scalar|
|data_139_val   |   in|   16|     ap_none|                                                        data_139_val|        scalar|
|data_140_val   |   in|   16|     ap_none|                                                        data_140_val|        scalar|
|data_141_val   |   in|   16|     ap_none|                                                        data_141_val|        scalar|
|data_142_val   |   in|   16|     ap_none|                                                        data_142_val|        scalar|
|data_143_val   |   in|   16|     ap_none|                                                        data_143_val|        scalar|
|data_144_val   |   in|   16|     ap_none|                                                        data_144_val|        scalar|
|data_145_val   |   in|   16|     ap_none|                                                        data_145_val|        scalar|
|data_146_val   |   in|   16|     ap_none|                                                        data_146_val|        scalar|
|data_147_val   |   in|   16|     ap_none|                                                        data_147_val|        scalar|
|data_148_val   |   in|   16|     ap_none|                                                        data_148_val|        scalar|
|data_149_val   |   in|   16|     ap_none|                                                        data_149_val|        scalar|
|data_150_val   |   in|   16|     ap_none|                                                        data_150_val|        scalar|
|data_151_val   |   in|   16|     ap_none|                                                        data_151_val|        scalar|
|data_152_val   |   in|   16|     ap_none|                                                        data_152_val|        scalar|
|data_153_val   |   in|   16|     ap_none|                                                        data_153_val|        scalar|
|data_154_val   |   in|   16|     ap_none|                                                        data_154_val|        scalar|
|data_155_val   |   in|   16|     ap_none|                                                        data_155_val|        scalar|
|data_156_val   |   in|   16|     ap_none|                                                        data_156_val|        scalar|
|data_157_val   |   in|   16|     ap_none|                                                        data_157_val|        scalar|
|data_158_val   |   in|   16|     ap_none|                                                        data_158_val|        scalar|
|data_159_val   |   in|   16|     ap_none|                                                        data_159_val|        scalar|
|data_160_val   |   in|   16|     ap_none|                                                        data_160_val|        scalar|
|data_161_val   |   in|   16|     ap_none|                                                        data_161_val|        scalar|
|data_162_val   |   in|   16|     ap_none|                                                        data_162_val|        scalar|
|data_163_val   |   in|   16|     ap_none|                                                        data_163_val|        scalar|
|data_164_val   |   in|   16|     ap_none|                                                        data_164_val|        scalar|
|data_165_val   |   in|   16|     ap_none|                                                        data_165_val|        scalar|
|data_166_val   |   in|   16|     ap_none|                                                        data_166_val|        scalar|
|data_167_val   |   in|   16|     ap_none|                                                        data_167_val|        scalar|
|data_168_val   |   in|   16|     ap_none|                                                        data_168_val|        scalar|
|data_169_val   |   in|   16|     ap_none|                                                        data_169_val|        scalar|
|data_170_val   |   in|   16|     ap_none|                                                        data_170_val|        scalar|
|data_171_val   |   in|   16|     ap_none|                                                        data_171_val|        scalar|
|data_172_val   |   in|   16|     ap_none|                                                        data_172_val|        scalar|
|data_173_val   |   in|   16|     ap_none|                                                        data_173_val|        scalar|
|data_174_val   |   in|   16|     ap_none|                                                        data_174_val|        scalar|
|data_175_val   |   in|   16|     ap_none|                                                        data_175_val|        scalar|
|data_176_val   |   in|   16|     ap_none|                                                        data_176_val|        scalar|
|data_177_val   |   in|   16|     ap_none|                                                        data_177_val|        scalar|
|data_178_val   |   in|   16|     ap_none|                                                        data_178_val|        scalar|
|data_179_val   |   in|   16|     ap_none|                                                        data_179_val|        scalar|
|data_180_val   |   in|   16|     ap_none|                                                        data_180_val|        scalar|
|data_181_val   |   in|   16|     ap_none|                                                        data_181_val|        scalar|
|data_182_val   |   in|   16|     ap_none|                                                        data_182_val|        scalar|
|data_183_val   |   in|   16|     ap_none|                                                        data_183_val|        scalar|
|data_184_val   |   in|   16|     ap_none|                                                        data_184_val|        scalar|
|data_185_val   |   in|   16|     ap_none|                                                        data_185_val|        scalar|
|data_186_val   |   in|   16|     ap_none|                                                        data_186_val|        scalar|
|data_187_val   |   in|   16|     ap_none|                                                        data_187_val|        scalar|
|data_188_val   |   in|   16|     ap_none|                                                        data_188_val|        scalar|
|data_189_val   |   in|   16|     ap_none|                                                        data_189_val|        scalar|
|data_190_val   |   in|   16|     ap_none|                                                        data_190_val|        scalar|
|data_191_val   |   in|   16|     ap_none|                                                        data_191_val|        scalar|
|data_192_val   |   in|   16|     ap_none|                                                        data_192_val|        scalar|
|data_193_val   |   in|   16|     ap_none|                                                        data_193_val|        scalar|
|data_194_val   |   in|   16|     ap_none|                                                        data_194_val|        scalar|
|data_195_val   |   in|   16|     ap_none|                                                        data_195_val|        scalar|
|data_196_val   |   in|   16|     ap_none|                                                        data_196_val|        scalar|
|data_197_val   |   in|   16|     ap_none|                                                        data_197_val|        scalar|
|data_198_val   |   in|   16|     ap_none|                                                        data_198_val|        scalar|
|data_199_val   |   in|   16|     ap_none|                                                        data_199_val|        scalar|
|data_200_val   |   in|   16|     ap_none|                                                        data_200_val|        scalar|
|data_201_val   |   in|   16|     ap_none|                                                        data_201_val|        scalar|
|data_202_val   |   in|   16|     ap_none|                                                        data_202_val|        scalar|
|data_203_val   |   in|   16|     ap_none|                                                        data_203_val|        scalar|
|data_204_val   |   in|   16|     ap_none|                                                        data_204_val|        scalar|
|data_205_val   |   in|   16|     ap_none|                                                        data_205_val|        scalar|
|data_206_val   |   in|   16|     ap_none|                                                        data_206_val|        scalar|
|data_207_val   |   in|   16|     ap_none|                                                        data_207_val|        scalar|
|data_208_val   |   in|   16|     ap_none|                                                        data_208_val|        scalar|
|data_209_val   |   in|   16|     ap_none|                                                        data_209_val|        scalar|
|data_210_val   |   in|   16|     ap_none|                                                        data_210_val|        scalar|
|data_211_val   |   in|   16|     ap_none|                                                        data_211_val|        scalar|
|data_212_val   |   in|   16|     ap_none|                                                        data_212_val|        scalar|
|data_213_val   |   in|   16|     ap_none|                                                        data_213_val|        scalar|
|data_214_val   |   in|   16|     ap_none|                                                        data_214_val|        scalar|
|data_215_val   |   in|   16|     ap_none|                                                        data_215_val|        scalar|
|data_216_val   |   in|   16|     ap_none|                                                        data_216_val|        scalar|
|data_217_val   |   in|   16|     ap_none|                                                        data_217_val|        scalar|
|data_218_val   |   in|   16|     ap_none|                                                        data_218_val|        scalar|
|data_219_val   |   in|   16|     ap_none|                                                        data_219_val|        scalar|
|data_220_val   |   in|   16|     ap_none|                                                        data_220_val|        scalar|
|data_221_val   |   in|   16|     ap_none|                                                        data_221_val|        scalar|
|data_222_val   |   in|   16|     ap_none|                                                        data_222_val|        scalar|
|data_223_val   |   in|   16|     ap_none|                                                        data_223_val|        scalar|
|data_224_val   |   in|   16|     ap_none|                                                        data_224_val|        scalar|
|data_225_val   |   in|   16|     ap_none|                                                        data_225_val|        scalar|
|data_226_val   |   in|   16|     ap_none|                                                        data_226_val|        scalar|
|data_227_val   |   in|   16|     ap_none|                                                        data_227_val|        scalar|
|data_228_val   |   in|   16|     ap_none|                                                        data_228_val|        scalar|
|data_229_val   |   in|   16|     ap_none|                                                        data_229_val|        scalar|
|data_230_val   |   in|   16|     ap_none|                                                        data_230_val|        scalar|
|data_231_val   |   in|   16|     ap_none|                                                        data_231_val|        scalar|
|data_232_val   |   in|   16|     ap_none|                                                        data_232_val|        scalar|
|data_233_val   |   in|   16|     ap_none|                                                        data_233_val|        scalar|
|data_234_val   |   in|   16|     ap_none|                                                        data_234_val|        scalar|
|data_235_val   |   in|   16|     ap_none|                                                        data_235_val|        scalar|
|data_236_val   |   in|   16|     ap_none|                                                        data_236_val|        scalar|
|data_237_val   |   in|   16|     ap_none|                                                        data_237_val|        scalar|
|data_238_val   |   in|   16|     ap_none|                                                        data_238_val|        scalar|
|data_239_val   |   in|   16|     ap_none|                                                        data_239_val|        scalar|
|data_240_val   |   in|   16|     ap_none|                                                        data_240_val|        scalar|
|data_241_val   |   in|   16|     ap_none|                                                        data_241_val|        scalar|
|data_242_val   |   in|   16|     ap_none|                                                        data_242_val|        scalar|
|data_243_val   |   in|   16|     ap_none|                                                        data_243_val|        scalar|
|data_244_val   |   in|   16|     ap_none|                                                        data_244_val|        scalar|
|data_245_val   |   in|   16|     ap_none|                                                        data_245_val|        scalar|
|data_246_val   |   in|   16|     ap_none|                                                        data_246_val|        scalar|
|data_247_val   |   in|   16|     ap_none|                                                        data_247_val|        scalar|
|data_248_val   |   in|   16|     ap_none|                                                        data_248_val|        scalar|
|data_249_val   |   in|   16|     ap_none|                                                        data_249_val|        scalar|
|data_250_val   |   in|   16|     ap_none|                                                        data_250_val|        scalar|
|data_251_val   |   in|   16|     ap_none|                                                        data_251_val|        scalar|
|data_252_val   |   in|   16|     ap_none|                                                        data_252_val|        scalar|
|data_253_val   |   in|   16|     ap_none|                                                        data_253_val|        scalar|
|data_254_val   |   in|   16|     ap_none|                                                        data_254_val|        scalar|
|data_255_val   |   in|   16|     ap_none|                                                        data_255_val|        scalar|
|data_256_val   |   in|   16|     ap_none|                                                        data_256_val|        scalar|
|data_257_val   |   in|   16|     ap_none|                                                        data_257_val|        scalar|
|data_258_val   |   in|   16|     ap_none|                                                        data_258_val|        scalar|
|data_259_val   |   in|   16|     ap_none|                                                        data_259_val|        scalar|
|data_260_val   |   in|   16|     ap_none|                                                        data_260_val|        scalar|
|data_261_val   |   in|   16|     ap_none|                                                        data_261_val|        scalar|
|data_262_val   |   in|   16|     ap_none|                                                        data_262_val|        scalar|
|data_263_val   |   in|   16|     ap_none|                                                        data_263_val|        scalar|
|data_264_val   |   in|   16|     ap_none|                                                        data_264_val|        scalar|
|data_265_val   |   in|   16|     ap_none|                                                        data_265_val|        scalar|
|data_266_val   |   in|   16|     ap_none|                                                        data_266_val|        scalar|
|data_267_val   |   in|   16|     ap_none|                                                        data_267_val|        scalar|
|data_268_val   |   in|   16|     ap_none|                                                        data_268_val|        scalar|
|data_269_val   |   in|   16|     ap_none|                                                        data_269_val|        scalar|
|data_270_val   |   in|   16|     ap_none|                                                        data_270_val|        scalar|
|data_271_val   |   in|   16|     ap_none|                                                        data_271_val|        scalar|
|data_272_val   |   in|   16|     ap_none|                                                        data_272_val|        scalar|
|data_273_val   |   in|   16|     ap_none|                                                        data_273_val|        scalar|
|data_274_val   |   in|   16|     ap_none|                                                        data_274_val|        scalar|
|data_275_val   |   in|   16|     ap_none|                                                        data_275_val|        scalar|
|data_276_val   |   in|   16|     ap_none|                                                        data_276_val|        scalar|
|data_277_val   |   in|   16|     ap_none|                                                        data_277_val|        scalar|
|data_278_val   |   in|   16|     ap_none|                                                        data_278_val|        scalar|
|data_279_val   |   in|   16|     ap_none|                                                        data_279_val|        scalar|
|data_280_val   |   in|   16|     ap_none|                                                        data_280_val|        scalar|
|data_281_val   |   in|   16|     ap_none|                                                        data_281_val|        scalar|
|data_282_val   |   in|   16|     ap_none|                                                        data_282_val|        scalar|
|data_283_val   |   in|   16|     ap_none|                                                        data_283_val|        scalar|
|data_284_val   |   in|   16|     ap_none|                                                        data_284_val|        scalar|
|data_285_val   |   in|   16|     ap_none|                                                        data_285_val|        scalar|
|data_286_val   |   in|   16|     ap_none|                                                        data_286_val|        scalar|
|data_287_val   |   in|   16|     ap_none|                                                        data_287_val|        scalar|
|data_288_val   |   in|   16|     ap_none|                                                        data_288_val|        scalar|
|data_289_val   |   in|   16|     ap_none|                                                        data_289_val|        scalar|
|data_290_val   |   in|   16|     ap_none|                                                        data_290_val|        scalar|
|data_291_val   |   in|   16|     ap_none|                                                        data_291_val|        scalar|
|data_292_val   |   in|   16|     ap_none|                                                        data_292_val|        scalar|
|data_293_val   |   in|   16|     ap_none|                                                        data_293_val|        scalar|
|data_294_val   |   in|   16|     ap_none|                                                        data_294_val|        scalar|
|data_295_val   |   in|   16|     ap_none|                                                        data_295_val|        scalar|
|data_296_val   |   in|   16|     ap_none|                                                        data_296_val|        scalar|
|data_297_val   |   in|   16|     ap_none|                                                        data_297_val|        scalar|
|data_298_val   |   in|   16|     ap_none|                                                        data_298_val|        scalar|
|data_299_val   |   in|   16|     ap_none|                                                        data_299_val|        scalar|
|data_300_val   |   in|   16|     ap_none|                                                        data_300_val|        scalar|
|data_301_val   |   in|   16|     ap_none|                                                        data_301_val|        scalar|
|data_302_val   |   in|   16|     ap_none|                                                        data_302_val|        scalar|
|data_303_val   |   in|   16|     ap_none|                                                        data_303_val|        scalar|
|data_304_val   |   in|   16|     ap_none|                                                        data_304_val|        scalar|
|data_305_val   |   in|   16|     ap_none|                                                        data_305_val|        scalar|
|data_306_val   |   in|   16|     ap_none|                                                        data_306_val|        scalar|
|data_307_val   |   in|   16|     ap_none|                                                        data_307_val|        scalar|
|data_308_val   |   in|   16|     ap_none|                                                        data_308_val|        scalar|
|data_309_val   |   in|   16|     ap_none|                                                        data_309_val|        scalar|
|data_310_val   |   in|   16|     ap_none|                                                        data_310_val|        scalar|
|data_311_val   |   in|   16|     ap_none|                                                        data_311_val|        scalar|
|data_312_val   |   in|   16|     ap_none|                                                        data_312_val|        scalar|
|data_313_val   |   in|   16|     ap_none|                                                        data_313_val|        scalar|
|data_314_val   |   in|   16|     ap_none|                                                        data_314_val|        scalar|
|data_315_val   |   in|   16|     ap_none|                                                        data_315_val|        scalar|
|data_316_val   |   in|   16|     ap_none|                                                        data_316_val|        scalar|
|data_317_val   |   in|   16|     ap_none|                                                        data_317_val|        scalar|
|data_318_val   |   in|   16|     ap_none|                                                        data_318_val|        scalar|
|data_319_val   |   in|   16|     ap_none|                                                        data_319_val|        scalar|
|data_320_val   |   in|   16|     ap_none|                                                        data_320_val|        scalar|
|data_321_val   |   in|   16|     ap_none|                                                        data_321_val|        scalar|
|data_322_val   |   in|   16|     ap_none|                                                        data_322_val|        scalar|
|data_323_val   |   in|   16|     ap_none|                                                        data_323_val|        scalar|
|data_324_val   |   in|   16|     ap_none|                                                        data_324_val|        scalar|
|data_325_val   |   in|   16|     ap_none|                                                        data_325_val|        scalar|
|data_326_val   |   in|   16|     ap_none|                                                        data_326_val|        scalar|
|data_327_val   |   in|   16|     ap_none|                                                        data_327_val|        scalar|
|data_328_val   |   in|   16|     ap_none|                                                        data_328_val|        scalar|
|data_329_val   |   in|   16|     ap_none|                                                        data_329_val|        scalar|
|data_330_val   |   in|   16|     ap_none|                                                        data_330_val|        scalar|
|data_331_val   |   in|   16|     ap_none|                                                        data_331_val|        scalar|
|data_332_val   |   in|   16|     ap_none|                                                        data_332_val|        scalar|
|data_333_val   |   in|   16|     ap_none|                                                        data_333_val|        scalar|
|data_334_val   |   in|   16|     ap_none|                                                        data_334_val|        scalar|
|data_335_val   |   in|   16|     ap_none|                                                        data_335_val|        scalar|
|data_336_val   |   in|   16|     ap_none|                                                        data_336_val|        scalar|
|data_337_val   |   in|   16|     ap_none|                                                        data_337_val|        scalar|
|data_338_val   |   in|   16|     ap_none|                                                        data_338_val|        scalar|
|data_339_val   |   in|   16|     ap_none|                                                        data_339_val|        scalar|
|data_340_val   |   in|   16|     ap_none|                                                        data_340_val|        scalar|
|data_341_val   |   in|   16|     ap_none|                                                        data_341_val|        scalar|
|data_342_val   |   in|   16|     ap_none|                                                        data_342_val|        scalar|
|data_343_val   |   in|   16|     ap_none|                                                        data_343_val|        scalar|
|data_344_val   |   in|   16|     ap_none|                                                        data_344_val|        scalar|
|data_345_val   |   in|   16|     ap_none|                                                        data_345_val|        scalar|
|data_346_val   |   in|   16|     ap_none|                                                        data_346_val|        scalar|
|data_347_val   |   in|   16|     ap_none|                                                        data_347_val|        scalar|
|data_348_val   |   in|   16|     ap_none|                                                        data_348_val|        scalar|
|data_349_val   |   in|   16|     ap_none|                                                        data_349_val|        scalar|
|data_350_val   |   in|   16|     ap_none|                                                        data_350_val|        scalar|
|data_351_val   |   in|   16|     ap_none|                                                        data_351_val|        scalar|
|data_352_val   |   in|   16|     ap_none|                                                        data_352_val|        scalar|
|data_353_val   |   in|   16|     ap_none|                                                        data_353_val|        scalar|
|data_354_val   |   in|   16|     ap_none|                                                        data_354_val|        scalar|
|data_355_val   |   in|   16|     ap_none|                                                        data_355_val|        scalar|
|data_356_val   |   in|   16|     ap_none|                                                        data_356_val|        scalar|
|data_357_val   |   in|   16|     ap_none|                                                        data_357_val|        scalar|
|data_358_val   |   in|   16|     ap_none|                                                        data_358_val|        scalar|
|data_359_val   |   in|   16|     ap_none|                                                        data_359_val|        scalar|
|data_360_val   |   in|   16|     ap_none|                                                        data_360_val|        scalar|
|data_361_val   |   in|   16|     ap_none|                                                        data_361_val|        scalar|
|data_362_val   |   in|   16|     ap_none|                                                        data_362_val|        scalar|
|data_363_val   |   in|   16|     ap_none|                                                        data_363_val|        scalar|
|data_364_val   |   in|   16|     ap_none|                                                        data_364_val|        scalar|
|data_365_val   |   in|   16|     ap_none|                                                        data_365_val|        scalar|
|data_366_val   |   in|   16|     ap_none|                                                        data_366_val|        scalar|
|data_367_val   |   in|   16|     ap_none|                                                        data_367_val|        scalar|
|data_368_val   |   in|   16|     ap_none|                                                        data_368_val|        scalar|
|data_369_val   |   in|   16|     ap_none|                                                        data_369_val|        scalar|
|data_370_val   |   in|   16|     ap_none|                                                        data_370_val|        scalar|
|data_371_val   |   in|   16|     ap_none|                                                        data_371_val|        scalar|
|data_372_val   |   in|   16|     ap_none|                                                        data_372_val|        scalar|
|data_373_val   |   in|   16|     ap_none|                                                        data_373_val|        scalar|
|data_374_val   |   in|   16|     ap_none|                                                        data_374_val|        scalar|
|data_375_val   |   in|   16|     ap_none|                                                        data_375_val|        scalar|
|data_376_val   |   in|   16|     ap_none|                                                        data_376_val|        scalar|
|data_377_val   |   in|   16|     ap_none|                                                        data_377_val|        scalar|
|data_378_val   |   in|   16|     ap_none|                                                        data_378_val|        scalar|
|data_379_val   |   in|   16|     ap_none|                                                        data_379_val|        scalar|
|data_380_val   |   in|   16|     ap_none|                                                        data_380_val|        scalar|
|data_381_val   |   in|   16|     ap_none|                                                        data_381_val|        scalar|
|data_382_val   |   in|   16|     ap_none|                                                        data_382_val|        scalar|
|data_383_val   |   in|   16|     ap_none|                                                        data_383_val|        scalar|
|data_384_val   |   in|   16|     ap_none|                                                        data_384_val|        scalar|
|data_385_val   |   in|   16|     ap_none|                                                        data_385_val|        scalar|
|data_386_val   |   in|   16|     ap_none|                                                        data_386_val|        scalar|
|data_387_val   |   in|   16|     ap_none|                                                        data_387_val|        scalar|
|data_388_val   |   in|   16|     ap_none|                                                        data_388_val|        scalar|
|data_389_val   |   in|   16|     ap_none|                                                        data_389_val|        scalar|
|data_390_val   |   in|   16|     ap_none|                                                        data_390_val|        scalar|
|data_391_val   |   in|   16|     ap_none|                                                        data_391_val|        scalar|
|data_392_val   |   in|   16|     ap_none|                                                        data_392_val|        scalar|
|data_393_val   |   in|   16|     ap_none|                                                        data_393_val|        scalar|
|data_394_val   |   in|   16|     ap_none|                                                        data_394_val|        scalar|
|data_395_val   |   in|   16|     ap_none|                                                        data_395_val|        scalar|
|data_396_val   |   in|   16|     ap_none|                                                        data_396_val|        scalar|
|data_397_val   |   in|   16|     ap_none|                                                        data_397_val|        scalar|
|data_398_val   |   in|   16|     ap_none|                                                        data_398_val|        scalar|
|data_399_val   |   in|   16|     ap_none|                                                        data_399_val|        scalar|
|data_400_val   |   in|   16|     ap_none|                                                        data_400_val|        scalar|
|data_401_val   |   in|   16|     ap_none|                                                        data_401_val|        scalar|
|data_402_val   |   in|   16|     ap_none|                                                        data_402_val|        scalar|
|data_403_val   |   in|   16|     ap_none|                                                        data_403_val|        scalar|
|data_404_val   |   in|   16|     ap_none|                                                        data_404_val|        scalar|
|data_405_val   |   in|   16|     ap_none|                                                        data_405_val|        scalar|
|data_406_val   |   in|   16|     ap_none|                                                        data_406_val|        scalar|
|data_407_val   |   in|   16|     ap_none|                                                        data_407_val|        scalar|
|data_408_val   |   in|   16|     ap_none|                                                        data_408_val|        scalar|
|data_409_val   |   in|   16|     ap_none|                                                        data_409_val|        scalar|
|data_410_val   |   in|   16|     ap_none|                                                        data_410_val|        scalar|
|data_411_val   |   in|   16|     ap_none|                                                        data_411_val|        scalar|
|data_412_val   |   in|   16|     ap_none|                                                        data_412_val|        scalar|
|data_413_val   |   in|   16|     ap_none|                                                        data_413_val|        scalar|
|data_414_val   |   in|   16|     ap_none|                                                        data_414_val|        scalar|
|data_415_val   |   in|   16|     ap_none|                                                        data_415_val|        scalar|
|data_416_val   |   in|   16|     ap_none|                                                        data_416_val|        scalar|
|data_417_val   |   in|   16|     ap_none|                                                        data_417_val|        scalar|
|data_418_val   |   in|   16|     ap_none|                                                        data_418_val|        scalar|
|data_419_val   |   in|   16|     ap_none|                                                        data_419_val|        scalar|
|data_420_val   |   in|   16|     ap_none|                                                        data_420_val|        scalar|
|data_421_val   |   in|   16|     ap_none|                                                        data_421_val|        scalar|
|data_422_val   |   in|   16|     ap_none|                                                        data_422_val|        scalar|
|data_423_val   |   in|   16|     ap_none|                                                        data_423_val|        scalar|
|data_424_val   |   in|   16|     ap_none|                                                        data_424_val|        scalar|
|data_425_val   |   in|   16|     ap_none|                                                        data_425_val|        scalar|
|data_426_val   |   in|   16|     ap_none|                                                        data_426_val|        scalar|
|data_427_val   |   in|   16|     ap_none|                                                        data_427_val|        scalar|
|data_428_val   |   in|   16|     ap_none|                                                        data_428_val|        scalar|
|data_429_val   |   in|   16|     ap_none|                                                        data_429_val|        scalar|
|data_430_val   |   in|   16|     ap_none|                                                        data_430_val|        scalar|
|data_431_val   |   in|   16|     ap_none|                                                        data_431_val|        scalar|
|data_432_val   |   in|   16|     ap_none|                                                        data_432_val|        scalar|
|data_433_val   |   in|   16|     ap_none|                                                        data_433_val|        scalar|
|data_434_val   |   in|   16|     ap_none|                                                        data_434_val|        scalar|
|data_435_val   |   in|   16|     ap_none|                                                        data_435_val|        scalar|
|data_436_val   |   in|   16|     ap_none|                                                        data_436_val|        scalar|
|data_437_val   |   in|   16|     ap_none|                                                        data_437_val|        scalar|
|data_438_val   |   in|   16|     ap_none|                                                        data_438_val|        scalar|
|data_439_val   |   in|   16|     ap_none|                                                        data_439_val|        scalar|
|data_440_val   |   in|   16|     ap_none|                                                        data_440_val|        scalar|
|data_441_val   |   in|   16|     ap_none|                                                        data_441_val|        scalar|
|data_442_val   |   in|   16|     ap_none|                                                        data_442_val|        scalar|
|data_443_val   |   in|   16|     ap_none|                                                        data_443_val|        scalar|
|data_444_val   |   in|   16|     ap_none|                                                        data_444_val|        scalar|
|data_445_val   |   in|   16|     ap_none|                                                        data_445_val|        scalar|
|data_446_val   |   in|   16|     ap_none|                                                        data_446_val|        scalar|
|data_447_val   |   in|   16|     ap_none|                                                        data_447_val|        scalar|
|data_448_val   |   in|   16|     ap_none|                                                        data_448_val|        scalar|
|data_449_val   |   in|   16|     ap_none|                                                        data_449_val|        scalar|
|data_450_val   |   in|   16|     ap_none|                                                        data_450_val|        scalar|
|data_451_val   |   in|   16|     ap_none|                                                        data_451_val|        scalar|
|data_452_val   |   in|   16|     ap_none|                                                        data_452_val|        scalar|
|data_453_val   |   in|   16|     ap_none|                                                        data_453_val|        scalar|
|data_454_val   |   in|   16|     ap_none|                                                        data_454_val|        scalar|
|data_455_val   |   in|   16|     ap_none|                                                        data_455_val|        scalar|
|data_456_val   |   in|   16|     ap_none|                                                        data_456_val|        scalar|
|data_457_val   |   in|   16|     ap_none|                                                        data_457_val|        scalar|
|data_458_val   |   in|   16|     ap_none|                                                        data_458_val|        scalar|
|data_459_val   |   in|   16|     ap_none|                                                        data_459_val|        scalar|
|data_460_val   |   in|   16|     ap_none|                                                        data_460_val|        scalar|
|data_461_val   |   in|   16|     ap_none|                                                        data_461_val|        scalar|
|data_462_val   |   in|   16|     ap_none|                                                        data_462_val|        scalar|
|data_463_val   |   in|   16|     ap_none|                                                        data_463_val|        scalar|
|data_464_val   |   in|   16|     ap_none|                                                        data_464_val|        scalar|
|data_465_val   |   in|   16|     ap_none|                                                        data_465_val|        scalar|
|data_466_val   |   in|   16|     ap_none|                                                        data_466_val|        scalar|
|data_467_val   |   in|   16|     ap_none|                                                        data_467_val|        scalar|
|data_468_val   |   in|   16|     ap_none|                                                        data_468_val|        scalar|
|data_469_val   |   in|   16|     ap_none|                                                        data_469_val|        scalar|
|data_470_val   |   in|   16|     ap_none|                                                        data_470_val|        scalar|
|data_471_val   |   in|   16|     ap_none|                                                        data_471_val|        scalar|
|data_472_val   |   in|   16|     ap_none|                                                        data_472_val|        scalar|
|data_473_val   |   in|   16|     ap_none|                                                        data_473_val|        scalar|
|data_474_val   |   in|   16|     ap_none|                                                        data_474_val|        scalar|
|data_475_val   |   in|   16|     ap_none|                                                        data_475_val|        scalar|
|data_476_val   |   in|   16|     ap_none|                                                        data_476_val|        scalar|
|data_477_val   |   in|   16|     ap_none|                                                        data_477_val|        scalar|
|data_478_val   |   in|   16|     ap_none|                                                        data_478_val|        scalar|
|data_479_val   |   in|   16|     ap_none|                                                        data_479_val|        scalar|
|data_480_val   |   in|   16|     ap_none|                                                        data_480_val|        scalar|
|data_481_val   |   in|   16|     ap_none|                                                        data_481_val|        scalar|
|data_482_val   |   in|   16|     ap_none|                                                        data_482_val|        scalar|
|data_483_val   |   in|   16|     ap_none|                                                        data_483_val|        scalar|
|data_484_val   |   in|   16|     ap_none|                                                        data_484_val|        scalar|
|data_485_val   |   in|   16|     ap_none|                                                        data_485_val|        scalar|
|data_486_val   |   in|   16|     ap_none|                                                        data_486_val|        scalar|
|data_487_val   |   in|   16|     ap_none|                                                        data_487_val|        scalar|
|data_488_val   |   in|   16|     ap_none|                                                        data_488_val|        scalar|
|data_489_val   |   in|   16|     ap_none|                                                        data_489_val|        scalar|
|data_490_val   |   in|   16|     ap_none|                                                        data_490_val|        scalar|
|data_491_val   |   in|   16|     ap_none|                                                        data_491_val|        scalar|
|data_492_val   |   in|   16|     ap_none|                                                        data_492_val|        scalar|
|data_493_val   |   in|   16|     ap_none|                                                        data_493_val|        scalar|
|data_494_val   |   in|   16|     ap_none|                                                        data_494_val|        scalar|
|data_495_val   |   in|   16|     ap_none|                                                        data_495_val|        scalar|
|data_496_val   |   in|   16|     ap_none|                                                        data_496_val|        scalar|
|data_497_val   |   in|   16|     ap_none|                                                        data_497_val|        scalar|
|data_498_val   |   in|   16|     ap_none|                                                        data_498_val|        scalar|
|data_499_val   |   in|   16|     ap_none|                                                        data_499_val|        scalar|
|data_500_val   |   in|   16|     ap_none|                                                        data_500_val|        scalar|
|data_501_val   |   in|   16|     ap_none|                                                        data_501_val|        scalar|
|data_502_val   |   in|   16|     ap_none|                                                        data_502_val|        scalar|
|data_503_val   |   in|   16|     ap_none|                                                        data_503_val|        scalar|
|data_504_val   |   in|   16|     ap_none|                                                        data_504_val|        scalar|
|data_505_val   |   in|   16|     ap_none|                                                        data_505_val|        scalar|
|data_506_val   |   in|   16|     ap_none|                                                        data_506_val|        scalar|
|data_507_val   |   in|   16|     ap_none|                                                        data_507_val|        scalar|
|data_508_val   |   in|   16|     ap_none|                                                        data_508_val|        scalar|
|data_509_val   |   in|   16|     ap_none|                                                        data_509_val|        scalar|
|data_510_val   |   in|   16|     ap_none|                                                        data_510_val|        scalar|
|data_511_val   |   in|   16|     ap_none|                                                        data_511_val|        scalar|
|data_512_val   |   in|   16|     ap_none|                                                        data_512_val|        scalar|
|data_513_val   |   in|   16|     ap_none|                                                        data_513_val|        scalar|
|data_514_val   |   in|   16|     ap_none|                                                        data_514_val|        scalar|
|data_515_val   |   in|   16|     ap_none|                                                        data_515_val|        scalar|
|data_516_val   |   in|   16|     ap_none|                                                        data_516_val|        scalar|
|data_517_val   |   in|   16|     ap_none|                                                        data_517_val|        scalar|
|data_518_val   |   in|   16|     ap_none|                                                        data_518_val|        scalar|
|data_519_val   |   in|   16|     ap_none|                                                        data_519_val|        scalar|
|data_520_val   |   in|   16|     ap_none|                                                        data_520_val|        scalar|
|data_521_val   |   in|   16|     ap_none|                                                        data_521_val|        scalar|
|data_522_val   |   in|   16|     ap_none|                                                        data_522_val|        scalar|
|data_523_val   |   in|   16|     ap_none|                                                        data_523_val|        scalar|
|data_524_val   |   in|   16|     ap_none|                                                        data_524_val|        scalar|
|data_525_val   |   in|   16|     ap_none|                                                        data_525_val|        scalar|
|data_526_val   |   in|   16|     ap_none|                                                        data_526_val|        scalar|
|data_527_val   |   in|   16|     ap_none|                                                        data_527_val|        scalar|
|data_528_val   |   in|   16|     ap_none|                                                        data_528_val|        scalar|
|data_529_val   |   in|   16|     ap_none|                                                        data_529_val|        scalar|
|data_530_val   |   in|   16|     ap_none|                                                        data_530_val|        scalar|
|data_531_val   |   in|   16|     ap_none|                                                        data_531_val|        scalar|
|data_532_val   |   in|   16|     ap_none|                                                        data_532_val|        scalar|
|data_533_val   |   in|   16|     ap_none|                                                        data_533_val|        scalar|
|data_534_val   |   in|   16|     ap_none|                                                        data_534_val|        scalar|
|data_535_val   |   in|   16|     ap_none|                                                        data_535_val|        scalar|
|data_536_val   |   in|   16|     ap_none|                                                        data_536_val|        scalar|
|data_537_val   |   in|   16|     ap_none|                                                        data_537_val|        scalar|
|data_538_val   |   in|   16|     ap_none|                                                        data_538_val|        scalar|
|data_539_val   |   in|   16|     ap_none|                                                        data_539_val|        scalar|
|data_540_val   |   in|   16|     ap_none|                                                        data_540_val|        scalar|
|data_541_val   |   in|   16|     ap_none|                                                        data_541_val|        scalar|
|data_542_val   |   in|   16|     ap_none|                                                        data_542_val|        scalar|
|data_543_val   |   in|   16|     ap_none|                                                        data_543_val|        scalar|
|data_544_val   |   in|   16|     ap_none|                                                        data_544_val|        scalar|
|data_545_val   |   in|   16|     ap_none|                                                        data_545_val|        scalar|
|data_546_val   |   in|   16|     ap_none|                                                        data_546_val|        scalar|
|data_547_val   |   in|   16|     ap_none|                                                        data_547_val|        scalar|
|data_548_val   |   in|   16|     ap_none|                                                        data_548_val|        scalar|
|data_549_val   |   in|   16|     ap_none|                                                        data_549_val|        scalar|
|data_550_val   |   in|   16|     ap_none|                                                        data_550_val|        scalar|
|data_551_val   |   in|   16|     ap_none|                                                        data_551_val|        scalar|
|data_552_val   |   in|   16|     ap_none|                                                        data_552_val|        scalar|
|data_553_val   |   in|   16|     ap_none|                                                        data_553_val|        scalar|
|data_554_val   |   in|   16|     ap_none|                                                        data_554_val|        scalar|
|data_555_val   |   in|   16|     ap_none|                                                        data_555_val|        scalar|
|data_556_val   |   in|   16|     ap_none|                                                        data_556_val|        scalar|
|data_557_val   |   in|   16|     ap_none|                                                        data_557_val|        scalar|
|data_558_val   |   in|   16|     ap_none|                                                        data_558_val|        scalar|
|data_559_val   |   in|   16|     ap_none|                                                        data_559_val|        scalar|
|data_560_val   |   in|   16|     ap_none|                                                        data_560_val|        scalar|
|data_561_val   |   in|   16|     ap_none|                                                        data_561_val|        scalar|
|data_562_val   |   in|   16|     ap_none|                                                        data_562_val|        scalar|
|data_563_val   |   in|   16|     ap_none|                                                        data_563_val|        scalar|
|data_564_val   |   in|   16|     ap_none|                                                        data_564_val|        scalar|
|data_565_val   |   in|   16|     ap_none|                                                        data_565_val|        scalar|
|data_566_val   |   in|   16|     ap_none|                                                        data_566_val|        scalar|
|data_567_val   |   in|   16|     ap_none|                                                        data_567_val|        scalar|
|data_568_val   |   in|   16|     ap_none|                                                        data_568_val|        scalar|
|data_569_val   |   in|   16|     ap_none|                                                        data_569_val|        scalar|
|data_570_val   |   in|   16|     ap_none|                                                        data_570_val|        scalar|
|data_571_val   |   in|   16|     ap_none|                                                        data_571_val|        scalar|
|data_572_val   |   in|   16|     ap_none|                                                        data_572_val|        scalar|
|data_573_val   |   in|   16|     ap_none|                                                        data_573_val|        scalar|
|data_574_val   |   in|   16|     ap_none|                                                        data_574_val|        scalar|
|data_575_val   |   in|   16|     ap_none|                                                        data_575_val|        scalar|
|data_576_val   |   in|   16|     ap_none|                                                        data_576_val|        scalar|
|data_577_val   |   in|   16|     ap_none|                                                        data_577_val|        scalar|
|data_578_val   |   in|   16|     ap_none|                                                        data_578_val|        scalar|
|data_579_val   |   in|   16|     ap_none|                                                        data_579_val|        scalar|
|data_580_val   |   in|   16|     ap_none|                                                        data_580_val|        scalar|
|data_581_val   |   in|   16|     ap_none|                                                        data_581_val|        scalar|
|data_582_val   |   in|   16|     ap_none|                                                        data_582_val|        scalar|
|data_583_val   |   in|   16|     ap_none|                                                        data_583_val|        scalar|
|data_584_val   |   in|   16|     ap_none|                                                        data_584_val|        scalar|
|data_585_val   |   in|   16|     ap_none|                                                        data_585_val|        scalar|
|data_586_val   |   in|   16|     ap_none|                                                        data_586_val|        scalar|
|data_587_val   |   in|   16|     ap_none|                                                        data_587_val|        scalar|
|data_588_val   |   in|   16|     ap_none|                                                        data_588_val|        scalar|
|data_589_val   |   in|   16|     ap_none|                                                        data_589_val|        scalar|
|data_590_val   |   in|   16|     ap_none|                                                        data_590_val|        scalar|
|data_591_val   |   in|   16|     ap_none|                                                        data_591_val|        scalar|
|data_592_val   |   in|   16|     ap_none|                                                        data_592_val|        scalar|
|data_593_val   |   in|   16|     ap_none|                                                        data_593_val|        scalar|
|data_594_val   |   in|   16|     ap_none|                                                        data_594_val|        scalar|
|data_595_val   |   in|   16|     ap_none|                                                        data_595_val|        scalar|
|data_596_val   |   in|   16|     ap_none|                                                        data_596_val|        scalar|
|data_597_val   |   in|   16|     ap_none|                                                        data_597_val|        scalar|
|data_598_val   |   in|   16|     ap_none|                                                        data_598_val|        scalar|
|data_599_val   |   in|   16|     ap_none|                                                        data_599_val|        scalar|
|data_600_val   |   in|   16|     ap_none|                                                        data_600_val|        scalar|
|data_601_val   |   in|   16|     ap_none|                                                        data_601_val|        scalar|
|data_602_val   |   in|   16|     ap_none|                                                        data_602_val|        scalar|
|data_603_val   |   in|   16|     ap_none|                                                        data_603_val|        scalar|
|data_604_val   |   in|   16|     ap_none|                                                        data_604_val|        scalar|
|data_605_val   |   in|   16|     ap_none|                                                        data_605_val|        scalar|
|data_606_val   |   in|   16|     ap_none|                                                        data_606_val|        scalar|
|data_607_val   |   in|   16|     ap_none|                                                        data_607_val|        scalar|
|data_608_val   |   in|   16|     ap_none|                                                        data_608_val|        scalar|
|data_609_val   |   in|   16|     ap_none|                                                        data_609_val|        scalar|
|data_610_val   |   in|   16|     ap_none|                                                        data_610_val|        scalar|
|data_611_val   |   in|   16|     ap_none|                                                        data_611_val|        scalar|
|data_612_val   |   in|   16|     ap_none|                                                        data_612_val|        scalar|
|data_613_val   |   in|   16|     ap_none|                                                        data_613_val|        scalar|
|data_614_val   |   in|   16|     ap_none|                                                        data_614_val|        scalar|
|data_615_val   |   in|   16|     ap_none|                                                        data_615_val|        scalar|
|data_616_val   |   in|   16|     ap_none|                                                        data_616_val|        scalar|
|data_617_val   |   in|   16|     ap_none|                                                        data_617_val|        scalar|
|data_618_val   |   in|   16|     ap_none|                                                        data_618_val|        scalar|
|data_619_val   |   in|   16|     ap_none|                                                        data_619_val|        scalar|
|data_620_val   |   in|   16|     ap_none|                                                        data_620_val|        scalar|
|data_621_val   |   in|   16|     ap_none|                                                        data_621_val|        scalar|
|data_622_val   |   in|   16|     ap_none|                                                        data_622_val|        scalar|
|data_623_val   |   in|   16|     ap_none|                                                        data_623_val|        scalar|
|data_624_val   |   in|   16|     ap_none|                                                        data_624_val|        scalar|
|data_625_val   |   in|   16|     ap_none|                                                        data_625_val|        scalar|
|data_626_val   |   in|   16|     ap_none|                                                        data_626_val|        scalar|
|data_627_val   |   in|   16|     ap_none|                                                        data_627_val|        scalar|
|data_628_val   |   in|   16|     ap_none|                                                        data_628_val|        scalar|
|data_629_val   |   in|   16|     ap_none|                                                        data_629_val|        scalar|
|data_630_val   |   in|   16|     ap_none|                                                        data_630_val|        scalar|
|data_631_val   |   in|   16|     ap_none|                                                        data_631_val|        scalar|
|data_632_val   |   in|   16|     ap_none|                                                        data_632_val|        scalar|
|data_633_val   |   in|   16|     ap_none|                                                        data_633_val|        scalar|
|data_634_val   |   in|   16|     ap_none|                                                        data_634_val|        scalar|
|data_635_val   |   in|   16|     ap_none|                                                        data_635_val|        scalar|
|data_636_val   |   in|   16|     ap_none|                                                        data_636_val|        scalar|
|data_637_val   |   in|   16|     ap_none|                                                        data_637_val|        scalar|
|data_638_val   |   in|   16|     ap_none|                                                        data_638_val|        scalar|
|data_639_val   |   in|   16|     ap_none|                                                        data_639_val|        scalar|
|data_640_val   |   in|   16|     ap_none|                                                        data_640_val|        scalar|
|data_641_val   |   in|   16|     ap_none|                                                        data_641_val|        scalar|
|data_642_val   |   in|   16|     ap_none|                                                        data_642_val|        scalar|
|data_643_val   |   in|   16|     ap_none|                                                        data_643_val|        scalar|
|data_644_val   |   in|   16|     ap_none|                                                        data_644_val|        scalar|
|data_645_val   |   in|   16|     ap_none|                                                        data_645_val|        scalar|
|data_646_val   |   in|   16|     ap_none|                                                        data_646_val|        scalar|
|data_647_val   |   in|   16|     ap_none|                                                        data_647_val|        scalar|
|data_648_val   |   in|   16|     ap_none|                                                        data_648_val|        scalar|
|data_649_val   |   in|   16|     ap_none|                                                        data_649_val|        scalar|
|data_650_val   |   in|   16|     ap_none|                                                        data_650_val|        scalar|
|data_651_val   |   in|   16|     ap_none|                                                        data_651_val|        scalar|
|data_652_val   |   in|   16|     ap_none|                                                        data_652_val|        scalar|
|data_653_val   |   in|   16|     ap_none|                                                        data_653_val|        scalar|
|data_654_val   |   in|   16|     ap_none|                                                        data_654_val|        scalar|
|data_655_val   |   in|   16|     ap_none|                                                        data_655_val|        scalar|
|data_656_val   |   in|   16|     ap_none|                                                        data_656_val|        scalar|
|data_657_val   |   in|   16|     ap_none|                                                        data_657_val|        scalar|
|data_658_val   |   in|   16|     ap_none|                                                        data_658_val|        scalar|
|data_659_val   |   in|   16|     ap_none|                                                        data_659_val|        scalar|
|data_660_val   |   in|   16|     ap_none|                                                        data_660_val|        scalar|
|data_661_val   |   in|   16|     ap_none|                                                        data_661_val|        scalar|
|data_662_val   |   in|   16|     ap_none|                                                        data_662_val|        scalar|
|data_663_val   |   in|   16|     ap_none|                                                        data_663_val|        scalar|
|data_664_val   |   in|   16|     ap_none|                                                        data_664_val|        scalar|
|data_665_val   |   in|   16|     ap_none|                                                        data_665_val|        scalar|
|data_666_val   |   in|   16|     ap_none|                                                        data_666_val|        scalar|
|data_667_val   |   in|   16|     ap_none|                                                        data_667_val|        scalar|
|data_668_val   |   in|   16|     ap_none|                                                        data_668_val|        scalar|
|data_669_val   |   in|   16|     ap_none|                                                        data_669_val|        scalar|
|data_670_val   |   in|   16|     ap_none|                                                        data_670_val|        scalar|
|data_671_val   |   in|   16|     ap_none|                                                        data_671_val|        scalar|
|data_672_val   |   in|   16|     ap_none|                                                        data_672_val|        scalar|
|data_673_val   |   in|   16|     ap_none|                                                        data_673_val|        scalar|
|data_674_val   |   in|   16|     ap_none|                                                        data_674_val|        scalar|
|data_675_val   |   in|   16|     ap_none|                                                        data_675_val|        scalar|
|data_676_val   |   in|   16|     ap_none|                                                        data_676_val|        scalar|
|data_677_val   |   in|   16|     ap_none|                                                        data_677_val|        scalar|
|data_678_val   |   in|   16|     ap_none|                                                        data_678_val|        scalar|
|data_679_val   |   in|   16|     ap_none|                                                        data_679_val|        scalar|
|data_680_val   |   in|   16|     ap_none|                                                        data_680_val|        scalar|
|data_681_val   |   in|   16|     ap_none|                                                        data_681_val|        scalar|
|data_682_val   |   in|   16|     ap_none|                                                        data_682_val|        scalar|
|data_683_val   |   in|   16|     ap_none|                                                        data_683_val|        scalar|
|data_684_val   |   in|   16|     ap_none|                                                        data_684_val|        scalar|
|data_685_val   |   in|   16|     ap_none|                                                        data_685_val|        scalar|
|data_686_val   |   in|   16|     ap_none|                                                        data_686_val|        scalar|
|data_687_val   |   in|   16|     ap_none|                                                        data_687_val|        scalar|
|data_688_val   |   in|   16|     ap_none|                                                        data_688_val|        scalar|
|data_689_val   |   in|   16|     ap_none|                                                        data_689_val|        scalar|
|data_690_val   |   in|   16|     ap_none|                                                        data_690_val|        scalar|
|data_691_val   |   in|   16|     ap_none|                                                        data_691_val|        scalar|
|data_692_val   |   in|   16|     ap_none|                                                        data_692_val|        scalar|
|data_693_val   |   in|   16|     ap_none|                                                        data_693_val|        scalar|
|data_694_val   |   in|   16|     ap_none|                                                        data_694_val|        scalar|
|data_695_val   |   in|   16|     ap_none|                                                        data_695_val|        scalar|
|data_696_val   |   in|   16|     ap_none|                                                        data_696_val|        scalar|
|data_697_val   |   in|   16|     ap_none|                                                        data_697_val|        scalar|
|data_698_val   |   in|   16|     ap_none|                                                        data_698_val|        scalar|
|data_699_val   |   in|   16|     ap_none|                                                        data_699_val|        scalar|
|data_700_val   |   in|   16|     ap_none|                                                        data_700_val|        scalar|
|data_701_val   |   in|   16|     ap_none|                                                        data_701_val|        scalar|
|data_702_val   |   in|   16|     ap_none|                                                        data_702_val|        scalar|
|data_703_val   |   in|   16|     ap_none|                                                        data_703_val|        scalar|
|data_704_val   |   in|   16|     ap_none|                                                        data_704_val|        scalar|
|data_705_val   |   in|   16|     ap_none|                                                        data_705_val|        scalar|
|data_706_val   |   in|   16|     ap_none|                                                        data_706_val|        scalar|
|data_707_val   |   in|   16|     ap_none|                                                        data_707_val|        scalar|
|data_708_val   |   in|   16|     ap_none|                                                        data_708_val|        scalar|
|data_709_val   |   in|   16|     ap_none|                                                        data_709_val|        scalar|
|data_710_val   |   in|   16|     ap_none|                                                        data_710_val|        scalar|
|data_711_val   |   in|   16|     ap_none|                                                        data_711_val|        scalar|
|data_712_val   |   in|   16|     ap_none|                                                        data_712_val|        scalar|
|data_713_val   |   in|   16|     ap_none|                                                        data_713_val|        scalar|
|data_714_val   |   in|   16|     ap_none|                                                        data_714_val|        scalar|
|data_715_val   |   in|   16|     ap_none|                                                        data_715_val|        scalar|
|data_716_val   |   in|   16|     ap_none|                                                        data_716_val|        scalar|
|data_717_val   |   in|   16|     ap_none|                                                        data_717_val|        scalar|
|data_718_val   |   in|   16|     ap_none|                                                        data_718_val|        scalar|
|data_719_val   |   in|   16|     ap_none|                                                        data_719_val|        scalar|
|data_720_val   |   in|   16|     ap_none|                                                        data_720_val|        scalar|
|data_721_val   |   in|   16|     ap_none|                                                        data_721_val|        scalar|
|data_722_val   |   in|   16|     ap_none|                                                        data_722_val|        scalar|
|data_723_val   |   in|   16|     ap_none|                                                        data_723_val|        scalar|
|data_724_val   |   in|   16|     ap_none|                                                        data_724_val|        scalar|
|data_725_val   |   in|   16|     ap_none|                                                        data_725_val|        scalar|
|data_726_val   |   in|   16|     ap_none|                                                        data_726_val|        scalar|
|data_727_val   |   in|   16|     ap_none|                                                        data_727_val|        scalar|
|data_728_val   |   in|   16|     ap_none|                                                        data_728_val|        scalar|
|data_729_val   |   in|   16|     ap_none|                                                        data_729_val|        scalar|
|data_730_val   |   in|   16|     ap_none|                                                        data_730_val|        scalar|
|data_731_val   |   in|   16|     ap_none|                                                        data_731_val|        scalar|
|data_732_val   |   in|   16|     ap_none|                                                        data_732_val|        scalar|
|data_733_val   |   in|   16|     ap_none|                                                        data_733_val|        scalar|
|data_734_val   |   in|   16|     ap_none|                                                        data_734_val|        scalar|
|data_735_val   |   in|   16|     ap_none|                                                        data_735_val|        scalar|
|data_736_val   |   in|   16|     ap_none|                                                        data_736_val|        scalar|
|data_737_val   |   in|   16|     ap_none|                                                        data_737_val|        scalar|
|data_738_val   |   in|   16|     ap_none|                                                        data_738_val|        scalar|
|data_739_val   |   in|   16|     ap_none|                                                        data_739_val|        scalar|
|data_740_val   |   in|   16|     ap_none|                                                        data_740_val|        scalar|
|data_741_val   |   in|   16|     ap_none|                                                        data_741_val|        scalar|
|data_742_val   |   in|   16|     ap_none|                                                        data_742_val|        scalar|
|data_743_val   |   in|   16|     ap_none|                                                        data_743_val|        scalar|
|data_744_val   |   in|   16|     ap_none|                                                        data_744_val|        scalar|
|data_745_val   |   in|   16|     ap_none|                                                        data_745_val|        scalar|
|data_746_val   |   in|   16|     ap_none|                                                        data_746_val|        scalar|
|data_747_val   |   in|   16|     ap_none|                                                        data_747_val|        scalar|
|data_748_val   |   in|   16|     ap_none|                                                        data_748_val|        scalar|
|data_749_val   |   in|   16|     ap_none|                                                        data_749_val|        scalar|
|data_750_val   |   in|   16|     ap_none|                                                        data_750_val|        scalar|
|data_751_val   |   in|   16|     ap_none|                                                        data_751_val|        scalar|
|data_752_val   |   in|   16|     ap_none|                                                        data_752_val|        scalar|
|data_753_val   |   in|   16|     ap_none|                                                        data_753_val|        scalar|
|data_754_val   |   in|   16|     ap_none|                                                        data_754_val|        scalar|
|data_755_val   |   in|   16|     ap_none|                                                        data_755_val|        scalar|
|data_756_val   |   in|   16|     ap_none|                                                        data_756_val|        scalar|
|data_757_val   |   in|   16|     ap_none|                                                        data_757_val|        scalar|
|data_758_val   |   in|   16|     ap_none|                                                        data_758_val|        scalar|
|data_759_val   |   in|   16|     ap_none|                                                        data_759_val|        scalar|
|data_760_val   |   in|   16|     ap_none|                                                        data_760_val|        scalar|
|data_761_val   |   in|   16|     ap_none|                                                        data_761_val|        scalar|
|data_762_val   |   in|   16|     ap_none|                                                        data_762_val|        scalar|
|data_763_val   |   in|   16|     ap_none|                                                        data_763_val|        scalar|
|data_764_val   |   in|   16|     ap_none|                                                        data_764_val|        scalar|
|data_765_val   |   in|   16|     ap_none|                                                        data_765_val|        scalar|
|data_766_val   |   in|   16|     ap_none|                                                        data_766_val|        scalar|
|data_767_val   |   in|   16|     ap_none|                                                        data_767_val|        scalar|
|data_768_val   |   in|   16|     ap_none|                                                        data_768_val|        scalar|
|data_769_val   |   in|   16|     ap_none|                                                        data_769_val|        scalar|
|data_770_val   |   in|   16|     ap_none|                                                        data_770_val|        scalar|
|data_771_val   |   in|   16|     ap_none|                                                        data_771_val|        scalar|
|data_772_val   |   in|   16|     ap_none|                                                        data_772_val|        scalar|
|data_773_val   |   in|   16|     ap_none|                                                        data_773_val|        scalar|
|data_774_val   |   in|   16|     ap_none|                                                        data_774_val|        scalar|
|data_775_val   |   in|   16|     ap_none|                                                        data_775_val|        scalar|
|data_776_val   |   in|   16|     ap_none|                                                        data_776_val|        scalar|
|data_777_val   |   in|   16|     ap_none|                                                        data_777_val|        scalar|
|data_778_val   |   in|   16|     ap_none|                                                        data_778_val|        scalar|
|data_779_val   |   in|   16|     ap_none|                                                        data_779_val|        scalar|
|data_780_val   |   in|   16|     ap_none|                                                        data_780_val|        scalar|
|data_781_val   |   in|   16|     ap_none|                                                        data_781_val|        scalar|
|data_782_val   |   in|   16|     ap_none|                                                        data_782_val|        scalar|
|data_783_val   |   in|   16|     ap_none|                                                        data_783_val|        scalar|
|data_784_val   |   in|   16|     ap_none|                                                        data_784_val|        scalar|
|data_785_val   |   in|   16|     ap_none|                                                        data_785_val|        scalar|
|data_786_val   |   in|   16|     ap_none|                                                        data_786_val|        scalar|
|data_787_val   |   in|   16|     ap_none|                                                        data_787_val|        scalar|
|data_788_val   |   in|   16|     ap_none|                                                        data_788_val|        scalar|
|data_789_val   |   in|   16|     ap_none|                                                        data_789_val|        scalar|
|data_790_val   |   in|   16|     ap_none|                                                        data_790_val|        scalar|
|data_791_val   |   in|   16|     ap_none|                                                        data_791_val|        scalar|
|data_792_val   |   in|   16|     ap_none|                                                        data_792_val|        scalar|
|data_793_val   |   in|   16|     ap_none|                                                        data_793_val|        scalar|
|data_794_val   |   in|   16|     ap_none|                                                        data_794_val|        scalar|
|data_795_val   |   in|   16|     ap_none|                                                        data_795_val|        scalar|
|data_796_val   |   in|   16|     ap_none|                                                        data_796_val|        scalar|
|data_797_val   |   in|   16|     ap_none|                                                        data_797_val|        scalar|
|data_798_val   |   in|   16|     ap_none|                                                        data_798_val|        scalar|
|data_799_val   |   in|   16|     ap_none|                                                        data_799_val|        scalar|
|data_800_val   |   in|   16|     ap_none|                                                        data_800_val|        scalar|
|data_801_val   |   in|   16|     ap_none|                                                        data_801_val|        scalar|
|data_802_val   |   in|   16|     ap_none|                                                        data_802_val|        scalar|
|data_803_val   |   in|   16|     ap_none|                                                        data_803_val|        scalar|
|data_804_val   |   in|   16|     ap_none|                                                        data_804_val|        scalar|
|data_805_val   |   in|   16|     ap_none|                                                        data_805_val|        scalar|
|data_806_val   |   in|   16|     ap_none|                                                        data_806_val|        scalar|
|data_807_val   |   in|   16|     ap_none|                                                        data_807_val|        scalar|
|data_808_val   |   in|   16|     ap_none|                                                        data_808_val|        scalar|
|data_809_val   |   in|   16|     ap_none|                                                        data_809_val|        scalar|
|data_810_val   |   in|   16|     ap_none|                                                        data_810_val|        scalar|
|data_811_val   |   in|   16|     ap_none|                                                        data_811_val|        scalar|
|data_812_val   |   in|   16|     ap_none|                                                        data_812_val|        scalar|
|data_813_val   |   in|   16|     ap_none|                                                        data_813_val|        scalar|
|data_814_val   |   in|   16|     ap_none|                                                        data_814_val|        scalar|
|data_815_val   |   in|   16|     ap_none|                                                        data_815_val|        scalar|
|data_816_val   |   in|   16|     ap_none|                                                        data_816_val|        scalar|
|data_817_val   |   in|   16|     ap_none|                                                        data_817_val|        scalar|
|data_818_val   |   in|   16|     ap_none|                                                        data_818_val|        scalar|
|data_819_val   |   in|   16|     ap_none|                                                        data_819_val|        scalar|
|data_820_val   |   in|   16|     ap_none|                                                        data_820_val|        scalar|
|data_821_val   |   in|   16|     ap_none|                                                        data_821_val|        scalar|
|data_822_val   |   in|   16|     ap_none|                                                        data_822_val|        scalar|
|data_823_val   |   in|   16|     ap_none|                                                        data_823_val|        scalar|
|data_824_val   |   in|   16|     ap_none|                                                        data_824_val|        scalar|
|data_825_val   |   in|   16|     ap_none|                                                        data_825_val|        scalar|
|data_826_val   |   in|   16|     ap_none|                                                        data_826_val|        scalar|
|data_827_val   |   in|   16|     ap_none|                                                        data_827_val|        scalar|
|data_828_val   |   in|   16|     ap_none|                                                        data_828_val|        scalar|
|data_829_val   |   in|   16|     ap_none|                                                        data_829_val|        scalar|
|data_830_val   |   in|   16|     ap_none|                                                        data_830_val|        scalar|
|data_831_val   |   in|   16|     ap_none|                                                        data_831_val|        scalar|
|data_832_val   |   in|   16|     ap_none|                                                        data_832_val|        scalar|
|data_833_val   |   in|   16|     ap_none|                                                        data_833_val|        scalar|
|data_834_val   |   in|   16|     ap_none|                                                        data_834_val|        scalar|
|data_835_val   |   in|   16|     ap_none|                                                        data_835_val|        scalar|
|data_836_val   |   in|   16|     ap_none|                                                        data_836_val|        scalar|
|data_837_val   |   in|   16|     ap_none|                                                        data_837_val|        scalar|
|data_838_val   |   in|   16|     ap_none|                                                        data_838_val|        scalar|
|data_839_val   |   in|   16|     ap_none|                                                        data_839_val|        scalar|
|data_840_val   |   in|   16|     ap_none|                                                        data_840_val|        scalar|
|data_841_val   |   in|   16|     ap_none|                                                        data_841_val|        scalar|
|data_842_val   |   in|   16|     ap_none|                                                        data_842_val|        scalar|
|data_843_val   |   in|   16|     ap_none|                                                        data_843_val|        scalar|
|data_844_val   |   in|   16|     ap_none|                                                        data_844_val|        scalar|
|data_845_val   |   in|   16|     ap_none|                                                        data_845_val|        scalar|
|data_846_val   |   in|   16|     ap_none|                                                        data_846_val|        scalar|
|data_847_val   |   in|   16|     ap_none|                                                        data_847_val|        scalar|
|data_848_val   |   in|   16|     ap_none|                                                        data_848_val|        scalar|
|data_849_val   |   in|   16|     ap_none|                                                        data_849_val|        scalar|
|data_850_val   |   in|   16|     ap_none|                                                        data_850_val|        scalar|
|data_851_val   |   in|   16|     ap_none|                                                        data_851_val|        scalar|
|data_852_val   |   in|   16|     ap_none|                                                        data_852_val|        scalar|
|data_853_val   |   in|   16|     ap_none|                                                        data_853_val|        scalar|
|data_854_val   |   in|   16|     ap_none|                                                        data_854_val|        scalar|
|data_855_val   |   in|   16|     ap_none|                                                        data_855_val|        scalar|
|data_856_val   |   in|   16|     ap_none|                                                        data_856_val|        scalar|
|data_857_val   |   in|   16|     ap_none|                                                        data_857_val|        scalar|
|data_858_val   |   in|   16|     ap_none|                                                        data_858_val|        scalar|
|data_859_val   |   in|   16|     ap_none|                                                        data_859_val|        scalar|
|data_860_val   |   in|   16|     ap_none|                                                        data_860_val|        scalar|
|data_861_val   |   in|   16|     ap_none|                                                        data_861_val|        scalar|
|data_862_val   |   in|   16|     ap_none|                                                        data_862_val|        scalar|
|data_863_val   |   in|   16|     ap_none|                                                        data_863_val|        scalar|
|data_864_val   |   in|   16|     ap_none|                                                        data_864_val|        scalar|
|data_865_val   |   in|   16|     ap_none|                                                        data_865_val|        scalar|
|data_866_val   |   in|   16|     ap_none|                                                        data_866_val|        scalar|
|data_867_val   |   in|   16|     ap_none|                                                        data_867_val|        scalar|
|data_868_val   |   in|   16|     ap_none|                                                        data_868_val|        scalar|
|data_869_val   |   in|   16|     ap_none|                                                        data_869_val|        scalar|
|data_870_val   |   in|   16|     ap_none|                                                        data_870_val|        scalar|
|data_871_val   |   in|   16|     ap_none|                                                        data_871_val|        scalar|
|data_872_val   |   in|   16|     ap_none|                                                        data_872_val|        scalar|
|data_873_val   |   in|   16|     ap_none|                                                        data_873_val|        scalar|
|data_874_val   |   in|   16|     ap_none|                                                        data_874_val|        scalar|
|data_875_val   |   in|   16|     ap_none|                                                        data_875_val|        scalar|
|data_876_val   |   in|   16|     ap_none|                                                        data_876_val|        scalar|
|data_877_val   |   in|   16|     ap_none|                                                        data_877_val|        scalar|
|data_878_val   |   in|   16|     ap_none|                                                        data_878_val|        scalar|
|data_879_val   |   in|   16|     ap_none|                                                        data_879_val|        scalar|
|data_880_val   |   in|   16|     ap_none|                                                        data_880_val|        scalar|
|data_881_val   |   in|   16|     ap_none|                                                        data_881_val|        scalar|
|data_882_val   |   in|   16|     ap_none|                                                        data_882_val|        scalar|
|data_883_val   |   in|   16|     ap_none|                                                        data_883_val|        scalar|
|data_884_val   |   in|   16|     ap_none|                                                        data_884_val|        scalar|
|data_885_val   |   in|   16|     ap_none|                                                        data_885_val|        scalar|
|data_886_val   |   in|   16|     ap_none|                                                        data_886_val|        scalar|
|data_887_val   |   in|   16|     ap_none|                                                        data_887_val|        scalar|
|data_888_val   |   in|   16|     ap_none|                                                        data_888_val|        scalar|
|data_889_val   |   in|   16|     ap_none|                                                        data_889_val|        scalar|
|data_890_val   |   in|   16|     ap_none|                                                        data_890_val|        scalar|
|data_891_val   |   in|   16|     ap_none|                                                        data_891_val|        scalar|
|data_892_val   |   in|   16|     ap_none|                                                        data_892_val|        scalar|
|data_893_val   |   in|   16|     ap_none|                                                        data_893_val|        scalar|
|data_894_val   |   in|   16|     ap_none|                                                        data_894_val|        scalar|
|data_895_val   |   in|   16|     ap_none|                                                        data_895_val|        scalar|
|data_896_val   |   in|   16|     ap_none|                                                        data_896_val|        scalar|
|data_897_val   |   in|   16|     ap_none|                                                        data_897_val|        scalar|
|data_898_val   |   in|   16|     ap_none|                                                        data_898_val|        scalar|
|data_899_val   |   in|   16|     ap_none|                                                        data_899_val|        scalar|
|data_900_val   |   in|   16|     ap_none|                                                        data_900_val|        scalar|
|data_901_val   |   in|   16|     ap_none|                                                        data_901_val|        scalar|
|data_902_val   |   in|   16|     ap_none|                                                        data_902_val|        scalar|
|data_903_val   |   in|   16|     ap_none|                                                        data_903_val|        scalar|
|data_904_val   |   in|   16|     ap_none|                                                        data_904_val|        scalar|
|data_905_val   |   in|   16|     ap_none|                                                        data_905_val|        scalar|
|data_906_val   |   in|   16|     ap_none|                                                        data_906_val|        scalar|
|data_907_val   |   in|   16|     ap_none|                                                        data_907_val|        scalar|
|data_908_val   |   in|   16|     ap_none|                                                        data_908_val|        scalar|
|data_909_val   |   in|   16|     ap_none|                                                        data_909_val|        scalar|
|data_910_val   |   in|   16|     ap_none|                                                        data_910_val|        scalar|
|data_911_val   |   in|   16|     ap_none|                                                        data_911_val|        scalar|
|data_912_val   |   in|   16|     ap_none|                                                        data_912_val|        scalar|
|data_913_val   |   in|   16|     ap_none|                                                        data_913_val|        scalar|
|data_914_val   |   in|   16|     ap_none|                                                        data_914_val|        scalar|
|data_915_val   |   in|   16|     ap_none|                                                        data_915_val|        scalar|
|data_916_val   |   in|   16|     ap_none|                                                        data_916_val|        scalar|
|data_917_val   |   in|   16|     ap_none|                                                        data_917_val|        scalar|
|data_918_val   |   in|   16|     ap_none|                                                        data_918_val|        scalar|
|data_919_val   |   in|   16|     ap_none|                                                        data_919_val|        scalar|
|data_920_val   |   in|   16|     ap_none|                                                        data_920_val|        scalar|
|data_921_val   |   in|   16|     ap_none|                                                        data_921_val|        scalar|
|data_922_val   |   in|   16|     ap_none|                                                        data_922_val|        scalar|
|data_923_val   |   in|   16|     ap_none|                                                        data_923_val|        scalar|
|data_924_val   |   in|   16|     ap_none|                                                        data_924_val|        scalar|
|data_925_val   |   in|   16|     ap_none|                                                        data_925_val|        scalar|
|data_926_val   |   in|   16|     ap_none|                                                        data_926_val|        scalar|
|data_927_val   |   in|   16|     ap_none|                                                        data_927_val|        scalar|
|data_928_val   |   in|   16|     ap_none|                                                        data_928_val|        scalar|
|data_929_val   |   in|   16|     ap_none|                                                        data_929_val|        scalar|
|data_930_val   |   in|   16|     ap_none|                                                        data_930_val|        scalar|
|data_931_val   |   in|   16|     ap_none|                                                        data_931_val|        scalar|
|data_932_val   |   in|   16|     ap_none|                                                        data_932_val|        scalar|
|data_933_val   |   in|   16|     ap_none|                                                        data_933_val|        scalar|
|data_934_val   |   in|   16|     ap_none|                                                        data_934_val|        scalar|
|data_935_val   |   in|   16|     ap_none|                                                        data_935_val|        scalar|
|data_936_val   |   in|   16|     ap_none|                                                        data_936_val|        scalar|
|data_937_val   |   in|   16|     ap_none|                                                        data_937_val|        scalar|
|data_938_val   |   in|   16|     ap_none|                                                        data_938_val|        scalar|
|data_939_val   |   in|   16|     ap_none|                                                        data_939_val|        scalar|
|data_940_val   |   in|   16|     ap_none|                                                        data_940_val|        scalar|
|data_941_val   |   in|   16|     ap_none|                                                        data_941_val|        scalar|
|data_942_val   |   in|   16|     ap_none|                                                        data_942_val|        scalar|
|data_943_val   |   in|   16|     ap_none|                                                        data_943_val|        scalar|
|data_944_val   |   in|   16|     ap_none|                                                        data_944_val|        scalar|
|data_945_val   |   in|   16|     ap_none|                                                        data_945_val|        scalar|
|data_946_val   |   in|   16|     ap_none|                                                        data_946_val|        scalar|
|data_947_val   |   in|   16|     ap_none|                                                        data_947_val|        scalar|
|data_948_val   |   in|   16|     ap_none|                                                        data_948_val|        scalar|
|data_949_val   |   in|   16|     ap_none|                                                        data_949_val|        scalar|
|data_950_val   |   in|   16|     ap_none|                                                        data_950_val|        scalar|
|data_951_val   |   in|   16|     ap_none|                                                        data_951_val|        scalar|
|data_952_val   |   in|   16|     ap_none|                                                        data_952_val|        scalar|
|data_953_val   |   in|   16|     ap_none|                                                        data_953_val|        scalar|
|data_954_val   |   in|   16|     ap_none|                                                        data_954_val|        scalar|
|data_955_val   |   in|   16|     ap_none|                                                        data_955_val|        scalar|
|data_956_val   |   in|   16|     ap_none|                                                        data_956_val|        scalar|
|data_957_val   |   in|   16|     ap_none|                                                        data_957_val|        scalar|
|data_958_val   |   in|   16|     ap_none|                                                        data_958_val|        scalar|
|data_959_val   |   in|   16|     ap_none|                                                        data_959_val|        scalar|
|data_960_val   |   in|   16|     ap_none|                                                        data_960_val|        scalar|
|data_961_val   |   in|   16|     ap_none|                                                        data_961_val|        scalar|
|data_962_val   |   in|   16|     ap_none|                                                        data_962_val|        scalar|
|data_963_val   |   in|   16|     ap_none|                                                        data_963_val|        scalar|
|data_964_val   |   in|   16|     ap_none|                                                        data_964_val|        scalar|
|data_965_val   |   in|   16|     ap_none|                                                        data_965_val|        scalar|
|data_966_val   |   in|   16|     ap_none|                                                        data_966_val|        scalar|
|data_967_val   |   in|   16|     ap_none|                                                        data_967_val|        scalar|
|data_968_val   |   in|   16|     ap_none|                                                        data_968_val|        scalar|
|data_969_val   |   in|   16|     ap_none|                                                        data_969_val|        scalar|
|data_970_val   |   in|   16|     ap_none|                                                        data_970_val|        scalar|
|data_971_val   |   in|   16|     ap_none|                                                        data_971_val|        scalar|
|data_972_val   |   in|   16|     ap_none|                                                        data_972_val|        scalar|
|data_973_val   |   in|   16|     ap_none|                                                        data_973_val|        scalar|
|data_974_val   |   in|   16|     ap_none|                                                        data_974_val|        scalar|
|data_975_val   |   in|   16|     ap_none|                                                        data_975_val|        scalar|
|data_976_val   |   in|   16|     ap_none|                                                        data_976_val|        scalar|
|data_977_val   |   in|   16|     ap_none|                                                        data_977_val|        scalar|
|data_978_val   |   in|   16|     ap_none|                                                        data_978_val|        scalar|
|data_979_val   |   in|   16|     ap_none|                                                        data_979_val|        scalar|
|data_980_val   |   in|   16|     ap_none|                                                        data_980_val|        scalar|
|data_981_val   |   in|   16|     ap_none|                                                        data_981_val|        scalar|
|data_982_val   |   in|   16|     ap_none|                                                        data_982_val|        scalar|
|data_983_val   |   in|   16|     ap_none|                                                        data_983_val|        scalar|
|data_984_val   |   in|   16|     ap_none|                                                        data_984_val|        scalar|
|data_985_val   |   in|   16|     ap_none|                                                        data_985_val|        scalar|
|data_986_val   |   in|   16|     ap_none|                                                        data_986_val|        scalar|
|data_987_val   |   in|   16|     ap_none|                                                        data_987_val|        scalar|
|data_988_val   |   in|   16|     ap_none|                                                        data_988_val|        scalar|
|data_989_val   |   in|   16|     ap_none|                                                        data_989_val|        scalar|
|data_990_val   |   in|   16|     ap_none|                                                        data_990_val|        scalar|
|data_991_val   |   in|   16|     ap_none|                                                        data_991_val|        scalar|
|data_992_val   |   in|   16|     ap_none|                                                        data_992_val|        scalar|
|data_993_val   |   in|   16|     ap_none|                                                        data_993_val|        scalar|
|data_994_val   |   in|   16|     ap_none|                                                        data_994_val|        scalar|
|data_995_val   |   in|   16|     ap_none|                                                        data_995_val|        scalar|
|data_996_val   |   in|   16|     ap_none|                                                        data_996_val|        scalar|
|data_997_val   |   in|   16|     ap_none|                                                        data_997_val|        scalar|
|data_998_val   |   in|   16|     ap_none|                                                        data_998_val|        scalar|
|data_999_val   |   in|   16|     ap_none|                                                        data_999_val|        scalar|
|data_1000_val  |   in|   16|     ap_none|                                                       data_1000_val|        scalar|
|data_1001_val  |   in|   16|     ap_none|                                                       data_1001_val|        scalar|
|data_1002_val  |   in|   16|     ap_none|                                                       data_1002_val|        scalar|
|data_1003_val  |   in|   16|     ap_none|                                                       data_1003_val|        scalar|
|data_1004_val  |   in|   16|     ap_none|                                                       data_1004_val|        scalar|
|data_1005_val  |   in|   16|     ap_none|                                                       data_1005_val|        scalar|
|data_1006_val  |   in|   16|     ap_none|                                                       data_1006_val|        scalar|
|data_1007_val  |   in|   16|     ap_none|                                                       data_1007_val|        scalar|
|data_1008_val  |   in|   16|     ap_none|                                                       data_1008_val|        scalar|
|data_1009_val  |   in|   16|     ap_none|                                                       data_1009_val|        scalar|
|data_1010_val  |   in|   16|     ap_none|                                                       data_1010_val|        scalar|
|data_1011_val  |   in|   16|     ap_none|                                                       data_1011_val|        scalar|
|data_1012_val  |   in|   16|     ap_none|                                                       data_1012_val|        scalar|
|data_1013_val  |   in|   16|     ap_none|                                                       data_1013_val|        scalar|
|data_1014_val  |   in|   16|     ap_none|                                                       data_1014_val|        scalar|
|data_1015_val  |   in|   16|     ap_none|                                                       data_1015_val|        scalar|
|data_1016_val  |   in|   16|     ap_none|                                                       data_1016_val|        scalar|
|data_1017_val  |   in|   16|     ap_none|                                                       data_1017_val|        scalar|
|data_1018_val  |   in|   16|     ap_none|                                                       data_1018_val|        scalar|
|data_1019_val  |   in|   16|     ap_none|                                                       data_1019_val|        scalar|
|data_1020_val  |   in|   16|     ap_none|                                                       data_1020_val|        scalar|
|data_1021_val  |   in|   16|     ap_none|                                                       data_1021_val|        scalar|
|data_1022_val  |   in|   16|     ap_none|                                                       data_1022_val|        scalar|
|data_1023_val  |   in|   16|     ap_none|                                                       data_1023_val|        scalar|
|data_1024_val  |   in|   16|     ap_none|                                                       data_1024_val|        scalar|
|data_1025_val  |   in|   16|     ap_none|                                                       data_1025_val|        scalar|
|data_1026_val  |   in|   16|     ap_none|                                                       data_1026_val|        scalar|
|data_1027_val  |   in|   16|     ap_none|                                                       data_1027_val|        scalar|
|data_1028_val  |   in|   16|     ap_none|                                                       data_1028_val|        scalar|
|data_1029_val  |   in|   16|     ap_none|                                                       data_1029_val|        scalar|
|data_1030_val  |   in|   16|     ap_none|                                                       data_1030_val|        scalar|
|data_1031_val  |   in|   16|     ap_none|                                                       data_1031_val|        scalar|
|data_1032_val  |   in|   16|     ap_none|                                                       data_1032_val|        scalar|
|data_1033_val  |   in|   16|     ap_none|                                                       data_1033_val|        scalar|
|data_1034_val  |   in|   16|     ap_none|                                                       data_1034_val|        scalar|
|data_1035_val  |   in|   16|     ap_none|                                                       data_1035_val|        scalar|
|data_1036_val  |   in|   16|     ap_none|                                                       data_1036_val|        scalar|
|data_1037_val  |   in|   16|     ap_none|                                                       data_1037_val|        scalar|
|data_1038_val  |   in|   16|     ap_none|                                                       data_1038_val|        scalar|
|data_1039_val  |   in|   16|     ap_none|                                                       data_1039_val|        scalar|
|data_1040_val  |   in|   16|     ap_none|                                                       data_1040_val|        scalar|
|data_1041_val  |   in|   16|     ap_none|                                                       data_1041_val|        scalar|
|data_1042_val  |   in|   16|     ap_none|                                                       data_1042_val|        scalar|
|data_1043_val  |   in|   16|     ap_none|                                                       data_1043_val|        scalar|
|data_1044_val  |   in|   16|     ap_none|                                                       data_1044_val|        scalar|
|data_1045_val  |   in|   16|     ap_none|                                                       data_1045_val|        scalar|
|data_1046_val  |   in|   16|     ap_none|                                                       data_1046_val|        scalar|
|data_1047_val  |   in|   16|     ap_none|                                                       data_1047_val|        scalar|
|data_1048_val  |   in|   16|     ap_none|                                                       data_1048_val|        scalar|
|data_1049_val  |   in|   16|     ap_none|                                                       data_1049_val|        scalar|
|data_1050_val  |   in|   16|     ap_none|                                                       data_1050_val|        scalar|
|data_1051_val  |   in|   16|     ap_none|                                                       data_1051_val|        scalar|
|data_1052_val  |   in|   16|     ap_none|                                                       data_1052_val|        scalar|
|data_1053_val  |   in|   16|     ap_none|                                                       data_1053_val|        scalar|
|data_1054_val  |   in|   16|     ap_none|                                                       data_1054_val|        scalar|
|data_1055_val  |   in|   16|     ap_none|                                                       data_1055_val|        scalar|
|data_1056_val  |   in|   16|     ap_none|                                                       data_1056_val|        scalar|
|data_1057_val  |   in|   16|     ap_none|                                                       data_1057_val|        scalar|
|data_1058_val  |   in|   16|     ap_none|                                                       data_1058_val|        scalar|
|data_1059_val  |   in|   16|     ap_none|                                                       data_1059_val|        scalar|
|data_1060_val  |   in|   16|     ap_none|                                                       data_1060_val|        scalar|
|data_1061_val  |   in|   16|     ap_none|                                                       data_1061_val|        scalar|
|data_1062_val  |   in|   16|     ap_none|                                                       data_1062_val|        scalar|
|data_1063_val  |   in|   16|     ap_none|                                                       data_1063_val|        scalar|
|data_1064_val  |   in|   16|     ap_none|                                                       data_1064_val|        scalar|
|data_1065_val  |   in|   16|     ap_none|                                                       data_1065_val|        scalar|
|data_1066_val  |   in|   16|     ap_none|                                                       data_1066_val|        scalar|
|data_1067_val  |   in|   16|     ap_none|                                                       data_1067_val|        scalar|
|data_1068_val  |   in|   16|     ap_none|                                                       data_1068_val|        scalar|
|data_1069_val  |   in|   16|     ap_none|                                                       data_1069_val|        scalar|
|data_1070_val  |   in|   16|     ap_none|                                                       data_1070_val|        scalar|
|data_1071_val  |   in|   16|     ap_none|                                                       data_1071_val|        scalar|
|data_1072_val  |   in|   16|     ap_none|                                                       data_1072_val|        scalar|
|data_1073_val  |   in|   16|     ap_none|                                                       data_1073_val|        scalar|
|data_1074_val  |   in|   16|     ap_none|                                                       data_1074_val|        scalar|
|data_1075_val  |   in|   16|     ap_none|                                                       data_1075_val|        scalar|
|data_1076_val  |   in|   16|     ap_none|                                                       data_1076_val|        scalar|
|data_1077_val  |   in|   16|     ap_none|                                                       data_1077_val|        scalar|
|data_1078_val  |   in|   16|     ap_none|                                                       data_1078_val|        scalar|
|data_1079_val  |   in|   16|     ap_none|                                                       data_1079_val|        scalar|
|data_1080_val  |   in|   16|     ap_none|                                                       data_1080_val|        scalar|
|data_1081_val  |   in|   16|     ap_none|                                                       data_1081_val|        scalar|
|data_1082_val  |   in|   16|     ap_none|                                                       data_1082_val|        scalar|
|data_1083_val  |   in|   16|     ap_none|                                                       data_1083_val|        scalar|
|data_1084_val  |   in|   16|     ap_none|                                                       data_1084_val|        scalar|
|data_1085_val  |   in|   16|     ap_none|                                                       data_1085_val|        scalar|
|data_1086_val  |   in|   16|     ap_none|                                                       data_1086_val|        scalar|
|data_1087_val  |   in|   16|     ap_none|                                                       data_1087_val|        scalar|
|data_1088_val  |   in|   16|     ap_none|                                                       data_1088_val|        scalar|
|data_1089_val  |   in|   16|     ap_none|                                                       data_1089_val|        scalar|
|data_1090_val  |   in|   16|     ap_none|                                                       data_1090_val|        scalar|
|data_1091_val  |   in|   16|     ap_none|                                                       data_1091_val|        scalar|
|data_1092_val  |   in|   16|     ap_none|                                                       data_1092_val|        scalar|
|data_1093_val  |   in|   16|     ap_none|                                                       data_1093_val|        scalar|
|data_1094_val  |   in|   16|     ap_none|                                                       data_1094_val|        scalar|
|data_1095_val  |   in|   16|     ap_none|                                                       data_1095_val|        scalar|
|data_1096_val  |   in|   16|     ap_none|                                                       data_1096_val|        scalar|
|data_1097_val  |   in|   16|     ap_none|                                                       data_1097_val|        scalar|
|data_1098_val  |   in|   16|     ap_none|                                                       data_1098_val|        scalar|
|data_1099_val  |   in|   16|     ap_none|                                                       data_1099_val|        scalar|
|data_1100_val  |   in|   16|     ap_none|                                                       data_1100_val|        scalar|
|data_1101_val  |   in|   16|     ap_none|                                                       data_1101_val|        scalar|
|data_1102_val  |   in|   16|     ap_none|                                                       data_1102_val|        scalar|
|data_1103_val  |   in|   16|     ap_none|                                                       data_1103_val|        scalar|
|data_1104_val  |   in|   16|     ap_none|                                                       data_1104_val|        scalar|
|data_1105_val  |   in|   16|     ap_none|                                                       data_1105_val|        scalar|
|data_1106_val  |   in|   16|     ap_none|                                                       data_1106_val|        scalar|
|data_1107_val  |   in|   16|     ap_none|                                                       data_1107_val|        scalar|
|data_1108_val  |   in|   16|     ap_none|                                                       data_1108_val|        scalar|
|data_1109_val  |   in|   16|     ap_none|                                                       data_1109_val|        scalar|
|data_1110_val  |   in|   16|     ap_none|                                                       data_1110_val|        scalar|
|data_1111_val  |   in|   16|     ap_none|                                                       data_1111_val|        scalar|
|data_1112_val  |   in|   16|     ap_none|                                                       data_1112_val|        scalar|
|data_1113_val  |   in|   16|     ap_none|                                                       data_1113_val|        scalar|
|data_1114_val  |   in|   16|     ap_none|                                                       data_1114_val|        scalar|
|data_1115_val  |   in|   16|     ap_none|                                                       data_1115_val|        scalar|
|data_1116_val  |   in|   16|     ap_none|                                                       data_1116_val|        scalar|
|data_1117_val  |   in|   16|     ap_none|                                                       data_1117_val|        scalar|
|data_1118_val  |   in|   16|     ap_none|                                                       data_1118_val|        scalar|
|data_1119_val  |   in|   16|     ap_none|                                                       data_1119_val|        scalar|
|data_1120_val  |   in|   16|     ap_none|                                                       data_1120_val|        scalar|
|data_1121_val  |   in|   16|     ap_none|                                                       data_1121_val|        scalar|
|data_1122_val  |   in|   16|     ap_none|                                                       data_1122_val|        scalar|
|data_1123_val  |   in|   16|     ap_none|                                                       data_1123_val|        scalar|
|data_1124_val  |   in|   16|     ap_none|                                                       data_1124_val|        scalar|
|data_1125_val  |   in|   16|     ap_none|                                                       data_1125_val|        scalar|
|data_1126_val  |   in|   16|     ap_none|                                                       data_1126_val|        scalar|
|data_1127_val  |   in|   16|     ap_none|                                                       data_1127_val|        scalar|
|data_1128_val  |   in|   16|     ap_none|                                                       data_1128_val|        scalar|
|data_1129_val  |   in|   16|     ap_none|                                                       data_1129_val|        scalar|
|data_1130_val  |   in|   16|     ap_none|                                                       data_1130_val|        scalar|
|data_1131_val  |   in|   16|     ap_none|                                                       data_1131_val|        scalar|
|data_1132_val  |   in|   16|     ap_none|                                                       data_1132_val|        scalar|
|data_1133_val  |   in|   16|     ap_none|                                                       data_1133_val|        scalar|
|data_1134_val  |   in|   16|     ap_none|                                                       data_1134_val|        scalar|
|data_1135_val  |   in|   16|     ap_none|                                                       data_1135_val|        scalar|
|data_1136_val  |   in|   16|     ap_none|                                                       data_1136_val|        scalar|
|data_1137_val  |   in|   16|     ap_none|                                                       data_1137_val|        scalar|
|data_1138_val  |   in|   16|     ap_none|                                                       data_1138_val|        scalar|
|data_1139_val  |   in|   16|     ap_none|                                                       data_1139_val|        scalar|
|data_1140_val  |   in|   16|     ap_none|                                                       data_1140_val|        scalar|
|data_1141_val  |   in|   16|     ap_none|                                                       data_1141_val|        scalar|
|data_1142_val  |   in|   16|     ap_none|                                                       data_1142_val|        scalar|
|data_1143_val  |   in|   16|     ap_none|                                                       data_1143_val|        scalar|
|data_1144_val  |   in|   16|     ap_none|                                                       data_1144_val|        scalar|
|data_1145_val  |   in|   16|     ap_none|                                                       data_1145_val|        scalar|
|data_1146_val  |   in|   16|     ap_none|                                                       data_1146_val|        scalar|
|data_1147_val  |   in|   16|     ap_none|                                                       data_1147_val|        scalar|
|data_1148_val  |   in|   16|     ap_none|                                                       data_1148_val|        scalar|
|data_1149_val  |   in|   16|     ap_none|                                                       data_1149_val|        scalar|
|data_1150_val  |   in|   16|     ap_none|                                                       data_1150_val|        scalar|
|data_1151_val  |   in|   16|     ap_none|                                                       data_1151_val|        scalar|
|data_1152_val  |   in|   16|     ap_none|                                                       data_1152_val|        scalar|
|data_1153_val  |   in|   16|     ap_none|                                                       data_1153_val|        scalar|
|data_1154_val  |   in|   16|     ap_none|                                                       data_1154_val|        scalar|
|data_1155_val  |   in|   16|     ap_none|                                                       data_1155_val|        scalar|
|data_1156_val  |   in|   16|     ap_none|                                                       data_1156_val|        scalar|
|data_1157_val  |   in|   16|     ap_none|                                                       data_1157_val|        scalar|
|data_1158_val  |   in|   16|     ap_none|                                                       data_1158_val|        scalar|
|data_1159_val  |   in|   16|     ap_none|                                                       data_1159_val|        scalar|
|data_1160_val  |   in|   16|     ap_none|                                                       data_1160_val|        scalar|
|data_1161_val  |   in|   16|     ap_none|                                                       data_1161_val|        scalar|
|data_1162_val  |   in|   16|     ap_none|                                                       data_1162_val|        scalar|
|data_1163_val  |   in|   16|     ap_none|                                                       data_1163_val|        scalar|
|data_1164_val  |   in|   16|     ap_none|                                                       data_1164_val|        scalar|
|data_1165_val  |   in|   16|     ap_none|                                                       data_1165_val|        scalar|
|data_1166_val  |   in|   16|     ap_none|                                                       data_1166_val|        scalar|
|data_1167_val  |   in|   16|     ap_none|                                                       data_1167_val|        scalar|
|data_1168_val  |   in|   16|     ap_none|                                                       data_1168_val|        scalar|
|data_1169_val  |   in|   16|     ap_none|                                                       data_1169_val|        scalar|
|data_1170_val  |   in|   16|     ap_none|                                                       data_1170_val|        scalar|
|data_1171_val  |   in|   16|     ap_none|                                                       data_1171_val|        scalar|
|data_1172_val  |   in|   16|     ap_none|                                                       data_1172_val|        scalar|
|data_1173_val  |   in|   16|     ap_none|                                                       data_1173_val|        scalar|
|data_1174_val  |   in|   16|     ap_none|                                                       data_1174_val|        scalar|
|data_1175_val  |   in|   16|     ap_none|                                                       data_1175_val|        scalar|
|data_1176_val  |   in|   16|     ap_none|                                                       data_1176_val|        scalar|
|data_1177_val  |   in|   16|     ap_none|                                                       data_1177_val|        scalar|
|data_1178_val  |   in|   16|     ap_none|                                                       data_1178_val|        scalar|
|data_1179_val  |   in|   16|     ap_none|                                                       data_1179_val|        scalar|
|data_1180_val  |   in|   16|     ap_none|                                                       data_1180_val|        scalar|
|data_1181_val  |   in|   16|     ap_none|                                                       data_1181_val|        scalar|
|data_1182_val  |   in|   16|     ap_none|                                                       data_1182_val|        scalar|
|data_1183_val  |   in|   16|     ap_none|                                                       data_1183_val|        scalar|
|data_1184_val  |   in|   16|     ap_none|                                                       data_1184_val|        scalar|
|data_1185_val  |   in|   16|     ap_none|                                                       data_1185_val|        scalar|
|data_1186_val  |   in|   16|     ap_none|                                                       data_1186_val|        scalar|
|data_1187_val  |   in|   16|     ap_none|                                                       data_1187_val|        scalar|
|data_1188_val  |   in|   16|     ap_none|                                                       data_1188_val|        scalar|
|data_1189_val  |   in|   16|     ap_none|                                                       data_1189_val|        scalar|
|data_1190_val  |   in|   16|     ap_none|                                                       data_1190_val|        scalar|
|data_1191_val  |   in|   16|     ap_none|                                                       data_1191_val|        scalar|
|data_1192_val  |   in|   16|     ap_none|                                                       data_1192_val|        scalar|
|data_1193_val  |   in|   16|     ap_none|                                                       data_1193_val|        scalar|
|data_1194_val  |   in|   16|     ap_none|                                                       data_1194_val|        scalar|
|data_1195_val  |   in|   16|     ap_none|                                                       data_1195_val|        scalar|
|data_1196_val  |   in|   16|     ap_none|                                                       data_1196_val|        scalar|
|data_1197_val  |   in|   16|     ap_none|                                                       data_1197_val|        scalar|
|data_1198_val  |   in|   16|     ap_none|                                                       data_1198_val|        scalar|
|data_1199_val  |   in|   16|     ap_none|                                                       data_1199_val|        scalar|
|data_1200_val  |   in|   16|     ap_none|                                                       data_1200_val|        scalar|
|data_1201_val  |   in|   16|     ap_none|                                                       data_1201_val|        scalar|
|data_1202_val  |   in|   16|     ap_none|                                                       data_1202_val|        scalar|
|data_1203_val  |   in|   16|     ap_none|                                                       data_1203_val|        scalar|
|data_1204_val  |   in|   16|     ap_none|                                                       data_1204_val|        scalar|
|data_1205_val  |   in|   16|     ap_none|                                                       data_1205_val|        scalar|
|data_1206_val  |   in|   16|     ap_none|                                                       data_1206_val|        scalar|
|data_1207_val  |   in|   16|     ap_none|                                                       data_1207_val|        scalar|
|data_1208_val  |   in|   16|     ap_none|                                                       data_1208_val|        scalar|
|data_1209_val  |   in|   16|     ap_none|                                                       data_1209_val|        scalar|
|data_1210_val  |   in|   16|     ap_none|                                                       data_1210_val|        scalar|
|data_1211_val  |   in|   16|     ap_none|                                                       data_1211_val|        scalar|
|data_1212_val  |   in|   16|     ap_none|                                                       data_1212_val|        scalar|
|data_1213_val  |   in|   16|     ap_none|                                                       data_1213_val|        scalar|
|data_1214_val  |   in|   16|     ap_none|                                                       data_1214_val|        scalar|
|data_1215_val  |   in|   16|     ap_none|                                                       data_1215_val|        scalar|
|data_1216_val  |   in|   16|     ap_none|                                                       data_1216_val|        scalar|
|data_1217_val  |   in|   16|     ap_none|                                                       data_1217_val|        scalar|
|data_1218_val  |   in|   16|     ap_none|                                                       data_1218_val|        scalar|
|data_1219_val  |   in|   16|     ap_none|                                                       data_1219_val|        scalar|
|data_1220_val  |   in|   16|     ap_none|                                                       data_1220_val|        scalar|
|data_1221_val  |   in|   16|     ap_none|                                                       data_1221_val|        scalar|
|data_1222_val  |   in|   16|     ap_none|                                                       data_1222_val|        scalar|
|data_1223_val  |   in|   16|     ap_none|                                                       data_1223_val|        scalar|
|data_1224_val  |   in|   16|     ap_none|                                                       data_1224_val|        scalar|
|data_1225_val  |   in|   16|     ap_none|                                                       data_1225_val|        scalar|
|data_1226_val  |   in|   16|     ap_none|                                                       data_1226_val|        scalar|
|data_1227_val  |   in|   16|     ap_none|                                                       data_1227_val|        scalar|
|data_1228_val  |   in|   16|     ap_none|                                                       data_1228_val|        scalar|
|data_1229_val  |   in|   16|     ap_none|                                                       data_1229_val|        scalar|
|data_1230_val  |   in|   16|     ap_none|                                                       data_1230_val|        scalar|
|data_1231_val  |   in|   16|     ap_none|                                                       data_1231_val|        scalar|
|data_1232_val  |   in|   16|     ap_none|                                                       data_1232_val|        scalar|
|data_1233_val  |   in|   16|     ap_none|                                                       data_1233_val|        scalar|
|data_1234_val  |   in|   16|     ap_none|                                                       data_1234_val|        scalar|
|data_1235_val  |   in|   16|     ap_none|                                                       data_1235_val|        scalar|
|data_1236_val  |   in|   16|     ap_none|                                                       data_1236_val|        scalar|
|data_1237_val  |   in|   16|     ap_none|                                                       data_1237_val|        scalar|
|data_1238_val  |   in|   16|     ap_none|                                                       data_1238_val|        scalar|
|data_1239_val  |   in|   16|     ap_none|                                                       data_1239_val|        scalar|
|data_1240_val  |   in|   16|     ap_none|                                                       data_1240_val|        scalar|
|data_1241_val  |   in|   16|     ap_none|                                                       data_1241_val|        scalar|
|data_1242_val  |   in|   16|     ap_none|                                                       data_1242_val|        scalar|
|data_1243_val  |   in|   16|     ap_none|                                                       data_1243_val|        scalar|
|data_1244_val  |   in|   16|     ap_none|                                                       data_1244_val|        scalar|
|data_1245_val  |   in|   16|     ap_none|                                                       data_1245_val|        scalar|
|data_1246_val  |   in|   16|     ap_none|                                                       data_1246_val|        scalar|
|data_1247_val  |   in|   16|     ap_none|                                                       data_1247_val|        scalar|
|data_1248_val  |   in|   16|     ap_none|                                                       data_1248_val|        scalar|
|data_1249_val  |   in|   16|     ap_none|                                                       data_1249_val|        scalar|
|data_1250_val  |   in|   16|     ap_none|                                                       data_1250_val|        scalar|
|data_1251_val  |   in|   16|     ap_none|                                                       data_1251_val|        scalar|
|data_1252_val  |   in|   16|     ap_none|                                                       data_1252_val|        scalar|
|data_1253_val  |   in|   16|     ap_none|                                                       data_1253_val|        scalar|
|data_1254_val  |   in|   16|     ap_none|                                                       data_1254_val|        scalar|
|data_1255_val  |   in|   16|     ap_none|                                                       data_1255_val|        scalar|
|data_1256_val  |   in|   16|     ap_none|                                                       data_1256_val|        scalar|
|data_1257_val  |   in|   16|     ap_none|                                                       data_1257_val|        scalar|
|data_1258_val  |   in|   16|     ap_none|                                                       data_1258_val|        scalar|
|data_1259_val  |   in|   16|     ap_none|                                                       data_1259_val|        scalar|
|data_1260_val  |   in|   16|     ap_none|                                                       data_1260_val|        scalar|
|data_1261_val  |   in|   16|     ap_none|                                                       data_1261_val|        scalar|
|data_1262_val  |   in|   16|     ap_none|                                                       data_1262_val|        scalar|
|data_1263_val  |   in|   16|     ap_none|                                                       data_1263_val|        scalar|
|data_1264_val  |   in|   16|     ap_none|                                                       data_1264_val|        scalar|
|data_1265_val  |   in|   16|     ap_none|                                                       data_1265_val|        scalar|
|data_1266_val  |   in|   16|     ap_none|                                                       data_1266_val|        scalar|
|data_1267_val  |   in|   16|     ap_none|                                                       data_1267_val|        scalar|
|data_1268_val  |   in|   16|     ap_none|                                                       data_1268_val|        scalar|
|data_1269_val  |   in|   16|     ap_none|                                                       data_1269_val|        scalar|
|data_1270_val  |   in|   16|     ap_none|                                                       data_1270_val|        scalar|
|data_1271_val  |   in|   16|     ap_none|                                                       data_1271_val|        scalar|
|data_1272_val  |   in|   16|     ap_none|                                                       data_1272_val|        scalar|
|data_1273_val  |   in|   16|     ap_none|                                                       data_1273_val|        scalar|
|data_1274_val  |   in|   16|     ap_none|                                                       data_1274_val|        scalar|
|data_1275_val  |   in|   16|     ap_none|                                                       data_1275_val|        scalar|
|data_1276_val  |   in|   16|     ap_none|                                                       data_1276_val|        scalar|
|data_1277_val  |   in|   16|     ap_none|                                                       data_1277_val|        scalar|
|data_1278_val  |   in|   16|     ap_none|                                                       data_1278_val|        scalar|
|data_1279_val  |   in|   16|     ap_none|                                                       data_1279_val|        scalar|
|data_1280_val  |   in|   16|     ap_none|                                                       data_1280_val|        scalar|
|data_1281_val  |   in|   16|     ap_none|                                                       data_1281_val|        scalar|
|data_1282_val  |   in|   16|     ap_none|                                                       data_1282_val|        scalar|
|data_1283_val  |   in|   16|     ap_none|                                                       data_1283_val|        scalar|
|data_1284_val  |   in|   16|     ap_none|                                                       data_1284_val|        scalar|
|data_1285_val  |   in|   16|     ap_none|                                                       data_1285_val|        scalar|
|data_1286_val  |   in|   16|     ap_none|                                                       data_1286_val|        scalar|
|data_1287_val  |   in|   16|     ap_none|                                                       data_1287_val|        scalar|
|data_1288_val  |   in|   16|     ap_none|                                                       data_1288_val|        scalar|
|data_1289_val  |   in|   16|     ap_none|                                                       data_1289_val|        scalar|
|data_1290_val  |   in|   16|     ap_none|                                                       data_1290_val|        scalar|
|data_1291_val  |   in|   16|     ap_none|                                                       data_1291_val|        scalar|
|data_1292_val  |   in|   16|     ap_none|                                                       data_1292_val|        scalar|
|data_1293_val  |   in|   16|     ap_none|                                                       data_1293_val|        scalar|
|data_1294_val  |   in|   16|     ap_none|                                                       data_1294_val|        scalar|
|data_1295_val  |   in|   16|     ap_none|                                                       data_1295_val|        scalar|
+---------------+-----+-----+------------+--------------------------------------------------------------------+--------------+

