

================================================================
== Vitis HLS Report for 'dense_array_array_ap_fixed_16_6_5_3_0_12u_config13_Pipeline_DataPrepare'
================================================================
* Date:           Mon Aug  3 11:07:18 2026

* Version:        2023.2 (Build 4023990 on Oct 11 2023)
* Project:        myproject_prj
* Solution:       solution1 (Vivado IP Flow Target)
* Product family: virtexu
* Target device:  xcvu080-ffvb2104-2-e


================================================================
== Performance Estimates
================================================================
+ Timing: 
    * Summary: 
    +--------+---------+----------+------------+
    |  Clock |  Target | Estimated| Uncertainty|
    +--------+---------+----------+------------+
    |ap_clk  |  5.00 ns|  2.115 ns|     1.35 ns|
    +--------+---------+----------+------------+

+ Latency: 
    * Summary: 
    +---------+---------+----------+----------+-----+-----+---------+
    |  Latency (cycles) |  Latency (absolute) |  Interval | Pipeline|
    |   min   |   max   |    min   |    max   | min | max |   Type  |
    +---------+---------+----------+----------+-----+-----+---------+
    |       56|       56|  0.280 us|  0.280 us|   56|   56|       no|
    +---------+---------+----------+----------+-----+-----+---------+

    + Detail: 
        * Instance: 
        N/A

        * Loop: 
        +---------------+---------+---------+----------+-----------+-----------+------+----------+
        |               |  Latency (cycles) | Iteration|  Initiation Interval  | Trip |          |
        |   Loop Name   |   min   |   max   |  Latency |  achieved |   target  | Count| Pipelined|
        +---------------+---------+---------+----------+-----------+-----------+------+----------+
        |- DataPrepare  |       54|       54|         2|          1|          1|    54|       yes|
        +---------------+---------+---------+----------+-----------+-----------+------+----------+



================================================================
== Utilization Estimates
================================================================
* Summary: 
+-----------------+---------+-----+--------+--------+-----+
|       Name      | BRAM_18K| DSP |   FF   |   LUT  | URAM|
+-----------------+---------+-----+--------+--------+-----+
|DSP              |        -|    -|       -|       -|    -|
|Expression       |        -|    -|       0|      30|    -|
|FIFO             |        -|    -|       -|       -|    -|
|Instance         |        -|    -|       -|       -|    -|
|Memory           |        -|    -|       -|       -|    -|
|Multiplexer      |        -|    -|       -|      45|    -|
|Register         |        -|    -|   20751|       -|    -|
+-----------------+---------+-----+--------+--------+-----+
|Total            |        0|    0|   20751|      75|    0|
+-----------------+---------+-----+--------+--------+-----+
|Available        |     2842|  672|  891424|  445712|    0|
+-----------------+---------+-----+--------+--------+-----+
|Utilization (%)  |        0|    0|       2|      ~0|    0|
+-----------------+---------+-----+--------+--------+-----+

+ Detail: 
    * Instance: 
    N/A

    * DSP: 
    N/A

    * Memory: 
    N/A

    * FIFO: 
    N/A

    * Expression: 
    +---------------------------+----------+----+---+----+------------+------------+
    |       Variable Name       | Operation| DSP| FF| LUT| Bitwidth P0| Bitwidth P1|
    +---------------------------+----------+----+---+----+------------+------------+
    |add_ln33_fu_17102_p2       |         +|   0|  0|  13|           6|           1|
    |ap_block_pp0_stage0_01001  |       and|   0|  0|   2|           1|           1|
    |icmp_ln33_fu_17096_p2      |      icmp|   0|  0|  13|           6|           5|
    |ap_enable_pp0              |       xor|   0|  0|   2|           1|           2|
    +---------------------------+----------+----+---+----+------------+------------+
    |Total                      |          |   0|  0|  30|          14|           9|
    +---------------------------+----------+----+---+----+------------+------------+

    * Multiplexer: 
    +-------------------------+----+-----------+-----+-----------+
    |           Name          | LUT| Input Size| Bits| Total Bits|
    +-------------------------+----+-----------+-----+-----------+
    |ap_done_int              |   9|          2|    1|          2|
    |ap_enable_reg_pp0_iter1  |   9|          2|    1|          2|
    |ap_sig_allocacmp_i_in_1  |   9|          2|    6|         12|
    |i_in_fu_2822             |   9|          2|    6|         12|
    |layer11_out_blk_n        |   9|          2|    1|          2|
    +-------------------------+----+-----------+-----+-----------+
    |Total                    |  45|         10|   15|         30|
    +-------------------------+----+-----------+-----+-----------+

    * Register: 
    +--------------------------+-----+----+-----+-----------+
    |           Name           |  FF | LUT| Bits| Const Bits|
    +--------------------------+-----+----+-----+-----------+
    |ap_CS_fsm                 |    1|   0|    1|          0|
    |ap_done_reg               |    1|   0|    1|          0|
    |ap_enable_reg_pp0_iter1   |    1|   0|    1|          0|
    |i_in_1_reg_36794          |    6|   0|    6|          0|
    |i_in_fu_2822              |    6|   0|    6|          0|
    |p_0_0_0_0_01009_fu_4842   |   16|   0|   16|          0|
    |p_0_0_0_0_01057_fu_4938   |   16|   0|   16|          0|
    |p_0_0_0_0_01105_fu_5034   |   16|   0|   16|          0|
    |p_0_0_0_0_01153_fu_5130   |   16|   0|   16|          0|
    |p_0_0_0_0_01201_fu_5226   |   16|   0|   16|          0|
    |p_0_0_0_0_01249_fu_5322   |   16|   0|   16|          0|
    |p_0_0_0_0_01297_fu_5418   |   16|   0|   16|          0|
    |p_0_0_0_0_01345_fu_5514   |   16|   0|   16|          0|
    |p_0_0_0_0_01393_fu_5610   |   16|   0|   16|          0|
    |p_0_0_0_0_01441_fu_5706   |   16|   0|   16|          0|
    |p_0_0_0_0_0145_fu_3114    |   16|   0|   16|          0|
    |p_0_0_0_0_01489_fu_5802   |   16|   0|   16|          0|
    |p_0_0_0_0_01537_fu_5898   |   16|   0|   16|          0|
    |p_0_0_0_0_01585_fu_5994   |   16|   0|   16|          0|
    |p_0_0_0_0_01633_fu_6090   |   16|   0|   16|          0|
    |p_0_0_0_0_01681_fu_6186   |   16|   0|   16|          0|
    |p_0_0_0_0_01729_fu_6282   |   16|   0|   16|          0|
    |p_0_0_0_0_01777_fu_6378   |   16|   0|   16|          0|
    |p_0_0_0_0_01825_fu_6474   |   16|   0|   16|          0|
    |p_0_0_0_0_01873_fu_6570   |   16|   0|   16|          0|
    |p_0_0_0_0_01921_fu_6666   |   16|   0|   16|          0|
    |p_0_0_0_0_0193_fu_3210    |   16|   0|   16|          0|
    |p_0_0_0_0_01969_fu_6762   |   16|   0|   16|          0|
    |p_0_0_0_0_01_fu_2826      |   16|   0|   16|          0|
    |p_0_0_0_0_02017_fu_6858   |   16|   0|   16|          0|
    |p_0_0_0_0_02065_fu_6954   |   16|   0|   16|          0|
    |p_0_0_0_0_02113_fu_7050   |   16|   0|   16|          0|
    |p_0_0_0_0_02161_fu_7146   |   16|   0|   16|          0|
    |p_0_0_0_0_02209_fu_7242   |   16|   0|   16|          0|
    |p_0_0_0_0_02257_fu_7338   |   16|   0|   16|          0|
    |p_0_0_0_0_02305_fu_7434   |   16|   0|   16|          0|
    |p_0_0_0_0_02353_fu_7530   |   16|   0|   16|          0|
    |p_0_0_0_0_02401_fu_7626   |   16|   0|   16|          0|
    |p_0_0_0_0_0241_fu_3306    |   16|   0|   16|          0|
    |p_0_0_0_0_02449_fu_7722   |   16|   0|   16|          0|
    |p_0_0_0_0_02497_fu_7818   |   16|   0|   16|          0|
    |p_0_0_0_0_02545_fu_7914   |   16|   0|   16|          0|
    |p_0_0_0_0_0289_fu_3402    |   16|   0|   16|          0|
    |p_0_0_0_0_0337_fu_3498    |   16|   0|   16|          0|
    |p_0_0_0_0_0385_fu_3594    |   16|   0|   16|          0|
    |p_0_0_0_0_0433_fu_3690    |   16|   0|   16|          0|
    |p_0_0_0_0_0481_fu_3786    |   16|   0|   16|          0|
    |p_0_0_0_0_049_fu_2922     |   16|   0|   16|          0|
    |p_0_0_0_0_0529_fu_3882    |   16|   0|   16|          0|
    |p_0_0_0_0_0577_fu_3978    |   16|   0|   16|          0|
    |p_0_0_0_0_0625_fu_4074    |   16|   0|   16|          0|
    |p_0_0_0_0_0673_fu_4170    |   16|   0|   16|          0|
    |p_0_0_0_0_0721_fu_4266    |   16|   0|   16|          0|
    |p_0_0_0_0_0769_fu_4362    |   16|   0|   16|          0|
    |p_0_0_0_0_0817_fu_4458    |   16|   0|   16|          0|
    |p_0_0_0_0_0865_fu_4554    |   16|   0|   16|          0|
    |p_0_0_0_0_0913_fu_4650    |   16|   0|   16|          0|
    |p_0_0_0_0_0961_fu_4746    |   16|   0|   16|          0|
    |p_0_0_0_0_097_fu_3018     |   16|   0|   16|          0|
    |p_0_10_0_0_01029_fu_4882  |   16|   0|   16|          0|
    |p_0_10_0_0_01077_fu_4978  |   16|   0|   16|          0|
    |p_0_10_0_0_01125_fu_5074  |   16|   0|   16|          0|
    |p_0_10_0_0_01173_fu_5170  |   16|   0|   16|          0|
    |p_0_10_0_0_0117_fu_3058   |   16|   0|   16|          0|
    |p_0_10_0_0_01221_fu_5266  |   16|   0|   16|          0|
    |p_0_10_0_0_01269_fu_5362  |   16|   0|   16|          0|
    |p_0_10_0_0_01317_fu_5458  |   16|   0|   16|          0|
    |p_0_10_0_0_01365_fu_5554  |   16|   0|   16|          0|
    |p_0_10_0_0_01413_fu_5650  |   16|   0|   16|          0|
    |p_0_10_0_0_01461_fu_5746  |   16|   0|   16|          0|
    |p_0_10_0_0_01509_fu_5842  |   16|   0|   16|          0|
    |p_0_10_0_0_01557_fu_5938  |   16|   0|   16|          0|
    |p_0_10_0_0_01605_fu_6034  |   16|   0|   16|          0|
    |p_0_10_0_0_01653_fu_6130  |   16|   0|   16|          0|
    |p_0_10_0_0_0165_fu_3154   |   16|   0|   16|          0|
    |p_0_10_0_0_01701_fu_6226  |   16|   0|   16|          0|
    |p_0_10_0_0_01749_fu_6322  |   16|   0|   16|          0|
    |p_0_10_0_0_01797_fu_6418  |   16|   0|   16|          0|
    |p_0_10_0_0_01845_fu_6514  |   16|   0|   16|          0|
    |p_0_10_0_0_01893_fu_6610  |   16|   0|   16|          0|
    |p_0_10_0_0_01941_fu_6706  |   16|   0|   16|          0|
    |p_0_10_0_0_01989_fu_6802  |   16|   0|   16|          0|
    |p_0_10_0_0_02037_fu_6898  |   16|   0|   16|          0|
    |p_0_10_0_0_02085_fu_6994  |   16|   0|   16|          0|
    |p_0_10_0_0_02133_fu_7090  |   16|   0|   16|          0|
    |p_0_10_0_0_0213_fu_3250   |   16|   0|   16|          0|
    |p_0_10_0_0_02181_fu_7186  |   16|   0|   16|          0|
    |p_0_10_0_0_021_fu_2866    |   16|   0|   16|          0|
    |p_0_10_0_0_02229_fu_7282  |   16|   0|   16|          0|
    |p_0_10_0_0_02277_fu_7378  |   16|   0|   16|          0|
    |p_0_10_0_0_02325_fu_7474  |   16|   0|   16|          0|
    |p_0_10_0_0_02373_fu_7570  |   16|   0|   16|          0|
    |p_0_10_0_0_02421_fu_7666  |   16|   0|   16|          0|
    |p_0_10_0_0_02469_fu_7762  |   16|   0|   16|          0|
    |p_0_10_0_0_02517_fu_7858  |   16|   0|   16|          0|
    |p_0_10_0_0_02565_fu_7954  |   16|   0|   16|          0|
    |p_0_10_0_0_0261_fu_3346   |   16|   0|   16|          0|
    |p_0_10_0_0_0309_fu_3442   |   16|   0|   16|          0|
    |p_0_10_0_0_0357_fu_3538   |   16|   0|   16|          0|
    |p_0_10_0_0_0405_fu_3634   |   16|   0|   16|          0|
    |p_0_10_0_0_0453_fu_3730   |   16|   0|   16|          0|
    |p_0_10_0_0_0501_fu_3826   |   16|   0|   16|          0|
    |p_0_10_0_0_0549_fu_3922   |   16|   0|   16|          0|
    |p_0_10_0_0_0597_fu_4018   |   16|   0|   16|          0|
    |p_0_10_0_0_0645_fu_4114   |   16|   0|   16|          0|
    |p_0_10_0_0_0693_fu_4210   |   16|   0|   16|          0|
    |p_0_10_0_0_069_fu_2962    |   16|   0|   16|          0|
    |p_0_10_0_0_0741_fu_4306   |   16|   0|   16|          0|
    |p_0_10_0_0_0789_fu_4402   |   16|   0|   16|          0|
    |p_0_10_0_0_0837_fu_4498   |   16|   0|   16|          0|
    |p_0_10_0_0_0885_fu_4594   |   16|   0|   16|          0|
    |p_0_10_0_0_0933_fu_4690   |   16|   0|   16|          0|
    |p_0_10_0_0_0981_fu_4786   |   16|   0|   16|          0|
    |p_0_11_0_0_01031_fu_4886  |   16|   0|   16|          0|
    |p_0_11_0_0_01079_fu_4982  |   16|   0|   16|          0|
    |p_0_11_0_0_01127_fu_5078  |   16|   0|   16|          0|
    |p_0_11_0_0_01175_fu_5174  |   16|   0|   16|          0|
    |p_0_11_0_0_0119_fu_3062   |   16|   0|   16|          0|
    |p_0_11_0_0_01223_fu_5270  |   16|   0|   16|          0|
    |p_0_11_0_0_01271_fu_5366  |   16|   0|   16|          0|
    |p_0_11_0_0_01319_fu_5462  |   16|   0|   16|          0|
    |p_0_11_0_0_01367_fu_5558  |   16|   0|   16|          0|
    |p_0_11_0_0_01415_fu_5654  |   16|   0|   16|          0|
    |p_0_11_0_0_01463_fu_5750  |   16|   0|   16|          0|
    |p_0_11_0_0_01511_fu_5846  |   16|   0|   16|          0|
    |p_0_11_0_0_01559_fu_5942  |   16|   0|   16|          0|
    |p_0_11_0_0_01607_fu_6038  |   16|   0|   16|          0|
    |p_0_11_0_0_01655_fu_6134  |   16|   0|   16|          0|
    |p_0_11_0_0_0167_fu_3158   |   16|   0|   16|          0|
    |p_0_11_0_0_01703_fu_6230  |   16|   0|   16|          0|
    |p_0_11_0_0_01751_fu_6326  |   16|   0|   16|          0|
    |p_0_11_0_0_01799_fu_6422  |   16|   0|   16|          0|
    |p_0_11_0_0_01847_fu_6518  |   16|   0|   16|          0|
    |p_0_11_0_0_01895_fu_6614  |   16|   0|   16|          0|
    |p_0_11_0_0_01943_fu_6710  |   16|   0|   16|          0|
    |p_0_11_0_0_01991_fu_6806  |   16|   0|   16|          0|
    |p_0_11_0_0_02039_fu_6902  |   16|   0|   16|          0|
    |p_0_11_0_0_02087_fu_6998  |   16|   0|   16|          0|
    |p_0_11_0_0_02135_fu_7094  |   16|   0|   16|          0|
    |p_0_11_0_0_0215_fu_3254   |   16|   0|   16|          0|
    |p_0_11_0_0_02183_fu_7190  |   16|   0|   16|          0|
    |p_0_11_0_0_02231_fu_7286  |   16|   0|   16|          0|
    |p_0_11_0_0_02279_fu_7382  |   16|   0|   16|          0|
    |p_0_11_0_0_02327_fu_7478  |   16|   0|   16|          0|
    |p_0_11_0_0_02375_fu_7574  |   16|   0|   16|          0|
    |p_0_11_0_0_023_fu_2870    |   16|   0|   16|          0|
    |p_0_11_0_0_02423_fu_7670  |   16|   0|   16|          0|
    |p_0_11_0_0_02471_fu_7766  |   16|   0|   16|          0|
    |p_0_11_0_0_02519_fu_7862  |   16|   0|   16|          0|
    |p_0_11_0_0_02567_fu_7958  |   16|   0|   16|          0|
    |p_0_11_0_0_0263_fu_3350   |   16|   0|   16|          0|
    |p_0_11_0_0_0311_fu_3446   |   16|   0|   16|          0|
    |p_0_11_0_0_0359_fu_3542   |   16|   0|   16|          0|
    |p_0_11_0_0_0407_fu_3638   |   16|   0|   16|          0|
    |p_0_11_0_0_0455_fu_3734   |   16|   0|   16|          0|
    |p_0_11_0_0_0503_fu_3830   |   16|   0|   16|          0|
    |p_0_11_0_0_0551_fu_3926   |   16|   0|   16|          0|
    |p_0_11_0_0_0599_fu_4022   |   16|   0|   16|          0|
    |p_0_11_0_0_0647_fu_4118   |   16|   0|   16|          0|
    |p_0_11_0_0_0695_fu_4214   |   16|   0|   16|          0|
    |p_0_11_0_0_071_fu_2966    |   16|   0|   16|          0|
    |p_0_11_0_0_0743_fu_4310   |   16|   0|   16|          0|
    |p_0_11_0_0_0791_fu_4406   |   16|   0|   16|          0|
    |p_0_11_0_0_0839_fu_4502   |   16|   0|   16|          0|
    |p_0_11_0_0_0887_fu_4598   |   16|   0|   16|          0|
    |p_0_11_0_0_0935_fu_4694   |   16|   0|   16|          0|
    |p_0_11_0_0_0983_fu_4790   |   16|   0|   16|          0|
    |p_0_12_0_0_01033_fu_4890  |   16|   0|   16|          0|
    |p_0_12_0_0_01081_fu_4986  |   16|   0|   16|          0|
    |p_0_12_0_0_01129_fu_5082  |   16|   0|   16|          0|
    |p_0_12_0_0_01177_fu_5178  |   16|   0|   16|          0|
    |p_0_12_0_0_0121_fu_3066   |   16|   0|   16|          0|
    |p_0_12_0_0_01225_fu_5274  |   16|   0|   16|          0|
    |p_0_12_0_0_01273_fu_5370  |   16|   0|   16|          0|
    |p_0_12_0_0_01321_fu_5466  |   16|   0|   16|          0|
    |p_0_12_0_0_01369_fu_5562  |   16|   0|   16|          0|
    |p_0_12_0_0_01417_fu_5658  |   16|   0|   16|          0|
    |p_0_12_0_0_01465_fu_5754  |   16|   0|   16|          0|
    |p_0_12_0_0_01513_fu_5850  |   16|   0|   16|          0|
    |p_0_12_0_0_01561_fu_5946  |   16|   0|   16|          0|
    |p_0_12_0_0_01609_fu_6042  |   16|   0|   16|          0|
    |p_0_12_0_0_01657_fu_6138  |   16|   0|   16|          0|
    |p_0_12_0_0_0169_fu_3162   |   16|   0|   16|          0|
    |p_0_12_0_0_01705_fu_6234  |   16|   0|   16|          0|
    |p_0_12_0_0_01753_fu_6330  |   16|   0|   16|          0|
    |p_0_12_0_0_01801_fu_6426  |   16|   0|   16|          0|
    |p_0_12_0_0_01849_fu_6522  |   16|   0|   16|          0|
    |p_0_12_0_0_01897_fu_6618  |   16|   0|   16|          0|
    |p_0_12_0_0_01945_fu_6714  |   16|   0|   16|          0|
    |p_0_12_0_0_01993_fu_6810  |   16|   0|   16|          0|
    |p_0_12_0_0_02041_fu_6906  |   16|   0|   16|          0|
    |p_0_12_0_0_02089_fu_7002  |   16|   0|   16|          0|
    |p_0_12_0_0_02137_fu_7098  |   16|   0|   16|          0|
    |p_0_12_0_0_0217_fu_3258   |   16|   0|   16|          0|
    |p_0_12_0_0_02185_fu_7194  |   16|   0|   16|          0|
    |p_0_12_0_0_02233_fu_7290  |   16|   0|   16|          0|
    |p_0_12_0_0_02281_fu_7386  |   16|   0|   16|          0|
    |p_0_12_0_0_02329_fu_7482  |   16|   0|   16|          0|
    |p_0_12_0_0_02377_fu_7578  |   16|   0|   16|          0|
    |p_0_12_0_0_02425_fu_7674  |   16|   0|   16|          0|
    |p_0_12_0_0_02473_fu_7770  |   16|   0|   16|          0|
    |p_0_12_0_0_02521_fu_7866  |   16|   0|   16|          0|
    |p_0_12_0_0_02569_fu_7962  |   16|   0|   16|          0|
    |p_0_12_0_0_025_fu_2874    |   16|   0|   16|          0|
    |p_0_12_0_0_0265_fu_3354   |   16|   0|   16|          0|
    |p_0_12_0_0_0313_fu_3450   |   16|   0|   16|          0|
    |p_0_12_0_0_0361_fu_3546   |   16|   0|   16|          0|
    |p_0_12_0_0_0409_fu_3642   |   16|   0|   16|          0|
    |p_0_12_0_0_0457_fu_3738   |   16|   0|   16|          0|
    |p_0_12_0_0_0505_fu_3834   |   16|   0|   16|          0|
    |p_0_12_0_0_0553_fu_3930   |   16|   0|   16|          0|
    |p_0_12_0_0_0601_fu_4026   |   16|   0|   16|          0|
    |p_0_12_0_0_0649_fu_4122   |   16|   0|   16|          0|
    |p_0_12_0_0_0697_fu_4218   |   16|   0|   16|          0|
    |p_0_12_0_0_073_fu_2970    |   16|   0|   16|          0|
    |p_0_12_0_0_0745_fu_4314   |   16|   0|   16|          0|
    |p_0_12_0_0_0793_fu_4410   |   16|   0|   16|          0|
    |p_0_12_0_0_0841_fu_4506   |   16|   0|   16|          0|
    |p_0_12_0_0_0889_fu_4602   |   16|   0|   16|          0|
    |p_0_12_0_0_0937_fu_4698   |   16|   0|   16|          0|
    |p_0_12_0_0_0985_fu_4794   |   16|   0|   16|          0|
    |p_0_13_0_0_01035_fu_4894  |   16|   0|   16|          0|
    |p_0_13_0_0_01083_fu_4990  |   16|   0|   16|          0|
    |p_0_13_0_0_01131_fu_5086  |   16|   0|   16|          0|
    |p_0_13_0_0_01179_fu_5182  |   16|   0|   16|          0|
    |p_0_13_0_0_01227_fu_5278  |   16|   0|   16|          0|
    |p_0_13_0_0_0123_fu_3070   |   16|   0|   16|          0|
    |p_0_13_0_0_01275_fu_5374  |   16|   0|   16|          0|
    |p_0_13_0_0_01323_fu_5470  |   16|   0|   16|          0|
    |p_0_13_0_0_01371_fu_5566  |   16|   0|   16|          0|
    |p_0_13_0_0_01419_fu_5662  |   16|   0|   16|          0|
    |p_0_13_0_0_01467_fu_5758  |   16|   0|   16|          0|
    |p_0_13_0_0_01515_fu_5854  |   16|   0|   16|          0|
    |p_0_13_0_0_01563_fu_5950  |   16|   0|   16|          0|
    |p_0_13_0_0_01611_fu_6046  |   16|   0|   16|          0|
    |p_0_13_0_0_01659_fu_6142  |   16|   0|   16|          0|
    |p_0_13_0_0_01707_fu_6238  |   16|   0|   16|          0|
    |p_0_13_0_0_0171_fu_3166   |   16|   0|   16|          0|
    |p_0_13_0_0_01755_fu_6334  |   16|   0|   16|          0|
    |p_0_13_0_0_01803_fu_6430  |   16|   0|   16|          0|
    |p_0_13_0_0_01851_fu_6526  |   16|   0|   16|          0|
    |p_0_13_0_0_01899_fu_6622  |   16|   0|   16|          0|
    |p_0_13_0_0_01947_fu_6718  |   16|   0|   16|          0|
    |p_0_13_0_0_01995_fu_6814  |   16|   0|   16|          0|
    |p_0_13_0_0_02043_fu_6910  |   16|   0|   16|          0|
    |p_0_13_0_0_02091_fu_7006  |   16|   0|   16|          0|
    |p_0_13_0_0_02139_fu_7102  |   16|   0|   16|          0|
    |p_0_13_0_0_02187_fu_7198  |   16|   0|   16|          0|
    |p_0_13_0_0_0219_fu_3262   |   16|   0|   16|          0|
    |p_0_13_0_0_02235_fu_7294  |   16|   0|   16|          0|
    |p_0_13_0_0_02283_fu_7390  |   16|   0|   16|          0|
    |p_0_13_0_0_02331_fu_7486  |   16|   0|   16|          0|
    |p_0_13_0_0_02379_fu_7582  |   16|   0|   16|          0|
    |p_0_13_0_0_02427_fu_7678  |   16|   0|   16|          0|
    |p_0_13_0_0_02475_fu_7774  |   16|   0|   16|          0|
    |p_0_13_0_0_02523_fu_7870  |   16|   0|   16|          0|
    |p_0_13_0_0_02571_fu_7966  |   16|   0|   16|          0|
    |p_0_13_0_0_0267_fu_3358   |   16|   0|   16|          0|
    |p_0_13_0_0_027_fu_2878    |   16|   0|   16|          0|
    |p_0_13_0_0_0315_fu_3454   |   16|   0|   16|          0|
    |p_0_13_0_0_0363_fu_3550   |   16|   0|   16|          0|
    |p_0_13_0_0_0411_fu_3646   |   16|   0|   16|          0|
    |p_0_13_0_0_0459_fu_3742   |   16|   0|   16|          0|
    |p_0_13_0_0_0507_fu_3838   |   16|   0|   16|          0|
    |p_0_13_0_0_0555_fu_3934   |   16|   0|   16|          0|
    |p_0_13_0_0_0603_fu_4030   |   16|   0|   16|          0|
    |p_0_13_0_0_0651_fu_4126   |   16|   0|   16|          0|
    |p_0_13_0_0_0699_fu_4222   |   16|   0|   16|          0|
    |p_0_13_0_0_0747_fu_4318   |   16|   0|   16|          0|
    |p_0_13_0_0_075_fu_2974    |   16|   0|   16|          0|
    |p_0_13_0_0_0795_fu_4414   |   16|   0|   16|          0|
    |p_0_13_0_0_0843_fu_4510   |   16|   0|   16|          0|
    |p_0_13_0_0_0891_fu_4606   |   16|   0|   16|          0|
    |p_0_13_0_0_0939_fu_4702   |   16|   0|   16|          0|
    |p_0_13_0_0_0987_fu_4798   |   16|   0|   16|          0|
    |p_0_14_0_0_01037_fu_4898  |   16|   0|   16|          0|
    |p_0_14_0_0_01085_fu_4994  |   16|   0|   16|          0|
    |p_0_14_0_0_01133_fu_5090  |   16|   0|   16|          0|
    |p_0_14_0_0_01181_fu_5186  |   16|   0|   16|          0|
    |p_0_14_0_0_01229_fu_5282  |   16|   0|   16|          0|
    |p_0_14_0_0_0125_fu_3074   |   16|   0|   16|          0|
    |p_0_14_0_0_01277_fu_5378  |   16|   0|   16|          0|
    |p_0_14_0_0_01325_fu_5474  |   16|   0|   16|          0|
    |p_0_14_0_0_01373_fu_5570  |   16|   0|   16|          0|
    |p_0_14_0_0_01421_fu_5666  |   16|   0|   16|          0|
    |p_0_14_0_0_01469_fu_5762  |   16|   0|   16|          0|
    |p_0_14_0_0_01517_fu_5858  |   16|   0|   16|          0|
    |p_0_14_0_0_01565_fu_5954  |   16|   0|   16|          0|
    |p_0_14_0_0_01613_fu_6050  |   16|   0|   16|          0|
    |p_0_14_0_0_01661_fu_6146  |   16|   0|   16|          0|
    |p_0_14_0_0_01709_fu_6242  |   16|   0|   16|          0|
    |p_0_14_0_0_0173_fu_3170   |   16|   0|   16|          0|
    |p_0_14_0_0_01757_fu_6338  |   16|   0|   16|          0|
    |p_0_14_0_0_01805_fu_6434  |   16|   0|   16|          0|
    |p_0_14_0_0_01853_fu_6530  |   16|   0|   16|          0|
    |p_0_14_0_0_01901_fu_6626  |   16|   0|   16|          0|
    |p_0_14_0_0_01949_fu_6722  |   16|   0|   16|          0|
    |p_0_14_0_0_01997_fu_6818  |   16|   0|   16|          0|
    |p_0_14_0_0_02045_fu_6914  |   16|   0|   16|          0|
    |p_0_14_0_0_02093_fu_7010  |   16|   0|   16|          0|
    |p_0_14_0_0_02141_fu_7106  |   16|   0|   16|          0|
    |p_0_14_0_0_02189_fu_7202  |   16|   0|   16|          0|
    |p_0_14_0_0_0221_fu_3266   |   16|   0|   16|          0|
    |p_0_14_0_0_02237_fu_7298  |   16|   0|   16|          0|
    |p_0_14_0_0_02285_fu_7394  |   16|   0|   16|          0|
    |p_0_14_0_0_02333_fu_7490  |   16|   0|   16|          0|
    |p_0_14_0_0_02381_fu_7586  |   16|   0|   16|          0|
    |p_0_14_0_0_02429_fu_7682  |   16|   0|   16|          0|
    |p_0_14_0_0_02477_fu_7778  |   16|   0|   16|          0|
    |p_0_14_0_0_02525_fu_7874  |   16|   0|   16|          0|
    |p_0_14_0_0_02573_fu_7970  |   16|   0|   16|          0|
    |p_0_14_0_0_0269_fu_3362   |   16|   0|   16|          0|
    |p_0_14_0_0_029_fu_2882    |   16|   0|   16|          0|
    |p_0_14_0_0_0317_fu_3458   |   16|   0|   16|          0|
    |p_0_14_0_0_0365_fu_3554   |   16|   0|   16|          0|
    |p_0_14_0_0_0413_fu_3650   |   16|   0|   16|          0|
    |p_0_14_0_0_0461_fu_3746   |   16|   0|   16|          0|
    |p_0_14_0_0_0509_fu_3842   |   16|   0|   16|          0|
    |p_0_14_0_0_0557_fu_3938   |   16|   0|   16|          0|
    |p_0_14_0_0_0605_fu_4034   |   16|   0|   16|          0|
    |p_0_14_0_0_0653_fu_4130   |   16|   0|   16|          0|
    |p_0_14_0_0_0701_fu_4226   |   16|   0|   16|          0|
    |p_0_14_0_0_0749_fu_4322   |   16|   0|   16|          0|
    |p_0_14_0_0_077_fu_2978    |   16|   0|   16|          0|
    |p_0_14_0_0_0797_fu_4418   |   16|   0|   16|          0|
    |p_0_14_0_0_0845_fu_4514   |   16|   0|   16|          0|
    |p_0_14_0_0_0893_fu_4610   |   16|   0|   16|          0|
    |p_0_14_0_0_0941_fu_4706   |   16|   0|   16|          0|
    |p_0_14_0_0_0989_fu_4802   |   16|   0|   16|          0|
    |p_0_15_0_0_01039_fu_4902  |   16|   0|   16|          0|
    |p_0_15_0_0_01087_fu_4998  |   16|   0|   16|          0|
    |p_0_15_0_0_01135_fu_5094  |   16|   0|   16|          0|
    |p_0_15_0_0_01183_fu_5190  |   16|   0|   16|          0|
    |p_0_15_0_0_01231_fu_5286  |   16|   0|   16|          0|
    |p_0_15_0_0_01279_fu_5382  |   16|   0|   16|          0|
    |p_0_15_0_0_0127_fu_3078   |   16|   0|   16|          0|
    |p_0_15_0_0_01327_fu_5478  |   16|   0|   16|          0|
    |p_0_15_0_0_01375_fu_5574  |   16|   0|   16|          0|
    |p_0_15_0_0_01423_fu_5670  |   16|   0|   16|          0|
    |p_0_15_0_0_01471_fu_5766  |   16|   0|   16|          0|
    |p_0_15_0_0_01519_fu_5862  |   16|   0|   16|          0|
    |p_0_15_0_0_01567_fu_5958  |   16|   0|   16|          0|
    |p_0_15_0_0_01615_fu_6054  |   16|   0|   16|          0|
    |p_0_15_0_0_01663_fu_6150  |   16|   0|   16|          0|
    |p_0_15_0_0_01711_fu_6246  |   16|   0|   16|          0|
    |p_0_15_0_0_01759_fu_6342  |   16|   0|   16|          0|
    |p_0_15_0_0_0175_fu_3174   |   16|   0|   16|          0|
    |p_0_15_0_0_01807_fu_6438  |   16|   0|   16|          0|
    |p_0_15_0_0_01855_fu_6534  |   16|   0|   16|          0|
    |p_0_15_0_0_01903_fu_6630  |   16|   0|   16|          0|
    |p_0_15_0_0_01951_fu_6726  |   16|   0|   16|          0|
    |p_0_15_0_0_01999_fu_6822  |   16|   0|   16|          0|
    |p_0_15_0_0_02047_fu_6918  |   16|   0|   16|          0|
    |p_0_15_0_0_02095_fu_7014  |   16|   0|   16|          0|
    |p_0_15_0_0_02143_fu_7110  |   16|   0|   16|          0|
    |p_0_15_0_0_02191_fu_7206  |   16|   0|   16|          0|
    |p_0_15_0_0_02239_fu_7302  |   16|   0|   16|          0|
    |p_0_15_0_0_0223_fu_3270   |   16|   0|   16|          0|
    |p_0_15_0_0_02287_fu_7398  |   16|   0|   16|          0|
    |p_0_15_0_0_02335_fu_7494  |   16|   0|   16|          0|
    |p_0_15_0_0_02383_fu_7590  |   16|   0|   16|          0|
    |p_0_15_0_0_02431_fu_7686  |   16|   0|   16|          0|
    |p_0_15_0_0_02479_fu_7782  |   16|   0|   16|          0|
    |p_0_15_0_0_02527_fu_7878  |   16|   0|   16|          0|
    |p_0_15_0_0_02575_fu_7974  |   16|   0|   16|          0|
    |p_0_15_0_0_0271_fu_3366   |   16|   0|   16|          0|
    |p_0_15_0_0_0319_fu_3462   |   16|   0|   16|          0|
    |p_0_15_0_0_031_fu_2886    |   16|   0|   16|          0|
    |p_0_15_0_0_0367_fu_3558   |   16|   0|   16|          0|
    |p_0_15_0_0_0415_fu_3654   |   16|   0|   16|          0|
    |p_0_15_0_0_0463_fu_3750   |   16|   0|   16|          0|
    |p_0_15_0_0_0511_fu_3846   |   16|   0|   16|          0|
    |p_0_15_0_0_0559_fu_3942   |   16|   0|   16|          0|
    |p_0_15_0_0_0607_fu_4038   |   16|   0|   16|          0|
    |p_0_15_0_0_0655_fu_4134   |   16|   0|   16|          0|
    |p_0_15_0_0_0703_fu_4230   |   16|   0|   16|          0|
    |p_0_15_0_0_0751_fu_4326   |   16|   0|   16|          0|
    |p_0_15_0_0_0799_fu_4422   |   16|   0|   16|          0|
    |p_0_15_0_0_079_fu_2982    |   16|   0|   16|          0|
    |p_0_15_0_0_0847_fu_4518   |   16|   0|   16|          0|
    |p_0_15_0_0_0895_fu_4614   |   16|   0|   16|          0|
    |p_0_15_0_0_0943_fu_4710   |   16|   0|   16|          0|
    |p_0_15_0_0_0991_fu_4806   |   16|   0|   16|          0|
    |p_0_16_0_0_01041_fu_4906  |   16|   0|   16|          0|
    |p_0_16_0_0_01089_fu_5002  |   16|   0|   16|          0|
    |p_0_16_0_0_01137_fu_5098  |   16|   0|   16|          0|
    |p_0_16_0_0_01185_fu_5194  |   16|   0|   16|          0|
    |p_0_16_0_0_01233_fu_5290  |   16|   0|   16|          0|
    |p_0_16_0_0_01281_fu_5386  |   16|   0|   16|          0|
    |p_0_16_0_0_0129_fu_3082   |   16|   0|   16|          0|
    |p_0_16_0_0_01329_fu_5482  |   16|   0|   16|          0|
    |p_0_16_0_0_01377_fu_5578  |   16|   0|   16|          0|
    |p_0_16_0_0_01425_fu_5674  |   16|   0|   16|          0|
    |p_0_16_0_0_01473_fu_5770  |   16|   0|   16|          0|
    |p_0_16_0_0_01521_fu_5866  |   16|   0|   16|          0|
    |p_0_16_0_0_01569_fu_5962  |   16|   0|   16|          0|
    |p_0_16_0_0_01617_fu_6058  |   16|   0|   16|          0|
    |p_0_16_0_0_01665_fu_6154  |   16|   0|   16|          0|
    |p_0_16_0_0_01713_fu_6250  |   16|   0|   16|          0|
    |p_0_16_0_0_01761_fu_6346  |   16|   0|   16|          0|
    |p_0_16_0_0_0177_fu_3178   |   16|   0|   16|          0|
    |p_0_16_0_0_01809_fu_6442  |   16|   0|   16|          0|
    |p_0_16_0_0_01857_fu_6538  |   16|   0|   16|          0|
    |p_0_16_0_0_01905_fu_6634  |   16|   0|   16|          0|
    |p_0_16_0_0_01953_fu_6730  |   16|   0|   16|          0|
    |p_0_16_0_0_02001_fu_6826  |   16|   0|   16|          0|
    |p_0_16_0_0_02049_fu_6922  |   16|   0|   16|          0|
    |p_0_16_0_0_02097_fu_7018  |   16|   0|   16|          0|
    |p_0_16_0_0_02145_fu_7114  |   16|   0|   16|          0|
    |p_0_16_0_0_02193_fu_7210  |   16|   0|   16|          0|
    |p_0_16_0_0_02241_fu_7306  |   16|   0|   16|          0|
    |p_0_16_0_0_0225_fu_3274   |   16|   0|   16|          0|
    |p_0_16_0_0_02289_fu_7402  |   16|   0|   16|          0|
    |p_0_16_0_0_02337_fu_7498  |   16|   0|   16|          0|
    |p_0_16_0_0_02385_fu_7594  |   16|   0|   16|          0|
    |p_0_16_0_0_02433_fu_7690  |   16|   0|   16|          0|
    |p_0_16_0_0_02481_fu_7786  |   16|   0|   16|          0|
    |p_0_16_0_0_02529_fu_7882  |   16|   0|   16|          0|
    |p_0_16_0_0_02577_fu_7978  |   16|   0|   16|          0|
    |p_0_16_0_0_0273_fu_3370   |   16|   0|   16|          0|
    |p_0_16_0_0_0321_fu_3466   |   16|   0|   16|          0|
    |p_0_16_0_0_033_fu_2890    |   16|   0|   16|          0|
    |p_0_16_0_0_0369_fu_3562   |   16|   0|   16|          0|
    |p_0_16_0_0_0417_fu_3658   |   16|   0|   16|          0|
    |p_0_16_0_0_0465_fu_3754   |   16|   0|   16|          0|
    |p_0_16_0_0_0513_fu_3850   |   16|   0|   16|          0|
    |p_0_16_0_0_0561_fu_3946   |   16|   0|   16|          0|
    |p_0_16_0_0_0609_fu_4042   |   16|   0|   16|          0|
    |p_0_16_0_0_0657_fu_4138   |   16|   0|   16|          0|
    |p_0_16_0_0_0705_fu_4234   |   16|   0|   16|          0|
    |p_0_16_0_0_0753_fu_4330   |   16|   0|   16|          0|
    |p_0_16_0_0_0801_fu_4426   |   16|   0|   16|          0|
    |p_0_16_0_0_081_fu_2986    |   16|   0|   16|          0|
    |p_0_16_0_0_0849_fu_4522   |   16|   0|   16|          0|
    |p_0_16_0_0_0897_fu_4618   |   16|   0|   16|          0|
    |p_0_16_0_0_0945_fu_4714   |   16|   0|   16|          0|
    |p_0_16_0_0_0993_fu_4810   |   16|   0|   16|          0|
    |p_0_17_0_0_01043_fu_4910  |   16|   0|   16|          0|
    |p_0_17_0_0_01091_fu_5006  |   16|   0|   16|          0|
    |p_0_17_0_0_01139_fu_5102  |   16|   0|   16|          0|
    |p_0_17_0_0_01187_fu_5198  |   16|   0|   16|          0|
    |p_0_17_0_0_01235_fu_5294  |   16|   0|   16|          0|
    |p_0_17_0_0_01283_fu_5390  |   16|   0|   16|          0|
    |p_0_17_0_0_0131_fu_3086   |   16|   0|   16|          0|
    |p_0_17_0_0_01331_fu_5486  |   16|   0|   16|          0|
    |p_0_17_0_0_01379_fu_5582  |   16|   0|   16|          0|
    |p_0_17_0_0_01427_fu_5678  |   16|   0|   16|          0|
    |p_0_17_0_0_01475_fu_5774  |   16|   0|   16|          0|
    |p_0_17_0_0_01523_fu_5870  |   16|   0|   16|          0|
    |p_0_17_0_0_01571_fu_5966  |   16|   0|   16|          0|
    |p_0_17_0_0_01619_fu_6062  |   16|   0|   16|          0|
    |p_0_17_0_0_01667_fu_6158  |   16|   0|   16|          0|
    |p_0_17_0_0_01715_fu_6254  |   16|   0|   16|          0|
    |p_0_17_0_0_01763_fu_6350  |   16|   0|   16|          0|
    |p_0_17_0_0_0179_fu_3182   |   16|   0|   16|          0|
    |p_0_17_0_0_01811_fu_6446  |   16|   0|   16|          0|
    |p_0_17_0_0_01859_fu_6542  |   16|   0|   16|          0|
    |p_0_17_0_0_01907_fu_6638  |   16|   0|   16|          0|
    |p_0_17_0_0_01955_fu_6734  |   16|   0|   16|          0|
    |p_0_17_0_0_02003_fu_6830  |   16|   0|   16|          0|
    |p_0_17_0_0_02051_fu_6926  |   16|   0|   16|          0|
    |p_0_17_0_0_02099_fu_7022  |   16|   0|   16|          0|
    |p_0_17_0_0_02147_fu_7118  |   16|   0|   16|          0|
    |p_0_17_0_0_02195_fu_7214  |   16|   0|   16|          0|
    |p_0_17_0_0_02243_fu_7310  |   16|   0|   16|          0|
    |p_0_17_0_0_0227_fu_3278   |   16|   0|   16|          0|
    |p_0_17_0_0_02291_fu_7406  |   16|   0|   16|          0|
    |p_0_17_0_0_02339_fu_7502  |   16|   0|   16|          0|
    |p_0_17_0_0_02387_fu_7598  |   16|   0|   16|          0|
    |p_0_17_0_0_02435_fu_7694  |   16|   0|   16|          0|
    |p_0_17_0_0_02483_fu_7790  |   16|   0|   16|          0|
    |p_0_17_0_0_02531_fu_7886  |   16|   0|   16|          0|
    |p_0_17_0_0_02579_fu_7982  |   16|   0|   16|          0|
    |p_0_17_0_0_0275_fu_3374   |   16|   0|   16|          0|
    |p_0_17_0_0_0323_fu_3470   |   16|   0|   16|          0|
    |p_0_17_0_0_035_fu_2894    |   16|   0|   16|          0|
    |p_0_17_0_0_0371_fu_3566   |   16|   0|   16|          0|
    |p_0_17_0_0_0419_fu_3662   |   16|   0|   16|          0|
    |p_0_17_0_0_0467_fu_3758   |   16|   0|   16|          0|
    |p_0_17_0_0_0515_fu_3854   |   16|   0|   16|          0|
    |p_0_17_0_0_0563_fu_3950   |   16|   0|   16|          0|
    |p_0_17_0_0_0611_fu_4046   |   16|   0|   16|          0|
    |p_0_17_0_0_0659_fu_4142   |   16|   0|   16|          0|
    |p_0_17_0_0_0707_fu_4238   |   16|   0|   16|          0|
    |p_0_17_0_0_0755_fu_4334   |   16|   0|   16|          0|
    |p_0_17_0_0_0803_fu_4430   |   16|   0|   16|          0|
    |p_0_17_0_0_083_fu_2990    |   16|   0|   16|          0|
    |p_0_17_0_0_0851_fu_4526   |   16|   0|   16|          0|
    |p_0_17_0_0_0899_fu_4622   |   16|   0|   16|          0|
    |p_0_17_0_0_0947_fu_4718   |   16|   0|   16|          0|
    |p_0_17_0_0_0995_fu_4814   |   16|   0|   16|          0|
    |p_0_18_0_0_01045_fu_4914  |   16|   0|   16|          0|
    |p_0_18_0_0_01093_fu_5010  |   16|   0|   16|          0|
    |p_0_18_0_0_01141_fu_5106  |   16|   0|   16|          0|
    |p_0_18_0_0_01189_fu_5202  |   16|   0|   16|          0|
    |p_0_18_0_0_01237_fu_5298  |   16|   0|   16|          0|
    |p_0_18_0_0_01285_fu_5394  |   16|   0|   16|          0|
    |p_0_18_0_0_01333_fu_5490  |   16|   0|   16|          0|
    |p_0_18_0_0_0133_fu_3090   |   16|   0|   16|          0|
    |p_0_18_0_0_01381_fu_5586  |   16|   0|   16|          0|
    |p_0_18_0_0_01429_fu_5682  |   16|   0|   16|          0|
    |p_0_18_0_0_01477_fu_5778  |   16|   0|   16|          0|
    |p_0_18_0_0_01525_fu_5874  |   16|   0|   16|          0|
    |p_0_18_0_0_01573_fu_5970  |   16|   0|   16|          0|
    |p_0_18_0_0_01621_fu_6066  |   16|   0|   16|          0|
    |p_0_18_0_0_01669_fu_6162  |   16|   0|   16|          0|
    |p_0_18_0_0_01717_fu_6258  |   16|   0|   16|          0|
    |p_0_18_0_0_01765_fu_6354  |   16|   0|   16|          0|
    |p_0_18_0_0_01813_fu_6450  |   16|   0|   16|          0|
    |p_0_18_0_0_0181_fu_3186   |   16|   0|   16|          0|
    |p_0_18_0_0_01861_fu_6546  |   16|   0|   16|          0|
    |p_0_18_0_0_01909_fu_6642  |   16|   0|   16|          0|
    |p_0_18_0_0_01957_fu_6738  |   16|   0|   16|          0|
    |p_0_18_0_0_02005_fu_6834  |   16|   0|   16|          0|
    |p_0_18_0_0_02053_fu_6930  |   16|   0|   16|          0|
    |p_0_18_0_0_02101_fu_7026  |   16|   0|   16|          0|
    |p_0_18_0_0_02149_fu_7122  |   16|   0|   16|          0|
    |p_0_18_0_0_02197_fu_7218  |   16|   0|   16|          0|
    |p_0_18_0_0_02245_fu_7314  |   16|   0|   16|          0|
    |p_0_18_0_0_02293_fu_7410  |   16|   0|   16|          0|
    |p_0_18_0_0_0229_fu_3282   |   16|   0|   16|          0|
    |p_0_18_0_0_02341_fu_7506  |   16|   0|   16|          0|
    |p_0_18_0_0_02389_fu_7602  |   16|   0|   16|          0|
    |p_0_18_0_0_02437_fu_7698  |   16|   0|   16|          0|
    |p_0_18_0_0_02485_fu_7794  |   16|   0|   16|          0|
    |p_0_18_0_0_02533_fu_7890  |   16|   0|   16|          0|
    |p_0_18_0_0_02581_fu_7986  |   16|   0|   16|          0|
    |p_0_18_0_0_0277_fu_3378   |   16|   0|   16|          0|
    |p_0_18_0_0_0325_fu_3474   |   16|   0|   16|          0|
    |p_0_18_0_0_0373_fu_3570   |   16|   0|   16|          0|
    |p_0_18_0_0_037_fu_2898    |   16|   0|   16|          0|
    |p_0_18_0_0_0421_fu_3666   |   16|   0|   16|          0|
    |p_0_18_0_0_0469_fu_3762   |   16|   0|   16|          0|
    |p_0_18_0_0_0517_fu_3858   |   16|   0|   16|          0|
    |p_0_18_0_0_0565_fu_3954   |   16|   0|   16|          0|
    |p_0_18_0_0_0613_fu_4050   |   16|   0|   16|          0|
    |p_0_18_0_0_0661_fu_4146   |   16|   0|   16|          0|
    |p_0_18_0_0_0709_fu_4242   |   16|   0|   16|          0|
    |p_0_18_0_0_0757_fu_4338   |   16|   0|   16|          0|
    |p_0_18_0_0_0805_fu_4434   |   16|   0|   16|          0|
    |p_0_18_0_0_0853_fu_4530   |   16|   0|   16|          0|
    |p_0_18_0_0_085_fu_2994    |   16|   0|   16|          0|
    |p_0_18_0_0_0901_fu_4626   |   16|   0|   16|          0|
    |p_0_18_0_0_0949_fu_4722   |   16|   0|   16|          0|
    |p_0_18_0_0_0997_fu_4818   |   16|   0|   16|          0|
    |p_0_19_0_0_01047_fu_4918  |   16|   0|   16|          0|
    |p_0_19_0_0_01095_fu_5014  |   16|   0|   16|          0|
    |p_0_19_0_0_01143_fu_5110  |   16|   0|   16|          0|
    |p_0_19_0_0_01191_fu_5206  |   16|   0|   16|          0|
    |p_0_19_0_0_01239_fu_5302  |   16|   0|   16|          0|
    |p_0_19_0_0_01287_fu_5398  |   16|   0|   16|          0|
    |p_0_19_0_0_01335_fu_5494  |   16|   0|   16|          0|
    |p_0_19_0_0_0135_fu_3094   |   16|   0|   16|          0|
    |p_0_19_0_0_01383_fu_5590  |   16|   0|   16|          0|
    |p_0_19_0_0_01431_fu_5686  |   16|   0|   16|          0|
    |p_0_19_0_0_01479_fu_5782  |   16|   0|   16|          0|
    |p_0_19_0_0_01527_fu_5878  |   16|   0|   16|          0|
    |p_0_19_0_0_01575_fu_5974  |   16|   0|   16|          0|
    |p_0_19_0_0_01623_fu_6070  |   16|   0|   16|          0|
    |p_0_19_0_0_01671_fu_6166  |   16|   0|   16|          0|
    |p_0_19_0_0_01719_fu_6262  |   16|   0|   16|          0|
    |p_0_19_0_0_01767_fu_6358  |   16|   0|   16|          0|
    |p_0_19_0_0_01815_fu_6454  |   16|   0|   16|          0|
    |p_0_19_0_0_0183_fu_3190   |   16|   0|   16|          0|
    |p_0_19_0_0_01863_fu_6550  |   16|   0|   16|          0|
    |p_0_19_0_0_01911_fu_6646  |   16|   0|   16|          0|
    |p_0_19_0_0_01959_fu_6742  |   16|   0|   16|          0|
    |p_0_19_0_0_02007_fu_6838  |   16|   0|   16|          0|
    |p_0_19_0_0_02055_fu_6934  |   16|   0|   16|          0|
    |p_0_19_0_0_02103_fu_7030  |   16|   0|   16|          0|
    |p_0_19_0_0_02151_fu_7126  |   16|   0|   16|          0|
    |p_0_19_0_0_02199_fu_7222  |   16|   0|   16|          0|
    |p_0_19_0_0_02247_fu_7318  |   16|   0|   16|          0|
    |p_0_19_0_0_02295_fu_7414  |   16|   0|   16|          0|
    |p_0_19_0_0_0231_fu_3286   |   16|   0|   16|          0|
    |p_0_19_0_0_02343_fu_7510  |   16|   0|   16|          0|
    |p_0_19_0_0_02391_fu_7606  |   16|   0|   16|          0|
    |p_0_19_0_0_02439_fu_7702  |   16|   0|   16|          0|
    |p_0_19_0_0_02487_fu_7798  |   16|   0|   16|          0|
    |p_0_19_0_0_02535_fu_7894  |   16|   0|   16|          0|
    |p_0_19_0_0_02583_fu_7990  |   16|   0|   16|          0|
    |p_0_19_0_0_0279_fu_3382   |   16|   0|   16|          0|
    |p_0_19_0_0_0327_fu_3478   |   16|   0|   16|          0|
    |p_0_19_0_0_0375_fu_3574   |   16|   0|   16|          0|
    |p_0_19_0_0_039_fu_2902    |   16|   0|   16|          0|
    |p_0_19_0_0_0423_fu_3670   |   16|   0|   16|          0|
    |p_0_19_0_0_0471_fu_3766   |   16|   0|   16|          0|
    |p_0_19_0_0_0519_fu_3862   |   16|   0|   16|          0|
    |p_0_19_0_0_0567_fu_3958   |   16|   0|   16|          0|
    |p_0_19_0_0_0615_fu_4054   |   16|   0|   16|          0|
    |p_0_19_0_0_0663_fu_4150   |   16|   0|   16|          0|
    |p_0_19_0_0_0711_fu_4246   |   16|   0|   16|          0|
    |p_0_19_0_0_0759_fu_4342   |   16|   0|   16|          0|
    |p_0_19_0_0_0807_fu_4438   |   16|   0|   16|          0|
    |p_0_19_0_0_0855_fu_4534   |   16|   0|   16|          0|
    |p_0_19_0_0_087_fu_2998    |   16|   0|   16|          0|
    |p_0_19_0_0_0903_fu_4630   |   16|   0|   16|          0|
    |p_0_19_0_0_0951_fu_4726   |   16|   0|   16|          0|
    |p_0_19_0_0_0999_fu_4822   |   16|   0|   16|          0|
    |p_0_1_0_0_01011_fu_4846   |   16|   0|   16|          0|
    |p_0_1_0_0_01059_fu_4942   |   16|   0|   16|          0|
    |p_0_1_0_0_01107_fu_5038   |   16|   0|   16|          0|
    |p_0_1_0_0_01155_fu_5134   |   16|   0|   16|          0|
    |p_0_1_0_0_01203_fu_5230   |   16|   0|   16|          0|
    |p_0_1_0_0_01251_fu_5326   |   16|   0|   16|          0|
    |p_0_1_0_0_01299_fu_5422   |   16|   0|   16|          0|
    |p_0_1_0_0_01347_fu_5518   |   16|   0|   16|          0|
    |p_0_1_0_0_01395_fu_5614   |   16|   0|   16|          0|
    |p_0_1_0_0_01443_fu_5710   |   16|   0|   16|          0|
    |p_0_1_0_0_0147_fu_3118    |   16|   0|   16|          0|
    |p_0_1_0_0_01491_fu_5806   |   16|   0|   16|          0|
    |p_0_1_0_0_01539_fu_5902   |   16|   0|   16|          0|
    |p_0_1_0_0_01587_fu_5998   |   16|   0|   16|          0|
    |p_0_1_0_0_01635_fu_6094   |   16|   0|   16|          0|
    |p_0_1_0_0_01683_fu_6190   |   16|   0|   16|          0|
    |p_0_1_0_0_01731_fu_6286   |   16|   0|   16|          0|
    |p_0_1_0_0_01779_fu_6382   |   16|   0|   16|          0|
    |p_0_1_0_0_01827_fu_6478   |   16|   0|   16|          0|
    |p_0_1_0_0_01875_fu_6574   |   16|   0|   16|          0|
    |p_0_1_0_0_01923_fu_6670   |   16|   0|   16|          0|
    |p_0_1_0_0_0195_fu_3214    |   16|   0|   16|          0|
    |p_0_1_0_0_01971_fu_6766   |   16|   0|   16|          0|
    |p_0_1_0_0_02019_fu_6862   |   16|   0|   16|          0|
    |p_0_1_0_0_02067_fu_6958   |   16|   0|   16|          0|
    |p_0_1_0_0_02115_fu_7054   |   16|   0|   16|          0|
    |p_0_1_0_0_02163_fu_7150   |   16|   0|   16|          0|
    |p_0_1_0_0_02211_fu_7246   |   16|   0|   16|          0|
    |p_0_1_0_0_02259_fu_7342   |   16|   0|   16|          0|
    |p_0_1_0_0_02307_fu_7438   |   16|   0|   16|          0|
    |p_0_1_0_0_02355_fu_7534   |   16|   0|   16|          0|
    |p_0_1_0_0_02403_fu_7630   |   16|   0|   16|          0|
    |p_0_1_0_0_0243_fu_3310    |   16|   0|   16|          0|
    |p_0_1_0_0_02451_fu_7726   |   16|   0|   16|          0|
    |p_0_1_0_0_02499_fu_7822   |   16|   0|   16|          0|
    |p_0_1_0_0_02547_fu_7918   |   16|   0|   16|          0|
    |p_0_1_0_0_0291_fu_3406    |   16|   0|   16|          0|
    |p_0_1_0_0_0339_fu_3502    |   16|   0|   16|          0|
    |p_0_1_0_0_0387_fu_3598    |   16|   0|   16|          0|
    |p_0_1_0_0_03_fu_2830      |   16|   0|   16|          0|
    |p_0_1_0_0_0435_fu_3694    |   16|   0|   16|          0|
    |p_0_1_0_0_0483_fu_3790    |   16|   0|   16|          0|
    |p_0_1_0_0_051_fu_2926     |   16|   0|   16|          0|
    |p_0_1_0_0_0531_fu_3886    |   16|   0|   16|          0|
    |p_0_1_0_0_0579_fu_3982    |   16|   0|   16|          0|
    |p_0_1_0_0_0627_fu_4078    |   16|   0|   16|          0|
    |p_0_1_0_0_0675_fu_4174    |   16|   0|   16|          0|
    |p_0_1_0_0_0723_fu_4270    |   16|   0|   16|          0|
    |p_0_1_0_0_0771_fu_4366    |   16|   0|   16|          0|
    |p_0_1_0_0_0819_fu_4462    |   16|   0|   16|          0|
    |p_0_1_0_0_0867_fu_4558    |   16|   0|   16|          0|
    |p_0_1_0_0_0915_fu_4654    |   16|   0|   16|          0|
    |p_0_1_0_0_0963_fu_4750    |   16|   0|   16|          0|
    |p_0_1_0_0_099_fu_3022     |   16|   0|   16|          0|
    |p_0_20_0_0_01001_fu_4826  |   16|   0|   16|          0|
    |p_0_20_0_0_01049_fu_4922  |   16|   0|   16|          0|
    |p_0_20_0_0_01097_fu_5018  |   16|   0|   16|          0|
    |p_0_20_0_0_01145_fu_5114  |   16|   0|   16|          0|
    |p_0_20_0_0_01193_fu_5210  |   16|   0|   16|          0|
    |p_0_20_0_0_01241_fu_5306  |   16|   0|   16|          0|
    |p_0_20_0_0_01289_fu_5402  |   16|   0|   16|          0|
    |p_0_20_0_0_01337_fu_5498  |   16|   0|   16|          0|
    |p_0_20_0_0_0137_fu_3098   |   16|   0|   16|          0|
    |p_0_20_0_0_01385_fu_5594  |   16|   0|   16|          0|
    |p_0_20_0_0_01433_fu_5690  |   16|   0|   16|          0|
    |p_0_20_0_0_01481_fu_5786  |   16|   0|   16|          0|
    |p_0_20_0_0_01529_fu_5882  |   16|   0|   16|          0|
    |p_0_20_0_0_01577_fu_5978  |   16|   0|   16|          0|
    |p_0_20_0_0_01625_fu_6074  |   16|   0|   16|          0|
    |p_0_20_0_0_01673_fu_6170  |   16|   0|   16|          0|
    |p_0_20_0_0_01721_fu_6266  |   16|   0|   16|          0|
    |p_0_20_0_0_01769_fu_6362  |   16|   0|   16|          0|
    |p_0_20_0_0_01817_fu_6458  |   16|   0|   16|          0|
    |p_0_20_0_0_0185_fu_3194   |   16|   0|   16|          0|
    |p_0_20_0_0_01865_fu_6554  |   16|   0|   16|          0|
    |p_0_20_0_0_01913_fu_6650  |   16|   0|   16|          0|
    |p_0_20_0_0_01961_fu_6746  |   16|   0|   16|          0|
    |p_0_20_0_0_02009_fu_6842  |   16|   0|   16|          0|
    |p_0_20_0_0_02057_fu_6938  |   16|   0|   16|          0|
    |p_0_20_0_0_02105_fu_7034  |   16|   0|   16|          0|
    |p_0_20_0_0_02153_fu_7130  |   16|   0|   16|          0|
    |p_0_20_0_0_02201_fu_7226  |   16|   0|   16|          0|
    |p_0_20_0_0_02249_fu_7322  |   16|   0|   16|          0|
    |p_0_20_0_0_02297_fu_7418  |   16|   0|   16|          0|
    |p_0_20_0_0_0233_fu_3290   |   16|   0|   16|          0|
    |p_0_20_0_0_02345_fu_7514  |   16|   0|   16|          0|
    |p_0_20_0_0_02393_fu_7610  |   16|   0|   16|          0|
    |p_0_20_0_0_02441_fu_7706  |   16|   0|   16|          0|
    |p_0_20_0_0_02489_fu_7802  |   16|   0|   16|          0|
    |p_0_20_0_0_02537_fu_7898  |   16|   0|   16|          0|
    |p_0_20_0_0_02585_fu_7994  |   16|   0|   16|          0|
    |p_0_20_0_0_0281_fu_3386   |   16|   0|   16|          0|
    |p_0_20_0_0_0329_fu_3482   |   16|   0|   16|          0|
    |p_0_20_0_0_0377_fu_3578   |   16|   0|   16|          0|
    |p_0_20_0_0_041_fu_2906    |   16|   0|   16|          0|
    |p_0_20_0_0_0425_fu_3674   |   16|   0|   16|          0|
    |p_0_20_0_0_0473_fu_3770   |   16|   0|   16|          0|
    |p_0_20_0_0_0521_fu_3866   |   16|   0|   16|          0|
    |p_0_20_0_0_0569_fu_3962   |   16|   0|   16|          0|
    |p_0_20_0_0_0617_fu_4058   |   16|   0|   16|          0|
    |p_0_20_0_0_0665_fu_4154   |   16|   0|   16|          0|
    |p_0_20_0_0_0713_fu_4250   |   16|   0|   16|          0|
    |p_0_20_0_0_0761_fu_4346   |   16|   0|   16|          0|
    |p_0_20_0_0_0809_fu_4442   |   16|   0|   16|          0|
    |p_0_20_0_0_0857_fu_4538   |   16|   0|   16|          0|
    |p_0_20_0_0_089_fu_3002    |   16|   0|   16|          0|
    |p_0_20_0_0_0905_fu_4634   |   16|   0|   16|          0|
    |p_0_20_0_0_0953_fu_4730   |   16|   0|   16|          0|
    |p_0_21_0_0_01003_fu_4830  |   16|   0|   16|          0|
    |p_0_21_0_0_01051_fu_4926  |   16|   0|   16|          0|
    |p_0_21_0_0_01099_fu_5022  |   16|   0|   16|          0|
    |p_0_21_0_0_01147_fu_5118  |   16|   0|   16|          0|
    |p_0_21_0_0_01195_fu_5214  |   16|   0|   16|          0|
    |p_0_21_0_0_01243_fu_5310  |   16|   0|   16|          0|
    |p_0_21_0_0_01291_fu_5406  |   16|   0|   16|          0|
    |p_0_21_0_0_01339_fu_5502  |   16|   0|   16|          0|
    |p_0_21_0_0_01387_fu_5598  |   16|   0|   16|          0|
    |p_0_21_0_0_0139_fu_3102   |   16|   0|   16|          0|
    |p_0_21_0_0_01435_fu_5694  |   16|   0|   16|          0|
    |p_0_21_0_0_01483_fu_5790  |   16|   0|   16|          0|
    |p_0_21_0_0_01531_fu_5886  |   16|   0|   16|          0|
    |p_0_21_0_0_01579_fu_5982  |   16|   0|   16|          0|
    |p_0_21_0_0_01627_fu_6078  |   16|   0|   16|          0|
    |p_0_21_0_0_01675_fu_6174  |   16|   0|   16|          0|
    |p_0_21_0_0_01723_fu_6270  |   16|   0|   16|          0|
    |p_0_21_0_0_01771_fu_6366  |   16|   0|   16|          0|
    |p_0_21_0_0_01819_fu_6462  |   16|   0|   16|          0|
    |p_0_21_0_0_01867_fu_6558  |   16|   0|   16|          0|
    |p_0_21_0_0_0187_fu_3198   |   16|   0|   16|          0|
    |p_0_21_0_0_01915_fu_6654  |   16|   0|   16|          0|
    |p_0_21_0_0_01963_fu_6750  |   16|   0|   16|          0|
    |p_0_21_0_0_02011_fu_6846  |   16|   0|   16|          0|
    |p_0_21_0_0_02059_fu_6942  |   16|   0|   16|          0|
    |p_0_21_0_0_02107_fu_7038  |   16|   0|   16|          0|
    |p_0_21_0_0_02155_fu_7134  |   16|   0|   16|          0|
    |p_0_21_0_0_02203_fu_7230  |   16|   0|   16|          0|
    |p_0_21_0_0_02251_fu_7326  |   16|   0|   16|          0|
    |p_0_21_0_0_02299_fu_7422  |   16|   0|   16|          0|
    |p_0_21_0_0_02347_fu_7518  |   16|   0|   16|          0|
    |p_0_21_0_0_0235_fu_3294   |   16|   0|   16|          0|
    |p_0_21_0_0_02395_fu_7614  |   16|   0|   16|          0|
    |p_0_21_0_0_02443_fu_7710  |   16|   0|   16|          0|
    |p_0_21_0_0_02491_fu_7806  |   16|   0|   16|          0|
    |p_0_21_0_0_02539_fu_7902  |   16|   0|   16|          0|
    |p_0_21_0_0_02587_fu_7998  |   16|   0|   16|          0|
    |p_0_21_0_0_0283_fu_3390   |   16|   0|   16|          0|
    |p_0_21_0_0_0331_fu_3486   |   16|   0|   16|          0|
    |p_0_21_0_0_0379_fu_3582   |   16|   0|   16|          0|
    |p_0_21_0_0_0427_fu_3678   |   16|   0|   16|          0|
    |p_0_21_0_0_043_fu_2910    |   16|   0|   16|          0|
    |p_0_21_0_0_0475_fu_3774   |   16|   0|   16|          0|
    |p_0_21_0_0_0523_fu_3870   |   16|   0|   16|          0|
    |p_0_21_0_0_0571_fu_3966   |   16|   0|   16|          0|
    |p_0_21_0_0_0619_fu_4062   |   16|   0|   16|          0|
    |p_0_21_0_0_0667_fu_4158   |   16|   0|   16|          0|
    |p_0_21_0_0_0715_fu_4254   |   16|   0|   16|          0|
    |p_0_21_0_0_0763_fu_4350   |   16|   0|   16|          0|
    |p_0_21_0_0_0811_fu_4446   |   16|   0|   16|          0|
    |p_0_21_0_0_0859_fu_4542   |   16|   0|   16|          0|
    |p_0_21_0_0_0907_fu_4638   |   16|   0|   16|          0|
    |p_0_21_0_0_091_fu_3006    |   16|   0|   16|          0|
    |p_0_21_0_0_0955_fu_4734   |   16|   0|   16|          0|
    |p_0_22_0_0_01005_fu_4834  |   16|   0|   16|          0|
    |p_0_22_0_0_01053_fu_4930  |   16|   0|   16|          0|
    |p_0_22_0_0_01101_fu_5026  |   16|   0|   16|          0|
    |p_0_22_0_0_01149_fu_5122  |   16|   0|   16|          0|
    |p_0_22_0_0_01197_fu_5218  |   16|   0|   16|          0|
    |p_0_22_0_0_01245_fu_5314  |   16|   0|   16|          0|
    |p_0_22_0_0_01293_fu_5410  |   16|   0|   16|          0|
    |p_0_22_0_0_01341_fu_5506  |   16|   0|   16|          0|
    |p_0_22_0_0_01389_fu_5602  |   16|   0|   16|          0|
    |p_0_22_0_0_0141_fu_3106   |   16|   0|   16|          0|
    |p_0_22_0_0_01437_fu_5698  |   16|   0|   16|          0|
    |p_0_22_0_0_01485_fu_5794  |   16|   0|   16|          0|
    |p_0_22_0_0_01533_fu_5890  |   16|   0|   16|          0|
    |p_0_22_0_0_01581_fu_5986  |   16|   0|   16|          0|
    |p_0_22_0_0_01629_fu_6082  |   16|   0|   16|          0|
    |p_0_22_0_0_01677_fu_6178  |   16|   0|   16|          0|
    |p_0_22_0_0_01725_fu_6274  |   16|   0|   16|          0|
    |p_0_22_0_0_01773_fu_6370  |   16|   0|   16|          0|
    |p_0_22_0_0_01821_fu_6466  |   16|   0|   16|          0|
    |p_0_22_0_0_01869_fu_6562  |   16|   0|   16|          0|
    |p_0_22_0_0_0189_fu_3202   |   16|   0|   16|          0|
    |p_0_22_0_0_01917_fu_6658  |   16|   0|   16|          0|
    |p_0_22_0_0_01965_fu_6754  |   16|   0|   16|          0|
    |p_0_22_0_0_02013_fu_6850  |   16|   0|   16|          0|
    |p_0_22_0_0_02061_fu_6946  |   16|   0|   16|          0|
    |p_0_22_0_0_02109_fu_7042  |   16|   0|   16|          0|
    |p_0_22_0_0_02157_fu_7138  |   16|   0|   16|          0|
    |p_0_22_0_0_02205_fu_7234  |   16|   0|   16|          0|
    |p_0_22_0_0_02253_fu_7330  |   16|   0|   16|          0|
    |p_0_22_0_0_02301_fu_7426  |   16|   0|   16|          0|
    |p_0_22_0_0_02349_fu_7522  |   16|   0|   16|          0|
    |p_0_22_0_0_0237_fu_3298   |   16|   0|   16|          0|
    |p_0_22_0_0_02397_fu_7618  |   16|   0|   16|          0|
    |p_0_22_0_0_02445_fu_7714  |   16|   0|   16|          0|
    |p_0_22_0_0_02493_fu_7810  |   16|   0|   16|          0|
    |p_0_22_0_0_02541_fu_7906  |   16|   0|   16|          0|
    |p_0_22_0_0_02589_fu_8002  |   16|   0|   16|          0|
    |p_0_22_0_0_0285_fu_3394   |   16|   0|   16|          0|
    |p_0_22_0_0_0333_fu_3490   |   16|   0|   16|          0|
    |p_0_22_0_0_0381_fu_3586   |   16|   0|   16|          0|
    |p_0_22_0_0_0429_fu_3682   |   16|   0|   16|          0|
    |p_0_22_0_0_045_fu_2914    |   16|   0|   16|          0|
    |p_0_22_0_0_0477_fu_3778   |   16|   0|   16|          0|
    |p_0_22_0_0_0525_fu_3874   |   16|   0|   16|          0|
    |p_0_22_0_0_0573_fu_3970   |   16|   0|   16|          0|
    |p_0_22_0_0_0621_fu_4066   |   16|   0|   16|          0|
    |p_0_22_0_0_0669_fu_4162   |   16|   0|   16|          0|
    |p_0_22_0_0_0717_fu_4258   |   16|   0|   16|          0|
    |p_0_22_0_0_0765_fu_4354   |   16|   0|   16|          0|
    |p_0_22_0_0_0813_fu_4450   |   16|   0|   16|          0|
    |p_0_22_0_0_0861_fu_4546   |   16|   0|   16|          0|
    |p_0_22_0_0_0909_fu_4642   |   16|   0|   16|          0|
    |p_0_22_0_0_093_fu_3010    |   16|   0|   16|          0|
    |p_0_22_0_0_0957_fu_4738   |   16|   0|   16|          0|
    |p_0_23_0_0_01007_fu_4838  |   16|   0|   16|          0|
    |p_0_23_0_0_01055_fu_4934  |   16|   0|   16|          0|
    |p_0_23_0_0_01103_fu_5030  |   16|   0|   16|          0|
    |p_0_23_0_0_01151_fu_5126  |   16|   0|   16|          0|
    |p_0_23_0_0_01199_fu_5222  |   16|   0|   16|          0|
    |p_0_23_0_0_01247_fu_5318  |   16|   0|   16|          0|
    |p_0_23_0_0_01295_fu_5414  |   16|   0|   16|          0|
    |p_0_23_0_0_01343_fu_5510  |   16|   0|   16|          0|
    |p_0_23_0_0_01391_fu_5606  |   16|   0|   16|          0|
    |p_0_23_0_0_01439_fu_5702  |   16|   0|   16|          0|
    |p_0_23_0_0_0143_fu_3110   |   16|   0|   16|          0|
    |p_0_23_0_0_01487_fu_5798  |   16|   0|   16|          0|
    |p_0_23_0_0_01535_fu_5894  |   16|   0|   16|          0|
    |p_0_23_0_0_01583_fu_5990  |   16|   0|   16|          0|
    |p_0_23_0_0_01631_fu_6086  |   16|   0|   16|          0|
    |p_0_23_0_0_01679_fu_6182  |   16|   0|   16|          0|
    |p_0_23_0_0_01727_fu_6278  |   16|   0|   16|          0|
    |p_0_23_0_0_01775_fu_6374  |   16|   0|   16|          0|
    |p_0_23_0_0_01823_fu_6470  |   16|   0|   16|          0|
    |p_0_23_0_0_01871_fu_6566  |   16|   0|   16|          0|
    |p_0_23_0_0_01919_fu_6662  |   16|   0|   16|          0|
    |p_0_23_0_0_0191_fu_3206   |   16|   0|   16|          0|
    |p_0_23_0_0_01967_fu_6758  |   16|   0|   16|          0|
    |p_0_23_0_0_02015_fu_6854  |   16|   0|   16|          0|
    |p_0_23_0_0_02063_fu_6950  |   16|   0|   16|          0|
    |p_0_23_0_0_02111_fu_7046  |   16|   0|   16|          0|
    |p_0_23_0_0_02159_fu_7142  |   16|   0|   16|          0|
    |p_0_23_0_0_02207_fu_7238  |   16|   0|   16|          0|
    |p_0_23_0_0_02255_fu_7334  |   16|   0|   16|          0|
    |p_0_23_0_0_02303_fu_7430  |   16|   0|   16|          0|
    |p_0_23_0_0_02351_fu_7526  |   16|   0|   16|          0|
    |p_0_23_0_0_02399_fu_7622  |   16|   0|   16|          0|
    |p_0_23_0_0_0239_fu_3302   |   16|   0|   16|          0|
    |p_0_23_0_0_02447_fu_7718  |   16|   0|   16|          0|
    |p_0_23_0_0_02495_fu_7814  |   16|   0|   16|          0|
    |p_0_23_0_0_02543_fu_7910  |   16|   0|   16|          0|
    |p_0_23_0_0_02591_fu_8006  |   16|   0|   16|          0|
    |p_0_23_0_0_0287_fu_3398   |   16|   0|   16|          0|
    |p_0_23_0_0_0335_fu_3494   |   16|   0|   16|          0|
    |p_0_23_0_0_0383_fu_3590   |   16|   0|   16|          0|
    |p_0_23_0_0_0431_fu_3686   |   16|   0|   16|          0|
    |p_0_23_0_0_0479_fu_3782   |   16|   0|   16|          0|
    |p_0_23_0_0_047_fu_2918    |   16|   0|   16|          0|
    |p_0_23_0_0_0527_fu_3878   |   16|   0|   16|          0|
    |p_0_23_0_0_0575_fu_3974   |   16|   0|   16|          0|
    |p_0_23_0_0_0623_fu_4070   |   16|   0|   16|          0|
    |p_0_23_0_0_0671_fu_4166   |   16|   0|   16|          0|
    |p_0_23_0_0_0719_fu_4262   |   16|   0|   16|          0|
    |p_0_23_0_0_0767_fu_4358   |   16|   0|   16|          0|
    |p_0_23_0_0_0815_fu_4454   |   16|   0|   16|          0|
    |p_0_23_0_0_0863_fu_4550   |   16|   0|   16|          0|
    |p_0_23_0_0_0911_fu_4646   |   16|   0|   16|          0|
    |p_0_23_0_0_0959_fu_4742   |   16|   0|   16|          0|
    |p_0_23_0_0_095_fu_3014    |   16|   0|   16|          0|
    |p_0_2_0_0_01013_fu_4850   |   16|   0|   16|          0|
    |p_0_2_0_0_0101_fu_3026    |   16|   0|   16|          0|
    |p_0_2_0_0_01061_fu_4946   |   16|   0|   16|          0|
    |p_0_2_0_0_01109_fu_5042   |   16|   0|   16|          0|
    |p_0_2_0_0_01157_fu_5138   |   16|   0|   16|          0|
    |p_0_2_0_0_01205_fu_5234   |   16|   0|   16|          0|
    |p_0_2_0_0_01253_fu_5330   |   16|   0|   16|          0|
    |p_0_2_0_0_01301_fu_5426   |   16|   0|   16|          0|
    |p_0_2_0_0_01349_fu_5522   |   16|   0|   16|          0|
    |p_0_2_0_0_01397_fu_5618   |   16|   0|   16|          0|
    |p_0_2_0_0_01445_fu_5714   |   16|   0|   16|          0|
    |p_0_2_0_0_01493_fu_5810   |   16|   0|   16|          0|
    |p_0_2_0_0_0149_fu_3122    |   16|   0|   16|          0|
    |p_0_2_0_0_01541_fu_5906   |   16|   0|   16|          0|
    |p_0_2_0_0_01589_fu_6002   |   16|   0|   16|          0|
    |p_0_2_0_0_01637_fu_6098   |   16|   0|   16|          0|
    |p_0_2_0_0_01685_fu_6194   |   16|   0|   16|          0|
    |p_0_2_0_0_01733_fu_6290   |   16|   0|   16|          0|
    |p_0_2_0_0_01781_fu_6386   |   16|   0|   16|          0|
    |p_0_2_0_0_01829_fu_6482   |   16|   0|   16|          0|
    |p_0_2_0_0_01877_fu_6578   |   16|   0|   16|          0|
    |p_0_2_0_0_01925_fu_6674   |   16|   0|   16|          0|
    |p_0_2_0_0_01973_fu_6770   |   16|   0|   16|          0|
    |p_0_2_0_0_0197_fu_3218    |   16|   0|   16|          0|
    |p_0_2_0_0_02021_fu_6866   |   16|   0|   16|          0|
    |p_0_2_0_0_02069_fu_6962   |   16|   0|   16|          0|
    |p_0_2_0_0_02117_fu_7058   |   16|   0|   16|          0|
    |p_0_2_0_0_02165_fu_7154   |   16|   0|   16|          0|
    |p_0_2_0_0_02213_fu_7250   |   16|   0|   16|          0|
    |p_0_2_0_0_02261_fu_7346   |   16|   0|   16|          0|
    |p_0_2_0_0_02309_fu_7442   |   16|   0|   16|          0|
    |p_0_2_0_0_02357_fu_7538   |   16|   0|   16|          0|
    |p_0_2_0_0_02405_fu_7634   |   16|   0|   16|          0|
    |p_0_2_0_0_02453_fu_7730   |   16|   0|   16|          0|
    |p_0_2_0_0_0245_fu_3314    |   16|   0|   16|          0|
    |p_0_2_0_0_02501_fu_7826   |   16|   0|   16|          0|
    |p_0_2_0_0_02549_fu_7922   |   16|   0|   16|          0|
    |p_0_2_0_0_0293_fu_3410    |   16|   0|   16|          0|
    |p_0_2_0_0_0341_fu_3506    |   16|   0|   16|          0|
    |p_0_2_0_0_0389_fu_3602    |   16|   0|   16|          0|
    |p_0_2_0_0_0437_fu_3698    |   16|   0|   16|          0|
    |p_0_2_0_0_0485_fu_3794    |   16|   0|   16|          0|
    |p_0_2_0_0_0533_fu_3890    |   16|   0|   16|          0|
    |p_0_2_0_0_053_fu_2930     |   16|   0|   16|          0|
    |p_0_2_0_0_0581_fu_3986    |   16|   0|   16|          0|
    |p_0_2_0_0_05_fu_2834      |   16|   0|   16|          0|
    |p_0_2_0_0_0629_fu_4082    |   16|   0|   16|          0|
    |p_0_2_0_0_0677_fu_4178    |   16|   0|   16|          0|
    |p_0_2_0_0_0725_fu_4274    |   16|   0|   16|          0|
    |p_0_2_0_0_0773_fu_4370    |   16|   0|   16|          0|
    |p_0_2_0_0_0821_fu_4466    |   16|   0|   16|          0|
    |p_0_2_0_0_0869_fu_4562    |   16|   0|   16|          0|
    |p_0_2_0_0_0917_fu_4658    |   16|   0|   16|          0|
    |p_0_2_0_0_0965_fu_4754    |   16|   0|   16|          0|
    |p_0_3_0_0_01015_fu_4854   |   16|   0|   16|          0|
    |p_0_3_0_0_0103_fu_3030    |   16|   0|   16|          0|
    |p_0_3_0_0_01063_fu_4950   |   16|   0|   16|          0|
    |p_0_3_0_0_01111_fu_5046   |   16|   0|   16|          0|
    |p_0_3_0_0_01159_fu_5142   |   16|   0|   16|          0|
    |p_0_3_0_0_01207_fu_5238   |   16|   0|   16|          0|
    |p_0_3_0_0_01255_fu_5334   |   16|   0|   16|          0|
    |p_0_3_0_0_01303_fu_5430   |   16|   0|   16|          0|
    |p_0_3_0_0_01351_fu_5526   |   16|   0|   16|          0|
    |p_0_3_0_0_01399_fu_5622   |   16|   0|   16|          0|
    |p_0_3_0_0_01447_fu_5718   |   16|   0|   16|          0|
    |p_0_3_0_0_01495_fu_5814   |   16|   0|   16|          0|
    |p_0_3_0_0_0151_fu_3126    |   16|   0|   16|          0|
    |p_0_3_0_0_01543_fu_5910   |   16|   0|   16|          0|
    |p_0_3_0_0_01591_fu_6006   |   16|   0|   16|          0|
    |p_0_3_0_0_01639_fu_6102   |   16|   0|   16|          0|
    |p_0_3_0_0_01687_fu_6198   |   16|   0|   16|          0|
    |p_0_3_0_0_01735_fu_6294   |   16|   0|   16|          0|
    |p_0_3_0_0_01783_fu_6390   |   16|   0|   16|          0|
    |p_0_3_0_0_01831_fu_6486   |   16|   0|   16|          0|
    |p_0_3_0_0_01879_fu_6582   |   16|   0|   16|          0|
    |p_0_3_0_0_01927_fu_6678   |   16|   0|   16|          0|
    |p_0_3_0_0_01975_fu_6774   |   16|   0|   16|          0|
    |p_0_3_0_0_0199_fu_3222    |   16|   0|   16|          0|
    |p_0_3_0_0_02023_fu_6870   |   16|   0|   16|          0|
    |p_0_3_0_0_02071_fu_6966   |   16|   0|   16|          0|
    |p_0_3_0_0_02119_fu_7062   |   16|   0|   16|          0|
    |p_0_3_0_0_02167_fu_7158   |   16|   0|   16|          0|
    |p_0_3_0_0_02215_fu_7254   |   16|   0|   16|          0|
    |p_0_3_0_0_02263_fu_7350   |   16|   0|   16|          0|
    |p_0_3_0_0_02311_fu_7446   |   16|   0|   16|          0|
    |p_0_3_0_0_02359_fu_7542   |   16|   0|   16|          0|
    |p_0_3_0_0_02407_fu_7638   |   16|   0|   16|          0|
    |p_0_3_0_0_02455_fu_7734   |   16|   0|   16|          0|
    |p_0_3_0_0_0247_fu_3318    |   16|   0|   16|          0|
    |p_0_3_0_0_02503_fu_7830   |   16|   0|   16|          0|
    |p_0_3_0_0_02551_fu_7926   |   16|   0|   16|          0|
    |p_0_3_0_0_0295_fu_3414    |   16|   0|   16|          0|
    |p_0_3_0_0_0343_fu_3510    |   16|   0|   16|          0|
    |p_0_3_0_0_0391_fu_3606    |   16|   0|   16|          0|
    |p_0_3_0_0_0439_fu_3702    |   16|   0|   16|          0|
    |p_0_3_0_0_0487_fu_3798    |   16|   0|   16|          0|
    |p_0_3_0_0_0535_fu_3894    |   16|   0|   16|          0|
    |p_0_3_0_0_055_fu_2934     |   16|   0|   16|          0|
    |p_0_3_0_0_0583_fu_3990    |   16|   0|   16|          0|
    |p_0_3_0_0_0631_fu_4086    |   16|   0|   16|          0|
    |p_0_3_0_0_0679_fu_4182    |   16|   0|   16|          0|
    |p_0_3_0_0_0727_fu_4278    |   16|   0|   16|          0|
    |p_0_3_0_0_0775_fu_4374    |   16|   0|   16|          0|
    |p_0_3_0_0_07_fu_2838      |   16|   0|   16|          0|
    |p_0_3_0_0_0823_fu_4470    |   16|   0|   16|          0|
    |p_0_3_0_0_0871_fu_4566    |   16|   0|   16|          0|
    |p_0_3_0_0_0919_fu_4662    |   16|   0|   16|          0|
    |p_0_3_0_0_0967_fu_4758    |   16|   0|   16|          0|
    |p_0_4_0_0_01017_fu_4858   |   16|   0|   16|          0|
    |p_0_4_0_0_0105_fu_3034    |   16|   0|   16|          0|
    |p_0_4_0_0_01065_fu_4954   |   16|   0|   16|          0|
    |p_0_4_0_0_01113_fu_5050   |   16|   0|   16|          0|
    |p_0_4_0_0_01161_fu_5146   |   16|   0|   16|          0|
    |p_0_4_0_0_01209_fu_5242   |   16|   0|   16|          0|
    |p_0_4_0_0_01257_fu_5338   |   16|   0|   16|          0|
    |p_0_4_0_0_01305_fu_5434   |   16|   0|   16|          0|
    |p_0_4_0_0_01353_fu_5530   |   16|   0|   16|          0|
    |p_0_4_0_0_01401_fu_5626   |   16|   0|   16|          0|
    |p_0_4_0_0_01449_fu_5722   |   16|   0|   16|          0|
    |p_0_4_0_0_01497_fu_5818   |   16|   0|   16|          0|
    |p_0_4_0_0_0153_fu_3130    |   16|   0|   16|          0|
    |p_0_4_0_0_01545_fu_5914   |   16|   0|   16|          0|
    |p_0_4_0_0_01593_fu_6010   |   16|   0|   16|          0|
    |p_0_4_0_0_01641_fu_6106   |   16|   0|   16|          0|
    |p_0_4_0_0_01689_fu_6202   |   16|   0|   16|          0|
    |p_0_4_0_0_01737_fu_6298   |   16|   0|   16|          0|
    |p_0_4_0_0_01785_fu_6394   |   16|   0|   16|          0|
    |p_0_4_0_0_01833_fu_6490   |   16|   0|   16|          0|
    |p_0_4_0_0_01881_fu_6586   |   16|   0|   16|          0|
    |p_0_4_0_0_01929_fu_6682   |   16|   0|   16|          0|
    |p_0_4_0_0_01977_fu_6778   |   16|   0|   16|          0|
    |p_0_4_0_0_0201_fu_3226    |   16|   0|   16|          0|
    |p_0_4_0_0_02025_fu_6874   |   16|   0|   16|          0|
    |p_0_4_0_0_02073_fu_6970   |   16|   0|   16|          0|
    |p_0_4_0_0_02121_fu_7066   |   16|   0|   16|          0|
    |p_0_4_0_0_02169_fu_7162   |   16|   0|   16|          0|
    |p_0_4_0_0_02217_fu_7258   |   16|   0|   16|          0|
    |p_0_4_0_0_02265_fu_7354   |   16|   0|   16|          0|
    |p_0_4_0_0_02313_fu_7450   |   16|   0|   16|          0|
    |p_0_4_0_0_02361_fu_7546   |   16|   0|   16|          0|
    |p_0_4_0_0_02409_fu_7642   |   16|   0|   16|          0|
    |p_0_4_0_0_02457_fu_7738   |   16|   0|   16|          0|
    |p_0_4_0_0_0249_fu_3322    |   16|   0|   16|          0|
    |p_0_4_0_0_02505_fu_7834   |   16|   0|   16|          0|
    |p_0_4_0_0_02553_fu_7930   |   16|   0|   16|          0|
    |p_0_4_0_0_0297_fu_3418    |   16|   0|   16|          0|
    |p_0_4_0_0_0345_fu_3514    |   16|   0|   16|          0|
    |p_0_4_0_0_0393_fu_3610    |   16|   0|   16|          0|
    |p_0_4_0_0_0441_fu_3706    |   16|   0|   16|          0|
    |p_0_4_0_0_0489_fu_3802    |   16|   0|   16|          0|
    |p_0_4_0_0_0537_fu_3898    |   16|   0|   16|          0|
    |p_0_4_0_0_057_fu_2938     |   16|   0|   16|          0|
    |p_0_4_0_0_0585_fu_3994    |   16|   0|   16|          0|
    |p_0_4_0_0_0633_fu_4090    |   16|   0|   16|          0|
    |p_0_4_0_0_0681_fu_4186    |   16|   0|   16|          0|
    |p_0_4_0_0_0729_fu_4282    |   16|   0|   16|          0|
    |p_0_4_0_0_0777_fu_4378    |   16|   0|   16|          0|
    |p_0_4_0_0_0825_fu_4474    |   16|   0|   16|          0|
    |p_0_4_0_0_0873_fu_4570    |   16|   0|   16|          0|
    |p_0_4_0_0_0921_fu_4666    |   16|   0|   16|          0|
    |p_0_4_0_0_0969_fu_4762    |   16|   0|   16|          0|
    |p_0_4_0_0_09_fu_2842      |   16|   0|   16|          0|
    |p_0_5_0_0_01019_fu_4862   |   16|   0|   16|          0|
    |p_0_5_0_0_01067_fu_4958   |   16|   0|   16|          0|
    |p_0_5_0_0_0107_fu_3038    |   16|   0|   16|          0|
    |p_0_5_0_0_01115_fu_5054   |   16|   0|   16|          0|
    |p_0_5_0_0_01163_fu_5150   |   16|   0|   16|          0|
    |p_0_5_0_0_011_fu_2846     |   16|   0|   16|          0|
    |p_0_5_0_0_01211_fu_5246   |   16|   0|   16|          0|
    |p_0_5_0_0_01259_fu_5342   |   16|   0|   16|          0|
    |p_0_5_0_0_01307_fu_5438   |   16|   0|   16|          0|
    |p_0_5_0_0_01355_fu_5534   |   16|   0|   16|          0|
    |p_0_5_0_0_01403_fu_5630   |   16|   0|   16|          0|
    |p_0_5_0_0_01451_fu_5726   |   16|   0|   16|          0|
    |p_0_5_0_0_01499_fu_5822   |   16|   0|   16|          0|
    |p_0_5_0_0_01547_fu_5918   |   16|   0|   16|          0|
    |p_0_5_0_0_0155_fu_3134    |   16|   0|   16|          0|
    |p_0_5_0_0_01595_fu_6014   |   16|   0|   16|          0|
    |p_0_5_0_0_01643_fu_6110   |   16|   0|   16|          0|
    |p_0_5_0_0_01691_fu_6206   |   16|   0|   16|          0|
    |p_0_5_0_0_01739_fu_6302   |   16|   0|   16|          0|
    |p_0_5_0_0_01787_fu_6398   |   16|   0|   16|          0|
    |p_0_5_0_0_01835_fu_6494   |   16|   0|   16|          0|
    |p_0_5_0_0_01883_fu_6590   |   16|   0|   16|          0|
    |p_0_5_0_0_01931_fu_6686   |   16|   0|   16|          0|
    |p_0_5_0_0_01979_fu_6782   |   16|   0|   16|          0|
    |p_0_5_0_0_02027_fu_6878   |   16|   0|   16|          0|
    |p_0_5_0_0_0203_fu_3230    |   16|   0|   16|          0|
    |p_0_5_0_0_02075_fu_6974   |   16|   0|   16|          0|
    |p_0_5_0_0_02123_fu_7070   |   16|   0|   16|          0|
    |p_0_5_0_0_02171_fu_7166   |   16|   0|   16|          0|
    |p_0_5_0_0_02219_fu_7262   |   16|   0|   16|          0|
    |p_0_5_0_0_02267_fu_7358   |   16|   0|   16|          0|
    |p_0_5_0_0_02315_fu_7454   |   16|   0|   16|          0|
    |p_0_5_0_0_02363_fu_7550   |   16|   0|   16|          0|
    |p_0_5_0_0_02411_fu_7646   |   16|   0|   16|          0|
    |p_0_5_0_0_02459_fu_7742   |   16|   0|   16|          0|
    |p_0_5_0_0_02507_fu_7838   |   16|   0|   16|          0|
    |p_0_5_0_0_0251_fu_3326    |   16|   0|   16|          0|
    |p_0_5_0_0_02555_fu_7934   |   16|   0|   16|          0|
    |p_0_5_0_0_0299_fu_3422    |   16|   0|   16|          0|
    |p_0_5_0_0_0347_fu_3518    |   16|   0|   16|          0|
    |p_0_5_0_0_0395_fu_3614    |   16|   0|   16|          0|
    |p_0_5_0_0_0443_fu_3710    |   16|   0|   16|          0|
    |p_0_5_0_0_0491_fu_3806    |   16|   0|   16|          0|
    |p_0_5_0_0_0539_fu_3902    |   16|   0|   16|          0|
    |p_0_5_0_0_0587_fu_3998    |   16|   0|   16|          0|
    |p_0_5_0_0_059_fu_2942     |   16|   0|   16|          0|
    |p_0_5_0_0_0635_fu_4094    |   16|   0|   16|          0|
    |p_0_5_0_0_0683_fu_4190    |   16|   0|   16|          0|
    |p_0_5_0_0_0731_fu_4286    |   16|   0|   16|          0|
    |p_0_5_0_0_0779_fu_4382    |   16|   0|   16|          0|
    |p_0_5_0_0_0827_fu_4478    |   16|   0|   16|          0|
    |p_0_5_0_0_0875_fu_4574    |   16|   0|   16|          0|
    |p_0_5_0_0_0923_fu_4670    |   16|   0|   16|          0|
    |p_0_5_0_0_0971_fu_4766    |   16|   0|   16|          0|
    |p_0_6_0_0_01021_fu_4866   |   16|   0|   16|          0|
    |p_0_6_0_0_01069_fu_4962   |   16|   0|   16|          0|
    |p_0_6_0_0_0109_fu_3042    |   16|   0|   16|          0|
    |p_0_6_0_0_01117_fu_5058   |   16|   0|   16|          0|
    |p_0_6_0_0_01165_fu_5154   |   16|   0|   16|          0|
    |p_0_6_0_0_01213_fu_5250   |   16|   0|   16|          0|
    |p_0_6_0_0_01261_fu_5346   |   16|   0|   16|          0|
    |p_0_6_0_0_01309_fu_5442   |   16|   0|   16|          0|
    |p_0_6_0_0_01357_fu_5538   |   16|   0|   16|          0|
    |p_0_6_0_0_013_fu_2850     |   16|   0|   16|          0|
    |p_0_6_0_0_01405_fu_5634   |   16|   0|   16|          0|
    |p_0_6_0_0_01453_fu_5730   |   16|   0|   16|          0|
    |p_0_6_0_0_01501_fu_5826   |   16|   0|   16|          0|
    |p_0_6_0_0_01549_fu_5922   |   16|   0|   16|          0|
    |p_0_6_0_0_0157_fu_3138    |   16|   0|   16|          0|
    |p_0_6_0_0_01597_fu_6018   |   16|   0|   16|          0|
    |p_0_6_0_0_01645_fu_6114   |   16|   0|   16|          0|
    |p_0_6_0_0_01693_fu_6210   |   16|   0|   16|          0|
    |p_0_6_0_0_01741_fu_6306   |   16|   0|   16|          0|
    |p_0_6_0_0_01789_fu_6402   |   16|   0|   16|          0|
    |p_0_6_0_0_01837_fu_6498   |   16|   0|   16|          0|
    |p_0_6_0_0_01885_fu_6594   |   16|   0|   16|          0|
    |p_0_6_0_0_01933_fu_6690   |   16|   0|   16|          0|
    |p_0_6_0_0_01981_fu_6786   |   16|   0|   16|          0|
    |p_0_6_0_0_02029_fu_6882   |   16|   0|   16|          0|
    |p_0_6_0_0_0205_fu_3234    |   16|   0|   16|          0|
    |p_0_6_0_0_02077_fu_6978   |   16|   0|   16|          0|
    |p_0_6_0_0_02125_fu_7074   |   16|   0|   16|          0|
    |p_0_6_0_0_02173_fu_7170   |   16|   0|   16|          0|
    |p_0_6_0_0_02221_fu_7266   |   16|   0|   16|          0|
    |p_0_6_0_0_02269_fu_7362   |   16|   0|   16|          0|
    |p_0_6_0_0_02317_fu_7458   |   16|   0|   16|          0|
    |p_0_6_0_0_02365_fu_7554   |   16|   0|   16|          0|
    |p_0_6_0_0_02413_fu_7650   |   16|   0|   16|          0|
    |p_0_6_0_0_02461_fu_7746   |   16|   0|   16|          0|
    |p_0_6_0_0_02509_fu_7842   |   16|   0|   16|          0|
    |p_0_6_0_0_0253_fu_3330    |   16|   0|   16|          0|
    |p_0_6_0_0_02557_fu_7938   |   16|   0|   16|          0|
    |p_0_6_0_0_0301_fu_3426    |   16|   0|   16|          0|
    |p_0_6_0_0_0349_fu_3522    |   16|   0|   16|          0|
    |p_0_6_0_0_0397_fu_3618    |   16|   0|   16|          0|
    |p_0_6_0_0_0445_fu_3714    |   16|   0|   16|          0|
    |p_0_6_0_0_0493_fu_3810    |   16|   0|   16|          0|
    |p_0_6_0_0_0541_fu_3906    |   16|   0|   16|          0|
    |p_0_6_0_0_0589_fu_4002    |   16|   0|   16|          0|
    |p_0_6_0_0_061_fu_2946     |   16|   0|   16|          0|
    |p_0_6_0_0_0637_fu_4098    |   16|   0|   16|          0|
    |p_0_6_0_0_0685_fu_4194    |   16|   0|   16|          0|
    |p_0_6_0_0_0733_fu_4290    |   16|   0|   16|          0|
    |p_0_6_0_0_0781_fu_4386    |   16|   0|   16|          0|
    |p_0_6_0_0_0829_fu_4482    |   16|   0|   16|          0|
    |p_0_6_0_0_0877_fu_4578    |   16|   0|   16|          0|
    |p_0_6_0_0_0925_fu_4674    |   16|   0|   16|          0|
    |p_0_6_0_0_0973_fu_4770    |   16|   0|   16|          0|
    |p_0_7_0_0_01023_fu_4870   |   16|   0|   16|          0|
    |p_0_7_0_0_01071_fu_4966   |   16|   0|   16|          0|
    |p_0_7_0_0_01119_fu_5062   |   16|   0|   16|          0|
    |p_0_7_0_0_0111_fu_3046    |   16|   0|   16|          0|
    |p_0_7_0_0_01167_fu_5158   |   16|   0|   16|          0|
    |p_0_7_0_0_01215_fu_5254   |   16|   0|   16|          0|
    |p_0_7_0_0_01263_fu_5350   |   16|   0|   16|          0|
    |p_0_7_0_0_01311_fu_5446   |   16|   0|   16|          0|
    |p_0_7_0_0_01359_fu_5542   |   16|   0|   16|          0|
    |p_0_7_0_0_01407_fu_5638   |   16|   0|   16|          0|
    |p_0_7_0_0_01455_fu_5734   |   16|   0|   16|          0|
    |p_0_7_0_0_01503_fu_5830   |   16|   0|   16|          0|
    |p_0_7_0_0_01551_fu_5926   |   16|   0|   16|          0|
    |p_0_7_0_0_01599_fu_6022   |   16|   0|   16|          0|
    |p_0_7_0_0_0159_fu_3142    |   16|   0|   16|          0|
    |p_0_7_0_0_015_fu_2854     |   16|   0|   16|          0|
    |p_0_7_0_0_01647_fu_6118   |   16|   0|   16|          0|
    |p_0_7_0_0_01695_fu_6214   |   16|   0|   16|          0|
    |p_0_7_0_0_01743_fu_6310   |   16|   0|   16|          0|
    |p_0_7_0_0_01791_fu_6406   |   16|   0|   16|          0|
    |p_0_7_0_0_01839_fu_6502   |   16|   0|   16|          0|
    |p_0_7_0_0_01887_fu_6598   |   16|   0|   16|          0|
    |p_0_7_0_0_01935_fu_6694   |   16|   0|   16|          0|
    |p_0_7_0_0_01983_fu_6790   |   16|   0|   16|          0|
    |p_0_7_0_0_02031_fu_6886   |   16|   0|   16|          0|
    |p_0_7_0_0_02079_fu_6982   |   16|   0|   16|          0|
    |p_0_7_0_0_0207_fu_3238    |   16|   0|   16|          0|
    |p_0_7_0_0_02127_fu_7078   |   16|   0|   16|          0|
    |p_0_7_0_0_02175_fu_7174   |   16|   0|   16|          0|
    |p_0_7_0_0_02223_fu_7270   |   16|   0|   16|          0|
    |p_0_7_0_0_02271_fu_7366   |   16|   0|   16|          0|
    |p_0_7_0_0_02319_fu_7462   |   16|   0|   16|          0|
    |p_0_7_0_0_02367_fu_7558   |   16|   0|   16|          0|
    |p_0_7_0_0_02415_fu_7654   |   16|   0|   16|          0|
    |p_0_7_0_0_02463_fu_7750   |   16|   0|   16|          0|
    |p_0_7_0_0_02511_fu_7846   |   16|   0|   16|          0|
    |p_0_7_0_0_02559_fu_7942   |   16|   0|   16|          0|
    |p_0_7_0_0_0255_fu_3334    |   16|   0|   16|          0|
    |p_0_7_0_0_0303_fu_3430    |   16|   0|   16|          0|
    |p_0_7_0_0_0351_fu_3526    |   16|   0|   16|          0|
    |p_0_7_0_0_0399_fu_3622    |   16|   0|   16|          0|
    |p_0_7_0_0_0447_fu_3718    |   16|   0|   16|          0|
    |p_0_7_0_0_0495_fu_3814    |   16|   0|   16|          0|
    |p_0_7_0_0_0543_fu_3910    |   16|   0|   16|          0|
    |p_0_7_0_0_0591_fu_4006    |   16|   0|   16|          0|
    |p_0_7_0_0_0639_fu_4102    |   16|   0|   16|          0|
    |p_0_7_0_0_063_fu_2950     |   16|   0|   16|          0|
    |p_0_7_0_0_0687_fu_4198    |   16|   0|   16|          0|
    |p_0_7_0_0_0735_fu_4294    |   16|   0|   16|          0|
    |p_0_7_0_0_0783_fu_4390    |   16|   0|   16|          0|
    |p_0_7_0_0_0831_fu_4486    |   16|   0|   16|          0|
    |p_0_7_0_0_0879_fu_4582    |   16|   0|   16|          0|
    |p_0_7_0_0_0927_fu_4678    |   16|   0|   16|          0|
    |p_0_7_0_0_0975_fu_4774    |   16|   0|   16|          0|
    |p_0_8_0_0_01025_fu_4874   |   16|   0|   16|          0|
    |p_0_8_0_0_01073_fu_4970   |   16|   0|   16|          0|
    |p_0_8_0_0_01121_fu_5066   |   16|   0|   16|          0|
    |p_0_8_0_0_0113_fu_3050    |   16|   0|   16|          0|
    |p_0_8_0_0_01169_fu_5162   |   16|   0|   16|          0|
    |p_0_8_0_0_01217_fu_5258   |   16|   0|   16|          0|
    |p_0_8_0_0_01265_fu_5354   |   16|   0|   16|          0|
    |p_0_8_0_0_01313_fu_5450   |   16|   0|   16|          0|
    |p_0_8_0_0_01361_fu_5546   |   16|   0|   16|          0|
    |p_0_8_0_0_01409_fu_5642   |   16|   0|   16|          0|
    |p_0_8_0_0_01457_fu_5738   |   16|   0|   16|          0|
    |p_0_8_0_0_01505_fu_5834   |   16|   0|   16|          0|
    |p_0_8_0_0_01553_fu_5930   |   16|   0|   16|          0|
    |p_0_8_0_0_01601_fu_6026   |   16|   0|   16|          0|
    |p_0_8_0_0_0161_fu_3146    |   16|   0|   16|          0|
    |p_0_8_0_0_01649_fu_6122   |   16|   0|   16|          0|
    |p_0_8_0_0_01697_fu_6218   |   16|   0|   16|          0|
    |p_0_8_0_0_01745_fu_6314   |   16|   0|   16|          0|
    |p_0_8_0_0_01793_fu_6410   |   16|   0|   16|          0|
    |p_0_8_0_0_017_fu_2858     |   16|   0|   16|          0|
    |p_0_8_0_0_01841_fu_6506   |   16|   0|   16|          0|
    |p_0_8_0_0_01889_fu_6602   |   16|   0|   16|          0|
    |p_0_8_0_0_01937_fu_6698   |   16|   0|   16|          0|
    |p_0_8_0_0_01985_fu_6794   |   16|   0|   16|          0|
    |p_0_8_0_0_02033_fu_6890   |   16|   0|   16|          0|
    |p_0_8_0_0_02081_fu_6986   |   16|   0|   16|          0|
    |p_0_8_0_0_0209_fu_3242    |   16|   0|   16|          0|
    |p_0_8_0_0_02129_fu_7082   |   16|   0|   16|          0|
    |p_0_8_0_0_02177_fu_7178   |   16|   0|   16|          0|
    |p_0_8_0_0_02225_fu_7274   |   16|   0|   16|          0|
    |p_0_8_0_0_02273_fu_7370   |   16|   0|   16|          0|
    |p_0_8_0_0_02321_fu_7466   |   16|   0|   16|          0|
    |p_0_8_0_0_02369_fu_7562   |   16|   0|   16|          0|
    |p_0_8_0_0_02417_fu_7658   |   16|   0|   16|          0|
    |p_0_8_0_0_02465_fu_7754   |   16|   0|   16|          0|
    |p_0_8_0_0_02513_fu_7850   |   16|   0|   16|          0|
    |p_0_8_0_0_02561_fu_7946   |   16|   0|   16|          0|
    |p_0_8_0_0_0257_fu_3338    |   16|   0|   16|          0|
    |p_0_8_0_0_0305_fu_3434    |   16|   0|   16|          0|
    |p_0_8_0_0_0353_fu_3530    |   16|   0|   16|          0|
    |p_0_8_0_0_0401_fu_3626    |   16|   0|   16|          0|
    |p_0_8_0_0_0449_fu_3722    |   16|   0|   16|          0|
    |p_0_8_0_0_0497_fu_3818    |   16|   0|   16|          0|
    |p_0_8_0_0_0545_fu_3914    |   16|   0|   16|          0|
    |p_0_8_0_0_0593_fu_4010    |   16|   0|   16|          0|
    |p_0_8_0_0_0641_fu_4106    |   16|   0|   16|          0|
    |p_0_8_0_0_065_fu_2954     |   16|   0|   16|          0|
    |p_0_8_0_0_0689_fu_4202    |   16|   0|   16|          0|
    |p_0_8_0_0_0737_fu_4298    |   16|   0|   16|          0|
    |p_0_8_0_0_0785_fu_4394    |   16|   0|   16|          0|
    |p_0_8_0_0_0833_fu_4490    |   16|   0|   16|          0|
    |p_0_8_0_0_0881_fu_4586    |   16|   0|   16|          0|
    |p_0_8_0_0_0929_fu_4682    |   16|   0|   16|          0|
    |p_0_8_0_0_0977_fu_4778    |   16|   0|   16|          0|
    |p_0_9_0_0_01027_fu_4878   |   16|   0|   16|          0|
    |p_0_9_0_0_01075_fu_4974   |   16|   0|   16|          0|
    |p_0_9_0_0_01123_fu_5070   |   16|   0|   16|          0|
    |p_0_9_0_0_0115_fu_3054    |   16|   0|   16|          0|
    |p_0_9_0_0_01171_fu_5166   |   16|   0|   16|          0|
    |p_0_9_0_0_01219_fu_5262   |   16|   0|   16|          0|
    |p_0_9_0_0_01267_fu_5358   |   16|   0|   16|          0|
    |p_0_9_0_0_01315_fu_5454   |   16|   0|   16|          0|
    |p_0_9_0_0_01363_fu_5550   |   16|   0|   16|          0|
    |p_0_9_0_0_01411_fu_5646   |   16|   0|   16|          0|
    |p_0_9_0_0_01459_fu_5742   |   16|   0|   16|          0|
    |p_0_9_0_0_01507_fu_5838   |   16|   0|   16|          0|
    |p_0_9_0_0_01555_fu_5934   |   16|   0|   16|          0|
    |p_0_9_0_0_01603_fu_6030   |   16|   0|   16|          0|
    |p_0_9_0_0_0163_fu_3150    |   16|   0|   16|          0|
    |p_0_9_0_0_01651_fu_6126   |   16|   0|   16|          0|
    |p_0_9_0_0_01699_fu_6222   |   16|   0|   16|          0|
    |p_0_9_0_0_01747_fu_6318   |   16|   0|   16|          0|
    |p_0_9_0_0_01795_fu_6414   |   16|   0|   16|          0|
    |p_0_9_0_0_01843_fu_6510   |   16|   0|   16|          0|
    |p_0_9_0_0_01891_fu_6606   |   16|   0|   16|          0|
    |p_0_9_0_0_01939_fu_6702   |   16|   0|   16|          0|
    |p_0_9_0_0_01987_fu_6798   |   16|   0|   16|          0|
    |p_0_9_0_0_019_fu_2862     |   16|   0|   16|          0|
    |p_0_9_0_0_02035_fu_6894   |   16|   0|   16|          0|
    |p_0_9_0_0_02083_fu_6990   |   16|   0|   16|          0|
    |p_0_9_0_0_0211_fu_3246    |   16|   0|   16|          0|
    |p_0_9_0_0_02131_fu_7086   |   16|   0|   16|          0|
    |p_0_9_0_0_02179_fu_7182   |   16|   0|   16|          0|
    |p_0_9_0_0_02227_fu_7278   |   16|   0|   16|          0|
    |p_0_9_0_0_02275_fu_7374   |   16|   0|   16|          0|
    |p_0_9_0_0_02323_fu_7470   |   16|   0|   16|          0|
    |p_0_9_0_0_02371_fu_7566   |   16|   0|   16|          0|
    |p_0_9_0_0_02419_fu_7662   |   16|   0|   16|          0|
    |p_0_9_0_0_02467_fu_7758   |   16|   0|   16|          0|
    |p_0_9_0_0_02515_fu_7854   |   16|   0|   16|          0|
    |p_0_9_0_0_02563_fu_7950   |   16|   0|   16|          0|
    |p_0_9_0_0_0259_fu_3342    |   16|   0|   16|          0|
    |p_0_9_0_0_0307_fu_3438    |   16|   0|   16|          0|
    |p_0_9_0_0_0355_fu_3534    |   16|   0|   16|          0|
    |p_0_9_0_0_0403_fu_3630    |   16|   0|   16|          0|
    |p_0_9_0_0_0451_fu_3726    |   16|   0|   16|          0|
    |p_0_9_0_0_0499_fu_3822    |   16|   0|   16|          0|
    |p_0_9_0_0_0547_fu_3918    |   16|   0|   16|          0|
    |p_0_9_0_0_0595_fu_4014    |   16|   0|   16|          0|
    |p_0_9_0_0_0643_fu_4110    |   16|   0|   16|          0|
    |p_0_9_0_0_067_fu_2958     |   16|   0|   16|          0|
    |p_0_9_0_0_0691_fu_4206    |   16|   0|   16|          0|
    |p_0_9_0_0_0739_fu_4302    |   16|   0|   16|          0|
    |p_0_9_0_0_0787_fu_4398    |   16|   0|   16|          0|
    |p_0_9_0_0_0835_fu_4494    |   16|   0|   16|          0|
    |p_0_9_0_0_0883_fu_4590    |   16|   0|   16|          0|
    |p_0_9_0_0_0931_fu_4686    |   16|   0|   16|          0|
    |p_0_9_0_0_0979_fu_4782    |   16|   0|   16|          0|
    +--------------------------+-----+----+-----+-----------+
    |Total                     |20751|   0|20751|          0|
    +--------------------------+-----+----+-----+-----------+



================================================================
== Interface
================================================================
* Summary: 
+-----------------------------+-----+-----+------------+----------------------------------------------------------------------------+--------------+
|          RTL Ports          | Dir | Bits|  Protocol  |                                Source Object                               |    C Type    |
+-----------------------------+-----+-----+------------+----------------------------------------------------------------------------+--------------+
|ap_clk                       |   in|    1|  ap_ctrl_hs|  dense<array,array<ap_fixed<16,6,5,3,0>,12u>,config13>_Pipeline_DataPrepare|  return value|
|ap_rst                       |   in|    1|  ap_ctrl_hs|  dense<array,array<ap_fixed<16,6,5,3,0>,12u>,config13>_Pipeline_DataPrepare|  return value|
|ap_start                     |   in|    1|  ap_ctrl_hs|  dense<array,array<ap_fixed<16,6,5,3,0>,12u>,config13>_Pipeline_DataPrepare|  return value|
|ap_done                      |  out|    1|  ap_ctrl_hs|  dense<array,array<ap_fixed<16,6,5,3,0>,12u>,config13>_Pipeline_DataPrepare|  return value|
|ap_idle                      |  out|    1|  ap_ctrl_hs|  dense<array,array<ap_fixed<16,6,5,3,0>,12u>,config13>_Pipeline_DataPrepare|  return value|
|ap_ready                     |  out|    1|  ap_ctrl_hs|  dense<array,array<ap_fixed<16,6,5,3,0>,12u>,config13>_Pipeline_DataPrepare|  return value|
|layer11_out_dout             |   in|  384|     ap_fifo|                                                                 layer11_out|       pointer|
|layer11_out_num_data_valid   |   in|    7|     ap_fifo|                                                                 layer11_out|       pointer|
|layer11_out_fifo_cap         |   in|    7|     ap_fifo|                                                                 layer11_out|       pointer|
|layer11_out_empty_n          |   in|    1|     ap_fifo|                                                                 layer11_out|       pointer|
|layer11_out_read             |  out|    1|     ap_fifo|                                                                 layer11_out|       pointer|
|p_0_23_0_0_02591_out         |  out|   16|      ap_vld|                                                        p_0_23_0_0_02591_out|       pointer|
|p_0_23_0_0_02591_out_ap_vld  |  out|    1|      ap_vld|                                                        p_0_23_0_0_02591_out|       pointer|
|p_0_22_0_0_02589_out         |  out|   16|      ap_vld|                                                        p_0_22_0_0_02589_out|       pointer|
|p_0_22_0_0_02589_out_ap_vld  |  out|    1|      ap_vld|                                                        p_0_22_0_0_02589_out|       pointer|
|p_0_21_0_0_02587_out         |  out|   16|      ap_vld|                                                        p_0_21_0_0_02587_out|       pointer|
|p_0_21_0_0_02587_out_ap_vld  |  out|    1|      ap_vld|                                                        p_0_21_0_0_02587_out|       pointer|
|p_0_20_0_0_02585_out         |  out|   16|      ap_vld|                                                        p_0_20_0_0_02585_out|       pointer|
|p_0_20_0_0_02585_out_ap_vld  |  out|    1|      ap_vld|                                                        p_0_20_0_0_02585_out|       pointer|
|p_0_19_0_0_02583_out         |  out|   16|      ap_vld|                                                        p_0_19_0_0_02583_out|       pointer|
|p_0_19_0_0_02583_out_ap_vld  |  out|    1|      ap_vld|                                                        p_0_19_0_0_02583_out|       pointer|
|p_0_18_0_0_02581_out         |  out|   16|      ap_vld|                                                        p_0_18_0_0_02581_out|       pointer|
|p_0_18_0_0_02581_out_ap_vld  |  out|    1|      ap_vld|                                                        p_0_18_0_0_02581_out|       pointer|
|p_0_17_0_0_02579_out         |  out|   16|      ap_vld|                                                        p_0_17_0_0_02579_out|       pointer|
|p_0_17_0_0_02579_out_ap_vld  |  out|    1|      ap_vld|                                                        p_0_17_0_0_02579_out|       pointer|
|p_0_16_0_0_02577_out         |  out|   16|      ap_vld|                                                        p_0_16_0_0_02577_out|       pointer|
|p_0_16_0_0_02577_out_ap_vld  |  out|    1|      ap_vld|                                                        p_0_16_0_0_02577_out|       pointer|
|p_0_15_0_0_02575_out         |  out|   16|      ap_vld|                                                        p_0_15_0_0_02575_out|       pointer|
|p_0_15_0_0_02575_out_ap_vld  |  out|    1|      ap_vld|                                                        p_0_15_0_0_02575_out|       pointer|
|p_0_14_0_0_02573_out         |  out|   16|      ap_vld|                                                        p_0_14_0_0_02573_out|       pointer|
|p_0_14_0_0_02573_out_ap_vld  |  out|    1|      ap_vld|                                                        p_0_14_0_0_02573_out|       pointer|
|p_0_13_0_0_02571_out         |  out|   16|      ap_vld|                                                        p_0_13_0_0_02571_out|       pointer|
|p_0_13_0_0_02571_out_ap_vld  |  out|    1|      ap_vld|                                                        p_0_13_0_0_02571_out|       pointer|
|p_0_12_0_0_02569_out         |  out|   16|      ap_vld|                                                        p_0_12_0_0_02569_out|       pointer|
|p_0_12_0_0_02569_out_ap_vld  |  out|    1|      ap_vld|                                                        p_0_12_0_0_02569_out|       pointer|
|p_0_11_0_0_02567_out         |  out|   16|      ap_vld|                                                        p_0_11_0_0_02567_out|       pointer|
|p_0_11_0_0_02567_out_ap_vld  |  out|    1|      ap_vld|                                                        p_0_11_0_0_02567_out|       pointer|
|p_0_10_0_0_02565_out         |  out|   16|      ap_vld|                                                        p_0_10_0_0_02565_out|       pointer|
|p_0_10_0_0_02565_out_ap_vld  |  out|    1|      ap_vld|                                                        p_0_10_0_0_02565_out|       pointer|
|p_0_9_0_0_02563_out          |  out|   16|      ap_vld|                                                         p_0_9_0_0_02563_out|       pointer|
|p_0_9_0_0_02563_out_ap_vld   |  out|    1|      ap_vld|                                                         p_0_9_0_0_02563_out|       pointer|
|p_0_8_0_0_02561_out          |  out|   16|      ap_vld|                                                         p_0_8_0_0_02561_out|       pointer|
|p_0_8_0_0_02561_out_ap_vld   |  out|    1|      ap_vld|                                                         p_0_8_0_0_02561_out|       pointer|
|p_0_7_0_0_02559_out          |  out|   16|      ap_vld|                                                         p_0_7_0_0_02559_out|       pointer|
|p_0_7_0_0_02559_out_ap_vld   |  out|    1|      ap_vld|                                                         p_0_7_0_0_02559_out|       pointer|
|p_0_6_0_0_02557_out          |  out|   16|      ap_vld|                                                         p_0_6_0_0_02557_out|       pointer|
|p_0_6_0_0_02557_out_ap_vld   |  out|    1|      ap_vld|                                                         p_0_6_0_0_02557_out|       pointer|
|p_0_5_0_0_02555_out          |  out|   16|      ap_vld|                                                         p_0_5_0_0_02555_out|       pointer|
|p_0_5_0_0_02555_out_ap_vld   |  out|    1|      ap_vld|                                                         p_0_5_0_0_02555_out|       pointer|
|p_0_4_0_0_02553_out          |  out|   16|      ap_vld|                                                         p_0_4_0_0_02553_out|       pointer|
|p_0_4_0_0_02553_out_ap_vld   |  out|    1|      ap_vld|                                                         p_0_4_0_0_02553_out|       pointer|
|p_0_3_0_0_02551_out          |  out|   16|      ap_vld|                                                         p_0_3_0_0_02551_out|       pointer|
|p_0_3_0_0_02551_out_ap_vld   |  out|    1|      ap_vld|                                                         p_0_3_0_0_02551_out|       pointer|
|p_0_2_0_0_02549_out          |  out|   16|      ap_vld|                                                         p_0_2_0_0_02549_out|       pointer|
|p_0_2_0_0_02549_out_ap_vld   |  out|    1|      ap_vld|                                                         p_0_2_0_0_02549_out|       pointer|
|p_0_1_0_0_02547_out          |  out|   16|      ap_vld|                                                         p_0_1_0_0_02547_out|       pointer|
|p_0_1_0_0_02547_out_ap_vld   |  out|    1|      ap_vld|                                                         p_0_1_0_0_02547_out|       pointer|
|p_0_0_0_0_02545_out          |  out|   16|      ap_vld|                                                         p_0_0_0_0_02545_out|       pointer|
|p_0_0_0_0_02545_out_ap_vld   |  out|    1|      ap_vld|                                                         p_0_0_0_0_02545_out|       pointer|
|p_0_23_0_0_02543_out         |  out|   16|      ap_vld|                                                        p_0_23_0_0_02543_out|       pointer|
|p_0_23_0_0_02543_out_ap_vld  |  out|    1|      ap_vld|                                                        p_0_23_0_0_02543_out|       pointer|
|p_0_22_0_0_02541_out         |  out|   16|      ap_vld|                                                        p_0_22_0_0_02541_out|       pointer|
|p_0_22_0_0_02541_out_ap_vld  |  out|    1|      ap_vld|                                                        p_0_22_0_0_02541_out|       pointer|
|p_0_21_0_0_02539_out         |  out|   16|      ap_vld|                                                        p_0_21_0_0_02539_out|       pointer|
|p_0_21_0_0_02539_out_ap_vld  |  out|    1|      ap_vld|                                                        p_0_21_0_0_02539_out|       pointer|
|p_0_20_0_0_02537_out         |  out|   16|      ap_vld|                                                        p_0_20_0_0_02537_out|       pointer|
|p_0_20_0_0_02537_out_ap_vld  |  out|    1|      ap_vld|                                                        p_0_20_0_0_02537_out|       pointer|
|p_0_19_0_0_02535_out         |  out|   16|      ap_vld|                                                        p_0_19_0_0_02535_out|       pointer|
|p_0_19_0_0_02535_out_ap_vld  |  out|    1|      ap_vld|                                                        p_0_19_0_0_02535_out|       pointer|
|p_0_18_0_0_02533_out         |  out|   16|      ap_vld|                                                        p_0_18_0_0_02533_out|       pointer|
|p_0_18_0_0_02533_out_ap_vld  |  out|    1|      ap_vld|                                                        p_0_18_0_0_02533_out|       pointer|
|p_0_17_0_0_02531_out         |  out|   16|      ap_vld|                                                        p_0_17_0_0_02531_out|       pointer|
|p_0_17_0_0_02531_out_ap_vld  |  out|    1|      ap_vld|                                                        p_0_17_0_0_02531_out|       pointer|
|p_0_16_0_0_02529_out         |  out|   16|      ap_vld|                                                        p_0_16_0_0_02529_out|       pointer|
|p_0_16_0_0_02529_out_ap_vld  |  out|    1|      ap_vld|                                                        p_0_16_0_0_02529_out|       pointer|
|p_0_15_0_0_02527_out         |  out|   16|      ap_vld|                                                        p_0_15_0_0_02527_out|       pointer|
|p_0_15_0_0_02527_out_ap_vld  |  out|    1|      ap_vld|                                                        p_0_15_0_0_02527_out|       pointer|
|p_0_14_0_0_02525_out         |  out|   16|      ap_vld|                                                        p_0_14_0_0_02525_out|       pointer|
|p_0_14_0_0_02525_out_ap_vld  |  out|    1|      ap_vld|                                                        p_0_14_0_0_02525_out|       pointer|
|p_0_13_0_0_02523_out         |  out|   16|      ap_vld|                                                        p_0_13_0_0_02523_out|       pointer|
|p_0_13_0_0_02523_out_ap_vld  |  out|    1|      ap_vld|                                                        p_0_13_0_0_02523_out|       pointer|
|p_0_12_0_0_02521_out         |  out|   16|      ap_vld|                                                        p_0_12_0_0_02521_out|       pointer|
|p_0_12_0_0_02521_out_ap_vld  |  out|    1|      ap_vld|                                                        p_0_12_0_0_02521_out|       pointer|
|p_0_11_0_0_02519_out         |  out|   16|      ap_vld|                                                        p_0_11_0_0_02519_out|       pointer|
|p_0_11_0_0_02519_out_ap_vld  |  out|    1|      ap_vld|                                                        p_0_11_0_0_02519_out|       pointer|
|p_0_10_0_0_02517_out         |  out|   16|      ap_vld|                                                        p_0_10_0_0_02517_out|       pointer|
|p_0_10_0_0_02517_out_ap_vld  |  out|    1|      ap_vld|                                                        p_0_10_0_0_02517_out|       pointer|
|p_0_9_0_0_02515_out          |  out|   16|      ap_vld|                                                         p_0_9_0_0_02515_out|       pointer|
|p_0_9_0_0_02515_out_ap_vld   |  out|    1|      ap_vld|                                                         p_0_9_0_0_02515_out|       pointer|
|p_0_8_0_0_02513_out          |  out|   16|      ap_vld|                                                         p_0_8_0_0_02513_out|       pointer|
|p_0_8_0_0_02513_out_ap_vld   |  out|    1|      ap_vld|                                                         p_0_8_0_0_02513_out|       pointer|
|p_0_7_0_0_02511_out          |  out|   16|      ap_vld|                                                         p_0_7_0_0_02511_out|       pointer|
|p_0_7_0_0_02511_out_ap_vld   |  out|    1|      ap_vld|                                                         p_0_7_0_0_02511_out|       pointer|
|p_0_6_0_0_02509_out          |  out|   16|      ap_vld|                                                         p_0_6_0_0_02509_out|       pointer|
|p_0_6_0_0_02509_out_ap_vld   |  out|    1|      ap_vld|                                                         p_0_6_0_0_02509_out|       pointer|
|p_0_5_0_0_02507_out          |  out|   16|      ap_vld|                                                         p_0_5_0_0_02507_out|       pointer|
|p_0_5_0_0_02507_out_ap_vld   |  out|    1|      ap_vld|                                                         p_0_5_0_0_02507_out|       pointer|
|p_0_4_0_0_02505_out          |  out|   16|      ap_vld|                                                         p_0_4_0_0_02505_out|       pointer|
|p_0_4_0_0_02505_out_ap_vld   |  out|    1|      ap_vld|                                                         p_0_4_0_0_02505_out|       pointer|
|p_0_3_0_0_02503_out          |  out|   16|      ap_vld|                                                         p_0_3_0_0_02503_out|       pointer|
|p_0_3_0_0_02503_out_ap_vld   |  out|    1|      ap_vld|                                                         p_0_3_0_0_02503_out|       pointer|
|p_0_2_0_0_02501_out          |  out|   16|      ap_vld|                                                         p_0_2_0_0_02501_out|       pointer|
|p_0_2_0_0_02501_out_ap_vld   |  out|    1|      ap_vld|                                                         p_0_2_0_0_02501_out|       pointer|
|p_0_1_0_0_02499_out          |  out|   16|      ap_vld|                                                         p_0_1_0_0_02499_out|       pointer|
|p_0_1_0_0_02499_out_ap_vld   |  out|    1|      ap_vld|                                                         p_0_1_0_0_02499_out|       pointer|
|p_0_0_0_0_02497_out          |  out|   16|      ap_vld|                                                         p_0_0_0_0_02497_out|       pointer|
|p_0_0_0_0_02497_out_ap_vld   |  out|    1|      ap_vld|                                                         p_0_0_0_0_02497_out|       pointer|
|p_0_23_0_0_02495_out         |  out|   16|      ap_vld|                                                        p_0_23_0_0_02495_out|       pointer|
|p_0_23_0_0_02495_out_ap_vld  |  out|    1|      ap_vld|                                                        p_0_23_0_0_02495_out|       pointer|
|p_0_22_0_0_02493_out         |  out|   16|      ap_vld|                                                        p_0_22_0_0_02493_out|       pointer|
|p_0_22_0_0_02493_out_ap_vld  |  out|    1|      ap_vld|                                                        p_0_22_0_0_02493_out|       pointer|
|p_0_21_0_0_02491_out         |  out|   16|      ap_vld|                                                        p_0_21_0_0_02491_out|       pointer|
|p_0_21_0_0_02491_out_ap_vld  |  out|    1|      ap_vld|                                                        p_0_21_0_0_02491_out|       pointer|
|p_0_20_0_0_02489_out         |  out|   16|      ap_vld|                                                        p_0_20_0_0_02489_out|       pointer|
|p_0_20_0_0_02489_out_ap_vld  |  out|    1|      ap_vld|                                                        p_0_20_0_0_02489_out|       pointer|
|p_0_19_0_0_02487_out         |  out|   16|      ap_vld|                                                        p_0_19_0_0_02487_out|       pointer|
|p_0_19_0_0_02487_out_ap_vld  |  out|    1|      ap_vld|                                                        p_0_19_0_0_02487_out|       pointer|
|p_0_18_0_0_02485_out         |  out|   16|      ap_vld|                                                        p_0_18_0_0_02485_out|       pointer|
|p_0_18_0_0_02485_out_ap_vld  |  out|    1|      ap_vld|                                                        p_0_18_0_0_02485_out|       pointer|
|p_0_17_0_0_02483_out         |  out|   16|      ap_vld|                                                        p_0_17_0_0_02483_out|       pointer|
|p_0_17_0_0_02483_out_ap_vld  |  out|    1|      ap_vld|                                                        p_0_17_0_0_02483_out|       pointer|
|p_0_16_0_0_02481_out         |  out|   16|      ap_vld|                                                        p_0_16_0_0_02481_out|       pointer|
|p_0_16_0_0_02481_out_ap_vld  |  out|    1|      ap_vld|                                                        p_0_16_0_0_02481_out|       pointer|
|p_0_15_0_0_02479_out         |  out|   16|      ap_vld|                                                        p_0_15_0_0_02479_out|       pointer|
|p_0_15_0_0_02479_out_ap_vld  |  out|    1|      ap_vld|                                                        p_0_15_0_0_02479_out|       pointer|
|p_0_14_0_0_02477_out         |  out|   16|      ap_vld|                                                        p_0_14_0_0_02477_out|       pointer|
|p_0_14_0_0_02477_out_ap_vld  |  out|    1|      ap_vld|                                                        p_0_14_0_0_02477_out|       pointer|
|p_0_13_0_0_02475_out         |  out|   16|      ap_vld|                                                        p_0_13_0_0_02475_out|       pointer|
|p_0_13_0_0_02475_out_ap_vld  |  out|    1|      ap_vld|                                                        p_0_13_0_0_02475_out|       pointer|
|p_0_12_0_0_02473_out         |  out|   16|      ap_vld|                                                        p_0_12_0_0_02473_out|       pointer|
|p_0_12_0_0_02473_out_ap_vld  |  out|    1|      ap_vld|                                                        p_0_12_0_0_02473_out|       pointer|
|p_0_11_0_0_02471_out         |  out|   16|      ap_vld|                                                        p_0_11_0_0_02471_out|       pointer|
|p_0_11_0_0_02471_out_ap_vld  |  out|    1|      ap_vld|                                                        p_0_11_0_0_02471_out|       pointer|
|p_0_10_0_0_02469_out         |  out|   16|      ap_vld|                                                        p_0_10_0_0_02469_out|       pointer|
|p_0_10_0_0_02469_out_ap_vld  |  out|    1|      ap_vld|                                                        p_0_10_0_0_02469_out|       pointer|
|p_0_9_0_0_02467_out          |  out|   16|      ap_vld|                                                         p_0_9_0_0_02467_out|       pointer|
|p_0_9_0_0_02467_out_ap_vld   |  out|    1|      ap_vld|                                                         p_0_9_0_0_02467_out|       pointer|
|p_0_8_0_0_02465_out          |  out|   16|      ap_vld|                                                         p_0_8_0_0_02465_out|       pointer|
|p_0_8_0_0_02465_out_ap_vld   |  out|    1|      ap_vld|                                                         p_0_8_0_0_02465_out|       pointer|
|p_0_7_0_0_02463_out          |  out|   16|      ap_vld|                                                         p_0_7_0_0_02463_out|       pointer|
|p_0_7_0_0_02463_out_ap_vld   |  out|    1|      ap_vld|                                                         p_0_7_0_0_02463_out|       pointer|
|p_0_6_0_0_02461_out          |  out|   16|      ap_vld|                                                         p_0_6_0_0_02461_out|       pointer|
|p_0_6_0_0_02461_out_ap_vld   |  out|    1|      ap_vld|                                                         p_0_6_0_0_02461_out|       pointer|
|p_0_5_0_0_02459_out          |  out|   16|      ap_vld|                                                         p_0_5_0_0_02459_out|       pointer|
|p_0_5_0_0_02459_out_ap_vld   |  out|    1|      ap_vld|                                                         p_0_5_0_0_02459_out|       pointer|
|p_0_4_0_0_02457_out          |  out|   16|      ap_vld|                                                         p_0_4_0_0_02457_out|       pointer|
|p_0_4_0_0_02457_out_ap_vld   |  out|    1|      ap_vld|                                                         p_0_4_0_0_02457_out|       pointer|
|p_0_3_0_0_02455_out          |  out|   16|      ap_vld|                                                         p_0_3_0_0_02455_out|       pointer|
|p_0_3_0_0_02455_out_ap_vld   |  out|    1|      ap_vld|                                                         p_0_3_0_0_02455_out|       pointer|
|p_0_2_0_0_02453_out          |  out|   16|      ap_vld|                                                         p_0_2_0_0_02453_out|       pointer|
|p_0_2_0_0_02453_out_ap_vld   |  out|    1|      ap_vld|                                                         p_0_2_0_0_02453_out|       pointer|
|p_0_1_0_0_02451_out          |  out|   16|      ap_vld|                                                         p_0_1_0_0_02451_out|       pointer|
|p_0_1_0_0_02451_out_ap_vld   |  out|    1|      ap_vld|                                                         p_0_1_0_0_02451_out|       pointer|
|p_0_0_0_0_02449_out          |  out|   16|      ap_vld|                                                         p_0_0_0_0_02449_out|       pointer|
|p_0_0_0_0_02449_out_ap_vld   |  out|    1|      ap_vld|                                                         p_0_0_0_0_02449_out|       pointer|
|p_0_23_0_0_02447_out         |  out|   16|      ap_vld|                                                        p_0_23_0_0_02447_out|       pointer|
|p_0_23_0_0_02447_out_ap_vld  |  out|    1|      ap_vld|                                                        p_0_23_0_0_02447_out|       pointer|
|p_0_22_0_0_02445_out         |  out|   16|      ap_vld|                                                        p_0_22_0_0_02445_out|       pointer|
|p_0_22_0_0_02445_out_ap_vld  |  out|    1|      ap_vld|                                                        p_0_22_0_0_02445_out|       pointer|
|p_0_21_0_0_02443_out         |  out|   16|      ap_vld|                                                        p_0_21_0_0_02443_out|       pointer|
|p_0_21_0_0_02443_out_ap_vld  |  out|    1|      ap_vld|                                                        p_0_21_0_0_02443_out|       pointer|
|p_0_20_0_0_02441_out         |  out|   16|      ap_vld|                                                        p_0_20_0_0_02441_out|       pointer|
|p_0_20_0_0_02441_out_ap_vld  |  out|    1|      ap_vld|                                                        p_0_20_0_0_02441_out|       pointer|
|p_0_19_0_0_02439_out         |  out|   16|      ap_vld|                                                        p_0_19_0_0_02439_out|       pointer|
|p_0_19_0_0_02439_out_ap_vld  |  out|    1|      ap_vld|                                                        p_0_19_0_0_02439_out|       pointer|
|p_0_18_0_0_02437_out         |  out|   16|      ap_vld|                                                        p_0_18_0_0_02437_out|       pointer|
|p_0_18_0_0_02437_out_ap_vld  |  out|    1|      ap_vld|                                                        p_0_18_0_0_02437_out|       pointer|
|p_0_17_0_0_02435_out         |  out|   16|      ap_vld|                                                        p_0_17_0_0_02435_out|       pointer|
|p_0_17_0_0_02435_out_ap_vld  |  out|    1|      ap_vld|                                                        p_0_17_0_0_02435_out|       pointer|
|p_0_16_0_0_02433_out         |  out|   16|      ap_vld|                                                        p_0_16_0_0_02433_out|       pointer|
|p_0_16_0_0_02433_out_ap_vld  |  out|    1|      ap_vld|                                                        p_0_16_0_0_02433_out|       pointer|
|p_0_15_0_0_02431_out         |  out|   16|      ap_vld|                                                        p_0_15_0_0_02431_out|       pointer|
|p_0_15_0_0_02431_out_ap_vld  |  out|    1|      ap_vld|                                                        p_0_15_0_0_02431_out|       pointer|
|p_0_14_0_0_02429_out         |  out|   16|      ap_vld|                                                        p_0_14_0_0_02429_out|       pointer|
|p_0_14_0_0_02429_out_ap_vld  |  out|    1|      ap_vld|                                                        p_0_14_0_0_02429_out|       pointer|
|p_0_13_0_0_02427_out         |  out|   16|      ap_vld|                                                        p_0_13_0_0_02427_out|       pointer|
|p_0_13_0_0_02427_out_ap_vld  |  out|    1|      ap_vld|                                                        p_0_13_0_0_02427_out|       pointer|
|p_0_12_0_0_02425_out         |  out|   16|      ap_vld|                                                        p_0_12_0_0_02425_out|       pointer|
|p_0_12_0_0_02425_out_ap_vld  |  out|    1|      ap_vld|                                                        p_0_12_0_0_02425_out|       pointer|
|p_0_11_0_0_02423_out         |  out|   16|      ap_vld|                                                        p_0_11_0_0_02423_out|       pointer|
|p_0_11_0_0_02423_out_ap_vld  |  out|    1|      ap_vld|                                                        p_0_11_0_0_02423_out|       pointer|
|p_0_10_0_0_02421_out         |  out|   16|      ap_vld|                                                        p_0_10_0_0_02421_out|       pointer|
|p_0_10_0_0_02421_out_ap_vld  |  out|    1|      ap_vld|                                                        p_0_10_0_0_02421_out|       pointer|
|p_0_9_0_0_02419_out          |  out|   16|      ap_vld|                                                         p_0_9_0_0_02419_out|       pointer|
|p_0_9_0_0_02419_out_ap_vld   |  out|    1|      ap_vld|                                                         p_0_9_0_0_02419_out|       pointer|
|p_0_8_0_0_02417_out          |  out|   16|      ap_vld|                                                         p_0_8_0_0_02417_out|       pointer|
|p_0_8_0_0_02417_out_ap_vld   |  out|    1|      ap_vld|                                                         p_0_8_0_0_02417_out|       pointer|
|p_0_7_0_0_02415_out          |  out|   16|      ap_vld|                                                         p_0_7_0_0_02415_out|       pointer|
|p_0_7_0_0_02415_out_ap_vld   |  out|    1|      ap_vld|                                                         p_0_7_0_0_02415_out|       pointer|
|p_0_6_0_0_02413_out          |  out|   16|      ap_vld|                                                         p_0_6_0_0_02413_out|       pointer|
|p_0_6_0_0_02413_out_ap_vld   |  out|    1|      ap_vld|                                                         p_0_6_0_0_02413_out|       pointer|
|p_0_5_0_0_02411_out          |  out|   16|      ap_vld|                                                         p_0_5_0_0_02411_out|       pointer|
|p_0_5_0_0_02411_out_ap_vld   |  out|    1|      ap_vld|                                                         p_0_5_0_0_02411_out|       pointer|
|p_0_4_0_0_02409_out          |  out|   16|      ap_vld|                                                         p_0_4_0_0_02409_out|       pointer|
|p_0_4_0_0_02409_out_ap_vld   |  out|    1|      ap_vld|                                                         p_0_4_0_0_02409_out|       pointer|
|p_0_3_0_0_02407_out          |  out|   16|      ap_vld|                                                         p_0_3_0_0_02407_out|       pointer|
|p_0_3_0_0_02407_out_ap_vld   |  out|    1|      ap_vld|                                                         p_0_3_0_0_02407_out|       pointer|
|p_0_2_0_0_02405_out          |  out|   16|      ap_vld|                                                         p_0_2_0_0_02405_out|       pointer|
|p_0_2_0_0_02405_out_ap_vld   |  out|    1|      ap_vld|                                                         p_0_2_0_0_02405_out|       pointer|
|p_0_1_0_0_02403_out          |  out|   16|      ap_vld|                                                         p_0_1_0_0_02403_out|       pointer|
|p_0_1_0_0_02403_out_ap_vld   |  out|    1|      ap_vld|                                                         p_0_1_0_0_02403_out|       pointer|
|p_0_0_0_0_02401_out          |  out|   16|      ap_vld|                                                         p_0_0_0_0_02401_out|       pointer|
|p_0_0_0_0_02401_out_ap_vld   |  out|    1|      ap_vld|                                                         p_0_0_0_0_02401_out|       pointer|
|p_0_23_0_0_02399_out         |  out|   16|      ap_vld|                                                        p_0_23_0_0_02399_out|       pointer|
|p_0_23_0_0_02399_out_ap_vld  |  out|    1|      ap_vld|                                                        p_0_23_0_0_02399_out|       pointer|
|p_0_22_0_0_02397_out         |  out|   16|      ap_vld|                                                        p_0_22_0_0_02397_out|       pointer|
|p_0_22_0_0_02397_out_ap_vld  |  out|    1|      ap_vld|                                                        p_0_22_0_0_02397_out|       pointer|
|p_0_21_0_0_02395_out         |  out|   16|      ap_vld|                                                        p_0_21_0_0_02395_out|       pointer|
|p_0_21_0_0_02395_out_ap_vld  |  out|    1|      ap_vld|                                                        p_0_21_0_0_02395_out|       pointer|
|p_0_20_0_0_02393_out         |  out|   16|      ap_vld|                                                        p_0_20_0_0_02393_out|       pointer|
|p_0_20_0_0_02393_out_ap_vld  |  out|    1|      ap_vld|                                                        p_0_20_0_0_02393_out|       pointer|
|p_0_19_0_0_02391_out         |  out|   16|      ap_vld|                                                        p_0_19_0_0_02391_out|       pointer|
|p_0_19_0_0_02391_out_ap_vld  |  out|    1|      ap_vld|                                                        p_0_19_0_0_02391_out|       pointer|
|p_0_18_0_0_02389_out         |  out|   16|      ap_vld|                                                        p_0_18_0_0_02389_out|       pointer|
|p_0_18_0_0_02389_out_ap_vld  |  out|    1|      ap_vld|                                                        p_0_18_0_0_02389_out|       pointer|
|p_0_17_0_0_02387_out         |  out|   16|      ap_vld|                                                        p_0_17_0_0_02387_out|       pointer|
|p_0_17_0_0_02387_out_ap_vld  |  out|    1|      ap_vld|                                                        p_0_17_0_0_02387_out|       pointer|
|p_0_16_0_0_02385_out         |  out|   16|      ap_vld|                                                        p_0_16_0_0_02385_out|       pointer|
|p_0_16_0_0_02385_out_ap_vld  |  out|    1|      ap_vld|                                                        p_0_16_0_0_02385_out|       pointer|
|p_0_15_0_0_02383_out         |  out|   16|      ap_vld|                                                        p_0_15_0_0_02383_out|       pointer|
|p_0_15_0_0_02383_out_ap_vld  |  out|    1|      ap_vld|                                                        p_0_15_0_0_02383_out|       pointer|
|p_0_14_0_0_02381_out         |  out|   16|      ap_vld|                                                        p_0_14_0_0_02381_out|       pointer|
|p_0_14_0_0_02381_out_ap_vld  |  out|    1|      ap_vld|                                                        p_0_14_0_0_02381_out|       pointer|
|p_0_13_0_0_02379_out         |  out|   16|      ap_vld|                                                        p_0_13_0_0_02379_out|       pointer|
|p_0_13_0_0_02379_out_ap_vld  |  out|    1|      ap_vld|                                                        p_0_13_0_0_02379_out|       pointer|
|p_0_12_0_0_02377_out         |  out|   16|      ap_vld|                                                        p_0_12_0_0_02377_out|       pointer|
|p_0_12_0_0_02377_out_ap_vld  |  out|    1|      ap_vld|                                                        p_0_12_0_0_02377_out|       pointer|
|p_0_11_0_0_02375_out         |  out|   16|      ap_vld|                                                        p_0_11_0_0_02375_out|       pointer|
|p_0_11_0_0_02375_out_ap_vld  |  out|    1|      ap_vld|                                                        p_0_11_0_0_02375_out|       pointer|
|p_0_10_0_0_02373_out         |  out|   16|      ap_vld|                                                        p_0_10_0_0_02373_out|       pointer|
|p_0_10_0_0_02373_out_ap_vld  |  out|    1|      ap_vld|                                                        p_0_10_0_0_02373_out|       pointer|
|p_0_9_0_0_02371_out          |  out|   16|      ap_vld|                                                         p_0_9_0_0_02371_out|       pointer|
|p_0_9_0_0_02371_out_ap_vld   |  out|    1|      ap_vld|                                                         p_0_9_0_0_02371_out|       pointer|
|p_0_8_0_0_02369_out          |  out|   16|      ap_vld|                                                         p_0_8_0_0_02369_out|       pointer|
|p_0_8_0_0_02369_out_ap_vld   |  out|    1|      ap_vld|                                                         p_0_8_0_0_02369_out|       pointer|
|p_0_7_0_0_02367_out          |  out|   16|      ap_vld|                                                         p_0_7_0_0_02367_out|       pointer|
|p_0_7_0_0_02367_out_ap_vld   |  out|    1|      ap_vld|                                                         p_0_7_0_0_02367_out|       pointer|
|p_0_6_0_0_02365_out          |  out|   16|      ap_vld|                                                         p_0_6_0_0_02365_out|       pointer|
|p_0_6_0_0_02365_out_ap_vld   |  out|    1|      ap_vld|                                                         p_0_6_0_0_02365_out|       pointer|
|p_0_5_0_0_02363_out          |  out|   16|      ap_vld|                                                         p_0_5_0_0_02363_out|       pointer|
|p_0_5_0_0_02363_out_ap_vld   |  out|    1|      ap_vld|                                                         p_0_5_0_0_02363_out|       pointer|
|p_0_4_0_0_02361_out          |  out|   16|      ap_vld|                                                         p_0_4_0_0_02361_out|       pointer|
|p_0_4_0_0_02361_out_ap_vld   |  out|    1|      ap_vld|                                                         p_0_4_0_0_02361_out|       pointer|
|p_0_3_0_0_02359_out          |  out|   16|      ap_vld|                                                         p_0_3_0_0_02359_out|       pointer|
|p_0_3_0_0_02359_out_ap_vld   |  out|    1|      ap_vld|                                                         p_0_3_0_0_02359_out|       pointer|
|p_0_2_0_0_02357_out          |  out|   16|      ap_vld|                                                         p_0_2_0_0_02357_out|       pointer|
|p_0_2_0_0_02357_out_ap_vld   |  out|    1|      ap_vld|                                                         p_0_2_0_0_02357_out|       pointer|
|p_0_1_0_0_02355_out          |  out|   16|      ap_vld|                                                         p_0_1_0_0_02355_out|       pointer|
|p_0_1_0_0_02355_out_ap_vld   |  out|    1|      ap_vld|                                                         p_0_1_0_0_02355_out|       pointer|
|p_0_0_0_0_02353_out          |  out|   16|      ap_vld|                                                         p_0_0_0_0_02353_out|       pointer|
|p_0_0_0_0_02353_out_ap_vld   |  out|    1|      ap_vld|                                                         p_0_0_0_0_02353_out|       pointer|
|p_0_23_0_0_02351_out         |  out|   16|      ap_vld|                                                        p_0_23_0_0_02351_out|       pointer|
|p_0_23_0_0_02351_out_ap_vld  |  out|    1|      ap_vld|                                                        p_0_23_0_0_02351_out|       pointer|
|p_0_22_0_0_02349_out         |  out|   16|      ap_vld|                                                        p_0_22_0_0_02349_out|       pointer|
|p_0_22_0_0_02349_out_ap_vld  |  out|    1|      ap_vld|                                                        p_0_22_0_0_02349_out|       pointer|
|p_0_21_0_0_02347_out         |  out|   16|      ap_vld|                                                        p_0_21_0_0_02347_out|       pointer|
|p_0_21_0_0_02347_out_ap_vld  |  out|    1|      ap_vld|                                                        p_0_21_0_0_02347_out|       pointer|
|p_0_20_0_0_02345_out         |  out|   16|      ap_vld|                                                        p_0_20_0_0_02345_out|       pointer|
|p_0_20_0_0_02345_out_ap_vld  |  out|    1|      ap_vld|                                                        p_0_20_0_0_02345_out|       pointer|
|p_0_19_0_0_02343_out         |  out|   16|      ap_vld|                                                        p_0_19_0_0_02343_out|       pointer|
|p_0_19_0_0_02343_out_ap_vld  |  out|    1|      ap_vld|                                                        p_0_19_0_0_02343_out|       pointer|
|p_0_18_0_0_02341_out         |  out|   16|      ap_vld|                                                        p_0_18_0_0_02341_out|       pointer|
|p_0_18_0_0_02341_out_ap_vld  |  out|    1|      ap_vld|                                                        p_0_18_0_0_02341_out|       pointer|
|p_0_17_0_0_02339_out         |  out|   16|      ap_vld|                                                        p_0_17_0_0_02339_out|       pointer|
|p_0_17_0_0_02339_out_ap_vld  |  out|    1|      ap_vld|                                                        p_0_17_0_0_02339_out|       pointer|
|p_0_16_0_0_02337_out         |  out|   16|      ap_vld|                                                        p_0_16_0_0_02337_out|       pointer|
|p_0_16_0_0_02337_out_ap_vld  |  out|    1|      ap_vld|                                                        p_0_16_0_0_02337_out|       pointer|
|p_0_15_0_0_02335_out         |  out|   16|      ap_vld|                                                        p_0_15_0_0_02335_out|       pointer|
|p_0_15_0_0_02335_out_ap_vld  |  out|    1|      ap_vld|                                                        p_0_15_0_0_02335_out|       pointer|
|p_0_14_0_0_02333_out         |  out|   16|      ap_vld|                                                        p_0_14_0_0_02333_out|       pointer|
|p_0_14_0_0_02333_out_ap_vld  |  out|    1|      ap_vld|                                                        p_0_14_0_0_02333_out|       pointer|
|p_0_13_0_0_02331_out         |  out|   16|      ap_vld|                                                        p_0_13_0_0_02331_out|       pointer|
|p_0_13_0_0_02331_out_ap_vld  |  out|    1|      ap_vld|                                                        p_0_13_0_0_02331_out|       pointer|
|p_0_12_0_0_02329_out         |  out|   16|      ap_vld|                                                        p_0_12_0_0_02329_out|       pointer|
|p_0_12_0_0_02329_out_ap_vld  |  out|    1|      ap_vld|                                                        p_0_12_0_0_02329_out|       pointer|
|p_0_11_0_0_02327_out         |  out|   16|      ap_vld|                                                        p_0_11_0_0_02327_out|       pointer|
|p_0_11_0_0_02327_out_ap_vld  |  out|    1|      ap_vld|                                                        p_0_11_0_0_02327_out|       pointer|
|p_0_10_0_0_02325_out         |  out|   16|      ap_vld|                                                        p_0_10_0_0_02325_out|       pointer|
|p_0_10_0_0_02325_out_ap_vld  |  out|    1|      ap_vld|                                                        p_0_10_0_0_02325_out|       pointer|
|p_0_9_0_0_02323_out          |  out|   16|      ap_vld|                                                         p_0_9_0_0_02323_out|       pointer|
|p_0_9_0_0_02323_out_ap_vld   |  out|    1|      ap_vld|                                                         p_0_9_0_0_02323_out|       pointer|
|p_0_8_0_0_02321_out          |  out|   16|      ap_vld|                                                         p_0_8_0_0_02321_out|       pointer|
|p_0_8_0_0_02321_out_ap_vld   |  out|    1|      ap_vld|                                                         p_0_8_0_0_02321_out|       pointer|
|p_0_7_0_0_02319_out          |  out|   16|      ap_vld|                                                         p_0_7_0_0_02319_out|       pointer|
|p_0_7_0_0_02319_out_ap_vld   |  out|    1|      ap_vld|                                                         p_0_7_0_0_02319_out|       pointer|
|p_0_6_0_0_02317_out          |  out|   16|      ap_vld|                                                         p_0_6_0_0_02317_out|       pointer|
|p_0_6_0_0_02317_out_ap_vld   |  out|    1|      ap_vld|                                                         p_0_6_0_0_02317_out|       pointer|
|p_0_5_0_0_02315_out          |  out|   16|      ap_vld|                                                         p_0_5_0_0_02315_out|       pointer|
|p_0_5_0_0_02315_out_ap_vld   |  out|    1|      ap_vld|                                                         p_0_5_0_0_02315_out|       pointer|
|p_0_4_0_0_02313_out          |  out|   16|      ap_vld|                                                         p_0_4_0_0_02313_out|       pointer|
|p_0_4_0_0_02313_out_ap_vld   |  out|    1|      ap_vld|                                                         p_0_4_0_0_02313_out|       pointer|
|p_0_3_0_0_02311_out          |  out|   16|      ap_vld|                                                         p_0_3_0_0_02311_out|       pointer|
|p_0_3_0_0_02311_out_ap_vld   |  out|    1|      ap_vld|                                                         p_0_3_0_0_02311_out|       pointer|
|p_0_2_0_0_02309_out          |  out|   16|      ap_vld|                                                         p_0_2_0_0_02309_out|       pointer|
|p_0_2_0_0_02309_out_ap_vld   |  out|    1|      ap_vld|                                                         p_0_2_0_0_02309_out|       pointer|
|p_0_1_0_0_02307_out          |  out|   16|      ap_vld|                                                         p_0_1_0_0_02307_out|       pointer|
|p_0_1_0_0_02307_out_ap_vld   |  out|    1|      ap_vld|                                                         p_0_1_0_0_02307_out|       pointer|
|p_0_0_0_0_02305_out          |  out|   16|      ap_vld|                                                         p_0_0_0_0_02305_out|       pointer|
|p_0_0_0_0_02305_out_ap_vld   |  out|    1|      ap_vld|                                                         p_0_0_0_0_02305_out|       pointer|
|p_0_23_0_0_02303_out         |  out|   16|      ap_vld|                                                        p_0_23_0_0_02303_out|       pointer|
|p_0_23_0_0_02303_out_ap_vld  |  out|    1|      ap_vld|                                                        p_0_23_0_0_02303_out|       pointer|
|p_0_22_0_0_02301_out         |  out|   16|      ap_vld|                                                        p_0_22_0_0_02301_out|       pointer|
|p_0_22_0_0_02301_out_ap_vld  |  out|    1|      ap_vld|                                                        p_0_22_0_0_02301_out|       pointer|
|p_0_21_0_0_02299_out         |  out|   16|      ap_vld|                                                        p_0_21_0_0_02299_out|       pointer|
|p_0_21_0_0_02299_out_ap_vld  |  out|    1|      ap_vld|                                                        p_0_21_0_0_02299_out|       pointer|
|p_0_20_0_0_02297_out         |  out|   16|      ap_vld|                                                        p_0_20_0_0_02297_out|       pointer|
|p_0_20_0_0_02297_out_ap_vld  |  out|    1|      ap_vld|                                                        p_0_20_0_0_02297_out|       pointer|
|p_0_19_0_0_02295_out         |  out|   16|      ap_vld|                                                        p_0_19_0_0_02295_out|       pointer|
|p_0_19_0_0_02295_out_ap_vld  |  out|    1|      ap_vld|                                                        p_0_19_0_0_02295_out|       pointer|
|p_0_18_0_0_02293_out         |  out|   16|      ap_vld|                                                        p_0_18_0_0_02293_out|       pointer|
|p_0_18_0_0_02293_out_ap_vld  |  out|    1|      ap_vld|                                                        p_0_18_0_0_02293_out|       pointer|
|p_0_17_0_0_02291_out         |  out|   16|      ap_vld|                                                        p_0_17_0_0_02291_out|       pointer|
|p_0_17_0_0_02291_out_ap_vld  |  out|    1|      ap_vld|                                                        p_0_17_0_0_02291_out|       pointer|
|p_0_16_0_0_02289_out         |  out|   16|      ap_vld|                                                        p_0_16_0_0_02289_out|       pointer|
|p_0_16_0_0_02289_out_ap_vld  |  out|    1|      ap_vld|                                                        p_0_16_0_0_02289_out|       pointer|
|p_0_15_0_0_02287_out         |  out|   16|      ap_vld|                                                        p_0_15_0_0_02287_out|       pointer|
|p_0_15_0_0_02287_out_ap_vld  |  out|    1|      ap_vld|                                                        p_0_15_0_0_02287_out|       pointer|
|p_0_14_0_0_02285_out         |  out|   16|      ap_vld|                                                        p_0_14_0_0_02285_out|       pointer|
|p_0_14_0_0_02285_out_ap_vld  |  out|    1|      ap_vld|                                                        p_0_14_0_0_02285_out|       pointer|
|p_0_13_0_0_02283_out         |  out|   16|      ap_vld|                                                        p_0_13_0_0_02283_out|       pointer|
|p_0_13_0_0_02283_out_ap_vld  |  out|    1|      ap_vld|                                                        p_0_13_0_0_02283_out|       pointer|
|p_0_12_0_0_02281_out         |  out|   16|      ap_vld|                                                        p_0_12_0_0_02281_out|       pointer|
|p_0_12_0_0_02281_out_ap_vld  |  out|    1|      ap_vld|                                                        p_0_12_0_0_02281_out|       pointer|
|p_0_11_0_0_02279_out         |  out|   16|      ap_vld|                                                        p_0_11_0_0_02279_out|       pointer|
|p_0_11_0_0_02279_out_ap_vld  |  out|    1|      ap_vld|                                                        p_0_11_0_0_02279_out|       pointer|
|p_0_10_0_0_02277_out         |  out|   16|      ap_vld|                                                        p_0_10_0_0_02277_out|       pointer|
|p_0_10_0_0_02277_out_ap_vld  |  out|    1|      ap_vld|                                                        p_0_10_0_0_02277_out|       pointer|
|p_0_9_0_0_02275_out          |  out|   16|      ap_vld|                                                         p_0_9_0_0_02275_out|       pointer|
|p_0_9_0_0_02275_out_ap_vld   |  out|    1|      ap_vld|                                                         p_0_9_0_0_02275_out|       pointer|
|p_0_8_0_0_02273_out          |  out|   16|      ap_vld|                                                         p_0_8_0_0_02273_out|       pointer|
|p_0_8_0_0_02273_out_ap_vld   |  out|    1|      ap_vld|                                                         p_0_8_0_0_02273_out|       pointer|
|p_0_7_0_0_02271_out          |  out|   16|      ap_vld|                                                         p_0_7_0_0_02271_out|       pointer|
|p_0_7_0_0_02271_out_ap_vld   |  out|    1|      ap_vld|                                                         p_0_7_0_0_02271_out|       pointer|
|p_0_6_0_0_02269_out          |  out|   16|      ap_vld|                                                         p_0_6_0_0_02269_out|       pointer|
|p_0_6_0_0_02269_out_ap_vld   |  out|    1|      ap_vld|                                                         p_0_6_0_0_02269_out|       pointer|
|p_0_5_0_0_02267_out          |  out|   16|      ap_vld|                                                         p_0_5_0_0_02267_out|       pointer|
|p_0_5_0_0_02267_out_ap_vld   |  out|    1|      ap_vld|                                                         p_0_5_0_0_02267_out|       pointer|
|p_0_4_0_0_02265_out          |  out|   16|      ap_vld|                                                         p_0_4_0_0_02265_out|       pointer|
|p_0_4_0_0_02265_out_ap_vld   |  out|    1|      ap_vld|                                                         p_0_4_0_0_02265_out|       pointer|
|p_0_3_0_0_02263_out          |  out|   16|      ap_vld|                                                         p_0_3_0_0_02263_out|       pointer|
|p_0_3_0_0_02263_out_ap_vld   |  out|    1|      ap_vld|                                                         p_0_3_0_0_02263_out|       pointer|
|p_0_2_0_0_02261_out          |  out|   16|      ap_vld|                                                         p_0_2_0_0_02261_out|       pointer|
|p_0_2_0_0_02261_out_ap_vld   |  out|    1|      ap_vld|                                                         p_0_2_0_0_02261_out|       pointer|
|p_0_1_0_0_02259_out          |  out|   16|      ap_vld|                                                         p_0_1_0_0_02259_out|       pointer|
|p_0_1_0_0_02259_out_ap_vld   |  out|    1|      ap_vld|                                                         p_0_1_0_0_02259_out|       pointer|
|p_0_0_0_0_02257_out          |  out|   16|      ap_vld|                                                         p_0_0_0_0_02257_out|       pointer|
|p_0_0_0_0_02257_out_ap_vld   |  out|    1|      ap_vld|                                                         p_0_0_0_0_02257_out|       pointer|
|p_0_23_0_0_02255_out         |  out|   16|      ap_vld|                                                        p_0_23_0_0_02255_out|       pointer|
|p_0_23_0_0_02255_out_ap_vld  |  out|    1|      ap_vld|                                                        p_0_23_0_0_02255_out|       pointer|
|p_0_22_0_0_02253_out         |  out|   16|      ap_vld|                                                        p_0_22_0_0_02253_out|       pointer|
|p_0_22_0_0_02253_out_ap_vld  |  out|    1|      ap_vld|                                                        p_0_22_0_0_02253_out|       pointer|
|p_0_21_0_0_02251_out         |  out|   16|      ap_vld|                                                        p_0_21_0_0_02251_out|       pointer|
|p_0_21_0_0_02251_out_ap_vld  |  out|    1|      ap_vld|                                                        p_0_21_0_0_02251_out|       pointer|
|p_0_20_0_0_02249_out         |  out|   16|      ap_vld|                                                        p_0_20_0_0_02249_out|       pointer|
|p_0_20_0_0_02249_out_ap_vld  |  out|    1|      ap_vld|                                                        p_0_20_0_0_02249_out|       pointer|
|p_0_19_0_0_02247_out         |  out|   16|      ap_vld|                                                        p_0_19_0_0_02247_out|       pointer|
|p_0_19_0_0_02247_out_ap_vld  |  out|    1|      ap_vld|                                                        p_0_19_0_0_02247_out|       pointer|
|p_0_18_0_0_02245_out         |  out|   16|      ap_vld|                                                        p_0_18_0_0_02245_out|       pointer|
|p_0_18_0_0_02245_out_ap_vld  |  out|    1|      ap_vld|                                                        p_0_18_0_0_02245_out|       pointer|
|p_0_17_0_0_02243_out         |  out|   16|      ap_vld|                                                        p_0_17_0_0_02243_out|       pointer|
|p_0_17_0_0_02243_out_ap_vld  |  out|    1|      ap_vld|                                                        p_0_17_0_0_02243_out|       pointer|
|p_0_16_0_0_02241_out         |  out|   16|      ap_vld|                                                        p_0_16_0_0_02241_out|       pointer|
|p_0_16_0_0_02241_out_ap_vld  |  out|    1|      ap_vld|                                                        p_0_16_0_0_02241_out|       pointer|
|p_0_15_0_0_02239_out         |  out|   16|      ap_vld|                                                        p_0_15_0_0_02239_out|       pointer|
|p_0_15_0_0_02239_out_ap_vld  |  out|    1|      ap_vld|                                                        p_0_15_0_0_02239_out|       pointer|
|p_0_14_0_0_02237_out         |  out|   16|      ap_vld|                                                        p_0_14_0_0_02237_out|       pointer|
|p_0_14_0_0_02237_out_ap_vld  |  out|    1|      ap_vld|                                                        p_0_14_0_0_02237_out|       pointer|
|p_0_13_0_0_02235_out         |  out|   16|      ap_vld|                                                        p_0_13_0_0_02235_out|       pointer|
|p_0_13_0_0_02235_out_ap_vld  |  out|    1|      ap_vld|                                                        p_0_13_0_0_02235_out|       pointer|
|p_0_12_0_0_02233_out         |  out|   16|      ap_vld|                                                        p_0_12_0_0_02233_out|       pointer|
|p_0_12_0_0_02233_out_ap_vld  |  out|    1|      ap_vld|                                                        p_0_12_0_0_02233_out|       pointer|
|p_0_11_0_0_02231_out         |  out|   16|      ap_vld|                                                        p_0_11_0_0_02231_out|       pointer|
|p_0_11_0_0_02231_out_ap_vld  |  out|    1|      ap_vld|                                                        p_0_11_0_0_02231_out|       pointer|
|p_0_10_0_0_02229_out         |  out|   16|      ap_vld|                                                        p_0_10_0_0_02229_out|       pointer|
|p_0_10_0_0_02229_out_ap_vld  |  out|    1|      ap_vld|                                                        p_0_10_0_0_02229_out|       pointer|
|p_0_9_0_0_02227_out          |  out|   16|      ap_vld|                                                         p_0_9_0_0_02227_out|       pointer|
|p_0_9_0_0_02227_out_ap_vld   |  out|    1|      ap_vld|                                                         p_0_9_0_0_02227_out|       pointer|
|p_0_8_0_0_02225_out          |  out|   16|      ap_vld|                                                         p_0_8_0_0_02225_out|       pointer|
|p_0_8_0_0_02225_out_ap_vld   |  out|    1|      ap_vld|                                                         p_0_8_0_0_02225_out|       pointer|
|p_0_7_0_0_02223_out          |  out|   16|      ap_vld|                                                         p_0_7_0_0_02223_out|       pointer|
|p_0_7_0_0_02223_out_ap_vld   |  out|    1|      ap_vld|                                                         p_0_7_0_0_02223_out|       pointer|
|p_0_6_0_0_02221_out          |  out|   16|      ap_vld|                                                         p_0_6_0_0_02221_out|       pointer|
|p_0_6_0_0_02221_out_ap_vld   |  out|    1|      ap_vld|                                                         p_0_6_0_0_02221_out|       pointer|
|p_0_5_0_0_02219_out          |  out|   16|      ap_vld|                                                         p_0_5_0_0_02219_out|       pointer|
|p_0_5_0_0_02219_out_ap_vld   |  out|    1|      ap_vld|                                                         p_0_5_0_0_02219_out|       pointer|
|p_0_4_0_0_02217_out          |  out|   16|      ap_vld|                                                         p_0_4_0_0_02217_out|       pointer|
|p_0_4_0_0_02217_out_ap_vld   |  out|    1|      ap_vld|                                                         p_0_4_0_0_02217_out|       pointer|
|p_0_3_0_0_02215_out          |  out|   16|      ap_vld|                                                         p_0_3_0_0_02215_out|       pointer|
|p_0_3_0_0_02215_out_ap_vld   |  out|    1|      ap_vld|                                                         p_0_3_0_0_02215_out|       pointer|
|p_0_2_0_0_02213_out          |  out|   16|      ap_vld|                                                         p_0_2_0_0_02213_out|       pointer|
|p_0_2_0_0_02213_out_ap_vld   |  out|    1|      ap_vld|                                                         p_0_2_0_0_02213_out|       pointer|
|p_0_1_0_0_02211_out          |  out|   16|      ap_vld|                                                         p_0_1_0_0_02211_out|       pointer|
|p_0_1_0_0_02211_out_ap_vld   |  out|    1|      ap_vld|                                                         p_0_1_0_0_02211_out|       pointer|
|p_0_0_0_0_02209_out          |  out|   16|      ap_vld|                                                         p_0_0_0_0_02209_out|       pointer|
|p_0_0_0_0_02209_out_ap_vld   |  out|    1|      ap_vld|                                                         p_0_0_0_0_02209_out|       pointer|
|p_0_23_0_0_02207_out         |  out|   16|      ap_vld|                                                        p_0_23_0_0_02207_out|       pointer|
|p_0_23_0_0_02207_out_ap_vld  |  out|    1|      ap_vld|                                                        p_0_23_0_0_02207_out|       pointer|
|p_0_22_0_0_02205_out         |  out|   16|      ap_vld|                                                        p_0_22_0_0_02205_out|       pointer|
|p_0_22_0_0_02205_out_ap_vld  |  out|    1|      ap_vld|                                                        p_0_22_0_0_02205_out|       pointer|
|p_0_21_0_0_02203_out         |  out|   16|      ap_vld|                                                        p_0_21_0_0_02203_out|       pointer|
|p_0_21_0_0_02203_out_ap_vld  |  out|    1|      ap_vld|                                                        p_0_21_0_0_02203_out|       pointer|
|p_0_20_0_0_02201_out         |  out|   16|      ap_vld|                                                        p_0_20_0_0_02201_out|       pointer|
|p_0_20_0_0_02201_out_ap_vld  |  out|    1|      ap_vld|                                                        p_0_20_0_0_02201_out|       pointer|
|p_0_19_0_0_02199_out         |  out|   16|      ap_vld|                                                        p_0_19_0_0_02199_out|       pointer|
|p_0_19_0_0_02199_out_ap_vld  |  out|    1|      ap_vld|                                                        p_0_19_0_0_02199_out|       pointer|
|p_0_18_0_0_02197_out         |  out|   16|      ap_vld|                                                        p_0_18_0_0_02197_out|       pointer|
|p_0_18_0_0_02197_out_ap_vld  |  out|    1|      ap_vld|                                                        p_0_18_0_0_02197_out|       pointer|
|p_0_17_0_0_02195_out         |  out|   16|      ap_vld|                                                        p_0_17_0_0_02195_out|       pointer|
|p_0_17_0_0_02195_out_ap_vld  |  out|    1|      ap_vld|                                                        p_0_17_0_0_02195_out|       pointer|
|p_0_16_0_0_02193_out         |  out|   16|      ap_vld|                                                        p_0_16_0_0_02193_out|       pointer|
|p_0_16_0_0_02193_out_ap_vld  |  out|    1|      ap_vld|                                                        p_0_16_0_0_02193_out|       pointer|
|p_0_15_0_0_02191_out         |  out|   16|      ap_vld|                                                        p_0_15_0_0_02191_out|       pointer|
|p_0_15_0_0_02191_out_ap_vld  |  out|    1|      ap_vld|                                                        p_0_15_0_0_02191_out|       pointer|
|p_0_14_0_0_02189_out         |  out|   16|      ap_vld|                                                        p_0_14_0_0_02189_out|       pointer|
|p_0_14_0_0_02189_out_ap_vld  |  out|    1|      ap_vld|                                                        p_0_14_0_0_02189_out|       pointer|
|p_0_13_0_0_02187_out         |  out|   16|      ap_vld|                                                        p_0_13_0_0_02187_out|       pointer|
|p_0_13_0_0_02187_out_ap_vld  |  out|    1|      ap_vld|                                                        p_0_13_0_0_02187_out|       pointer|
|p_0_12_0_0_02185_out         |  out|   16|      ap_vld|                                                        p_0_12_0_0_02185_out|       pointer|
|p_0_12_0_0_02185_out_ap_vld  |  out|    1|      ap_vld|                                                        p_0_12_0_0_02185_out|       pointer|
|p_0_11_0_0_02183_out         |  out|   16|      ap_vld|                                                        p_0_11_0_0_02183_out|       pointer|
|p_0_11_0_0_02183_out_ap_vld  |  out|    1|      ap_vld|                                                        p_0_11_0_0_02183_out|       pointer|
|p_0_10_0_0_02181_out         |  out|   16|      ap_vld|                                                        p_0_10_0_0_02181_out|       pointer|
|p_0_10_0_0_02181_out_ap_vld  |  out|    1|      ap_vld|                                                        p_0_10_0_0_02181_out|       pointer|
|p_0_9_0_0_02179_out          |  out|   16|      ap_vld|                                                         p_0_9_0_0_02179_out|       pointer|
|p_0_9_0_0_02179_out_ap_vld   |  out|    1|      ap_vld|                                                         p_0_9_0_0_02179_out|       pointer|
|p_0_8_0_0_02177_out          |  out|   16|      ap_vld|                                                         p_0_8_0_0_02177_out|       pointer|
|p_0_8_0_0_02177_out_ap_vld   |  out|    1|      ap_vld|                                                         p_0_8_0_0_02177_out|       pointer|
|p_0_7_0_0_02175_out          |  out|   16|      ap_vld|                                                         p_0_7_0_0_02175_out|       pointer|
|p_0_7_0_0_02175_out_ap_vld   |  out|    1|      ap_vld|                                                         p_0_7_0_0_02175_out|       pointer|
|p_0_6_0_0_02173_out          |  out|   16|      ap_vld|                                                         p_0_6_0_0_02173_out|       pointer|
|p_0_6_0_0_02173_out_ap_vld   |  out|    1|      ap_vld|                                                         p_0_6_0_0_02173_out|       pointer|
|p_0_5_0_0_02171_out          |  out|   16|      ap_vld|                                                         p_0_5_0_0_02171_out|       pointer|
|p_0_5_0_0_02171_out_ap_vld   |  out|    1|      ap_vld|                                                         p_0_5_0_0_02171_out|       pointer|
|p_0_4_0_0_02169_out          |  out|   16|      ap_vld|                                                         p_0_4_0_0_02169_out|       pointer|
|p_0_4_0_0_02169_out_ap_vld   |  out|    1|      ap_vld|                                                         p_0_4_0_0_02169_out|       pointer|
|p_0_3_0_0_02167_out          |  out|   16|      ap_vld|                                                         p_0_3_0_0_02167_out|       pointer|
|p_0_3_0_0_02167_out_ap_vld   |  out|    1|      ap_vld|                                                         p_0_3_0_0_02167_out|       pointer|
|p_0_2_0_0_02165_out          |  out|   16|      ap_vld|                                                         p_0_2_0_0_02165_out|       pointer|
|p_0_2_0_0_02165_out_ap_vld   |  out|    1|      ap_vld|                                                         p_0_2_0_0_02165_out|       pointer|
|p_0_1_0_0_02163_out          |  out|   16|      ap_vld|                                                         p_0_1_0_0_02163_out|       pointer|
|p_0_1_0_0_02163_out_ap_vld   |  out|    1|      ap_vld|                                                         p_0_1_0_0_02163_out|       pointer|
|p_0_0_0_0_02161_out          |  out|   16|      ap_vld|                                                         p_0_0_0_0_02161_out|       pointer|
|p_0_0_0_0_02161_out_ap_vld   |  out|    1|      ap_vld|                                                         p_0_0_0_0_02161_out|       pointer|
|p_0_23_0_0_02159_out         |  out|   16|      ap_vld|                                                        p_0_23_0_0_02159_out|       pointer|
|p_0_23_0_0_02159_out_ap_vld  |  out|    1|      ap_vld|                                                        p_0_23_0_0_02159_out|       pointer|
|p_0_22_0_0_02157_out         |  out|   16|      ap_vld|                                                        p_0_22_0_0_02157_out|       pointer|
|p_0_22_0_0_02157_out_ap_vld  |  out|    1|      ap_vld|                                                        p_0_22_0_0_02157_out|       pointer|
|p_0_21_0_0_02155_out         |  out|   16|      ap_vld|                                                        p_0_21_0_0_02155_out|       pointer|
|p_0_21_0_0_02155_out_ap_vld  |  out|    1|      ap_vld|                                                        p_0_21_0_0_02155_out|       pointer|
|p_0_20_0_0_02153_out         |  out|   16|      ap_vld|                                                        p_0_20_0_0_02153_out|       pointer|
|p_0_20_0_0_02153_out_ap_vld  |  out|    1|      ap_vld|                                                        p_0_20_0_0_02153_out|       pointer|
|p_0_19_0_0_02151_out         |  out|   16|      ap_vld|                                                        p_0_19_0_0_02151_out|       pointer|
|p_0_19_0_0_02151_out_ap_vld  |  out|    1|      ap_vld|                                                        p_0_19_0_0_02151_out|       pointer|
|p_0_18_0_0_02149_out         |  out|   16|      ap_vld|                                                        p_0_18_0_0_02149_out|       pointer|
|p_0_18_0_0_02149_out_ap_vld  |  out|    1|      ap_vld|                                                        p_0_18_0_0_02149_out|       pointer|
|p_0_17_0_0_02147_out         |  out|   16|      ap_vld|                                                        p_0_17_0_0_02147_out|       pointer|
|p_0_17_0_0_02147_out_ap_vld  |  out|    1|      ap_vld|                                                        p_0_17_0_0_02147_out|       pointer|
|p_0_16_0_0_02145_out         |  out|   16|      ap_vld|                                                        p_0_16_0_0_02145_out|       pointer|
|p_0_16_0_0_02145_out_ap_vld  |  out|    1|      ap_vld|                                                        p_0_16_0_0_02145_out|       pointer|
|p_0_15_0_0_02143_out         |  out|   16|      ap_vld|                                                        p_0_15_0_0_02143_out|       pointer|
|p_0_15_0_0_02143_out_ap_vld  |  out|    1|      ap_vld|                                                        p_0_15_0_0_02143_out|       pointer|
|p_0_14_0_0_02141_out         |  out|   16|      ap_vld|                                                        p_0_14_0_0_02141_out|       pointer|
|p_0_14_0_0_02141_out_ap_vld  |  out|    1|      ap_vld|                                                        p_0_14_0_0_02141_out|       pointer|
|p_0_13_0_0_02139_out         |  out|   16|      ap_vld|                                                        p_0_13_0_0_02139_out|       pointer|
|p_0_13_0_0_02139_out_ap_vld  |  out|    1|      ap_vld|                                                        p_0_13_0_0_02139_out|       pointer|
|p_0_12_0_0_02137_out         |  out|   16|      ap_vld|                                                        p_0_12_0_0_02137_out|       pointer|
|p_0_12_0_0_02137_out_ap_vld  |  out|    1|      ap_vld|                                                        p_0_12_0_0_02137_out|       pointer|
|p_0_11_0_0_02135_out         |  out|   16|      ap_vld|                                                        p_0_11_0_0_02135_out|       pointer|
|p_0_11_0_0_02135_out_ap_vld  |  out|    1|      ap_vld|                                                        p_0_11_0_0_02135_out|       pointer|
|p_0_10_0_0_02133_out         |  out|   16|      ap_vld|                                                        p_0_10_0_0_02133_out|       pointer|
|p_0_10_0_0_02133_out_ap_vld  |  out|    1|      ap_vld|                                                        p_0_10_0_0_02133_out|       pointer|
|p_0_9_0_0_02131_out          |  out|   16|      ap_vld|                                                         p_0_9_0_0_02131_out|       pointer|
|p_0_9_0_0_02131_out_ap_vld   |  out|    1|      ap_vld|                                                         p_0_9_0_0_02131_out|       pointer|
|p_0_8_0_0_02129_out          |  out|   16|      ap_vld|                                                         p_0_8_0_0_02129_out|       pointer|
|p_0_8_0_0_02129_out_ap_vld   |  out|    1|      ap_vld|                                                         p_0_8_0_0_02129_out|       pointer|
|p_0_7_0_0_02127_out          |  out|   16|      ap_vld|                                                         p_0_7_0_0_02127_out|       pointer|
|p_0_7_0_0_02127_out_ap_vld   |  out|    1|      ap_vld|                                                         p_0_7_0_0_02127_out|       pointer|
|p_0_6_0_0_02125_out          |  out|   16|      ap_vld|                                                         p_0_6_0_0_02125_out|       pointer|
|p_0_6_0_0_02125_out_ap_vld   |  out|    1|      ap_vld|                                                         p_0_6_0_0_02125_out|       pointer|
|p_0_5_0_0_02123_out          |  out|   16|      ap_vld|                                                         p_0_5_0_0_02123_out|       pointer|
|p_0_5_0_0_02123_out_ap_vld   |  out|    1|      ap_vld|                                                         p_0_5_0_0_02123_out|       pointer|
|p_0_4_0_0_02121_out          |  out|   16|      ap_vld|                                                         p_0_4_0_0_02121_out|       pointer|
|p_0_4_0_0_02121_out_ap_vld   |  out|    1|      ap_vld|                                                         p_0_4_0_0_02121_out|       pointer|
|p_0_3_0_0_02119_out          |  out|   16|      ap_vld|                                                         p_0_3_0_0_02119_out|       pointer|
|p_0_3_0_0_02119_out_ap_vld   |  out|    1|      ap_vld|                                                         p_0_3_0_0_02119_out|       pointer|
|p_0_2_0_0_02117_out          |  out|   16|      ap_vld|                                                         p_0_2_0_0_02117_out|       pointer|
|p_0_2_0_0_02117_out_ap_vld   |  out|    1|      ap_vld|                                                         p_0_2_0_0_02117_out|       pointer|
|p_0_1_0_0_02115_out          |  out|   16|      ap_vld|                                                         p_0_1_0_0_02115_out|       pointer|
|p_0_1_0_0_02115_out_ap_vld   |  out|    1|      ap_vld|                                                         p_0_1_0_0_02115_out|       pointer|
|p_0_0_0_0_02113_out          |  out|   16|      ap_vld|                                                         p_0_0_0_0_02113_out|       pointer|
|p_0_0_0_0_02113_out_ap_vld   |  out|    1|      ap_vld|                                                         p_0_0_0_0_02113_out|       pointer|
|p_0_23_0_0_02111_out         |  out|   16|      ap_vld|                                                        p_0_23_0_0_02111_out|       pointer|
|p_0_23_0_0_02111_out_ap_vld  |  out|    1|      ap_vld|                                                        p_0_23_0_0_02111_out|       pointer|
|p_0_22_0_0_02109_out         |  out|   16|      ap_vld|                                                        p_0_22_0_0_02109_out|       pointer|
|p_0_22_0_0_02109_out_ap_vld  |  out|    1|      ap_vld|                                                        p_0_22_0_0_02109_out|       pointer|
|p_0_21_0_0_02107_out         |  out|   16|      ap_vld|                                                        p_0_21_0_0_02107_out|       pointer|
|p_0_21_0_0_02107_out_ap_vld  |  out|    1|      ap_vld|                                                        p_0_21_0_0_02107_out|       pointer|
|p_0_20_0_0_02105_out         |  out|   16|      ap_vld|                                                        p_0_20_0_0_02105_out|       pointer|
|p_0_20_0_0_02105_out_ap_vld  |  out|    1|      ap_vld|                                                        p_0_20_0_0_02105_out|       pointer|
|p_0_19_0_0_02103_out         |  out|   16|      ap_vld|                                                        p_0_19_0_0_02103_out|       pointer|
|p_0_19_0_0_02103_out_ap_vld  |  out|    1|      ap_vld|                                                        p_0_19_0_0_02103_out|       pointer|
|p_0_18_0_0_02101_out         |  out|   16|      ap_vld|                                                        p_0_18_0_0_02101_out|       pointer|
|p_0_18_0_0_02101_out_ap_vld  |  out|    1|      ap_vld|                                                        p_0_18_0_0_02101_out|       pointer|
|p_0_17_0_0_02099_out         |  out|   16|      ap_vld|                                                        p_0_17_0_0_02099_out|       pointer|
|p_0_17_0_0_02099_out_ap_vld  |  out|    1|      ap_vld|                                                        p_0_17_0_0_02099_out|       pointer|
|p_0_16_0_0_02097_out         |  out|   16|      ap_vld|                                                        p_0_16_0_0_02097_out|       pointer|
|p_0_16_0_0_02097_out_ap_vld  |  out|    1|      ap_vld|                                                        p_0_16_0_0_02097_out|       pointer|
|p_0_15_0_0_02095_out         |  out|   16|      ap_vld|                                                        p_0_15_0_0_02095_out|       pointer|
|p_0_15_0_0_02095_out_ap_vld  |  out|    1|      ap_vld|                                                        p_0_15_0_0_02095_out|       pointer|
|p_0_14_0_0_02093_out         |  out|   16|      ap_vld|                                                        p_0_14_0_0_02093_out|       pointer|
|p_0_14_0_0_02093_out_ap_vld  |  out|    1|      ap_vld|                                                        p_0_14_0_0_02093_out|       pointer|
|p_0_13_0_0_02091_out         |  out|   16|      ap_vld|                                                        p_0_13_0_0_02091_out|       pointer|
|p_0_13_0_0_02091_out_ap_vld  |  out|    1|      ap_vld|                                                        p_0_13_0_0_02091_out|       pointer|
|p_0_12_0_0_02089_out         |  out|   16|      ap_vld|                                                        p_0_12_0_0_02089_out|       pointer|
|p_0_12_0_0_02089_out_ap_vld  |  out|    1|      ap_vld|                                                        p_0_12_0_0_02089_out|       pointer|
|p_0_11_0_0_02087_out         |  out|   16|      ap_vld|                                                        p_0_11_0_0_02087_out|       pointer|
|p_0_11_0_0_02087_out_ap_vld  |  out|    1|      ap_vld|                                                        p_0_11_0_0_02087_out|       pointer|
|p_0_10_0_0_02085_out         |  out|   16|      ap_vld|                                                        p_0_10_0_0_02085_out|       pointer|
|p_0_10_0_0_02085_out_ap_vld  |  out|    1|      ap_vld|                                                        p_0_10_0_0_02085_out|       pointer|
|p_0_9_0_0_02083_out          |  out|   16|      ap_vld|                                                         p_0_9_0_0_02083_out|       pointer|
|p_0_9_0_0_02083_out_ap_vld   |  out|    1|      ap_vld|                                                         p_0_9_0_0_02083_out|       pointer|
|p_0_8_0_0_02081_out          |  out|   16|      ap_vld|                                                         p_0_8_0_0_02081_out|       pointer|
|p_0_8_0_0_02081_out_ap_vld   |  out|    1|      ap_vld|                                                         p_0_8_0_0_02081_out|       pointer|
|p_0_7_0_0_02079_out          |  out|   16|      ap_vld|                                                         p_0_7_0_0_02079_out|       pointer|
|p_0_7_0_0_02079_out_ap_vld   |  out|    1|      ap_vld|                                                         p_0_7_0_0_02079_out|       pointer|
|p_0_6_0_0_02077_out          |  out|   16|      ap_vld|                                                         p_0_6_0_0_02077_out|       pointer|
|p_0_6_0_0_02077_out_ap_vld   |  out|    1|      ap_vld|                                                         p_0_6_0_0_02077_out|       pointer|
|p_0_5_0_0_02075_out          |  out|   16|      ap_vld|                                                         p_0_5_0_0_02075_out|       pointer|
|p_0_5_0_0_02075_out_ap_vld   |  out|    1|      ap_vld|                                                         p_0_5_0_0_02075_out|       pointer|
|p_0_4_0_0_02073_out          |  out|   16|      ap_vld|                                                         p_0_4_0_0_02073_out|       pointer|
|p_0_4_0_0_02073_out_ap_vld   |  out|    1|      ap_vld|                                                         p_0_4_0_0_02073_out|       pointer|
|p_0_3_0_0_02071_out          |  out|   16|      ap_vld|                                                         p_0_3_0_0_02071_out|       pointer|
|p_0_3_0_0_02071_out_ap_vld   |  out|    1|      ap_vld|                                                         p_0_3_0_0_02071_out|       pointer|
|p_0_2_0_0_02069_out          |  out|   16|      ap_vld|                                                         p_0_2_0_0_02069_out|       pointer|
|p_0_2_0_0_02069_out_ap_vld   |  out|    1|      ap_vld|                                                         p_0_2_0_0_02069_out|       pointer|
|p_0_1_0_0_02067_out          |  out|   16|      ap_vld|                                                         p_0_1_0_0_02067_out|       pointer|
|p_0_1_0_0_02067_out_ap_vld   |  out|    1|      ap_vld|                                                         p_0_1_0_0_02067_out|       pointer|
|p_0_0_0_0_02065_out          |  out|   16|      ap_vld|                                                         p_0_0_0_0_02065_out|       pointer|
|p_0_0_0_0_02065_out_ap_vld   |  out|    1|      ap_vld|                                                         p_0_0_0_0_02065_out|       pointer|
|p_0_23_0_0_02063_out         |  out|   16|      ap_vld|                                                        p_0_23_0_0_02063_out|       pointer|
|p_0_23_0_0_02063_out_ap_vld  |  out|    1|      ap_vld|                                                        p_0_23_0_0_02063_out|       pointer|
|p_0_22_0_0_02061_out         |  out|   16|      ap_vld|                                                        p_0_22_0_0_02061_out|       pointer|
|p_0_22_0_0_02061_out_ap_vld  |  out|    1|      ap_vld|                                                        p_0_22_0_0_02061_out|       pointer|
|p_0_21_0_0_02059_out         |  out|   16|      ap_vld|                                                        p_0_21_0_0_02059_out|       pointer|
|p_0_21_0_0_02059_out_ap_vld  |  out|    1|      ap_vld|                                                        p_0_21_0_0_02059_out|       pointer|
|p_0_20_0_0_02057_out         |  out|   16|      ap_vld|                                                        p_0_20_0_0_02057_out|       pointer|
|p_0_20_0_0_02057_out_ap_vld  |  out|    1|      ap_vld|                                                        p_0_20_0_0_02057_out|       pointer|
|p_0_19_0_0_02055_out         |  out|   16|      ap_vld|                                                        p_0_19_0_0_02055_out|       pointer|
|p_0_19_0_0_02055_out_ap_vld  |  out|    1|      ap_vld|                                                        p_0_19_0_0_02055_out|       pointer|
|p_0_18_0_0_02053_out         |  out|   16|      ap_vld|                                                        p_0_18_0_0_02053_out|       pointer|
|p_0_18_0_0_02053_out_ap_vld  |  out|    1|      ap_vld|                                                        p_0_18_0_0_02053_out|       pointer|
|p_0_17_0_0_02051_out         |  out|   16|      ap_vld|                                                        p_0_17_0_0_02051_out|       pointer|
|p_0_17_0_0_02051_out_ap_vld  |  out|    1|      ap_vld|                                                        p_0_17_0_0_02051_out|       pointer|
|p_0_16_0_0_02049_out         |  out|   16|      ap_vld|                                                        p_0_16_0_0_02049_out|       pointer|
|p_0_16_0_0_02049_out_ap_vld  |  out|    1|      ap_vld|                                                        p_0_16_0_0_02049_out|       pointer|
|p_0_15_0_0_02047_out         |  out|   16|      ap_vld|                                                        p_0_15_0_0_02047_out|       pointer|
|p_0_15_0_0_02047_out_ap_vld  |  out|    1|      ap_vld|                                                        p_0_15_0_0_02047_out|       pointer|
|p_0_14_0_0_02045_out         |  out|   16|      ap_vld|                                                        p_0_14_0_0_02045_out|       pointer|
|p_0_14_0_0_02045_out_ap_vld  |  out|    1|      ap_vld|                                                        p_0_14_0_0_02045_out|       pointer|
|p_0_13_0_0_02043_out         |  out|   16|      ap_vld|                                                        p_0_13_0_0_02043_out|       pointer|
|p_0_13_0_0_02043_out_ap_vld  |  out|    1|      ap_vld|                                                        p_0_13_0_0_02043_out|       pointer|
|p_0_12_0_0_02041_out         |  out|   16|      ap_vld|                                                        p_0_12_0_0_02041_out|       pointer|
|p_0_12_0_0_02041_out_ap_vld  |  out|    1|      ap_vld|                                                        p_0_12_0_0_02041_out|       pointer|
|p_0_11_0_0_02039_out         |  out|   16|      ap_vld|                                                        p_0_11_0_0_02039_out|       pointer|
|p_0_11_0_0_02039_out_ap_vld  |  out|    1|      ap_vld|                                                        p_0_11_0_0_02039_out|       pointer|
|p_0_10_0_0_02037_out         |  out|   16|      ap_vld|                                                        p_0_10_0_0_02037_out|       pointer|
|p_0_10_0_0_02037_out_ap_vld  |  out|    1|      ap_vld|                                                        p_0_10_0_0_02037_out|       pointer|
|p_0_9_0_0_02035_out          |  out|   16|      ap_vld|                                                         p_0_9_0_0_02035_out|       pointer|
|p_0_9_0_0_02035_out_ap_vld   |  out|    1|      ap_vld|                                                         p_0_9_0_0_02035_out|       pointer|
|p_0_8_0_0_02033_out          |  out|   16|      ap_vld|                                                         p_0_8_0_0_02033_out|       pointer|
|p_0_8_0_0_02033_out_ap_vld   |  out|    1|      ap_vld|                                                         p_0_8_0_0_02033_out|       pointer|
|p_0_7_0_0_02031_out          |  out|   16|      ap_vld|                                                         p_0_7_0_0_02031_out|       pointer|
|p_0_7_0_0_02031_out_ap_vld   |  out|    1|      ap_vld|                                                         p_0_7_0_0_02031_out|       pointer|
|p_0_6_0_0_02029_out          |  out|   16|      ap_vld|                                                         p_0_6_0_0_02029_out|       pointer|
|p_0_6_0_0_02029_out_ap_vld   |  out|    1|      ap_vld|                                                         p_0_6_0_0_02029_out|       pointer|
|p_0_5_0_0_02027_out          |  out|   16|      ap_vld|                                                         p_0_5_0_0_02027_out|       pointer|
|p_0_5_0_0_02027_out_ap_vld   |  out|    1|      ap_vld|                                                         p_0_5_0_0_02027_out|       pointer|
|p_0_4_0_0_02025_out          |  out|   16|      ap_vld|                                                         p_0_4_0_0_02025_out|       pointer|
|p_0_4_0_0_02025_out_ap_vld   |  out|    1|      ap_vld|                                                         p_0_4_0_0_02025_out|       pointer|
|p_0_3_0_0_02023_out          |  out|   16|      ap_vld|                                                         p_0_3_0_0_02023_out|       pointer|
|p_0_3_0_0_02023_out_ap_vld   |  out|    1|      ap_vld|                                                         p_0_3_0_0_02023_out|       pointer|
|p_0_2_0_0_02021_out          |  out|   16|      ap_vld|                                                         p_0_2_0_0_02021_out|       pointer|
|p_0_2_0_0_02021_out_ap_vld   |  out|    1|      ap_vld|                                                         p_0_2_0_0_02021_out|       pointer|
|p_0_1_0_0_02019_out          |  out|   16|      ap_vld|                                                         p_0_1_0_0_02019_out|       pointer|
|p_0_1_0_0_02019_out_ap_vld   |  out|    1|      ap_vld|                                                         p_0_1_0_0_02019_out|       pointer|
|p_0_0_0_0_02017_out          |  out|   16|      ap_vld|                                                         p_0_0_0_0_02017_out|       pointer|
|p_0_0_0_0_02017_out_ap_vld   |  out|    1|      ap_vld|                                                         p_0_0_0_0_02017_out|       pointer|
|p_0_23_0_0_02015_out         |  out|   16|      ap_vld|                                                        p_0_23_0_0_02015_out|       pointer|
|p_0_23_0_0_02015_out_ap_vld  |  out|    1|      ap_vld|                                                        p_0_23_0_0_02015_out|       pointer|
|p_0_22_0_0_02013_out         |  out|   16|      ap_vld|                                                        p_0_22_0_0_02013_out|       pointer|
|p_0_22_0_0_02013_out_ap_vld  |  out|    1|      ap_vld|                                                        p_0_22_0_0_02013_out|       pointer|
|p_0_21_0_0_02011_out         |  out|   16|      ap_vld|                                                        p_0_21_0_0_02011_out|       pointer|
|p_0_21_0_0_02011_out_ap_vld  |  out|    1|      ap_vld|                                                        p_0_21_0_0_02011_out|       pointer|
|p_0_20_0_0_02009_out         |  out|   16|      ap_vld|                                                        p_0_20_0_0_02009_out|       pointer|
|p_0_20_0_0_02009_out_ap_vld  |  out|    1|      ap_vld|                                                        p_0_20_0_0_02009_out|       pointer|
|p_0_19_0_0_02007_out         |  out|   16|      ap_vld|                                                        p_0_19_0_0_02007_out|       pointer|
|p_0_19_0_0_02007_out_ap_vld  |  out|    1|      ap_vld|                                                        p_0_19_0_0_02007_out|       pointer|
|p_0_18_0_0_02005_out         |  out|   16|      ap_vld|                                                        p_0_18_0_0_02005_out|       pointer|
|p_0_18_0_0_02005_out_ap_vld  |  out|    1|      ap_vld|                                                        p_0_18_0_0_02005_out|       pointer|
|p_0_17_0_0_02003_out         |  out|   16|      ap_vld|                                                        p_0_17_0_0_02003_out|       pointer|
|p_0_17_0_0_02003_out_ap_vld  |  out|    1|      ap_vld|                                                        p_0_17_0_0_02003_out|       pointer|
|p_0_16_0_0_02001_out         |  out|   16|      ap_vld|                                                        p_0_16_0_0_02001_out|       pointer|
|p_0_16_0_0_02001_out_ap_vld  |  out|    1|      ap_vld|                                                        p_0_16_0_0_02001_out|       pointer|
|p_0_15_0_0_01999_out         |  out|   16|      ap_vld|                                                        p_0_15_0_0_01999_out|       pointer|
|p_0_15_0_0_01999_out_ap_vld  |  out|    1|      ap_vld|                                                        p_0_15_0_0_01999_out|       pointer|
|p_0_14_0_0_01997_out         |  out|   16|      ap_vld|                                                        p_0_14_0_0_01997_out|       pointer|
|p_0_14_0_0_01997_out_ap_vld  |  out|    1|      ap_vld|                                                        p_0_14_0_0_01997_out|       pointer|
|p_0_13_0_0_01995_out         |  out|   16|      ap_vld|                                                        p_0_13_0_0_01995_out|       pointer|
|p_0_13_0_0_01995_out_ap_vld  |  out|    1|      ap_vld|                                                        p_0_13_0_0_01995_out|       pointer|
|p_0_12_0_0_01993_out         |  out|   16|      ap_vld|                                                        p_0_12_0_0_01993_out|       pointer|
|p_0_12_0_0_01993_out_ap_vld  |  out|    1|      ap_vld|                                                        p_0_12_0_0_01993_out|       pointer|
|p_0_11_0_0_01991_out         |  out|   16|      ap_vld|                                                        p_0_11_0_0_01991_out|       pointer|
|p_0_11_0_0_01991_out_ap_vld  |  out|    1|      ap_vld|                                                        p_0_11_0_0_01991_out|       pointer|
|p_0_10_0_0_01989_out         |  out|   16|      ap_vld|                                                        p_0_10_0_0_01989_out|       pointer|
|p_0_10_0_0_01989_out_ap_vld  |  out|    1|      ap_vld|                                                        p_0_10_0_0_01989_out|       pointer|
|p_0_9_0_0_01987_out          |  out|   16|      ap_vld|                                                         p_0_9_0_0_01987_out|       pointer|
|p_0_9_0_0_01987_out_ap_vld   |  out|    1|      ap_vld|                                                         p_0_9_0_0_01987_out|       pointer|
|p_0_8_0_0_01985_out          |  out|   16|      ap_vld|                                                         p_0_8_0_0_01985_out|       pointer|
|p_0_8_0_0_01985_out_ap_vld   |  out|    1|      ap_vld|                                                         p_0_8_0_0_01985_out|       pointer|
|p_0_7_0_0_01983_out          |  out|   16|      ap_vld|                                                         p_0_7_0_0_01983_out|       pointer|
|p_0_7_0_0_01983_out_ap_vld   |  out|    1|      ap_vld|                                                         p_0_7_0_0_01983_out|       pointer|
|p_0_6_0_0_01981_out          |  out|   16|      ap_vld|                                                         p_0_6_0_0_01981_out|       pointer|
|p_0_6_0_0_01981_out_ap_vld   |  out|    1|      ap_vld|                                                         p_0_6_0_0_01981_out|       pointer|
|p_0_5_0_0_01979_out          |  out|   16|      ap_vld|                                                         p_0_5_0_0_01979_out|       pointer|
|p_0_5_0_0_01979_out_ap_vld   |  out|    1|      ap_vld|                                                         p_0_5_0_0_01979_out|       pointer|
|p_0_4_0_0_01977_out          |  out|   16|      ap_vld|                                                         p_0_4_0_0_01977_out|       pointer|
|p_0_4_0_0_01977_out_ap_vld   |  out|    1|      ap_vld|                                                         p_0_4_0_0_01977_out|       pointer|
|p_0_3_0_0_01975_out          |  out|   16|      ap_vld|                                                         p_0_3_0_0_01975_out|       pointer|
|p_0_3_0_0_01975_out_ap_vld   |  out|    1|      ap_vld|                                                         p_0_3_0_0_01975_out|       pointer|
|p_0_2_0_0_01973_out          |  out|   16|      ap_vld|                                                         p_0_2_0_0_01973_out|       pointer|
|p_0_2_0_0_01973_out_ap_vld   |  out|    1|      ap_vld|                                                         p_0_2_0_0_01973_out|       pointer|
|p_0_1_0_0_01971_out          |  out|   16|      ap_vld|                                                         p_0_1_0_0_01971_out|       pointer|
|p_0_1_0_0_01971_out_ap_vld   |  out|    1|      ap_vld|                                                         p_0_1_0_0_01971_out|       pointer|
|p_0_0_0_0_01969_out          |  out|   16|      ap_vld|                                                         p_0_0_0_0_01969_out|       pointer|
|p_0_0_0_0_01969_out_ap_vld   |  out|    1|      ap_vld|                                                         p_0_0_0_0_01969_out|       pointer|
|p_0_23_0_0_01967_out         |  out|   16|      ap_vld|                                                        p_0_23_0_0_01967_out|       pointer|
|p_0_23_0_0_01967_out_ap_vld  |  out|    1|      ap_vld|                                                        p_0_23_0_0_01967_out|       pointer|
|p_0_22_0_0_01965_out         |  out|   16|      ap_vld|                                                        p_0_22_0_0_01965_out|       pointer|
|p_0_22_0_0_01965_out_ap_vld  |  out|    1|      ap_vld|                                                        p_0_22_0_0_01965_out|       pointer|
|p_0_21_0_0_01963_out         |  out|   16|      ap_vld|                                                        p_0_21_0_0_01963_out|       pointer|
|p_0_21_0_0_01963_out_ap_vld  |  out|    1|      ap_vld|                                                        p_0_21_0_0_01963_out|       pointer|
|p_0_20_0_0_01961_out         |  out|   16|      ap_vld|                                                        p_0_20_0_0_01961_out|       pointer|
|p_0_20_0_0_01961_out_ap_vld  |  out|    1|      ap_vld|                                                        p_0_20_0_0_01961_out|       pointer|
|p_0_19_0_0_01959_out         |  out|   16|      ap_vld|                                                        p_0_19_0_0_01959_out|       pointer|
|p_0_19_0_0_01959_out_ap_vld  |  out|    1|      ap_vld|                                                        p_0_19_0_0_01959_out|       pointer|
|p_0_18_0_0_01957_out         |  out|   16|      ap_vld|                                                        p_0_18_0_0_01957_out|       pointer|
|p_0_18_0_0_01957_out_ap_vld  |  out|    1|      ap_vld|                                                        p_0_18_0_0_01957_out|       pointer|
|p_0_17_0_0_01955_out         |  out|   16|      ap_vld|                                                        p_0_17_0_0_01955_out|       pointer|
|p_0_17_0_0_01955_out_ap_vld  |  out|    1|      ap_vld|                                                        p_0_17_0_0_01955_out|       pointer|
|p_0_16_0_0_01953_out         |  out|   16|      ap_vld|                                                        p_0_16_0_0_01953_out|       pointer|
|p_0_16_0_0_01953_out_ap_vld  |  out|    1|      ap_vld|                                                        p_0_16_0_0_01953_out|       pointer|
|p_0_15_0_0_01951_out         |  out|   16|      ap_vld|                                                        p_0_15_0_0_01951_out|       pointer|
|p_0_15_0_0_01951_out_ap_vld  |  out|    1|      ap_vld|                                                        p_0_15_0_0_01951_out|       pointer|
|p_0_14_0_0_01949_out         |  out|   16|      ap_vld|                                                        p_0_14_0_0_01949_out|       pointer|
|p_0_14_0_0_01949_out_ap_vld  |  out|    1|      ap_vld|                                                        p_0_14_0_0_01949_out|       pointer|
|p_0_13_0_0_01947_out         |  out|   16|      ap_vld|                                                        p_0_13_0_0_01947_out|       pointer|
|p_0_13_0_0_01947_out_ap_vld  |  out|    1|      ap_vld|                                                        p_0_13_0_0_01947_out|       pointer|
|p_0_12_0_0_01945_out         |  out|   16|      ap_vld|                                                        p_0_12_0_0_01945_out|       pointer|
|p_0_12_0_0_01945_out_ap_vld  |  out|    1|      ap_vld|                                                        p_0_12_0_0_01945_out|       pointer|
|p_0_11_0_0_01943_out         |  out|   16|      ap_vld|                                                        p_0_11_0_0_01943_out|       pointer|
|p_0_11_0_0_01943_out_ap_vld  |  out|    1|      ap_vld|                                                        p_0_11_0_0_01943_out|       pointer|
|p_0_10_0_0_01941_out         |  out|   16|      ap_vld|                                                        p_0_10_0_0_01941_out|       pointer|
|p_0_10_0_0_01941_out_ap_vld  |  out|    1|      ap_vld|                                                        p_0_10_0_0_01941_out|       pointer|
|p_0_9_0_0_01939_out          |  out|   16|      ap_vld|                                                         p_0_9_0_0_01939_out|       pointer|
|p_0_9_0_0_01939_out_ap_vld   |  out|    1|      ap_vld|                                                         p_0_9_0_0_01939_out|       pointer|
|p_0_8_0_0_01937_out          |  out|   16|      ap_vld|                                                         p_0_8_0_0_01937_out|       pointer|
|p_0_8_0_0_01937_out_ap_vld   |  out|    1|      ap_vld|                                                         p_0_8_0_0_01937_out|       pointer|
|p_0_7_0_0_01935_out          |  out|   16|      ap_vld|                                                         p_0_7_0_0_01935_out|       pointer|
|p_0_7_0_0_01935_out_ap_vld   |  out|    1|      ap_vld|                                                         p_0_7_0_0_01935_out|       pointer|
|p_0_6_0_0_01933_out          |  out|   16|      ap_vld|                                                         p_0_6_0_0_01933_out|       pointer|
|p_0_6_0_0_01933_out_ap_vld   |  out|    1|      ap_vld|                                                         p_0_6_0_0_01933_out|       pointer|
|p_0_5_0_0_01931_out          |  out|   16|      ap_vld|                                                         p_0_5_0_0_01931_out|       pointer|
|p_0_5_0_0_01931_out_ap_vld   |  out|    1|      ap_vld|                                                         p_0_5_0_0_01931_out|       pointer|
|p_0_4_0_0_01929_out          |  out|   16|      ap_vld|                                                         p_0_4_0_0_01929_out|       pointer|
|p_0_4_0_0_01929_out_ap_vld   |  out|    1|      ap_vld|                                                         p_0_4_0_0_01929_out|       pointer|
|p_0_3_0_0_01927_out          |  out|   16|      ap_vld|                                                         p_0_3_0_0_01927_out|       pointer|
|p_0_3_0_0_01927_out_ap_vld   |  out|    1|      ap_vld|                                                         p_0_3_0_0_01927_out|       pointer|
|p_0_2_0_0_01925_out          |  out|   16|      ap_vld|                                                         p_0_2_0_0_01925_out|       pointer|
|p_0_2_0_0_01925_out_ap_vld   |  out|    1|      ap_vld|                                                         p_0_2_0_0_01925_out|       pointer|
|p_0_1_0_0_01923_out          |  out|   16|      ap_vld|                                                         p_0_1_0_0_01923_out|       pointer|
|p_0_1_0_0_01923_out_ap_vld   |  out|    1|      ap_vld|                                                         p_0_1_0_0_01923_out|       pointer|
|p_0_0_0_0_01921_out          |  out|   16|      ap_vld|                                                         p_0_0_0_0_01921_out|       pointer|
|p_0_0_0_0_01921_out_ap_vld   |  out|    1|      ap_vld|                                                         p_0_0_0_0_01921_out|       pointer|
|p_0_23_0_0_01919_out         |  out|   16|      ap_vld|                                                        p_0_23_0_0_01919_out|       pointer|
|p_0_23_0_0_01919_out_ap_vld  |  out|    1|      ap_vld|                                                        p_0_23_0_0_01919_out|       pointer|
|p_0_22_0_0_01917_out         |  out|   16|      ap_vld|                                                        p_0_22_0_0_01917_out|       pointer|
|p_0_22_0_0_01917_out_ap_vld  |  out|    1|      ap_vld|                                                        p_0_22_0_0_01917_out|       pointer|
|p_0_21_0_0_01915_out         |  out|   16|      ap_vld|                                                        p_0_21_0_0_01915_out|       pointer|
|p_0_21_0_0_01915_out_ap_vld  |  out|    1|      ap_vld|                                                        p_0_21_0_0_01915_out|       pointer|
|p_0_20_0_0_01913_out         |  out|   16|      ap_vld|                                                        p_0_20_0_0_01913_out|       pointer|
|p_0_20_0_0_01913_out_ap_vld  |  out|    1|      ap_vld|                                                        p_0_20_0_0_01913_out|       pointer|
|p_0_19_0_0_01911_out         |  out|   16|      ap_vld|                                                        p_0_19_0_0_01911_out|       pointer|
|p_0_19_0_0_01911_out_ap_vld  |  out|    1|      ap_vld|                                                        p_0_19_0_0_01911_out|       pointer|
|p_0_18_0_0_01909_out         |  out|   16|      ap_vld|                                                        p_0_18_0_0_01909_out|       pointer|
|p_0_18_0_0_01909_out_ap_vld  |  out|    1|      ap_vld|                                                        p_0_18_0_0_01909_out|       pointer|
|p_0_17_0_0_01907_out         |  out|   16|      ap_vld|                                                        p_0_17_0_0_01907_out|       pointer|
|p_0_17_0_0_01907_out_ap_vld  |  out|    1|      ap_vld|                                                        p_0_17_0_0_01907_out|       pointer|
|p_0_16_0_0_01905_out         |  out|   16|      ap_vld|                                                        p_0_16_0_0_01905_out|       pointer|
|p_0_16_0_0_01905_out_ap_vld  |  out|    1|      ap_vld|                                                        p_0_16_0_0_01905_out|       pointer|
|p_0_15_0_0_01903_out         |  out|   16|      ap_vld|                                                        p_0_15_0_0_01903_out|       pointer|
|p_0_15_0_0_01903_out_ap_vld  |  out|    1|      ap_vld|                                                        p_0_15_0_0_01903_out|       pointer|
|p_0_14_0_0_01901_out         |  out|   16|      ap_vld|                                                        p_0_14_0_0_01901_out|       pointer|
|p_0_14_0_0_01901_out_ap_vld  |  out|    1|      ap_vld|                                                        p_0_14_0_0_01901_out|       pointer|
|p_0_13_0_0_01899_out         |  out|   16|      ap_vld|                                                        p_0_13_0_0_01899_out|       pointer|
|p_0_13_0_0_01899_out_ap_vld  |  out|    1|      ap_vld|                                                        p_0_13_0_0_01899_out|       pointer|
|p_0_12_0_0_01897_out         |  out|   16|      ap_vld|                                                        p_0_12_0_0_01897_out|       pointer|
|p_0_12_0_0_01897_out_ap_vld  |  out|    1|      ap_vld|                                                        p_0_12_0_0_01897_out|       pointer|
|p_0_11_0_0_01895_out         |  out|   16|      ap_vld|                                                        p_0_11_0_0_01895_out|       pointer|
|p_0_11_0_0_01895_out_ap_vld  |  out|    1|      ap_vld|                                                        p_0_11_0_0_01895_out|       pointer|
|p_0_10_0_0_01893_out         |  out|   16|      ap_vld|                                                        p_0_10_0_0_01893_out|       pointer|
|p_0_10_0_0_01893_out_ap_vld  |  out|    1|      ap_vld|                                                        p_0_10_0_0_01893_out|       pointer|
|p_0_9_0_0_01891_out          |  out|   16|      ap_vld|                                                         p_0_9_0_0_01891_out|       pointer|
|p_0_9_0_0_01891_out_ap_vld   |  out|    1|      ap_vld|                                                         p_0_9_0_0_01891_out|       pointer|
|p_0_8_0_0_01889_out          |  out|   16|      ap_vld|                                                         p_0_8_0_0_01889_out|       pointer|
|p_0_8_0_0_01889_out_ap_vld   |  out|    1|      ap_vld|                                                         p_0_8_0_0_01889_out|       pointer|
|p_0_7_0_0_01887_out          |  out|   16|      ap_vld|                                                         p_0_7_0_0_01887_out|       pointer|
|p_0_7_0_0_01887_out_ap_vld   |  out|    1|      ap_vld|                                                         p_0_7_0_0_01887_out|       pointer|
|p_0_6_0_0_01885_out          |  out|   16|      ap_vld|                                                         p_0_6_0_0_01885_out|       pointer|
|p_0_6_0_0_01885_out_ap_vld   |  out|    1|      ap_vld|                                                         p_0_6_0_0_01885_out|       pointer|
|p_0_5_0_0_01883_out          |  out|   16|      ap_vld|                                                         p_0_5_0_0_01883_out|       pointer|
|p_0_5_0_0_01883_out_ap_vld   |  out|    1|      ap_vld|                                                         p_0_5_0_0_01883_out|       pointer|
|p_0_4_0_0_01881_out          |  out|   16|      ap_vld|                                                         p_0_4_0_0_01881_out|       pointer|
|p_0_4_0_0_01881_out_ap_vld   |  out|    1|      ap_vld|                                                         p_0_4_0_0_01881_out|       pointer|
|p_0_3_0_0_01879_out          |  out|   16|      ap_vld|                                                         p_0_3_0_0_01879_out|       pointer|
|p_0_3_0_0_01879_out_ap_vld   |  out|    1|      ap_vld|                                                         p_0_3_0_0_01879_out|       pointer|
|p_0_2_0_0_01877_out          |  out|   16|      ap_vld|                                                         p_0_2_0_0_01877_out|       pointer|
|p_0_2_0_0_01877_out_ap_vld   |  out|    1|      ap_vld|                                                         p_0_2_0_0_01877_out|       pointer|
|p_0_1_0_0_01875_out          |  out|   16|      ap_vld|                                                         p_0_1_0_0_01875_out|       pointer|
|p_0_1_0_0_01875_out_ap_vld   |  out|    1|      ap_vld|                                                         p_0_1_0_0_01875_out|       pointer|
|p_0_0_0_0_01873_out          |  out|   16|      ap_vld|                                                         p_0_0_0_0_01873_out|       pointer|
|p_0_0_0_0_01873_out_ap_vld   |  out|    1|      ap_vld|                                                         p_0_0_0_0_01873_out|       pointer|
|p_0_23_0_0_01871_out         |  out|   16|      ap_vld|                                                        p_0_23_0_0_01871_out|       pointer|
|p_0_23_0_0_01871_out_ap_vld  |  out|    1|      ap_vld|                                                        p_0_23_0_0_01871_out|       pointer|
|p_0_22_0_0_01869_out         |  out|   16|      ap_vld|                                                        p_0_22_0_0_01869_out|       pointer|
|p_0_22_0_0_01869_out_ap_vld  |  out|    1|      ap_vld|                                                        p_0_22_0_0_01869_out|       pointer|
|p_0_21_0_0_01867_out         |  out|   16|      ap_vld|                                                        p_0_21_0_0_01867_out|       pointer|
|p_0_21_0_0_01867_out_ap_vld  |  out|    1|      ap_vld|                                                        p_0_21_0_0_01867_out|       pointer|
|p_0_20_0_0_01865_out         |  out|   16|      ap_vld|                                                        p_0_20_0_0_01865_out|       pointer|
|p_0_20_0_0_01865_out_ap_vld  |  out|    1|      ap_vld|                                                        p_0_20_0_0_01865_out|       pointer|
|p_0_19_0_0_01863_out         |  out|   16|      ap_vld|                                                        p_0_19_0_0_01863_out|       pointer|
|p_0_19_0_0_01863_out_ap_vld  |  out|    1|      ap_vld|                                                        p_0_19_0_0_01863_out|       pointer|
|p_0_18_0_0_01861_out         |  out|   16|      ap_vld|                                                        p_0_18_0_0_01861_out|       pointer|
|p_0_18_0_0_01861_out_ap_vld  |  out|    1|      ap_vld|                                                        p_0_18_0_0_01861_out|       pointer|
|p_0_17_0_0_01859_out         |  out|   16|      ap_vld|                                                        p_0_17_0_0_01859_out|       pointer|
|p_0_17_0_0_01859_out_ap_vld  |  out|    1|      ap_vld|                                                        p_0_17_0_0_01859_out|       pointer|
|p_0_16_0_0_01857_out         |  out|   16|      ap_vld|                                                        p_0_16_0_0_01857_out|       pointer|
|p_0_16_0_0_01857_out_ap_vld  |  out|    1|      ap_vld|                                                        p_0_16_0_0_01857_out|       pointer|
|p_0_15_0_0_01855_out         |  out|   16|      ap_vld|                                                        p_0_15_0_0_01855_out|       pointer|
|p_0_15_0_0_01855_out_ap_vld  |  out|    1|      ap_vld|                                                        p_0_15_0_0_01855_out|       pointer|
|p_0_14_0_0_01853_out         |  out|   16|      ap_vld|                                                        p_0_14_0_0_01853_out|       pointer|
|p_0_14_0_0_01853_out_ap_vld  |  out|    1|      ap_vld|                                                        p_0_14_0_0_01853_out|       pointer|
|p_0_13_0_0_01851_out         |  out|   16|      ap_vld|                                                        p_0_13_0_0_01851_out|       pointer|
|p_0_13_0_0_01851_out_ap_vld  |  out|    1|      ap_vld|                                                        p_0_13_0_0_01851_out|       pointer|
|p_0_12_0_0_01849_out         |  out|   16|      ap_vld|                                                        p_0_12_0_0_01849_out|       pointer|
|p_0_12_0_0_01849_out_ap_vld  |  out|    1|      ap_vld|                                                        p_0_12_0_0_01849_out|       pointer|
|p_0_11_0_0_01847_out         |  out|   16|      ap_vld|                                                        p_0_11_0_0_01847_out|       pointer|
|p_0_11_0_0_01847_out_ap_vld  |  out|    1|      ap_vld|                                                        p_0_11_0_0_01847_out|       pointer|
|p_0_10_0_0_01845_out         |  out|   16|      ap_vld|                                                        p_0_10_0_0_01845_out|       pointer|
|p_0_10_0_0_01845_out_ap_vld  |  out|    1|      ap_vld|                                                        p_0_10_0_0_01845_out|       pointer|
|p_0_9_0_0_01843_out          |  out|   16|      ap_vld|                                                         p_0_9_0_0_01843_out|       pointer|
|p_0_9_0_0_01843_out_ap_vld   |  out|    1|      ap_vld|                                                         p_0_9_0_0_01843_out|       pointer|
|p_0_8_0_0_01841_out          |  out|   16|      ap_vld|                                                         p_0_8_0_0_01841_out|       pointer|
|p_0_8_0_0_01841_out_ap_vld   |  out|    1|      ap_vld|                                                         p_0_8_0_0_01841_out|       pointer|
|p_0_7_0_0_01839_out          |  out|   16|      ap_vld|                                                         p_0_7_0_0_01839_out|       pointer|
|p_0_7_0_0_01839_out_ap_vld   |  out|    1|      ap_vld|                                                         p_0_7_0_0_01839_out|       pointer|
|p_0_6_0_0_01837_out          |  out|   16|      ap_vld|                                                         p_0_6_0_0_01837_out|       pointer|
|p_0_6_0_0_01837_out_ap_vld   |  out|    1|      ap_vld|                                                         p_0_6_0_0_01837_out|       pointer|
|p_0_5_0_0_01835_out          |  out|   16|      ap_vld|                                                         p_0_5_0_0_01835_out|       pointer|
|p_0_5_0_0_01835_out_ap_vld   |  out|    1|      ap_vld|                                                         p_0_5_0_0_01835_out|       pointer|
|p_0_4_0_0_01833_out          |  out|   16|      ap_vld|                                                         p_0_4_0_0_01833_out|       pointer|
|p_0_4_0_0_01833_out_ap_vld   |  out|    1|      ap_vld|                                                         p_0_4_0_0_01833_out|       pointer|
|p_0_3_0_0_01831_out          |  out|   16|      ap_vld|                                                         p_0_3_0_0_01831_out|       pointer|
|p_0_3_0_0_01831_out_ap_vld   |  out|    1|      ap_vld|                                                         p_0_3_0_0_01831_out|       pointer|
|p_0_2_0_0_01829_out          |  out|   16|      ap_vld|                                                         p_0_2_0_0_01829_out|       pointer|
|p_0_2_0_0_01829_out_ap_vld   |  out|    1|      ap_vld|                                                         p_0_2_0_0_01829_out|       pointer|
|p_0_1_0_0_01827_out          |  out|   16|      ap_vld|                                                         p_0_1_0_0_01827_out|       pointer|
|p_0_1_0_0_01827_out_ap_vld   |  out|    1|      ap_vld|                                                         p_0_1_0_0_01827_out|       pointer|
|p_0_0_0_0_01825_out          |  out|   16|      ap_vld|                                                         p_0_0_0_0_01825_out|       pointer|
|p_0_0_0_0_01825_out_ap_vld   |  out|    1|      ap_vld|                                                         p_0_0_0_0_01825_out|       pointer|
|p_0_23_0_0_01823_out         |  out|   16|      ap_vld|                                                        p_0_23_0_0_01823_out|       pointer|
|p_0_23_0_0_01823_out_ap_vld  |  out|    1|      ap_vld|                                                        p_0_23_0_0_01823_out|       pointer|
|p_0_22_0_0_01821_out         |  out|   16|      ap_vld|                                                        p_0_22_0_0_01821_out|       pointer|
|p_0_22_0_0_01821_out_ap_vld  |  out|    1|      ap_vld|                                                        p_0_22_0_0_01821_out|       pointer|
|p_0_21_0_0_01819_out         |  out|   16|      ap_vld|                                                        p_0_21_0_0_01819_out|       pointer|
|p_0_21_0_0_01819_out_ap_vld  |  out|    1|      ap_vld|                                                        p_0_21_0_0_01819_out|       pointer|
|p_0_20_0_0_01817_out         |  out|   16|      ap_vld|                                                        p_0_20_0_0_01817_out|       pointer|
|p_0_20_0_0_01817_out_ap_vld  |  out|    1|      ap_vld|                                                        p_0_20_0_0_01817_out|       pointer|
|p_0_19_0_0_01815_out         |  out|   16|      ap_vld|                                                        p_0_19_0_0_01815_out|       pointer|
|p_0_19_0_0_01815_out_ap_vld  |  out|    1|      ap_vld|                                                        p_0_19_0_0_01815_out|       pointer|
|p_0_18_0_0_01813_out         |  out|   16|      ap_vld|                                                        p_0_18_0_0_01813_out|       pointer|
|p_0_18_0_0_01813_out_ap_vld  |  out|    1|      ap_vld|                                                        p_0_18_0_0_01813_out|       pointer|
|p_0_17_0_0_01811_out         |  out|   16|      ap_vld|                                                        p_0_17_0_0_01811_out|       pointer|
|p_0_17_0_0_01811_out_ap_vld  |  out|    1|      ap_vld|                                                        p_0_17_0_0_01811_out|       pointer|
|p_0_16_0_0_01809_out         |  out|   16|      ap_vld|                                                        p_0_16_0_0_01809_out|       pointer|
|p_0_16_0_0_01809_out_ap_vld  |  out|    1|      ap_vld|                                                        p_0_16_0_0_01809_out|       pointer|
|p_0_15_0_0_01807_out         |  out|   16|      ap_vld|                                                        p_0_15_0_0_01807_out|       pointer|
|p_0_15_0_0_01807_out_ap_vld  |  out|    1|      ap_vld|                                                        p_0_15_0_0_01807_out|       pointer|
|p_0_14_0_0_01805_out         |  out|   16|      ap_vld|                                                        p_0_14_0_0_01805_out|       pointer|
|p_0_14_0_0_01805_out_ap_vld  |  out|    1|      ap_vld|                                                        p_0_14_0_0_01805_out|       pointer|
|p_0_13_0_0_01803_out         |  out|   16|      ap_vld|                                                        p_0_13_0_0_01803_out|       pointer|
|p_0_13_0_0_01803_out_ap_vld  |  out|    1|      ap_vld|                                                        p_0_13_0_0_01803_out|       pointer|
|p_0_12_0_0_01801_out         |  out|   16|      ap_vld|                                                        p_0_12_0_0_01801_out|       pointer|
|p_0_12_0_0_01801_out_ap_vld  |  out|    1|      ap_vld|                                                        p_0_12_0_0_01801_out|       pointer|
|p_0_11_0_0_01799_out         |  out|   16|      ap_vld|                                                        p_0_11_0_0_01799_out|       pointer|
|p_0_11_0_0_01799_out_ap_vld  |  out|    1|      ap_vld|                                                        p_0_11_0_0_01799_out|       pointer|
|p_0_10_0_0_01797_out         |  out|   16|      ap_vld|                                                        p_0_10_0_0_01797_out|       pointer|
|p_0_10_0_0_01797_out_ap_vld  |  out|    1|      ap_vld|                                                        p_0_10_0_0_01797_out|       pointer|
|p_0_9_0_0_01795_out          |  out|   16|      ap_vld|                                                         p_0_9_0_0_01795_out|       pointer|
|p_0_9_0_0_01795_out_ap_vld   |  out|    1|      ap_vld|                                                         p_0_9_0_0_01795_out|       pointer|
|p_0_8_0_0_01793_out          |  out|   16|      ap_vld|                                                         p_0_8_0_0_01793_out|       pointer|
|p_0_8_0_0_01793_out_ap_vld   |  out|    1|      ap_vld|                                                         p_0_8_0_0_01793_out|       pointer|
|p_0_7_0_0_01791_out          |  out|   16|      ap_vld|                                                         p_0_7_0_0_01791_out|       pointer|
|p_0_7_0_0_01791_out_ap_vld   |  out|    1|      ap_vld|                                                         p_0_7_0_0_01791_out|       pointer|
|p_0_6_0_0_01789_out          |  out|   16|      ap_vld|                                                         p_0_6_0_0_01789_out|       pointer|
|p_0_6_0_0_01789_out_ap_vld   |  out|    1|      ap_vld|                                                         p_0_6_0_0_01789_out|       pointer|
|p_0_5_0_0_01787_out          |  out|   16|      ap_vld|                                                         p_0_5_0_0_01787_out|       pointer|
|p_0_5_0_0_01787_out_ap_vld   |  out|    1|      ap_vld|                                                         p_0_5_0_0_01787_out|       pointer|
|p_0_4_0_0_01785_out          |  out|   16|      ap_vld|                                                         p_0_4_0_0_01785_out|       pointer|
|p_0_4_0_0_01785_out_ap_vld   |  out|    1|      ap_vld|                                                         p_0_4_0_0_01785_out|       pointer|
|p_0_3_0_0_01783_out          |  out|   16|      ap_vld|                                                         p_0_3_0_0_01783_out|       pointer|
|p_0_3_0_0_01783_out_ap_vld   |  out|    1|      ap_vld|                                                         p_0_3_0_0_01783_out|       pointer|
|p_0_2_0_0_01781_out          |  out|   16|      ap_vld|                                                         p_0_2_0_0_01781_out|       pointer|
|p_0_2_0_0_01781_out_ap_vld   |  out|    1|      ap_vld|                                                         p_0_2_0_0_01781_out|       pointer|
|p_0_1_0_0_01779_out          |  out|   16|      ap_vld|                                                         p_0_1_0_0_01779_out|       pointer|
|p_0_1_0_0_01779_out_ap_vld   |  out|    1|      ap_vld|                                                         p_0_1_0_0_01779_out|       pointer|
|p_0_0_0_0_01777_out          |  out|   16|      ap_vld|                                                         p_0_0_0_0_01777_out|       pointer|
|p_0_0_0_0_01777_out_ap_vld   |  out|    1|      ap_vld|                                                         p_0_0_0_0_01777_out|       pointer|
|p_0_23_0_0_01775_out         |  out|   16|      ap_vld|                                                        p_0_23_0_0_01775_out|       pointer|
|p_0_23_0_0_01775_out_ap_vld  |  out|    1|      ap_vld|                                                        p_0_23_0_0_01775_out|       pointer|
|p_0_22_0_0_01773_out         |  out|   16|      ap_vld|                                                        p_0_22_0_0_01773_out|       pointer|
|p_0_22_0_0_01773_out_ap_vld  |  out|    1|      ap_vld|                                                        p_0_22_0_0_01773_out|       pointer|
|p_0_21_0_0_01771_out         |  out|   16|      ap_vld|                                                        p_0_21_0_0_01771_out|       pointer|
|p_0_21_0_0_01771_out_ap_vld  |  out|    1|      ap_vld|                                                        p_0_21_0_0_01771_out|       pointer|
|p_0_20_0_0_01769_out         |  out|   16|      ap_vld|                                                        p_0_20_0_0_01769_out|       pointer|
|p_0_20_0_0_01769_out_ap_vld  |  out|    1|      ap_vld|                                                        p_0_20_0_0_01769_out|       pointer|
|p_0_19_0_0_01767_out         |  out|   16|      ap_vld|                                                        p_0_19_0_0_01767_out|       pointer|
|p_0_19_0_0_01767_out_ap_vld  |  out|    1|      ap_vld|                                                        p_0_19_0_0_01767_out|       pointer|
|p_0_18_0_0_01765_out         |  out|   16|      ap_vld|                                                        p_0_18_0_0_01765_out|       pointer|
|p_0_18_0_0_01765_out_ap_vld  |  out|    1|      ap_vld|                                                        p_0_18_0_0_01765_out|       pointer|
|p_0_17_0_0_01763_out         |  out|   16|      ap_vld|                                                        p_0_17_0_0_01763_out|       pointer|
|p_0_17_0_0_01763_out_ap_vld  |  out|    1|      ap_vld|                                                        p_0_17_0_0_01763_out|       pointer|
|p_0_16_0_0_01761_out         |  out|   16|      ap_vld|                                                        p_0_16_0_0_01761_out|       pointer|
|p_0_16_0_0_01761_out_ap_vld  |  out|    1|      ap_vld|                                                        p_0_16_0_0_01761_out|       pointer|
|p_0_15_0_0_01759_out         |  out|   16|      ap_vld|                                                        p_0_15_0_0_01759_out|       pointer|
|p_0_15_0_0_01759_out_ap_vld  |  out|    1|      ap_vld|                                                        p_0_15_0_0_01759_out|       pointer|
|p_0_14_0_0_01757_out         |  out|   16|      ap_vld|                                                        p_0_14_0_0_01757_out|       pointer|
|p_0_14_0_0_01757_out_ap_vld  |  out|    1|      ap_vld|                                                        p_0_14_0_0_01757_out|       pointer|
|p_0_13_0_0_01755_out         |  out|   16|      ap_vld|                                                        p_0_13_0_0_01755_out|       pointer|
|p_0_13_0_0_01755_out_ap_vld  |  out|    1|      ap_vld|                                                        p_0_13_0_0_01755_out|       pointer|
|p_0_12_0_0_01753_out         |  out|   16|      ap_vld|                                                        p_0_12_0_0_01753_out|       pointer|
|p_0_12_0_0_01753_out_ap_vld  |  out|    1|      ap_vld|                                                        p_0_12_0_0_01753_out|       pointer|
|p_0_11_0_0_01751_out         |  out|   16|      ap_vld|                                                        p_0_11_0_0_01751_out|       pointer|
|p_0_11_0_0_01751_out_ap_vld  |  out|    1|      ap_vld|                                                        p_0_11_0_0_01751_out|       pointer|
|p_0_10_0_0_01749_out         |  out|   16|      ap_vld|                                                        p_0_10_0_0_01749_out|       pointer|
|p_0_10_0_0_01749_out_ap_vld  |  out|    1|      ap_vld|                                                        p_0_10_0_0_01749_out|       pointer|
|p_0_9_0_0_01747_out          |  out|   16|      ap_vld|                                                         p_0_9_0_0_01747_out|       pointer|
|p_0_9_0_0_01747_out_ap_vld   |  out|    1|      ap_vld|                                                         p_0_9_0_0_01747_out|       pointer|
|p_0_8_0_0_01745_out          |  out|   16|      ap_vld|                                                         p_0_8_0_0_01745_out|       pointer|
|p_0_8_0_0_01745_out_ap_vld   |  out|    1|      ap_vld|                                                         p_0_8_0_0_01745_out|       pointer|
|p_0_7_0_0_01743_out          |  out|   16|      ap_vld|                                                         p_0_7_0_0_01743_out|       pointer|
|p_0_7_0_0_01743_out_ap_vld   |  out|    1|      ap_vld|                                                         p_0_7_0_0_01743_out|       pointer|
|p_0_6_0_0_01741_out          |  out|   16|      ap_vld|                                                         p_0_6_0_0_01741_out|       pointer|
|p_0_6_0_0_01741_out_ap_vld   |  out|    1|      ap_vld|                                                         p_0_6_0_0_01741_out|       pointer|
|p_0_5_0_0_01739_out          |  out|   16|      ap_vld|                                                         p_0_5_0_0_01739_out|       pointer|
|p_0_5_0_0_01739_out_ap_vld   |  out|    1|      ap_vld|                                                         p_0_5_0_0_01739_out|       pointer|
|p_0_4_0_0_01737_out          |  out|   16|      ap_vld|                                                         p_0_4_0_0_01737_out|       pointer|
|p_0_4_0_0_01737_out_ap_vld   |  out|    1|      ap_vld|                                                         p_0_4_0_0_01737_out|       pointer|
|p_0_3_0_0_01735_out          |  out|   16|      ap_vld|                                                         p_0_3_0_0_01735_out|       pointer|
|p_0_3_0_0_01735_out_ap_vld   |  out|    1|      ap_vld|                                                         p_0_3_0_0_01735_out|       pointer|
|p_0_2_0_0_01733_out          |  out|   16|      ap_vld|                                                         p_0_2_0_0_01733_out|       pointer|
|p_0_2_0_0_01733_out_ap_vld   |  out|    1|      ap_vld|                                                         p_0_2_0_0_01733_out|       pointer|
|p_0_1_0_0_01731_out          |  out|   16|      ap_vld|                                                         p_0_1_0_0_01731_out|       pointer|
|p_0_1_0_0_01731_out_ap_vld   |  out|    1|      ap_vld|                                                         p_0_1_0_0_01731_out|       pointer|
|p_0_0_0_0_01729_out          |  out|   16|      ap_vld|                                                         p_0_0_0_0_01729_out|       pointer|
|p_0_0_0_0_01729_out_ap_vld   |  out|    1|      ap_vld|                                                         p_0_0_0_0_01729_out|       pointer|
|p_0_23_0_0_01727_out         |  out|   16|      ap_vld|                                                        p_0_23_0_0_01727_out|       pointer|
|p_0_23_0_0_01727_out_ap_vld  |  out|    1|      ap_vld|                                                        p_0_23_0_0_01727_out|       pointer|
|p_0_22_0_0_01725_out         |  out|   16|      ap_vld|                                                        p_0_22_0_0_01725_out|       pointer|
|p_0_22_0_0_01725_out_ap_vld  |  out|    1|      ap_vld|                                                        p_0_22_0_0_01725_out|       pointer|
|p_0_21_0_0_01723_out         |  out|   16|      ap_vld|                                                        p_0_21_0_0_01723_out|       pointer|
|p_0_21_0_0_01723_out_ap_vld  |  out|    1|      ap_vld|                                                        p_0_21_0_0_01723_out|       pointer|
|p_0_20_0_0_01721_out         |  out|   16|      ap_vld|                                                        p_0_20_0_0_01721_out|       pointer|
|p_0_20_0_0_01721_out_ap_vld  |  out|    1|      ap_vld|                                                        p_0_20_0_0_01721_out|       pointer|
|p_0_19_0_0_01719_out         |  out|   16|      ap_vld|                                                        p_0_19_0_0_01719_out|       pointer|
|p_0_19_0_0_01719_out_ap_vld  |  out|    1|      ap_vld|                                                        p_0_19_0_0_01719_out|       pointer|
|p_0_18_0_0_01717_out         |  out|   16|      ap_vld|                                                        p_0_18_0_0_01717_out|       pointer|
|p_0_18_0_0_01717_out_ap_vld  |  out|    1|      ap_vld|                                                        p_0_18_0_0_01717_out|       pointer|
|p_0_17_0_0_01715_out         |  out|   16|      ap_vld|                                                        p_0_17_0_0_01715_out|       pointer|
|p_0_17_0_0_01715_out_ap_vld  |  out|    1|      ap_vld|                                                        p_0_17_0_0_01715_out|       pointer|
|p_0_16_0_0_01713_out         |  out|   16|      ap_vld|                                                        p_0_16_0_0_01713_out|       pointer|
|p_0_16_0_0_01713_out_ap_vld  |  out|    1|      ap_vld|                                                        p_0_16_0_0_01713_out|       pointer|
|p_0_15_0_0_01711_out         |  out|   16|      ap_vld|                                                        p_0_15_0_0_01711_out|       pointer|
|p_0_15_0_0_01711_out_ap_vld  |  out|    1|      ap_vld|                                                        p_0_15_0_0_01711_out|       pointer|
|p_0_14_0_0_01709_out         |  out|   16|      ap_vld|                                                        p_0_14_0_0_01709_out|       pointer|
|p_0_14_0_0_01709_out_ap_vld  |  out|    1|      ap_vld|                                                        p_0_14_0_0_01709_out|       pointer|
|p_0_13_0_0_01707_out         |  out|   16|      ap_vld|                                                        p_0_13_0_0_01707_out|       pointer|
|p_0_13_0_0_01707_out_ap_vld  |  out|    1|      ap_vld|                                                        p_0_13_0_0_01707_out|       pointer|
|p_0_12_0_0_01705_out         |  out|   16|      ap_vld|                                                        p_0_12_0_0_01705_out|       pointer|
|p_0_12_0_0_01705_out_ap_vld  |  out|    1|      ap_vld|                                                        p_0_12_0_0_01705_out|       pointer|
|p_0_11_0_0_01703_out         |  out|   16|      ap_vld|                                                        p_0_11_0_0_01703_out|       pointer|
|p_0_11_0_0_01703_out_ap_vld  |  out|    1|      ap_vld|                                                        p_0_11_0_0_01703_out|       pointer|
|p_0_10_0_0_01701_out         |  out|   16|      ap_vld|                                                        p_0_10_0_0_01701_out|       pointer|
|p_0_10_0_0_01701_out_ap_vld  |  out|    1|      ap_vld|                                                        p_0_10_0_0_01701_out|       pointer|
|p_0_9_0_0_01699_out          |  out|   16|      ap_vld|                                                         p_0_9_0_0_01699_out|       pointer|
|p_0_9_0_0_01699_out_ap_vld   |  out|    1|      ap_vld|                                                         p_0_9_0_0_01699_out|       pointer|
|p_0_8_0_0_01697_out          |  out|   16|      ap_vld|                                                         p_0_8_0_0_01697_out|       pointer|
|p_0_8_0_0_01697_out_ap_vld   |  out|    1|      ap_vld|                                                         p_0_8_0_0_01697_out|       pointer|
|p_0_7_0_0_01695_out          |  out|   16|      ap_vld|                                                         p_0_7_0_0_01695_out|       pointer|
|p_0_7_0_0_01695_out_ap_vld   |  out|    1|      ap_vld|                                                         p_0_7_0_0_01695_out|       pointer|
|p_0_6_0_0_01693_out          |  out|   16|      ap_vld|                                                         p_0_6_0_0_01693_out|       pointer|
|p_0_6_0_0_01693_out_ap_vld   |  out|    1|      ap_vld|                                                         p_0_6_0_0_01693_out|       pointer|
|p_0_5_0_0_01691_out          |  out|   16|      ap_vld|                                                         p_0_5_0_0_01691_out|       pointer|
|p_0_5_0_0_01691_out_ap_vld   |  out|    1|      ap_vld|                                                         p_0_5_0_0_01691_out|       pointer|
|p_0_4_0_0_01689_out          |  out|   16|      ap_vld|                                                         p_0_4_0_0_01689_out|       pointer|
|p_0_4_0_0_01689_out_ap_vld   |  out|    1|      ap_vld|                                                         p_0_4_0_0_01689_out|       pointer|
|p_0_3_0_0_01687_out          |  out|   16|      ap_vld|                                                         p_0_3_0_0_01687_out|       pointer|
|p_0_3_0_0_01687_out_ap_vld   |  out|    1|      ap_vld|                                                         p_0_3_0_0_01687_out|       pointer|
|p_0_2_0_0_01685_out          |  out|   16|      ap_vld|                                                         p_0_2_0_0_01685_out|       pointer|
|p_0_2_0_0_01685_out_ap_vld   |  out|    1|      ap_vld|                                                         p_0_2_0_0_01685_out|       pointer|
|p_0_1_0_0_01683_out          |  out|   16|      ap_vld|                                                         p_0_1_0_0_01683_out|       pointer|
|p_0_1_0_0_01683_out_ap_vld   |  out|    1|      ap_vld|                                                         p_0_1_0_0_01683_out|       pointer|
|p_0_0_0_0_01681_out          |  out|   16|      ap_vld|                                                         p_0_0_0_0_01681_out|       pointer|
|p_0_0_0_0_01681_out_ap_vld   |  out|    1|      ap_vld|                                                         p_0_0_0_0_01681_out|       pointer|
|p_0_23_0_0_01679_out         |  out|   16|      ap_vld|                                                        p_0_23_0_0_01679_out|       pointer|
|p_0_23_0_0_01679_out_ap_vld  |  out|    1|      ap_vld|                                                        p_0_23_0_0_01679_out|       pointer|
|p_0_22_0_0_01677_out         |  out|   16|      ap_vld|                                                        p_0_22_0_0_01677_out|       pointer|
|p_0_22_0_0_01677_out_ap_vld  |  out|    1|      ap_vld|                                                        p_0_22_0_0_01677_out|       pointer|
|p_0_21_0_0_01675_out         |  out|   16|      ap_vld|                                                        p_0_21_0_0_01675_out|       pointer|
|p_0_21_0_0_01675_out_ap_vld  |  out|    1|      ap_vld|                                                        p_0_21_0_0_01675_out|       pointer|
|p_0_20_0_0_01673_out         |  out|   16|      ap_vld|                                                        p_0_20_0_0_01673_out|       pointer|
|p_0_20_0_0_01673_out_ap_vld  |  out|    1|      ap_vld|                                                        p_0_20_0_0_01673_out|       pointer|
|p_0_19_0_0_01671_out         |  out|   16|      ap_vld|                                                        p_0_19_0_0_01671_out|       pointer|
|p_0_19_0_0_01671_out_ap_vld  |  out|    1|      ap_vld|                                                        p_0_19_0_0_01671_out|       pointer|
|p_0_18_0_0_01669_out         |  out|   16|      ap_vld|                                                        p_0_18_0_0_01669_out|       pointer|
|p_0_18_0_0_01669_out_ap_vld  |  out|    1|      ap_vld|                                                        p_0_18_0_0_01669_out|       pointer|
|p_0_17_0_0_01667_out         |  out|   16|      ap_vld|                                                        p_0_17_0_0_01667_out|       pointer|
|p_0_17_0_0_01667_out_ap_vld  |  out|    1|      ap_vld|                                                        p_0_17_0_0_01667_out|       pointer|
|p_0_16_0_0_01665_out         |  out|   16|      ap_vld|                                                        p_0_16_0_0_01665_out|       pointer|
|p_0_16_0_0_01665_out_ap_vld  |  out|    1|      ap_vld|                                                        p_0_16_0_0_01665_out|       pointer|
|p_0_15_0_0_01663_out         |  out|   16|      ap_vld|                                                        p_0_15_0_0_01663_out|       pointer|
|p_0_15_0_0_01663_out_ap_vld  |  out|    1|      ap_vld|                                                        p_0_15_0_0_01663_out|       pointer|
|p_0_14_0_0_01661_out         |  out|   16|      ap_vld|                                                        p_0_14_0_0_01661_out|       pointer|
|p_0_14_0_0_01661_out_ap_vld  |  out|    1|      ap_vld|                                                        p_0_14_0_0_01661_out|       pointer|
|p_0_13_0_0_01659_out         |  out|   16|      ap_vld|                                                        p_0_13_0_0_01659_out|       pointer|
|p_0_13_0_0_01659_out_ap_vld  |  out|    1|      ap_vld|                                                        p_0_13_0_0_01659_out|       pointer|
|p_0_12_0_0_01657_out         |  out|   16|      ap_vld|                                                        p_0_12_0_0_01657_out|       pointer|
|p_0_12_0_0_01657_out_ap_vld  |  out|    1|      ap_vld|                                                        p_0_12_0_0_01657_out|       pointer|
|p_0_11_0_0_01655_out         |  out|   16|      ap_vld|                                                        p_0_11_0_0_01655_out|       pointer|
|p_0_11_0_0_01655_out_ap_vld  |  out|    1|      ap_vld|                                                        p_0_11_0_0_01655_out|       pointer|
|p_0_10_0_0_01653_out         |  out|   16|      ap_vld|                                                        p_0_10_0_0_01653_out|       pointer|
|p_0_10_0_0_01653_out_ap_vld  |  out|    1|      ap_vld|                                                        p_0_10_0_0_01653_out|       pointer|
|p_0_9_0_0_01651_out          |  out|   16|      ap_vld|                                                         p_0_9_0_0_01651_out|       pointer|
|p_0_9_0_0_01651_out_ap_vld   |  out|    1|      ap_vld|                                                         p_0_9_0_0_01651_out|       pointer|
|p_0_8_0_0_01649_out          |  out|   16|      ap_vld|                                                         p_0_8_0_0_01649_out|       pointer|
|p_0_8_0_0_01649_out_ap_vld   |  out|    1|      ap_vld|                                                         p_0_8_0_0_01649_out|       pointer|
|p_0_7_0_0_01647_out          |  out|   16|      ap_vld|                                                         p_0_7_0_0_01647_out|       pointer|
|p_0_7_0_0_01647_out_ap_vld   |  out|    1|      ap_vld|                                                         p_0_7_0_0_01647_out|       pointer|
|p_0_6_0_0_01645_out          |  out|   16|      ap_vld|                                                         p_0_6_0_0_01645_out|       pointer|
|p_0_6_0_0_01645_out_ap_vld   |  out|    1|      ap_vld|                                                         p_0_6_0_0_01645_out|       pointer|
|p_0_5_0_0_01643_out          |  out|   16|      ap_vld|                                                         p_0_5_0_0_01643_out|       pointer|
|p_0_5_0_0_01643_out_ap_vld   |  out|    1|      ap_vld|                                                         p_0_5_0_0_01643_out|       pointer|
|p_0_4_0_0_01641_out          |  out|   16|      ap_vld|                                                         p_0_4_0_0_01641_out|       pointer|
|p_0_4_0_0_01641_out_ap_vld   |  out|    1|      ap_vld|                                                         p_0_4_0_0_01641_out|       pointer|
|p_0_3_0_0_01639_out          |  out|   16|      ap_vld|                                                         p_0_3_0_0_01639_out|       pointer|
|p_0_3_0_0_01639_out_ap_vld   |  out|    1|      ap_vld|                                                         p_0_3_0_0_01639_out|       pointer|
|p_0_2_0_0_01637_out          |  out|   16|      ap_vld|                                                         p_0_2_0_0_01637_out|       pointer|
|p_0_2_0_0_01637_out_ap_vld   |  out|    1|      ap_vld|                                                         p_0_2_0_0_01637_out|       pointer|
|p_0_1_0_0_01635_out          |  out|   16|      ap_vld|                                                         p_0_1_0_0_01635_out|       pointer|
|p_0_1_0_0_01635_out_ap_vld   |  out|    1|      ap_vld|                                                         p_0_1_0_0_01635_out|       pointer|
|p_0_0_0_0_01633_out          |  out|   16|      ap_vld|                                                         p_0_0_0_0_01633_out|       pointer|
|p_0_0_0_0_01633_out_ap_vld   |  out|    1|      ap_vld|                                                         p_0_0_0_0_01633_out|       pointer|
|p_0_23_0_0_01631_out         |  out|   16|      ap_vld|                                                        p_0_23_0_0_01631_out|       pointer|
|p_0_23_0_0_01631_out_ap_vld  |  out|    1|      ap_vld|                                                        p_0_23_0_0_01631_out|       pointer|
|p_0_22_0_0_01629_out         |  out|   16|      ap_vld|                                                        p_0_22_0_0_01629_out|       pointer|
|p_0_22_0_0_01629_out_ap_vld  |  out|    1|      ap_vld|                                                        p_0_22_0_0_01629_out|       pointer|
|p_0_21_0_0_01627_out         |  out|   16|      ap_vld|                                                        p_0_21_0_0_01627_out|       pointer|
|p_0_21_0_0_01627_out_ap_vld  |  out|    1|      ap_vld|                                                        p_0_21_0_0_01627_out|       pointer|
|p_0_20_0_0_01625_out         |  out|   16|      ap_vld|                                                        p_0_20_0_0_01625_out|       pointer|
|p_0_20_0_0_01625_out_ap_vld  |  out|    1|      ap_vld|                                                        p_0_20_0_0_01625_out|       pointer|
|p_0_19_0_0_01623_out         |  out|   16|      ap_vld|                                                        p_0_19_0_0_01623_out|       pointer|
|p_0_19_0_0_01623_out_ap_vld  |  out|    1|      ap_vld|                                                        p_0_19_0_0_01623_out|       pointer|
|p_0_18_0_0_01621_out         |  out|   16|      ap_vld|                                                        p_0_18_0_0_01621_out|       pointer|
|p_0_18_0_0_01621_out_ap_vld  |  out|    1|      ap_vld|                                                        p_0_18_0_0_01621_out|       pointer|
|p_0_17_0_0_01619_out         |  out|   16|      ap_vld|                                                        p_0_17_0_0_01619_out|       pointer|
|p_0_17_0_0_01619_out_ap_vld  |  out|    1|      ap_vld|                                                        p_0_17_0_0_01619_out|       pointer|
|p_0_16_0_0_01617_out         |  out|   16|      ap_vld|                                                        p_0_16_0_0_01617_out|       pointer|
|p_0_16_0_0_01617_out_ap_vld  |  out|    1|      ap_vld|                                                        p_0_16_0_0_01617_out|       pointer|
|p_0_15_0_0_01615_out         |  out|   16|      ap_vld|                                                        p_0_15_0_0_01615_out|       pointer|
|p_0_15_0_0_01615_out_ap_vld  |  out|    1|      ap_vld|                                                        p_0_15_0_0_01615_out|       pointer|
|p_0_14_0_0_01613_out         |  out|   16|      ap_vld|                                                        p_0_14_0_0_01613_out|       pointer|
|p_0_14_0_0_01613_out_ap_vld  |  out|    1|      ap_vld|                                                        p_0_14_0_0_01613_out|       pointer|
|p_0_13_0_0_01611_out         |  out|   16|      ap_vld|                                                        p_0_13_0_0_01611_out|       pointer|
|p_0_13_0_0_01611_out_ap_vld  |  out|    1|      ap_vld|                                                        p_0_13_0_0_01611_out|       pointer|
|p_0_12_0_0_01609_out         |  out|   16|      ap_vld|                                                        p_0_12_0_0_01609_out|       pointer|
|p_0_12_0_0_01609_out_ap_vld  |  out|    1|      ap_vld|                                                        p_0_12_0_0_01609_out|       pointer|
|p_0_11_0_0_01607_out         |  out|   16|      ap_vld|                                                        p_0_11_0_0_01607_out|       pointer|
|p_0_11_0_0_01607_out_ap_vld  |  out|    1|      ap_vld|                                                        p_0_11_0_0_01607_out|       pointer|
|p_0_10_0_0_01605_out         |  out|   16|      ap_vld|                                                        p_0_10_0_0_01605_out|       pointer|
|p_0_10_0_0_01605_out_ap_vld  |  out|    1|      ap_vld|                                                        p_0_10_0_0_01605_out|       pointer|
|p_0_9_0_0_01603_out          |  out|   16|      ap_vld|                                                         p_0_9_0_0_01603_out|       pointer|
|p_0_9_0_0_01603_out_ap_vld   |  out|    1|      ap_vld|                                                         p_0_9_0_0_01603_out|       pointer|
|p_0_8_0_0_01601_out          |  out|   16|      ap_vld|                                                         p_0_8_0_0_01601_out|       pointer|
|p_0_8_0_0_01601_out_ap_vld   |  out|    1|      ap_vld|                                                         p_0_8_0_0_01601_out|       pointer|
|p_0_7_0_0_01599_out          |  out|   16|      ap_vld|                                                         p_0_7_0_0_01599_out|       pointer|
|p_0_7_0_0_01599_out_ap_vld   |  out|    1|      ap_vld|                                                         p_0_7_0_0_01599_out|       pointer|
|p_0_6_0_0_01597_out          |  out|   16|      ap_vld|                                                         p_0_6_0_0_01597_out|       pointer|
|p_0_6_0_0_01597_out_ap_vld   |  out|    1|      ap_vld|                                                         p_0_6_0_0_01597_out|       pointer|
|p_0_5_0_0_01595_out          |  out|   16|      ap_vld|                                                         p_0_5_0_0_01595_out|       pointer|
|p_0_5_0_0_01595_out_ap_vld   |  out|    1|      ap_vld|                                                         p_0_5_0_0_01595_out|       pointer|
|p_0_4_0_0_01593_out          |  out|   16|      ap_vld|                                                         p_0_4_0_0_01593_out|       pointer|
|p_0_4_0_0_01593_out_ap_vld   |  out|    1|      ap_vld|                                                         p_0_4_0_0_01593_out|       pointer|
|p_0_3_0_0_01591_out          |  out|   16|      ap_vld|                                                         p_0_3_0_0_01591_out|       pointer|
|p_0_3_0_0_01591_out_ap_vld   |  out|    1|      ap_vld|                                                         p_0_3_0_0_01591_out|       pointer|
|p_0_2_0_0_01589_out          |  out|   16|      ap_vld|                                                         p_0_2_0_0_01589_out|       pointer|
|p_0_2_0_0_01589_out_ap_vld   |  out|    1|      ap_vld|                                                         p_0_2_0_0_01589_out|       pointer|
|p_0_1_0_0_01587_out          |  out|   16|      ap_vld|                                                         p_0_1_0_0_01587_out|       pointer|
|p_0_1_0_0_01587_out_ap_vld   |  out|    1|      ap_vld|                                                         p_0_1_0_0_01587_out|       pointer|
|p_0_0_0_0_01585_out          |  out|   16|      ap_vld|                                                         p_0_0_0_0_01585_out|       pointer|
|p_0_0_0_0_01585_out_ap_vld   |  out|    1|      ap_vld|                                                         p_0_0_0_0_01585_out|       pointer|
|p_0_23_0_0_01583_out         |  out|   16|      ap_vld|                                                        p_0_23_0_0_01583_out|       pointer|
|p_0_23_0_0_01583_out_ap_vld  |  out|    1|      ap_vld|                                                        p_0_23_0_0_01583_out|       pointer|
|p_0_22_0_0_01581_out         |  out|   16|      ap_vld|                                                        p_0_22_0_0_01581_out|       pointer|
|p_0_22_0_0_01581_out_ap_vld  |  out|    1|      ap_vld|                                                        p_0_22_0_0_01581_out|       pointer|
|p_0_21_0_0_01579_out         |  out|   16|      ap_vld|                                                        p_0_21_0_0_01579_out|       pointer|
|p_0_21_0_0_01579_out_ap_vld  |  out|    1|      ap_vld|                                                        p_0_21_0_0_01579_out|       pointer|
|p_0_20_0_0_01577_out         |  out|   16|      ap_vld|                                                        p_0_20_0_0_01577_out|       pointer|
|p_0_20_0_0_01577_out_ap_vld  |  out|    1|      ap_vld|                                                        p_0_20_0_0_01577_out|       pointer|
|p_0_19_0_0_01575_out         |  out|   16|      ap_vld|                                                        p_0_19_0_0_01575_out|       pointer|
|p_0_19_0_0_01575_out_ap_vld  |  out|    1|      ap_vld|                                                        p_0_19_0_0_01575_out|       pointer|
|p_0_18_0_0_01573_out         |  out|   16|      ap_vld|                                                        p_0_18_0_0_01573_out|       pointer|
|p_0_18_0_0_01573_out_ap_vld  |  out|    1|      ap_vld|                                                        p_0_18_0_0_01573_out|       pointer|
|p_0_17_0_0_01571_out         |  out|   16|      ap_vld|                                                        p_0_17_0_0_01571_out|       pointer|
|p_0_17_0_0_01571_out_ap_vld  |  out|    1|      ap_vld|                                                        p_0_17_0_0_01571_out|       pointer|
|p_0_16_0_0_01569_out         |  out|   16|      ap_vld|                                                        p_0_16_0_0_01569_out|       pointer|
|p_0_16_0_0_01569_out_ap_vld  |  out|    1|      ap_vld|                                                        p_0_16_0_0_01569_out|       pointer|
|p_0_15_0_0_01567_out         |  out|   16|      ap_vld|                                                        p_0_15_0_0_01567_out|       pointer|
|p_0_15_0_0_01567_out_ap_vld  |  out|    1|      ap_vld|                                                        p_0_15_0_0_01567_out|       pointer|
|p_0_14_0_0_01565_out         |  out|   16|      ap_vld|                                                        p_0_14_0_0_01565_out|       pointer|
|p_0_14_0_0_01565_out_ap_vld  |  out|    1|      ap_vld|                                                        p_0_14_0_0_01565_out|       pointer|
|p_0_13_0_0_01563_out         |  out|   16|      ap_vld|                                                        p_0_13_0_0_01563_out|       pointer|
|p_0_13_0_0_01563_out_ap_vld  |  out|    1|      ap_vld|                                                        p_0_13_0_0_01563_out|       pointer|
|p_0_12_0_0_01561_out         |  out|   16|      ap_vld|                                                        p_0_12_0_0_01561_out|       pointer|
|p_0_12_0_0_01561_out_ap_vld  |  out|    1|      ap_vld|                                                        p_0_12_0_0_01561_out|       pointer|
|p_0_11_0_0_01559_out         |  out|   16|      ap_vld|                                                        p_0_11_0_0_01559_out|       pointer|
|p_0_11_0_0_01559_out_ap_vld  |  out|    1|      ap_vld|                                                        p_0_11_0_0_01559_out|       pointer|
|p_0_10_0_0_01557_out         |  out|   16|      ap_vld|                                                        p_0_10_0_0_01557_out|       pointer|
|p_0_10_0_0_01557_out_ap_vld  |  out|    1|      ap_vld|                                                        p_0_10_0_0_01557_out|       pointer|
|p_0_9_0_0_01555_out          |  out|   16|      ap_vld|                                                         p_0_9_0_0_01555_out|       pointer|
|p_0_9_0_0_01555_out_ap_vld   |  out|    1|      ap_vld|                                                         p_0_9_0_0_01555_out|       pointer|
|p_0_8_0_0_01553_out          |  out|   16|      ap_vld|                                                         p_0_8_0_0_01553_out|       pointer|
|p_0_8_0_0_01553_out_ap_vld   |  out|    1|      ap_vld|                                                         p_0_8_0_0_01553_out|       pointer|
|p_0_7_0_0_01551_out          |  out|   16|      ap_vld|                                                         p_0_7_0_0_01551_out|       pointer|
|p_0_7_0_0_01551_out_ap_vld   |  out|    1|      ap_vld|                                                         p_0_7_0_0_01551_out|       pointer|
|p_0_6_0_0_01549_out          |  out|   16|      ap_vld|                                                         p_0_6_0_0_01549_out|       pointer|
|p_0_6_0_0_01549_out_ap_vld   |  out|    1|      ap_vld|                                                         p_0_6_0_0_01549_out|       pointer|
|p_0_5_0_0_01547_out          |  out|   16|      ap_vld|                                                         p_0_5_0_0_01547_out|       pointer|
|p_0_5_0_0_01547_out_ap_vld   |  out|    1|      ap_vld|                                                         p_0_5_0_0_01547_out|       pointer|
|p_0_4_0_0_01545_out          |  out|   16|      ap_vld|                                                         p_0_4_0_0_01545_out|       pointer|
|p_0_4_0_0_01545_out_ap_vld   |  out|    1|      ap_vld|                                                         p_0_4_0_0_01545_out|       pointer|
|p_0_3_0_0_01543_out          |  out|   16|      ap_vld|                                                         p_0_3_0_0_01543_out|       pointer|
|p_0_3_0_0_01543_out_ap_vld   |  out|    1|      ap_vld|                                                         p_0_3_0_0_01543_out|       pointer|
|p_0_2_0_0_01541_out          |  out|   16|      ap_vld|                                                         p_0_2_0_0_01541_out|       pointer|
|p_0_2_0_0_01541_out_ap_vld   |  out|    1|      ap_vld|                                                         p_0_2_0_0_01541_out|       pointer|
|p_0_1_0_0_01539_out          |  out|   16|      ap_vld|                                                         p_0_1_0_0_01539_out|       pointer|
|p_0_1_0_0_01539_out_ap_vld   |  out|    1|      ap_vld|                                                         p_0_1_0_0_01539_out|       pointer|
|p_0_0_0_0_01537_out          |  out|   16|      ap_vld|                                                         p_0_0_0_0_01537_out|       pointer|
|p_0_0_0_0_01537_out_ap_vld   |  out|    1|      ap_vld|                                                         p_0_0_0_0_01537_out|       pointer|
|p_0_23_0_0_01535_out         |  out|   16|      ap_vld|                                                        p_0_23_0_0_01535_out|       pointer|
|p_0_23_0_0_01535_out_ap_vld  |  out|    1|      ap_vld|                                                        p_0_23_0_0_01535_out|       pointer|
|p_0_22_0_0_01533_out         |  out|   16|      ap_vld|                                                        p_0_22_0_0_01533_out|       pointer|
|p_0_22_0_0_01533_out_ap_vld  |  out|    1|      ap_vld|                                                        p_0_22_0_0_01533_out|       pointer|
|p_0_21_0_0_01531_out         |  out|   16|      ap_vld|                                                        p_0_21_0_0_01531_out|       pointer|
|p_0_21_0_0_01531_out_ap_vld  |  out|    1|      ap_vld|                                                        p_0_21_0_0_01531_out|       pointer|
|p_0_20_0_0_01529_out         |  out|   16|      ap_vld|                                                        p_0_20_0_0_01529_out|       pointer|
|p_0_20_0_0_01529_out_ap_vld  |  out|    1|      ap_vld|                                                        p_0_20_0_0_01529_out|       pointer|
|p_0_19_0_0_01527_out         |  out|   16|      ap_vld|                                                        p_0_19_0_0_01527_out|       pointer|
|p_0_19_0_0_01527_out_ap_vld  |  out|    1|      ap_vld|                                                        p_0_19_0_0_01527_out|       pointer|
|p_0_18_0_0_01525_out         |  out|   16|      ap_vld|                                                        p_0_18_0_0_01525_out|       pointer|
|p_0_18_0_0_01525_out_ap_vld  |  out|    1|      ap_vld|                                                        p_0_18_0_0_01525_out|       pointer|
|p_0_17_0_0_01523_out         |  out|   16|      ap_vld|                                                        p_0_17_0_0_01523_out|       pointer|
|p_0_17_0_0_01523_out_ap_vld  |  out|    1|      ap_vld|                                                        p_0_17_0_0_01523_out|       pointer|
|p_0_16_0_0_01521_out         |  out|   16|      ap_vld|                                                        p_0_16_0_0_01521_out|       pointer|
|p_0_16_0_0_01521_out_ap_vld  |  out|    1|      ap_vld|                                                        p_0_16_0_0_01521_out|       pointer|
|p_0_15_0_0_01519_out         |  out|   16|      ap_vld|                                                        p_0_15_0_0_01519_out|       pointer|
|p_0_15_0_0_01519_out_ap_vld  |  out|    1|      ap_vld|                                                        p_0_15_0_0_01519_out|       pointer|
|p_0_14_0_0_01517_out         |  out|   16|      ap_vld|                                                        p_0_14_0_0_01517_out|       pointer|
|p_0_14_0_0_01517_out_ap_vld  |  out|    1|      ap_vld|                                                        p_0_14_0_0_01517_out|       pointer|
|p_0_13_0_0_01515_out         |  out|   16|      ap_vld|                                                        p_0_13_0_0_01515_out|       pointer|
|p_0_13_0_0_01515_out_ap_vld  |  out|    1|      ap_vld|                                                        p_0_13_0_0_01515_out|       pointer|
|p_0_12_0_0_01513_out         |  out|   16|      ap_vld|                                                        p_0_12_0_0_01513_out|       pointer|
|p_0_12_0_0_01513_out_ap_vld  |  out|    1|      ap_vld|                                                        p_0_12_0_0_01513_out|       pointer|
|p_0_11_0_0_01511_out         |  out|   16|      ap_vld|                                                        p_0_11_0_0_01511_out|       pointer|
|p_0_11_0_0_01511_out_ap_vld  |  out|    1|      ap_vld|                                                        p_0_11_0_0_01511_out|       pointer|
|p_0_10_0_0_01509_out         |  out|   16|      ap_vld|                                                        p_0_10_0_0_01509_out|       pointer|
|p_0_10_0_0_01509_out_ap_vld  |  out|    1|      ap_vld|                                                        p_0_10_0_0_01509_out|       pointer|
|p_0_9_0_0_01507_out          |  out|   16|      ap_vld|                                                         p_0_9_0_0_01507_out|       pointer|
|p_0_9_0_0_01507_out_ap_vld   |  out|    1|      ap_vld|                                                         p_0_9_0_0_01507_out|       pointer|
|p_0_8_0_0_01505_out          |  out|   16|      ap_vld|                                                         p_0_8_0_0_01505_out|       pointer|
|p_0_8_0_0_01505_out_ap_vld   |  out|    1|      ap_vld|                                                         p_0_8_0_0_01505_out|       pointer|
|p_0_7_0_0_01503_out          |  out|   16|      ap_vld|                                                         p_0_7_0_0_01503_out|       pointer|
|p_0_7_0_0_01503_out_ap_vld   |  out|    1|      ap_vld|                                                         p_0_7_0_0_01503_out|       pointer|
|p_0_6_0_0_01501_out          |  out|   16|      ap_vld|                                                         p_0_6_0_0_01501_out|       pointer|
|p_0_6_0_0_01501_out_ap_vld   |  out|    1|      ap_vld|                                                         p_0_6_0_0_01501_out|       pointer|
|p_0_5_0_0_01499_out          |  out|   16|      ap_vld|                                                         p_0_5_0_0_01499_out|       pointer|
|p_0_5_0_0_01499_out_ap_vld   |  out|    1|      ap_vld|                                                         p_0_5_0_0_01499_out|       pointer|
|p_0_4_0_0_01497_out          |  out|   16|      ap_vld|                                                         p_0_4_0_0_01497_out|       pointer|
|p_0_4_0_0_01497_out_ap_vld   |  out|    1|      ap_vld|                                                         p_0_4_0_0_01497_out|       pointer|
|p_0_3_0_0_01495_out          |  out|   16|      ap_vld|                                                         p_0_3_0_0_01495_out|       pointer|
|p_0_3_0_0_01495_out_ap_vld   |  out|    1|      ap_vld|                                                         p_0_3_0_0_01495_out|       pointer|
|p_0_2_0_0_01493_out          |  out|   16|      ap_vld|                                                         p_0_2_0_0_01493_out|       pointer|
|p_0_2_0_0_01493_out_ap_vld   |  out|    1|      ap_vld|                                                         p_0_2_0_0_01493_out|       pointer|
|p_0_1_0_0_01491_out          |  out|   16|      ap_vld|                                                         p_0_1_0_0_01491_out|       pointer|
|p_0_1_0_0_01491_out_ap_vld   |  out|    1|      ap_vld|                                                         p_0_1_0_0_01491_out|       pointer|
|p_0_0_0_0_01489_out          |  out|   16|      ap_vld|                                                         p_0_0_0_0_01489_out|       pointer|
|p_0_0_0_0_01489_out_ap_vld   |  out|    1|      ap_vld|                                                         p_0_0_0_0_01489_out|       pointer|
|p_0_23_0_0_01487_out         |  out|   16|      ap_vld|                                                        p_0_23_0_0_01487_out|       pointer|
|p_0_23_0_0_01487_out_ap_vld  |  out|    1|      ap_vld|                                                        p_0_23_0_0_01487_out|       pointer|
|p_0_22_0_0_01485_out         |  out|   16|      ap_vld|                                                        p_0_22_0_0_01485_out|       pointer|
|p_0_22_0_0_01485_out_ap_vld  |  out|    1|      ap_vld|                                                        p_0_22_0_0_01485_out|       pointer|
|p_0_21_0_0_01483_out         |  out|   16|      ap_vld|                                                        p_0_21_0_0_01483_out|       pointer|
|p_0_21_0_0_01483_out_ap_vld  |  out|    1|      ap_vld|                                                        p_0_21_0_0_01483_out|       pointer|
|p_0_20_0_0_01481_out         |  out|   16|      ap_vld|                                                        p_0_20_0_0_01481_out|       pointer|
|p_0_20_0_0_01481_out_ap_vld  |  out|    1|      ap_vld|                                                        p_0_20_0_0_01481_out|       pointer|
|p_0_19_0_0_01479_out         |  out|   16|      ap_vld|                                                        p_0_19_0_0_01479_out|       pointer|
|p_0_19_0_0_01479_out_ap_vld  |  out|    1|      ap_vld|                                                        p_0_19_0_0_01479_out|       pointer|
|p_0_18_0_0_01477_out         |  out|   16|      ap_vld|                                                        p_0_18_0_0_01477_out|       pointer|
|p_0_18_0_0_01477_out_ap_vld  |  out|    1|      ap_vld|                                                        p_0_18_0_0_01477_out|       pointer|
|p_0_17_0_0_01475_out         |  out|   16|      ap_vld|                                                        p_0_17_0_0_01475_out|       pointer|
|p_0_17_0_0_01475_out_ap_vld  |  out|    1|      ap_vld|                                                        p_0_17_0_0_01475_out|       pointer|
|p_0_16_0_0_01473_out         |  out|   16|      ap_vld|                                                        p_0_16_0_0_01473_out|       pointer|
|p_0_16_0_0_01473_out_ap_vld  |  out|    1|      ap_vld|                                                        p_0_16_0_0_01473_out|       pointer|
|p_0_15_0_0_01471_out         |  out|   16|      ap_vld|                                                        p_0_15_0_0_01471_out|       pointer|
|p_0_15_0_0_01471_out_ap_vld  |  out|    1|      ap_vld|                                                        p_0_15_0_0_01471_out|       pointer|
|p_0_14_0_0_01469_out         |  out|   16|      ap_vld|                                                        p_0_14_0_0_01469_out|       pointer|
|p_0_14_0_0_01469_out_ap_vld  |  out|    1|      ap_vld|                                                        p_0_14_0_0_01469_out|       pointer|
|p_0_13_0_0_01467_out         |  out|   16|      ap_vld|                                                        p_0_13_0_0_01467_out|       pointer|
|p_0_13_0_0_01467_out_ap_vld  |  out|    1|      ap_vld|                                                        p_0_13_0_0_01467_out|       pointer|
|p_0_12_0_0_01465_out         |  out|   16|      ap_vld|                                                        p_0_12_0_0_01465_out|       pointer|
|p_0_12_0_0_01465_out_ap_vld  |  out|    1|      ap_vld|                                                        p_0_12_0_0_01465_out|       pointer|
|p_0_11_0_0_01463_out         |  out|   16|      ap_vld|                                                        p_0_11_0_0_01463_out|       pointer|
|p_0_11_0_0_01463_out_ap_vld  |  out|    1|      ap_vld|                                                        p_0_11_0_0_01463_out|       pointer|
|p_0_10_0_0_01461_out         |  out|   16|      ap_vld|                                                        p_0_10_0_0_01461_out|       pointer|
|p_0_10_0_0_01461_out_ap_vld  |  out|    1|      ap_vld|                                                        p_0_10_0_0_01461_out|       pointer|
|p_0_9_0_0_01459_out          |  out|   16|      ap_vld|                                                         p_0_9_0_0_01459_out|       pointer|
|p_0_9_0_0_01459_out_ap_vld   |  out|    1|      ap_vld|                                                         p_0_9_0_0_01459_out|       pointer|
|p_0_8_0_0_01457_out          |  out|   16|      ap_vld|                                                         p_0_8_0_0_01457_out|       pointer|
|p_0_8_0_0_01457_out_ap_vld   |  out|    1|      ap_vld|                                                         p_0_8_0_0_01457_out|       pointer|
|p_0_7_0_0_01455_out          |  out|   16|      ap_vld|                                                         p_0_7_0_0_01455_out|       pointer|
|p_0_7_0_0_01455_out_ap_vld   |  out|    1|      ap_vld|                                                         p_0_7_0_0_01455_out|       pointer|
|p_0_6_0_0_01453_out          |  out|   16|      ap_vld|                                                         p_0_6_0_0_01453_out|       pointer|
|p_0_6_0_0_01453_out_ap_vld   |  out|    1|      ap_vld|                                                         p_0_6_0_0_01453_out|       pointer|
|p_0_5_0_0_01451_out          |  out|   16|      ap_vld|                                                         p_0_5_0_0_01451_out|       pointer|
|p_0_5_0_0_01451_out_ap_vld   |  out|    1|      ap_vld|                                                         p_0_5_0_0_01451_out|       pointer|
|p_0_4_0_0_01449_out          |  out|   16|      ap_vld|                                                         p_0_4_0_0_01449_out|       pointer|
|p_0_4_0_0_01449_out_ap_vld   |  out|    1|      ap_vld|                                                         p_0_4_0_0_01449_out|       pointer|
|p_0_3_0_0_01447_out          |  out|   16|      ap_vld|                                                         p_0_3_0_0_01447_out|       pointer|
|p_0_3_0_0_01447_out_ap_vld   |  out|    1|      ap_vld|                                                         p_0_3_0_0_01447_out|       pointer|
|p_0_2_0_0_01445_out          |  out|   16|      ap_vld|                                                         p_0_2_0_0_01445_out|       pointer|
|p_0_2_0_0_01445_out_ap_vld   |  out|    1|      ap_vld|                                                         p_0_2_0_0_01445_out|       pointer|
|p_0_1_0_0_01443_out          |  out|   16|      ap_vld|                                                         p_0_1_0_0_01443_out|       pointer|
|p_0_1_0_0_01443_out_ap_vld   |  out|    1|      ap_vld|                                                         p_0_1_0_0_01443_out|       pointer|
|p_0_0_0_0_01441_out          |  out|   16|      ap_vld|                                                         p_0_0_0_0_01441_out|       pointer|
|p_0_0_0_0_01441_out_ap_vld   |  out|    1|      ap_vld|                                                         p_0_0_0_0_01441_out|       pointer|
|p_0_23_0_0_01439_out         |  out|   16|      ap_vld|                                                        p_0_23_0_0_01439_out|       pointer|
|p_0_23_0_0_01439_out_ap_vld  |  out|    1|      ap_vld|                                                        p_0_23_0_0_01439_out|       pointer|
|p_0_22_0_0_01437_out         |  out|   16|      ap_vld|                                                        p_0_22_0_0_01437_out|       pointer|
|p_0_22_0_0_01437_out_ap_vld  |  out|    1|      ap_vld|                                                        p_0_22_0_0_01437_out|       pointer|
|p_0_21_0_0_01435_out         |  out|   16|      ap_vld|                                                        p_0_21_0_0_01435_out|       pointer|
|p_0_21_0_0_01435_out_ap_vld  |  out|    1|      ap_vld|                                                        p_0_21_0_0_01435_out|       pointer|
|p_0_20_0_0_01433_out         |  out|   16|      ap_vld|                                                        p_0_20_0_0_01433_out|       pointer|
|p_0_20_0_0_01433_out_ap_vld  |  out|    1|      ap_vld|                                                        p_0_20_0_0_01433_out|       pointer|
|p_0_19_0_0_01431_out         |  out|   16|      ap_vld|                                                        p_0_19_0_0_01431_out|       pointer|
|p_0_19_0_0_01431_out_ap_vld  |  out|    1|      ap_vld|                                                        p_0_19_0_0_01431_out|       pointer|
|p_0_18_0_0_01429_out         |  out|   16|      ap_vld|                                                        p_0_18_0_0_01429_out|       pointer|
|p_0_18_0_0_01429_out_ap_vld  |  out|    1|      ap_vld|                                                        p_0_18_0_0_01429_out|       pointer|
|p_0_17_0_0_01427_out         |  out|   16|      ap_vld|                                                        p_0_17_0_0_01427_out|       pointer|
|p_0_17_0_0_01427_out_ap_vld  |  out|    1|      ap_vld|                                                        p_0_17_0_0_01427_out|       pointer|
|p_0_16_0_0_01425_out         |  out|   16|      ap_vld|                                                        p_0_16_0_0_01425_out|       pointer|
|p_0_16_0_0_01425_out_ap_vld  |  out|    1|      ap_vld|                                                        p_0_16_0_0_01425_out|       pointer|
|p_0_15_0_0_01423_out         |  out|   16|      ap_vld|                                                        p_0_15_0_0_01423_out|       pointer|
|p_0_15_0_0_01423_out_ap_vld  |  out|    1|      ap_vld|                                                        p_0_15_0_0_01423_out|       pointer|
|p_0_14_0_0_01421_out         |  out|   16|      ap_vld|                                                        p_0_14_0_0_01421_out|       pointer|
|p_0_14_0_0_01421_out_ap_vld  |  out|    1|      ap_vld|                                                        p_0_14_0_0_01421_out|       pointer|
|p_0_13_0_0_01419_out         |  out|   16|      ap_vld|                                                        p_0_13_0_0_01419_out|       pointer|
|p_0_13_0_0_01419_out_ap_vld  |  out|    1|      ap_vld|                                                        p_0_13_0_0_01419_out|       pointer|
|p_0_12_0_0_01417_out         |  out|   16|      ap_vld|                                                        p_0_12_0_0_01417_out|       pointer|
|p_0_12_0_0_01417_out_ap_vld  |  out|    1|      ap_vld|                                                        p_0_12_0_0_01417_out|       pointer|
|p_0_11_0_0_01415_out         |  out|   16|      ap_vld|                                                        p_0_11_0_0_01415_out|       pointer|
|p_0_11_0_0_01415_out_ap_vld  |  out|    1|      ap_vld|                                                        p_0_11_0_0_01415_out|       pointer|
|p_0_10_0_0_01413_out         |  out|   16|      ap_vld|                                                        p_0_10_0_0_01413_out|       pointer|
|p_0_10_0_0_01413_out_ap_vld  |  out|    1|      ap_vld|                                                        p_0_10_0_0_01413_out|       pointer|
|p_0_9_0_0_01411_out          |  out|   16|      ap_vld|                                                         p_0_9_0_0_01411_out|       pointer|
|p_0_9_0_0_01411_out_ap_vld   |  out|    1|      ap_vld|                                                         p_0_9_0_0_01411_out|       pointer|
|p_0_8_0_0_01409_out          |  out|   16|      ap_vld|                                                         p_0_8_0_0_01409_out|       pointer|
|p_0_8_0_0_01409_out_ap_vld   |  out|    1|      ap_vld|                                                         p_0_8_0_0_01409_out|       pointer|
|p_0_7_0_0_01407_out          |  out|   16|      ap_vld|                                                         p_0_7_0_0_01407_out|       pointer|
|p_0_7_0_0_01407_out_ap_vld   |  out|    1|      ap_vld|                                                         p_0_7_0_0_01407_out|       pointer|
|p_0_6_0_0_01405_out          |  out|   16|      ap_vld|                                                         p_0_6_0_0_01405_out|       pointer|
|p_0_6_0_0_01405_out_ap_vld   |  out|    1|      ap_vld|                                                         p_0_6_0_0_01405_out|       pointer|
|p_0_5_0_0_01403_out          |  out|   16|      ap_vld|                                                         p_0_5_0_0_01403_out|       pointer|
|p_0_5_0_0_01403_out_ap_vld   |  out|    1|      ap_vld|                                                         p_0_5_0_0_01403_out|       pointer|
|p_0_4_0_0_01401_out          |  out|   16|      ap_vld|                                                         p_0_4_0_0_01401_out|       pointer|
|p_0_4_0_0_01401_out_ap_vld   |  out|    1|      ap_vld|                                                         p_0_4_0_0_01401_out|       pointer|
|p_0_3_0_0_01399_out          |  out|   16|      ap_vld|                                                         p_0_3_0_0_01399_out|       pointer|
|p_0_3_0_0_01399_out_ap_vld   |  out|    1|      ap_vld|                                                         p_0_3_0_0_01399_out|       pointer|
|p_0_2_0_0_01397_out          |  out|   16|      ap_vld|                                                         p_0_2_0_0_01397_out|       pointer|
|p_0_2_0_0_01397_out_ap_vld   |  out|    1|      ap_vld|                                                         p_0_2_0_0_01397_out|       pointer|
|p_0_1_0_0_01395_out          |  out|   16|      ap_vld|                                                         p_0_1_0_0_01395_out|       pointer|
|p_0_1_0_0_01395_out_ap_vld   |  out|    1|      ap_vld|                                                         p_0_1_0_0_01395_out|       pointer|
|p_0_0_0_0_01393_out          |  out|   16|      ap_vld|                                                         p_0_0_0_0_01393_out|       pointer|
|p_0_0_0_0_01393_out_ap_vld   |  out|    1|      ap_vld|                                                         p_0_0_0_0_01393_out|       pointer|
|p_0_23_0_0_01391_out         |  out|   16|      ap_vld|                                                        p_0_23_0_0_01391_out|       pointer|
|p_0_23_0_0_01391_out_ap_vld  |  out|    1|      ap_vld|                                                        p_0_23_0_0_01391_out|       pointer|
|p_0_22_0_0_01389_out         |  out|   16|      ap_vld|                                                        p_0_22_0_0_01389_out|       pointer|
|p_0_22_0_0_01389_out_ap_vld  |  out|    1|      ap_vld|                                                        p_0_22_0_0_01389_out|       pointer|
|p_0_21_0_0_01387_out         |  out|   16|      ap_vld|                                                        p_0_21_0_0_01387_out|       pointer|
|p_0_21_0_0_01387_out_ap_vld  |  out|    1|      ap_vld|                                                        p_0_21_0_0_01387_out|       pointer|
|p_0_20_0_0_01385_out         |  out|   16|      ap_vld|                                                        p_0_20_0_0_01385_out|       pointer|
|p_0_20_0_0_01385_out_ap_vld  |  out|    1|      ap_vld|                                                        p_0_20_0_0_01385_out|       pointer|
|p_0_19_0_0_01383_out         |  out|   16|      ap_vld|                                                        p_0_19_0_0_01383_out|       pointer|
|p_0_19_0_0_01383_out_ap_vld  |  out|    1|      ap_vld|                                                        p_0_19_0_0_01383_out|       pointer|
|p_0_18_0_0_01381_out         |  out|   16|      ap_vld|                                                        p_0_18_0_0_01381_out|       pointer|
|p_0_18_0_0_01381_out_ap_vld  |  out|    1|      ap_vld|                                                        p_0_18_0_0_01381_out|       pointer|
|p_0_17_0_0_01379_out         |  out|   16|      ap_vld|                                                        p_0_17_0_0_01379_out|       pointer|
|p_0_17_0_0_01379_out_ap_vld  |  out|    1|      ap_vld|                                                        p_0_17_0_0_01379_out|       pointer|
|p_0_16_0_0_01377_out         |  out|   16|      ap_vld|                                                        p_0_16_0_0_01377_out|       pointer|
|p_0_16_0_0_01377_out_ap_vld  |  out|    1|      ap_vld|                                                        p_0_16_0_0_01377_out|       pointer|
|p_0_15_0_0_01375_out         |  out|   16|      ap_vld|                                                        p_0_15_0_0_01375_out|       pointer|
|p_0_15_0_0_01375_out_ap_vld  |  out|    1|      ap_vld|                                                        p_0_15_0_0_01375_out|       pointer|
|p_0_14_0_0_01373_out         |  out|   16|      ap_vld|                                                        p_0_14_0_0_01373_out|       pointer|
|p_0_14_0_0_01373_out_ap_vld  |  out|    1|      ap_vld|                                                        p_0_14_0_0_01373_out|       pointer|
|p_0_13_0_0_01371_out         |  out|   16|      ap_vld|                                                        p_0_13_0_0_01371_out|       pointer|
|p_0_13_0_0_01371_out_ap_vld  |  out|    1|      ap_vld|                                                        p_0_13_0_0_01371_out|       pointer|
|p_0_12_0_0_01369_out         |  out|   16|      ap_vld|                                                        p_0_12_0_0_01369_out|       pointer|
|p_0_12_0_0_01369_out_ap_vld  |  out|    1|      ap_vld|                                                        p_0_12_0_0_01369_out|       pointer|
|p_0_11_0_0_01367_out         |  out|   16|      ap_vld|                                                        p_0_11_0_0_01367_out|       pointer|
|p_0_11_0_0_01367_out_ap_vld  |  out|    1|      ap_vld|                                                        p_0_11_0_0_01367_out|       pointer|
|p_0_10_0_0_01365_out         |  out|   16|      ap_vld|                                                        p_0_10_0_0_01365_out|       pointer|
|p_0_10_0_0_01365_out_ap_vld  |  out|    1|      ap_vld|                                                        p_0_10_0_0_01365_out|       pointer|
|p_0_9_0_0_01363_out          |  out|   16|      ap_vld|                                                         p_0_9_0_0_01363_out|       pointer|
|p_0_9_0_0_01363_out_ap_vld   |  out|    1|      ap_vld|                                                         p_0_9_0_0_01363_out|       pointer|
|p_0_8_0_0_01361_out          |  out|   16|      ap_vld|                                                         p_0_8_0_0_01361_out|       pointer|
|p_0_8_0_0_01361_out_ap_vld   |  out|    1|      ap_vld|                                                         p_0_8_0_0_01361_out|       pointer|
|p_0_7_0_0_01359_out          |  out|   16|      ap_vld|                                                         p_0_7_0_0_01359_out|       pointer|
|p_0_7_0_0_01359_out_ap_vld   |  out|    1|      ap_vld|                                                         p_0_7_0_0_01359_out|       pointer|
|p_0_6_0_0_01357_out          |  out|   16|      ap_vld|                                                         p_0_6_0_0_01357_out|       pointer|
|p_0_6_0_0_01357_out_ap_vld   |  out|    1|      ap_vld|                                                         p_0_6_0_0_01357_out|       pointer|
|p_0_5_0_0_01355_out          |  out|   16|      ap_vld|                                                         p_0_5_0_0_01355_out|       pointer|
|p_0_5_0_0_01355_out_ap_vld   |  out|    1|      ap_vld|                                                         p_0_5_0_0_01355_out|       pointer|
|p_0_4_0_0_01353_out          |  out|   16|      ap_vld|                                                         p_0_4_0_0_01353_out|       pointer|
|p_0_4_0_0_01353_out_ap_vld   |  out|    1|      ap_vld|                                                         p_0_4_0_0_01353_out|       pointer|
|p_0_3_0_0_01351_out          |  out|   16|      ap_vld|                                                         p_0_3_0_0_01351_out|       pointer|
|p_0_3_0_0_01351_out_ap_vld   |  out|    1|      ap_vld|                                                         p_0_3_0_0_01351_out|       pointer|
|p_0_2_0_0_01349_out          |  out|   16|      ap_vld|                                                         p_0_2_0_0_01349_out|       pointer|
|p_0_2_0_0_01349_out_ap_vld   |  out|    1|      ap_vld|                                                         p_0_2_0_0_01349_out|       pointer|
|p_0_1_0_0_01347_out          |  out|   16|      ap_vld|                                                         p_0_1_0_0_01347_out|       pointer|
|p_0_1_0_0_01347_out_ap_vld   |  out|    1|      ap_vld|                                                         p_0_1_0_0_01347_out|       pointer|
|p_0_0_0_0_01345_out          |  out|   16|      ap_vld|                                                         p_0_0_0_0_01345_out|       pointer|
|p_0_0_0_0_01345_out_ap_vld   |  out|    1|      ap_vld|                                                         p_0_0_0_0_01345_out|       pointer|
|p_0_23_0_0_01343_out         |  out|   16|      ap_vld|                                                        p_0_23_0_0_01343_out|       pointer|
|p_0_23_0_0_01343_out_ap_vld  |  out|    1|      ap_vld|                                                        p_0_23_0_0_01343_out|       pointer|
|p_0_22_0_0_01341_out         |  out|   16|      ap_vld|                                                        p_0_22_0_0_01341_out|       pointer|
|p_0_22_0_0_01341_out_ap_vld  |  out|    1|      ap_vld|                                                        p_0_22_0_0_01341_out|       pointer|
|p_0_21_0_0_01339_out         |  out|   16|      ap_vld|                                                        p_0_21_0_0_01339_out|       pointer|
|p_0_21_0_0_01339_out_ap_vld  |  out|    1|      ap_vld|                                                        p_0_21_0_0_01339_out|       pointer|
|p_0_20_0_0_01337_out         |  out|   16|      ap_vld|                                                        p_0_20_0_0_01337_out|       pointer|
|p_0_20_0_0_01337_out_ap_vld  |  out|    1|      ap_vld|                                                        p_0_20_0_0_01337_out|       pointer|
|p_0_19_0_0_01335_out         |  out|   16|      ap_vld|                                                        p_0_19_0_0_01335_out|       pointer|
|p_0_19_0_0_01335_out_ap_vld  |  out|    1|      ap_vld|                                                        p_0_19_0_0_01335_out|       pointer|
|p_0_18_0_0_01333_out         |  out|   16|      ap_vld|                                                        p_0_18_0_0_01333_out|       pointer|
|p_0_18_0_0_01333_out_ap_vld  |  out|    1|      ap_vld|                                                        p_0_18_0_0_01333_out|       pointer|
|p_0_17_0_0_01331_out         |  out|   16|      ap_vld|                                                        p_0_17_0_0_01331_out|       pointer|
|p_0_17_0_0_01331_out_ap_vld  |  out|    1|      ap_vld|                                                        p_0_17_0_0_01331_out|       pointer|
|p_0_16_0_0_01329_out         |  out|   16|      ap_vld|                                                        p_0_16_0_0_01329_out|       pointer|
|p_0_16_0_0_01329_out_ap_vld  |  out|    1|      ap_vld|                                                        p_0_16_0_0_01329_out|       pointer|
|p_0_15_0_0_01327_out         |  out|   16|      ap_vld|                                                        p_0_15_0_0_01327_out|       pointer|
|p_0_15_0_0_01327_out_ap_vld  |  out|    1|      ap_vld|                                                        p_0_15_0_0_01327_out|       pointer|
|p_0_14_0_0_01325_out         |  out|   16|      ap_vld|                                                        p_0_14_0_0_01325_out|       pointer|
|p_0_14_0_0_01325_out_ap_vld  |  out|    1|      ap_vld|                                                        p_0_14_0_0_01325_out|       pointer|
|p_0_13_0_0_01323_out         |  out|   16|      ap_vld|                                                        p_0_13_0_0_01323_out|       pointer|
|p_0_13_0_0_01323_out_ap_vld  |  out|    1|      ap_vld|                                                        p_0_13_0_0_01323_out|       pointer|
|p_0_12_0_0_01321_out         |  out|   16|      ap_vld|                                                        p_0_12_0_0_01321_out|       pointer|
|p_0_12_0_0_01321_out_ap_vld  |  out|    1|      ap_vld|                                                        p_0_12_0_0_01321_out|       pointer|
|p_0_11_0_0_01319_out         |  out|   16|      ap_vld|                                                        p_0_11_0_0_01319_out|       pointer|
|p_0_11_0_0_01319_out_ap_vld  |  out|    1|      ap_vld|                                                        p_0_11_0_0_01319_out|       pointer|
|p_0_10_0_0_01317_out         |  out|   16|      ap_vld|                                                        p_0_10_0_0_01317_out|       pointer|
|p_0_10_0_0_01317_out_ap_vld  |  out|    1|      ap_vld|                                                        p_0_10_0_0_01317_out|       pointer|
|p_0_9_0_0_01315_out          |  out|   16|      ap_vld|                                                         p_0_9_0_0_01315_out|       pointer|
|p_0_9_0_0_01315_out_ap_vld   |  out|    1|      ap_vld|                                                         p_0_9_0_0_01315_out|       pointer|
|p_0_8_0_0_01313_out          |  out|   16|      ap_vld|                                                         p_0_8_0_0_01313_out|       pointer|
|p_0_8_0_0_01313_out_ap_vld   |  out|    1|      ap_vld|                                                         p_0_8_0_0_01313_out|       pointer|
|p_0_7_0_0_01311_out          |  out|   16|      ap_vld|                                                         p_0_7_0_0_01311_out|       pointer|
|p_0_7_0_0_01311_out_ap_vld   |  out|    1|      ap_vld|                                                         p_0_7_0_0_01311_out|       pointer|
|p_0_6_0_0_01309_out          |  out|   16|      ap_vld|                                                         p_0_6_0_0_01309_out|       pointer|
|p_0_6_0_0_01309_out_ap_vld   |  out|    1|      ap_vld|                                                         p_0_6_0_0_01309_out|       pointer|
|p_0_5_0_0_01307_out          |  out|   16|      ap_vld|                                                         p_0_5_0_0_01307_out|       pointer|
|p_0_5_0_0_01307_out_ap_vld   |  out|    1|      ap_vld|                                                         p_0_5_0_0_01307_out|       pointer|
|p_0_4_0_0_01305_out          |  out|   16|      ap_vld|                                                         p_0_4_0_0_01305_out|       pointer|
|p_0_4_0_0_01305_out_ap_vld   |  out|    1|      ap_vld|                                                         p_0_4_0_0_01305_out|       pointer|
|p_0_3_0_0_01303_out          |  out|   16|      ap_vld|                                                         p_0_3_0_0_01303_out|       pointer|
|p_0_3_0_0_01303_out_ap_vld   |  out|    1|      ap_vld|                                                         p_0_3_0_0_01303_out|       pointer|
|p_0_2_0_0_01301_out          |  out|   16|      ap_vld|                                                         p_0_2_0_0_01301_out|       pointer|
|p_0_2_0_0_01301_out_ap_vld   |  out|    1|      ap_vld|                                                         p_0_2_0_0_01301_out|       pointer|
|p_0_1_0_0_01299_out          |  out|   16|      ap_vld|                                                         p_0_1_0_0_01299_out|       pointer|
|p_0_1_0_0_01299_out_ap_vld   |  out|    1|      ap_vld|                                                         p_0_1_0_0_01299_out|       pointer|
|p_0_0_0_0_01297_out          |  out|   16|      ap_vld|                                                         p_0_0_0_0_01297_out|       pointer|
|p_0_0_0_0_01297_out_ap_vld   |  out|    1|      ap_vld|                                                         p_0_0_0_0_01297_out|       pointer|
|p_0_23_0_0_01295_out         |  out|   16|      ap_vld|                                                        p_0_23_0_0_01295_out|       pointer|
|p_0_23_0_0_01295_out_ap_vld  |  out|    1|      ap_vld|                                                        p_0_23_0_0_01295_out|       pointer|
|p_0_22_0_0_01293_out         |  out|   16|      ap_vld|                                                        p_0_22_0_0_01293_out|       pointer|
|p_0_22_0_0_01293_out_ap_vld  |  out|    1|      ap_vld|                                                        p_0_22_0_0_01293_out|       pointer|
|p_0_21_0_0_01291_out         |  out|   16|      ap_vld|                                                        p_0_21_0_0_01291_out|       pointer|
|p_0_21_0_0_01291_out_ap_vld  |  out|    1|      ap_vld|                                                        p_0_21_0_0_01291_out|       pointer|
|p_0_20_0_0_01289_out         |  out|   16|      ap_vld|                                                        p_0_20_0_0_01289_out|       pointer|
|p_0_20_0_0_01289_out_ap_vld  |  out|    1|      ap_vld|                                                        p_0_20_0_0_01289_out|       pointer|
|p_0_19_0_0_01287_out         |  out|   16|      ap_vld|                                                        p_0_19_0_0_01287_out|       pointer|
|p_0_19_0_0_01287_out_ap_vld  |  out|    1|      ap_vld|                                                        p_0_19_0_0_01287_out|       pointer|
|p_0_18_0_0_01285_out         |  out|   16|      ap_vld|                                                        p_0_18_0_0_01285_out|       pointer|
|p_0_18_0_0_01285_out_ap_vld  |  out|    1|      ap_vld|                                                        p_0_18_0_0_01285_out|       pointer|
|p_0_17_0_0_01283_out         |  out|   16|      ap_vld|                                                        p_0_17_0_0_01283_out|       pointer|
|p_0_17_0_0_01283_out_ap_vld  |  out|    1|      ap_vld|                                                        p_0_17_0_0_01283_out|       pointer|
|p_0_16_0_0_01281_out         |  out|   16|      ap_vld|                                                        p_0_16_0_0_01281_out|       pointer|
|p_0_16_0_0_01281_out_ap_vld  |  out|    1|      ap_vld|                                                        p_0_16_0_0_01281_out|       pointer|
|p_0_15_0_0_01279_out         |  out|   16|      ap_vld|                                                        p_0_15_0_0_01279_out|       pointer|
|p_0_15_0_0_01279_out_ap_vld  |  out|    1|      ap_vld|                                                        p_0_15_0_0_01279_out|       pointer|
|p_0_14_0_0_01277_out         |  out|   16|      ap_vld|                                                        p_0_14_0_0_01277_out|       pointer|
|p_0_14_0_0_01277_out_ap_vld  |  out|    1|      ap_vld|                                                        p_0_14_0_0_01277_out|       pointer|
|p_0_13_0_0_01275_out         |  out|   16|      ap_vld|                                                        p_0_13_0_0_01275_out|       pointer|
|p_0_13_0_0_01275_out_ap_vld  |  out|    1|      ap_vld|                                                        p_0_13_0_0_01275_out|       pointer|
|p_0_12_0_0_01273_out         |  out|   16|      ap_vld|                                                        p_0_12_0_0_01273_out|       pointer|
|p_0_12_0_0_01273_out_ap_vld  |  out|    1|      ap_vld|                                                        p_0_12_0_0_01273_out|       pointer|
|p_0_11_0_0_01271_out         |  out|   16|      ap_vld|                                                        p_0_11_0_0_01271_out|       pointer|
|p_0_11_0_0_01271_out_ap_vld  |  out|    1|      ap_vld|                                                        p_0_11_0_0_01271_out|       pointer|
|p_0_10_0_0_01269_out         |  out|   16|      ap_vld|                                                        p_0_10_0_0_01269_out|       pointer|
|p_0_10_0_0_01269_out_ap_vld  |  out|    1|      ap_vld|                                                        p_0_10_0_0_01269_out|       pointer|
|p_0_9_0_0_01267_out          |  out|   16|      ap_vld|                                                         p_0_9_0_0_01267_out|       pointer|
|p_0_9_0_0_01267_out_ap_vld   |  out|    1|      ap_vld|                                                         p_0_9_0_0_01267_out|       pointer|
|p_0_8_0_0_01265_out          |  out|   16|      ap_vld|                                                         p_0_8_0_0_01265_out|       pointer|
|p_0_8_0_0_01265_out_ap_vld   |  out|    1|      ap_vld|                                                         p_0_8_0_0_01265_out|       pointer|
|p_0_7_0_0_01263_out          |  out|   16|      ap_vld|                                                         p_0_7_0_0_01263_out|       pointer|
|p_0_7_0_0_01263_out_ap_vld   |  out|    1|      ap_vld|                                                         p_0_7_0_0_01263_out|       pointer|
|p_0_6_0_0_01261_out          |  out|   16|      ap_vld|                                                         p_0_6_0_0_01261_out|       pointer|
|p_0_6_0_0_01261_out_ap_vld   |  out|    1|      ap_vld|                                                         p_0_6_0_0_01261_out|       pointer|
|p_0_5_0_0_01259_out          |  out|   16|      ap_vld|                                                         p_0_5_0_0_01259_out|       pointer|
|p_0_5_0_0_01259_out_ap_vld   |  out|    1|      ap_vld|                                                         p_0_5_0_0_01259_out|       pointer|
|p_0_4_0_0_01257_out          |  out|   16|      ap_vld|                                                         p_0_4_0_0_01257_out|       pointer|
|p_0_4_0_0_01257_out_ap_vld   |  out|    1|      ap_vld|                                                         p_0_4_0_0_01257_out|       pointer|
|p_0_3_0_0_01255_out          |  out|   16|      ap_vld|                                                         p_0_3_0_0_01255_out|       pointer|
|p_0_3_0_0_01255_out_ap_vld   |  out|    1|      ap_vld|                                                         p_0_3_0_0_01255_out|       pointer|
|p_0_2_0_0_01253_out          |  out|   16|      ap_vld|                                                         p_0_2_0_0_01253_out|       pointer|
|p_0_2_0_0_01253_out_ap_vld   |  out|    1|      ap_vld|                                                         p_0_2_0_0_01253_out|       pointer|
|p_0_1_0_0_01251_out          |  out|   16|      ap_vld|                                                         p_0_1_0_0_01251_out|       pointer|
|p_0_1_0_0_01251_out_ap_vld   |  out|    1|      ap_vld|                                                         p_0_1_0_0_01251_out|       pointer|
|p_0_0_0_0_01249_out          |  out|   16|      ap_vld|                                                         p_0_0_0_0_01249_out|       pointer|
|p_0_0_0_0_01249_out_ap_vld   |  out|    1|      ap_vld|                                                         p_0_0_0_0_01249_out|       pointer|
|p_0_23_0_0_01247_out         |  out|   16|      ap_vld|                                                        p_0_23_0_0_01247_out|       pointer|
|p_0_23_0_0_01247_out_ap_vld  |  out|    1|      ap_vld|                                                        p_0_23_0_0_01247_out|       pointer|
|p_0_22_0_0_01245_out         |  out|   16|      ap_vld|                                                        p_0_22_0_0_01245_out|       pointer|
|p_0_22_0_0_01245_out_ap_vld  |  out|    1|      ap_vld|                                                        p_0_22_0_0_01245_out|       pointer|
|p_0_21_0_0_01243_out         |  out|   16|      ap_vld|                                                        p_0_21_0_0_01243_out|       pointer|
|p_0_21_0_0_01243_out_ap_vld  |  out|    1|      ap_vld|                                                        p_0_21_0_0_01243_out|       pointer|
|p_0_20_0_0_01241_out         |  out|   16|      ap_vld|                                                        p_0_20_0_0_01241_out|       pointer|
|p_0_20_0_0_01241_out_ap_vld  |  out|    1|      ap_vld|                                                        p_0_20_0_0_01241_out|       pointer|
|p_0_19_0_0_01239_out         |  out|   16|      ap_vld|                                                        p_0_19_0_0_01239_out|       pointer|
|p_0_19_0_0_01239_out_ap_vld  |  out|    1|      ap_vld|                                                        p_0_19_0_0_01239_out|       pointer|
|p_0_18_0_0_01237_out         |  out|   16|      ap_vld|                                                        p_0_18_0_0_01237_out|       pointer|
|p_0_18_0_0_01237_out_ap_vld  |  out|    1|      ap_vld|                                                        p_0_18_0_0_01237_out|       pointer|
|p_0_17_0_0_01235_out         |  out|   16|      ap_vld|                                                        p_0_17_0_0_01235_out|       pointer|
|p_0_17_0_0_01235_out_ap_vld  |  out|    1|      ap_vld|                                                        p_0_17_0_0_01235_out|       pointer|
|p_0_16_0_0_01233_out         |  out|   16|      ap_vld|                                                        p_0_16_0_0_01233_out|       pointer|
|p_0_16_0_0_01233_out_ap_vld  |  out|    1|      ap_vld|                                                        p_0_16_0_0_01233_out|       pointer|
|p_0_15_0_0_01231_out         |  out|   16|      ap_vld|                                                        p_0_15_0_0_01231_out|       pointer|
|p_0_15_0_0_01231_out_ap_vld  |  out|    1|      ap_vld|                                                        p_0_15_0_0_01231_out|       pointer|
|p_0_14_0_0_01229_out         |  out|   16|      ap_vld|                                                        p_0_14_0_0_01229_out|       pointer|
|p_0_14_0_0_01229_out_ap_vld  |  out|    1|      ap_vld|                                                        p_0_14_0_0_01229_out|       pointer|
|p_0_13_0_0_01227_out         |  out|   16|      ap_vld|                                                        p_0_13_0_0_01227_out|       pointer|
|p_0_13_0_0_01227_out_ap_vld  |  out|    1|      ap_vld|                                                        p_0_13_0_0_01227_out|       pointer|
|p_0_12_0_0_01225_out         |  out|   16|      ap_vld|                                                        p_0_12_0_0_01225_out|       pointer|
|p_0_12_0_0_01225_out_ap_vld  |  out|    1|      ap_vld|                                                        p_0_12_0_0_01225_out|       pointer|
|p_0_11_0_0_01223_out         |  out|   16|      ap_vld|                                                        p_0_11_0_0_01223_out|       pointer|
|p_0_11_0_0_01223_out_ap_vld  |  out|    1|      ap_vld|                                                        p_0_11_0_0_01223_out|       pointer|
|p_0_10_0_0_01221_out         |  out|   16|      ap_vld|                                                        p_0_10_0_0_01221_out|       pointer|
|p_0_10_0_0_01221_out_ap_vld  |  out|    1|      ap_vld|                                                        p_0_10_0_0_01221_out|       pointer|
|p_0_9_0_0_01219_out          |  out|   16|      ap_vld|                                                         p_0_9_0_0_01219_out|       pointer|
|p_0_9_0_0_01219_out_ap_vld   |  out|    1|      ap_vld|                                                         p_0_9_0_0_01219_out|       pointer|
|p_0_8_0_0_01217_out          |  out|   16|      ap_vld|                                                         p_0_8_0_0_01217_out|       pointer|
|p_0_8_0_0_01217_out_ap_vld   |  out|    1|      ap_vld|                                                         p_0_8_0_0_01217_out|       pointer|
|p_0_7_0_0_01215_out          |  out|   16|      ap_vld|                                                         p_0_7_0_0_01215_out|       pointer|
|p_0_7_0_0_01215_out_ap_vld   |  out|    1|      ap_vld|                                                         p_0_7_0_0_01215_out|       pointer|
|p_0_6_0_0_01213_out          |  out|   16|      ap_vld|                                                         p_0_6_0_0_01213_out|       pointer|
|p_0_6_0_0_01213_out_ap_vld   |  out|    1|      ap_vld|                                                         p_0_6_0_0_01213_out|       pointer|
|p_0_5_0_0_01211_out          |  out|   16|      ap_vld|                                                         p_0_5_0_0_01211_out|       pointer|
|p_0_5_0_0_01211_out_ap_vld   |  out|    1|      ap_vld|                                                         p_0_5_0_0_01211_out|       pointer|
|p_0_4_0_0_01209_out          |  out|   16|      ap_vld|                                                         p_0_4_0_0_01209_out|       pointer|
|p_0_4_0_0_01209_out_ap_vld   |  out|    1|      ap_vld|                                                         p_0_4_0_0_01209_out|       pointer|
|p_0_3_0_0_01207_out          |  out|   16|      ap_vld|                                                         p_0_3_0_0_01207_out|       pointer|
|p_0_3_0_0_01207_out_ap_vld   |  out|    1|      ap_vld|                                                         p_0_3_0_0_01207_out|       pointer|
|p_0_2_0_0_01205_out          |  out|   16|      ap_vld|                                                         p_0_2_0_0_01205_out|       pointer|
|p_0_2_0_0_01205_out_ap_vld   |  out|    1|      ap_vld|                                                         p_0_2_0_0_01205_out|       pointer|
|p_0_1_0_0_01203_out          |  out|   16|      ap_vld|                                                         p_0_1_0_0_01203_out|       pointer|
|p_0_1_0_0_01203_out_ap_vld   |  out|    1|      ap_vld|                                                         p_0_1_0_0_01203_out|       pointer|
|p_0_0_0_0_01201_out          |  out|   16|      ap_vld|                                                         p_0_0_0_0_01201_out|       pointer|
|p_0_0_0_0_01201_out_ap_vld   |  out|    1|      ap_vld|                                                         p_0_0_0_0_01201_out|       pointer|
|p_0_23_0_0_01199_out         |  out|   16|      ap_vld|                                                        p_0_23_0_0_01199_out|       pointer|
|p_0_23_0_0_01199_out_ap_vld  |  out|    1|      ap_vld|                                                        p_0_23_0_0_01199_out|       pointer|
|p_0_22_0_0_01197_out         |  out|   16|      ap_vld|                                                        p_0_22_0_0_01197_out|       pointer|
|p_0_22_0_0_01197_out_ap_vld  |  out|    1|      ap_vld|                                                        p_0_22_0_0_01197_out|       pointer|
|p_0_21_0_0_01195_out         |  out|   16|      ap_vld|                                                        p_0_21_0_0_01195_out|       pointer|
|p_0_21_0_0_01195_out_ap_vld  |  out|    1|      ap_vld|                                                        p_0_21_0_0_01195_out|       pointer|
|p_0_20_0_0_01193_out         |  out|   16|      ap_vld|                                                        p_0_20_0_0_01193_out|       pointer|
|p_0_20_0_0_01193_out_ap_vld  |  out|    1|      ap_vld|                                                        p_0_20_0_0_01193_out|       pointer|
|p_0_19_0_0_01191_out         |  out|   16|      ap_vld|                                                        p_0_19_0_0_01191_out|       pointer|
|p_0_19_0_0_01191_out_ap_vld  |  out|    1|      ap_vld|                                                        p_0_19_0_0_01191_out|       pointer|
|p_0_18_0_0_01189_out         |  out|   16|      ap_vld|                                                        p_0_18_0_0_01189_out|       pointer|
|p_0_18_0_0_01189_out_ap_vld  |  out|    1|      ap_vld|                                                        p_0_18_0_0_01189_out|       pointer|
|p_0_17_0_0_01187_out         |  out|   16|      ap_vld|                                                        p_0_17_0_0_01187_out|       pointer|
|p_0_17_0_0_01187_out_ap_vld  |  out|    1|      ap_vld|                                                        p_0_17_0_0_01187_out|       pointer|
|p_0_16_0_0_01185_out         |  out|   16|      ap_vld|                                                        p_0_16_0_0_01185_out|       pointer|
|p_0_16_0_0_01185_out_ap_vld  |  out|    1|      ap_vld|                                                        p_0_16_0_0_01185_out|       pointer|
|p_0_15_0_0_01183_out         |  out|   16|      ap_vld|                                                        p_0_15_0_0_01183_out|       pointer|
|p_0_15_0_0_01183_out_ap_vld  |  out|    1|      ap_vld|                                                        p_0_15_0_0_01183_out|       pointer|
|p_0_14_0_0_01181_out         |  out|   16|      ap_vld|                                                        p_0_14_0_0_01181_out|       pointer|
|p_0_14_0_0_01181_out_ap_vld  |  out|    1|      ap_vld|                                                        p_0_14_0_0_01181_out|       pointer|
|p_0_13_0_0_01179_out         |  out|   16|      ap_vld|                                                        p_0_13_0_0_01179_out|       pointer|
|p_0_13_0_0_01179_out_ap_vld  |  out|    1|      ap_vld|                                                        p_0_13_0_0_01179_out|       pointer|
|p_0_12_0_0_01177_out         |  out|   16|      ap_vld|                                                        p_0_12_0_0_01177_out|       pointer|
|p_0_12_0_0_01177_out_ap_vld  |  out|    1|      ap_vld|                                                        p_0_12_0_0_01177_out|       pointer|
|p_0_11_0_0_01175_out         |  out|   16|      ap_vld|                                                        p_0_11_0_0_01175_out|       pointer|
|p_0_11_0_0_01175_out_ap_vld  |  out|    1|      ap_vld|                                                        p_0_11_0_0_01175_out|       pointer|
|p_0_10_0_0_01173_out         |  out|   16|      ap_vld|                                                        p_0_10_0_0_01173_out|       pointer|
|p_0_10_0_0_01173_out_ap_vld  |  out|    1|      ap_vld|                                                        p_0_10_0_0_01173_out|       pointer|
|p_0_9_0_0_01171_out          |  out|   16|      ap_vld|                                                         p_0_9_0_0_01171_out|       pointer|
|p_0_9_0_0_01171_out_ap_vld   |  out|    1|      ap_vld|                                                         p_0_9_0_0_01171_out|       pointer|
|p_0_8_0_0_01169_out          |  out|   16|      ap_vld|                                                         p_0_8_0_0_01169_out|       pointer|
|p_0_8_0_0_01169_out_ap_vld   |  out|    1|      ap_vld|                                                         p_0_8_0_0_01169_out|       pointer|
|p_0_7_0_0_01167_out          |  out|   16|      ap_vld|                                                         p_0_7_0_0_01167_out|       pointer|
|p_0_7_0_0_01167_out_ap_vld   |  out|    1|      ap_vld|                                                         p_0_7_0_0_01167_out|       pointer|
|p_0_6_0_0_01165_out          |  out|   16|      ap_vld|                                                         p_0_6_0_0_01165_out|       pointer|
|p_0_6_0_0_01165_out_ap_vld   |  out|    1|      ap_vld|                                                         p_0_6_0_0_01165_out|       pointer|
|p_0_5_0_0_01163_out          |  out|   16|      ap_vld|                                                         p_0_5_0_0_01163_out|       pointer|
|p_0_5_0_0_01163_out_ap_vld   |  out|    1|      ap_vld|                                                         p_0_5_0_0_01163_out|       pointer|
|p_0_4_0_0_01161_out          |  out|   16|      ap_vld|                                                         p_0_4_0_0_01161_out|       pointer|
|p_0_4_0_0_01161_out_ap_vld   |  out|    1|      ap_vld|                                                         p_0_4_0_0_01161_out|       pointer|
|p_0_3_0_0_01159_out          |  out|   16|      ap_vld|                                                         p_0_3_0_0_01159_out|       pointer|
|p_0_3_0_0_01159_out_ap_vld   |  out|    1|      ap_vld|                                                         p_0_3_0_0_01159_out|       pointer|
|p_0_2_0_0_01157_out          |  out|   16|      ap_vld|                                                         p_0_2_0_0_01157_out|       pointer|
|p_0_2_0_0_01157_out_ap_vld   |  out|    1|      ap_vld|                                                         p_0_2_0_0_01157_out|       pointer|
|p_0_1_0_0_01155_out          |  out|   16|      ap_vld|                                                         p_0_1_0_0_01155_out|       pointer|
|p_0_1_0_0_01155_out_ap_vld   |  out|    1|      ap_vld|                                                         p_0_1_0_0_01155_out|       pointer|
|p_0_0_0_0_01153_out          |  out|   16|      ap_vld|                                                         p_0_0_0_0_01153_out|       pointer|
|p_0_0_0_0_01153_out_ap_vld   |  out|    1|      ap_vld|                                                         p_0_0_0_0_01153_out|       pointer|
|p_0_23_0_0_01151_out         |  out|   16|      ap_vld|                                                        p_0_23_0_0_01151_out|       pointer|
|p_0_23_0_0_01151_out_ap_vld  |  out|    1|      ap_vld|                                                        p_0_23_0_0_01151_out|       pointer|
|p_0_22_0_0_01149_out         |  out|   16|      ap_vld|                                                        p_0_22_0_0_01149_out|       pointer|
|p_0_22_0_0_01149_out_ap_vld  |  out|    1|      ap_vld|                                                        p_0_22_0_0_01149_out|       pointer|
|p_0_21_0_0_01147_out         |  out|   16|      ap_vld|                                                        p_0_21_0_0_01147_out|       pointer|
|p_0_21_0_0_01147_out_ap_vld  |  out|    1|      ap_vld|                                                        p_0_21_0_0_01147_out|       pointer|
|p_0_20_0_0_01145_out         |  out|   16|      ap_vld|                                                        p_0_20_0_0_01145_out|       pointer|
|p_0_20_0_0_01145_out_ap_vld  |  out|    1|      ap_vld|                                                        p_0_20_0_0_01145_out|       pointer|
|p_0_19_0_0_01143_out         |  out|   16|      ap_vld|                                                        p_0_19_0_0_01143_out|       pointer|
|p_0_19_0_0_01143_out_ap_vld  |  out|    1|      ap_vld|                                                        p_0_19_0_0_01143_out|       pointer|
|p_0_18_0_0_01141_out         |  out|   16|      ap_vld|                                                        p_0_18_0_0_01141_out|       pointer|
|p_0_18_0_0_01141_out_ap_vld  |  out|    1|      ap_vld|                                                        p_0_18_0_0_01141_out|       pointer|
|p_0_17_0_0_01139_out         |  out|   16|      ap_vld|                                                        p_0_17_0_0_01139_out|       pointer|
|p_0_17_0_0_01139_out_ap_vld  |  out|    1|      ap_vld|                                                        p_0_17_0_0_01139_out|       pointer|
|p_0_16_0_0_01137_out         |  out|   16|      ap_vld|                                                        p_0_16_0_0_01137_out|       pointer|
|p_0_16_0_0_01137_out_ap_vld  |  out|    1|      ap_vld|                                                        p_0_16_0_0_01137_out|       pointer|
|p_0_15_0_0_01135_out         |  out|   16|      ap_vld|                                                        p_0_15_0_0_01135_out|       pointer|
|p_0_15_0_0_01135_out_ap_vld  |  out|    1|      ap_vld|                                                        p_0_15_0_0_01135_out|       pointer|
|p_0_14_0_0_01133_out         |  out|   16|      ap_vld|                                                        p_0_14_0_0_01133_out|       pointer|
|p_0_14_0_0_01133_out_ap_vld  |  out|    1|      ap_vld|                                                        p_0_14_0_0_01133_out|       pointer|
|p_0_13_0_0_01131_out         |  out|   16|      ap_vld|                                                        p_0_13_0_0_01131_out|       pointer|
|p_0_13_0_0_01131_out_ap_vld  |  out|    1|      ap_vld|                                                        p_0_13_0_0_01131_out|       pointer|
|p_0_12_0_0_01129_out         |  out|   16|      ap_vld|                                                        p_0_12_0_0_01129_out|       pointer|
|p_0_12_0_0_01129_out_ap_vld  |  out|    1|      ap_vld|                                                        p_0_12_0_0_01129_out|       pointer|
|p_0_11_0_0_01127_out         |  out|   16|      ap_vld|                                                        p_0_11_0_0_01127_out|       pointer|
|p_0_11_0_0_01127_out_ap_vld  |  out|    1|      ap_vld|                                                        p_0_11_0_0_01127_out|       pointer|
|p_0_10_0_0_01125_out         |  out|   16|      ap_vld|                                                        p_0_10_0_0_01125_out|       pointer|
|p_0_10_0_0_01125_out_ap_vld  |  out|    1|      ap_vld|                                                        p_0_10_0_0_01125_out|       pointer|
|p_0_9_0_0_01123_out          |  out|   16|      ap_vld|                                                         p_0_9_0_0_01123_out|       pointer|
|p_0_9_0_0_01123_out_ap_vld   |  out|    1|      ap_vld|                                                         p_0_9_0_0_01123_out|       pointer|
|p_0_8_0_0_01121_out          |  out|   16|      ap_vld|                                                         p_0_8_0_0_01121_out|       pointer|
|p_0_8_0_0_01121_out_ap_vld   |  out|    1|      ap_vld|                                                         p_0_8_0_0_01121_out|       pointer|
|p_0_7_0_0_01119_out          |  out|   16|      ap_vld|                                                         p_0_7_0_0_01119_out|       pointer|
|p_0_7_0_0_01119_out_ap_vld   |  out|    1|      ap_vld|                                                         p_0_7_0_0_01119_out|       pointer|
|p_0_6_0_0_01117_out          |  out|   16|      ap_vld|                                                         p_0_6_0_0_01117_out|       pointer|
|p_0_6_0_0_01117_out_ap_vld   |  out|    1|      ap_vld|                                                         p_0_6_0_0_01117_out|       pointer|
|p_0_5_0_0_01115_out          |  out|   16|      ap_vld|                                                         p_0_5_0_0_01115_out|       pointer|
|p_0_5_0_0_01115_out_ap_vld   |  out|    1|      ap_vld|                                                         p_0_5_0_0_01115_out|       pointer|
|p_0_4_0_0_01113_out          |  out|   16|      ap_vld|                                                         p_0_4_0_0_01113_out|       pointer|
|p_0_4_0_0_01113_out_ap_vld   |  out|    1|      ap_vld|                                                         p_0_4_0_0_01113_out|       pointer|
|p_0_3_0_0_01111_out          |  out|   16|      ap_vld|                                                         p_0_3_0_0_01111_out|       pointer|
|p_0_3_0_0_01111_out_ap_vld   |  out|    1|      ap_vld|                                                         p_0_3_0_0_01111_out|       pointer|
|p_0_2_0_0_01109_out          |  out|   16|      ap_vld|                                                         p_0_2_0_0_01109_out|       pointer|
|p_0_2_0_0_01109_out_ap_vld   |  out|    1|      ap_vld|                                                         p_0_2_0_0_01109_out|       pointer|
|p_0_1_0_0_01107_out          |  out|   16|      ap_vld|                                                         p_0_1_0_0_01107_out|       pointer|
|p_0_1_0_0_01107_out_ap_vld   |  out|    1|      ap_vld|                                                         p_0_1_0_0_01107_out|       pointer|
|p_0_0_0_0_01105_out          |  out|   16|      ap_vld|                                                         p_0_0_0_0_01105_out|       pointer|
|p_0_0_0_0_01105_out_ap_vld   |  out|    1|      ap_vld|                                                         p_0_0_0_0_01105_out|       pointer|
|p_0_23_0_0_01103_out         |  out|   16|      ap_vld|                                                        p_0_23_0_0_01103_out|       pointer|
|p_0_23_0_0_01103_out_ap_vld  |  out|    1|      ap_vld|                                                        p_0_23_0_0_01103_out|       pointer|
|p_0_22_0_0_01101_out         |  out|   16|      ap_vld|                                                        p_0_22_0_0_01101_out|       pointer|
|p_0_22_0_0_01101_out_ap_vld  |  out|    1|      ap_vld|                                                        p_0_22_0_0_01101_out|       pointer|
|p_0_21_0_0_01099_out         |  out|   16|      ap_vld|                                                        p_0_21_0_0_01099_out|       pointer|
|p_0_21_0_0_01099_out_ap_vld  |  out|    1|      ap_vld|                                                        p_0_21_0_0_01099_out|       pointer|
|p_0_20_0_0_01097_out         |  out|   16|      ap_vld|                                                        p_0_20_0_0_01097_out|       pointer|
|p_0_20_0_0_01097_out_ap_vld  |  out|    1|      ap_vld|                                                        p_0_20_0_0_01097_out|       pointer|
|p_0_19_0_0_01095_out         |  out|   16|      ap_vld|                                                        p_0_19_0_0_01095_out|       pointer|
|p_0_19_0_0_01095_out_ap_vld  |  out|    1|      ap_vld|                                                        p_0_19_0_0_01095_out|       pointer|
|p_0_18_0_0_01093_out         |  out|   16|      ap_vld|                                                        p_0_18_0_0_01093_out|       pointer|
|p_0_18_0_0_01093_out_ap_vld  |  out|    1|      ap_vld|                                                        p_0_18_0_0_01093_out|       pointer|
|p_0_17_0_0_01091_out         |  out|   16|      ap_vld|                                                        p_0_17_0_0_01091_out|       pointer|
|p_0_17_0_0_01091_out_ap_vld  |  out|    1|      ap_vld|                                                        p_0_17_0_0_01091_out|       pointer|
|p_0_16_0_0_01089_out         |  out|   16|      ap_vld|                                                        p_0_16_0_0_01089_out|       pointer|
|p_0_16_0_0_01089_out_ap_vld  |  out|    1|      ap_vld|                                                        p_0_16_0_0_01089_out|       pointer|
|p_0_15_0_0_01087_out         |  out|   16|      ap_vld|                                                        p_0_15_0_0_01087_out|       pointer|
|p_0_15_0_0_01087_out_ap_vld  |  out|    1|      ap_vld|                                                        p_0_15_0_0_01087_out|       pointer|
|p_0_14_0_0_01085_out         |  out|   16|      ap_vld|                                                        p_0_14_0_0_01085_out|       pointer|
|p_0_14_0_0_01085_out_ap_vld  |  out|    1|      ap_vld|                                                        p_0_14_0_0_01085_out|       pointer|
|p_0_13_0_0_01083_out         |  out|   16|      ap_vld|                                                        p_0_13_0_0_01083_out|       pointer|
|p_0_13_0_0_01083_out_ap_vld  |  out|    1|      ap_vld|                                                        p_0_13_0_0_01083_out|       pointer|
|p_0_12_0_0_01081_out         |  out|   16|      ap_vld|                                                        p_0_12_0_0_01081_out|       pointer|
|p_0_12_0_0_01081_out_ap_vld  |  out|    1|      ap_vld|                                                        p_0_12_0_0_01081_out|       pointer|
|p_0_11_0_0_01079_out         |  out|   16|      ap_vld|                                                        p_0_11_0_0_01079_out|       pointer|
|p_0_11_0_0_01079_out_ap_vld  |  out|    1|      ap_vld|                                                        p_0_11_0_0_01079_out|       pointer|
|p_0_10_0_0_01077_out         |  out|   16|      ap_vld|                                                        p_0_10_0_0_01077_out|       pointer|
|p_0_10_0_0_01077_out_ap_vld  |  out|    1|      ap_vld|                                                        p_0_10_0_0_01077_out|       pointer|
|p_0_9_0_0_01075_out          |  out|   16|      ap_vld|                                                         p_0_9_0_0_01075_out|       pointer|
|p_0_9_0_0_01075_out_ap_vld   |  out|    1|      ap_vld|                                                         p_0_9_0_0_01075_out|       pointer|
|p_0_8_0_0_01073_out          |  out|   16|      ap_vld|                                                         p_0_8_0_0_01073_out|       pointer|
|p_0_8_0_0_01073_out_ap_vld   |  out|    1|      ap_vld|                                                         p_0_8_0_0_01073_out|       pointer|
|p_0_7_0_0_01071_out          |  out|   16|      ap_vld|                                                         p_0_7_0_0_01071_out|       pointer|
|p_0_7_0_0_01071_out_ap_vld   |  out|    1|      ap_vld|                                                         p_0_7_0_0_01071_out|       pointer|
|p_0_6_0_0_01069_out          |  out|   16|      ap_vld|                                                         p_0_6_0_0_01069_out|       pointer|
|p_0_6_0_0_01069_out_ap_vld   |  out|    1|      ap_vld|                                                         p_0_6_0_0_01069_out|       pointer|
|p_0_5_0_0_01067_out          |  out|   16|      ap_vld|                                                         p_0_5_0_0_01067_out|       pointer|
|p_0_5_0_0_01067_out_ap_vld   |  out|    1|      ap_vld|                                                         p_0_5_0_0_01067_out|       pointer|
|p_0_4_0_0_01065_out          |  out|   16|      ap_vld|                                                         p_0_4_0_0_01065_out|       pointer|
|p_0_4_0_0_01065_out_ap_vld   |  out|    1|      ap_vld|                                                         p_0_4_0_0_01065_out|       pointer|
|p_0_3_0_0_01063_out          |  out|   16|      ap_vld|                                                         p_0_3_0_0_01063_out|       pointer|
|p_0_3_0_0_01063_out_ap_vld   |  out|    1|      ap_vld|                                                         p_0_3_0_0_01063_out|       pointer|
|p_0_2_0_0_01061_out          |  out|   16|      ap_vld|                                                         p_0_2_0_0_01061_out|       pointer|
|p_0_2_0_0_01061_out_ap_vld   |  out|    1|      ap_vld|                                                         p_0_2_0_0_01061_out|       pointer|
|p_0_1_0_0_01059_out          |  out|   16|      ap_vld|                                                         p_0_1_0_0_01059_out|       pointer|
|p_0_1_0_0_01059_out_ap_vld   |  out|    1|      ap_vld|                                                         p_0_1_0_0_01059_out|       pointer|
|p_0_0_0_0_01057_out          |  out|   16|      ap_vld|                                                         p_0_0_0_0_01057_out|       pointer|
|p_0_0_0_0_01057_out_ap_vld   |  out|    1|      ap_vld|                                                         p_0_0_0_0_01057_out|       pointer|
|p_0_23_0_0_01055_out         |  out|   16|      ap_vld|                                                        p_0_23_0_0_01055_out|       pointer|
|p_0_23_0_0_01055_out_ap_vld  |  out|    1|      ap_vld|                                                        p_0_23_0_0_01055_out|       pointer|
|p_0_22_0_0_01053_out         |  out|   16|      ap_vld|                                                        p_0_22_0_0_01053_out|       pointer|
|p_0_22_0_0_01053_out_ap_vld  |  out|    1|      ap_vld|                                                        p_0_22_0_0_01053_out|       pointer|
|p_0_21_0_0_01051_out         |  out|   16|      ap_vld|                                                        p_0_21_0_0_01051_out|       pointer|
|p_0_21_0_0_01051_out_ap_vld  |  out|    1|      ap_vld|                                                        p_0_21_0_0_01051_out|       pointer|
|p_0_20_0_0_01049_out         |  out|   16|      ap_vld|                                                        p_0_20_0_0_01049_out|       pointer|
|p_0_20_0_0_01049_out_ap_vld  |  out|    1|      ap_vld|                                                        p_0_20_0_0_01049_out|       pointer|
|p_0_19_0_0_01047_out         |  out|   16|      ap_vld|                                                        p_0_19_0_0_01047_out|       pointer|
|p_0_19_0_0_01047_out_ap_vld  |  out|    1|      ap_vld|                                                        p_0_19_0_0_01047_out|       pointer|
|p_0_18_0_0_01045_out         |  out|   16|      ap_vld|                                                        p_0_18_0_0_01045_out|       pointer|
|p_0_18_0_0_01045_out_ap_vld  |  out|    1|      ap_vld|                                                        p_0_18_0_0_01045_out|       pointer|
|p_0_17_0_0_01043_out         |  out|   16|      ap_vld|                                                        p_0_17_0_0_01043_out|       pointer|
|p_0_17_0_0_01043_out_ap_vld  |  out|    1|      ap_vld|                                                        p_0_17_0_0_01043_out|       pointer|
|p_0_16_0_0_01041_out         |  out|   16|      ap_vld|                                                        p_0_16_0_0_01041_out|       pointer|
|p_0_16_0_0_01041_out_ap_vld  |  out|    1|      ap_vld|                                                        p_0_16_0_0_01041_out|       pointer|
|p_0_15_0_0_01039_out         |  out|   16|      ap_vld|                                                        p_0_15_0_0_01039_out|       pointer|
|p_0_15_0_0_01039_out_ap_vld  |  out|    1|      ap_vld|                                                        p_0_15_0_0_01039_out|       pointer|
|p_0_14_0_0_01037_out         |  out|   16|      ap_vld|                                                        p_0_14_0_0_01037_out|       pointer|
|p_0_14_0_0_01037_out_ap_vld  |  out|    1|      ap_vld|                                                        p_0_14_0_0_01037_out|       pointer|
|p_0_13_0_0_01035_out         |  out|   16|      ap_vld|                                                        p_0_13_0_0_01035_out|       pointer|
|p_0_13_0_0_01035_out_ap_vld  |  out|    1|      ap_vld|                                                        p_0_13_0_0_01035_out|       pointer|
|p_0_12_0_0_01033_out         |  out|   16|      ap_vld|                                                        p_0_12_0_0_01033_out|       pointer|
|p_0_12_0_0_01033_out_ap_vld  |  out|    1|      ap_vld|                                                        p_0_12_0_0_01033_out|       pointer|
|p_0_11_0_0_01031_out         |  out|   16|      ap_vld|                                                        p_0_11_0_0_01031_out|       pointer|
|p_0_11_0_0_01031_out_ap_vld  |  out|    1|      ap_vld|                                                        p_0_11_0_0_01031_out|       pointer|
|p_0_10_0_0_01029_out         |  out|   16|      ap_vld|                                                        p_0_10_0_0_01029_out|       pointer|
|p_0_10_0_0_01029_out_ap_vld  |  out|    1|      ap_vld|                                                        p_0_10_0_0_01029_out|       pointer|
|p_0_9_0_0_01027_out          |  out|   16|      ap_vld|                                                         p_0_9_0_0_01027_out|       pointer|
|p_0_9_0_0_01027_out_ap_vld   |  out|    1|      ap_vld|                                                         p_0_9_0_0_01027_out|       pointer|
|p_0_8_0_0_01025_out          |  out|   16|      ap_vld|                                                         p_0_8_0_0_01025_out|       pointer|
|p_0_8_0_0_01025_out_ap_vld   |  out|    1|      ap_vld|                                                         p_0_8_0_0_01025_out|       pointer|
|p_0_7_0_0_01023_out          |  out|   16|      ap_vld|                                                         p_0_7_0_0_01023_out|       pointer|
|p_0_7_0_0_01023_out_ap_vld   |  out|    1|      ap_vld|                                                         p_0_7_0_0_01023_out|       pointer|
|p_0_6_0_0_01021_out          |  out|   16|      ap_vld|                                                         p_0_6_0_0_01021_out|       pointer|
|p_0_6_0_0_01021_out_ap_vld   |  out|    1|      ap_vld|                                                         p_0_6_0_0_01021_out|       pointer|
|p_0_5_0_0_01019_out          |  out|   16|      ap_vld|                                                         p_0_5_0_0_01019_out|       pointer|
|p_0_5_0_0_01019_out_ap_vld   |  out|    1|      ap_vld|                                                         p_0_5_0_0_01019_out|       pointer|
|p_0_4_0_0_01017_out          |  out|   16|      ap_vld|                                                         p_0_4_0_0_01017_out|       pointer|
|p_0_4_0_0_01017_out_ap_vld   |  out|    1|      ap_vld|                                                         p_0_4_0_0_01017_out|       pointer|
|p_0_3_0_0_01015_out          |  out|   16|      ap_vld|                                                         p_0_3_0_0_01015_out|       pointer|
|p_0_3_0_0_01015_out_ap_vld   |  out|    1|      ap_vld|                                                         p_0_3_0_0_01015_out|       pointer|
|p_0_2_0_0_01013_out          |  out|   16|      ap_vld|                                                         p_0_2_0_0_01013_out|       pointer|
|p_0_2_0_0_01013_out_ap_vld   |  out|    1|      ap_vld|                                                         p_0_2_0_0_01013_out|       pointer|
|p_0_1_0_0_01011_out          |  out|   16|      ap_vld|                                                         p_0_1_0_0_01011_out|       pointer|
|p_0_1_0_0_01011_out_ap_vld   |  out|    1|      ap_vld|                                                         p_0_1_0_0_01011_out|       pointer|
|p_0_0_0_0_01009_out          |  out|   16|      ap_vld|                                                         p_0_0_0_0_01009_out|       pointer|
|p_0_0_0_0_01009_out_ap_vld   |  out|    1|      ap_vld|                                                         p_0_0_0_0_01009_out|       pointer|
|p_0_23_0_0_01007_out         |  out|   16|      ap_vld|                                                        p_0_23_0_0_01007_out|       pointer|
|p_0_23_0_0_01007_out_ap_vld  |  out|    1|      ap_vld|                                                        p_0_23_0_0_01007_out|       pointer|
|p_0_22_0_0_01005_out         |  out|   16|      ap_vld|                                                        p_0_22_0_0_01005_out|       pointer|
|p_0_22_0_0_01005_out_ap_vld  |  out|    1|      ap_vld|                                                        p_0_22_0_0_01005_out|       pointer|
|p_0_21_0_0_01003_out         |  out|   16|      ap_vld|                                                        p_0_21_0_0_01003_out|       pointer|
|p_0_21_0_0_01003_out_ap_vld  |  out|    1|      ap_vld|                                                        p_0_21_0_0_01003_out|       pointer|
|p_0_20_0_0_01001_out         |  out|   16|      ap_vld|                                                        p_0_20_0_0_01001_out|       pointer|
|p_0_20_0_0_01001_out_ap_vld  |  out|    1|      ap_vld|                                                        p_0_20_0_0_01001_out|       pointer|
|p_0_19_0_0_0999_out          |  out|   16|      ap_vld|                                                         p_0_19_0_0_0999_out|       pointer|
|p_0_19_0_0_0999_out_ap_vld   |  out|    1|      ap_vld|                                                         p_0_19_0_0_0999_out|       pointer|
|p_0_18_0_0_0997_out          |  out|   16|      ap_vld|                                                         p_0_18_0_0_0997_out|       pointer|
|p_0_18_0_0_0997_out_ap_vld   |  out|    1|      ap_vld|                                                         p_0_18_0_0_0997_out|       pointer|
|p_0_17_0_0_0995_out          |  out|   16|      ap_vld|                                                         p_0_17_0_0_0995_out|       pointer|
|p_0_17_0_0_0995_out_ap_vld   |  out|    1|      ap_vld|                                                         p_0_17_0_0_0995_out|       pointer|
|p_0_16_0_0_0993_out          |  out|   16|      ap_vld|                                                         p_0_16_0_0_0993_out|       pointer|
|p_0_16_0_0_0993_out_ap_vld   |  out|    1|      ap_vld|                                                         p_0_16_0_0_0993_out|       pointer|
|p_0_15_0_0_0991_out          |  out|   16|      ap_vld|                                                         p_0_15_0_0_0991_out|       pointer|
|p_0_15_0_0_0991_out_ap_vld   |  out|    1|      ap_vld|                                                         p_0_15_0_0_0991_out|       pointer|
|p_0_14_0_0_0989_out          |  out|   16|      ap_vld|                                                         p_0_14_0_0_0989_out|       pointer|
|p_0_14_0_0_0989_out_ap_vld   |  out|    1|      ap_vld|                                                         p_0_14_0_0_0989_out|       pointer|
|p_0_13_0_0_0987_out          |  out|   16|      ap_vld|                                                         p_0_13_0_0_0987_out|       pointer|
|p_0_13_0_0_0987_out_ap_vld   |  out|    1|      ap_vld|                                                         p_0_13_0_0_0987_out|       pointer|
|p_0_12_0_0_0985_out          |  out|   16|      ap_vld|                                                         p_0_12_0_0_0985_out|       pointer|
|p_0_12_0_0_0985_out_ap_vld   |  out|    1|      ap_vld|                                                         p_0_12_0_0_0985_out|       pointer|
|p_0_11_0_0_0983_out          |  out|   16|      ap_vld|                                                         p_0_11_0_0_0983_out|       pointer|
|p_0_11_0_0_0983_out_ap_vld   |  out|    1|      ap_vld|                                                         p_0_11_0_0_0983_out|       pointer|
|p_0_10_0_0_0981_out          |  out|   16|      ap_vld|                                                         p_0_10_0_0_0981_out|       pointer|
|p_0_10_0_0_0981_out_ap_vld   |  out|    1|      ap_vld|                                                         p_0_10_0_0_0981_out|       pointer|
|p_0_9_0_0_0979_out           |  out|   16|      ap_vld|                                                          p_0_9_0_0_0979_out|       pointer|
|p_0_9_0_0_0979_out_ap_vld    |  out|    1|      ap_vld|                                                          p_0_9_0_0_0979_out|       pointer|
|p_0_8_0_0_0977_out           |  out|   16|      ap_vld|                                                          p_0_8_0_0_0977_out|       pointer|
|p_0_8_0_0_0977_out_ap_vld    |  out|    1|      ap_vld|                                                          p_0_8_0_0_0977_out|       pointer|
|p_0_7_0_0_0975_out           |  out|   16|      ap_vld|                                                          p_0_7_0_0_0975_out|       pointer|
|p_0_7_0_0_0975_out_ap_vld    |  out|    1|      ap_vld|                                                          p_0_7_0_0_0975_out|       pointer|
|p_0_6_0_0_0973_out           |  out|   16|      ap_vld|                                                          p_0_6_0_0_0973_out|       pointer|
|p_0_6_0_0_0973_out_ap_vld    |  out|    1|      ap_vld|                                                          p_0_6_0_0_0973_out|       pointer|
|p_0_5_0_0_0971_out           |  out|   16|      ap_vld|                                                          p_0_5_0_0_0971_out|       pointer|
|p_0_5_0_0_0971_out_ap_vld    |  out|    1|      ap_vld|                                                          p_0_5_0_0_0971_out|       pointer|
|p_0_4_0_0_0969_out           |  out|   16|      ap_vld|                                                          p_0_4_0_0_0969_out|       pointer|
|p_0_4_0_0_0969_out_ap_vld    |  out|    1|      ap_vld|                                                          p_0_4_0_0_0969_out|       pointer|
|p_0_3_0_0_0967_out           |  out|   16|      ap_vld|                                                          p_0_3_0_0_0967_out|       pointer|
|p_0_3_0_0_0967_out_ap_vld    |  out|    1|      ap_vld|                                                          p_0_3_0_0_0967_out|       pointer|
|p_0_2_0_0_0965_out           |  out|   16|      ap_vld|                                                          p_0_2_0_0_0965_out|       pointer|
|p_0_2_0_0_0965_out_ap_vld    |  out|    1|      ap_vld|                                                          p_0_2_0_0_0965_out|       pointer|
|p_0_1_0_0_0963_out           |  out|   16|      ap_vld|                                                          p_0_1_0_0_0963_out|       pointer|
|p_0_1_0_0_0963_out_ap_vld    |  out|    1|      ap_vld|                                                          p_0_1_0_0_0963_out|       pointer|
|p_0_0_0_0_0961_out           |  out|   16|      ap_vld|                                                          p_0_0_0_0_0961_out|       pointer|
|p_0_0_0_0_0961_out_ap_vld    |  out|    1|      ap_vld|                                                          p_0_0_0_0_0961_out|       pointer|
|p_0_23_0_0_0959_out          |  out|   16|      ap_vld|                                                         p_0_23_0_0_0959_out|       pointer|
|p_0_23_0_0_0959_out_ap_vld   |  out|    1|      ap_vld|                                                         p_0_23_0_0_0959_out|       pointer|
|p_0_22_0_0_0957_out          |  out|   16|      ap_vld|                                                         p_0_22_0_0_0957_out|       pointer|
|p_0_22_0_0_0957_out_ap_vld   |  out|    1|      ap_vld|                                                         p_0_22_0_0_0957_out|       pointer|
|p_0_21_0_0_0955_out          |  out|   16|      ap_vld|                                                         p_0_21_0_0_0955_out|       pointer|
|p_0_21_0_0_0955_out_ap_vld   |  out|    1|      ap_vld|                                                         p_0_21_0_0_0955_out|       pointer|
|p_0_20_0_0_0953_out          |  out|   16|      ap_vld|                                                         p_0_20_0_0_0953_out|       pointer|
|p_0_20_0_0_0953_out_ap_vld   |  out|    1|      ap_vld|                                                         p_0_20_0_0_0953_out|       pointer|
|p_0_19_0_0_0951_out          |  out|   16|      ap_vld|                                                         p_0_19_0_0_0951_out|       pointer|
|p_0_19_0_0_0951_out_ap_vld   |  out|    1|      ap_vld|                                                         p_0_19_0_0_0951_out|       pointer|
|p_0_18_0_0_0949_out          |  out|   16|      ap_vld|                                                         p_0_18_0_0_0949_out|       pointer|
|p_0_18_0_0_0949_out_ap_vld   |  out|    1|      ap_vld|                                                         p_0_18_0_0_0949_out|       pointer|
|p_0_17_0_0_0947_out          |  out|   16|      ap_vld|                                                         p_0_17_0_0_0947_out|       pointer|
|p_0_17_0_0_0947_out_ap_vld   |  out|    1|      ap_vld|                                                         p_0_17_0_0_0947_out|       pointer|
|p_0_16_0_0_0945_out          |  out|   16|      ap_vld|                                                         p_0_16_0_0_0945_out|       pointer|
|p_0_16_0_0_0945_out_ap_vld   |  out|    1|      ap_vld|                                                         p_0_16_0_0_0945_out|       pointer|
|p_0_15_0_0_0943_out          |  out|   16|      ap_vld|                                                         p_0_15_0_0_0943_out|       pointer|
|p_0_15_0_0_0943_out_ap_vld   |  out|    1|      ap_vld|                                                         p_0_15_0_0_0943_out|       pointer|
|p_0_14_0_0_0941_out          |  out|   16|      ap_vld|                                                         p_0_14_0_0_0941_out|       pointer|
|p_0_14_0_0_0941_out_ap_vld   |  out|    1|      ap_vld|                                                         p_0_14_0_0_0941_out|       pointer|
|p_0_13_0_0_0939_out          |  out|   16|      ap_vld|                                                         p_0_13_0_0_0939_out|       pointer|
|p_0_13_0_0_0939_out_ap_vld   |  out|    1|      ap_vld|                                                         p_0_13_0_0_0939_out|       pointer|
|p_0_12_0_0_0937_out          |  out|   16|      ap_vld|                                                         p_0_12_0_0_0937_out|       pointer|
|p_0_12_0_0_0937_out_ap_vld   |  out|    1|      ap_vld|                                                         p_0_12_0_0_0937_out|       pointer|
|p_0_11_0_0_0935_out          |  out|   16|      ap_vld|                                                         p_0_11_0_0_0935_out|       pointer|
|p_0_11_0_0_0935_out_ap_vld   |  out|    1|      ap_vld|                                                         p_0_11_0_0_0935_out|       pointer|
|p_0_10_0_0_0933_out          |  out|   16|      ap_vld|                                                         p_0_10_0_0_0933_out|       pointer|
|p_0_10_0_0_0933_out_ap_vld   |  out|    1|      ap_vld|                                                         p_0_10_0_0_0933_out|       pointer|
|p_0_9_0_0_0931_out           |  out|   16|      ap_vld|                                                          p_0_9_0_0_0931_out|       pointer|
|p_0_9_0_0_0931_out_ap_vld    |  out|    1|      ap_vld|                                                          p_0_9_0_0_0931_out|       pointer|
|p_0_8_0_0_0929_out           |  out|   16|      ap_vld|                                                          p_0_8_0_0_0929_out|       pointer|
|p_0_8_0_0_0929_out_ap_vld    |  out|    1|      ap_vld|                                                          p_0_8_0_0_0929_out|       pointer|
|p_0_7_0_0_0927_out           |  out|   16|      ap_vld|                                                          p_0_7_0_0_0927_out|       pointer|
|p_0_7_0_0_0927_out_ap_vld    |  out|    1|      ap_vld|                                                          p_0_7_0_0_0927_out|       pointer|
|p_0_6_0_0_0925_out           |  out|   16|      ap_vld|                                                          p_0_6_0_0_0925_out|       pointer|
|p_0_6_0_0_0925_out_ap_vld    |  out|    1|      ap_vld|                                                          p_0_6_0_0_0925_out|       pointer|
|p_0_5_0_0_0923_out           |  out|   16|      ap_vld|                                                          p_0_5_0_0_0923_out|       pointer|
|p_0_5_0_0_0923_out_ap_vld    |  out|    1|      ap_vld|                                                          p_0_5_0_0_0923_out|       pointer|
|p_0_4_0_0_0921_out           |  out|   16|      ap_vld|                                                          p_0_4_0_0_0921_out|       pointer|
|p_0_4_0_0_0921_out_ap_vld    |  out|    1|      ap_vld|                                                          p_0_4_0_0_0921_out|       pointer|
|p_0_3_0_0_0919_out           |  out|   16|      ap_vld|                                                          p_0_3_0_0_0919_out|       pointer|
|p_0_3_0_0_0919_out_ap_vld    |  out|    1|      ap_vld|                                                          p_0_3_0_0_0919_out|       pointer|
|p_0_2_0_0_0917_out           |  out|   16|      ap_vld|                                                          p_0_2_0_0_0917_out|       pointer|
|p_0_2_0_0_0917_out_ap_vld    |  out|    1|      ap_vld|                                                          p_0_2_0_0_0917_out|       pointer|
|p_0_1_0_0_0915_out           |  out|   16|      ap_vld|                                                          p_0_1_0_0_0915_out|       pointer|
|p_0_1_0_0_0915_out_ap_vld    |  out|    1|      ap_vld|                                                          p_0_1_0_0_0915_out|       pointer|
|p_0_0_0_0_0913_out           |  out|   16|      ap_vld|                                                          p_0_0_0_0_0913_out|       pointer|
|p_0_0_0_0_0913_out_ap_vld    |  out|    1|      ap_vld|                                                          p_0_0_0_0_0913_out|       pointer|
|p_0_23_0_0_0911_out          |  out|   16|      ap_vld|                                                         p_0_23_0_0_0911_out|       pointer|
|p_0_23_0_0_0911_out_ap_vld   |  out|    1|      ap_vld|                                                         p_0_23_0_0_0911_out|       pointer|
|p_0_22_0_0_0909_out          |  out|   16|      ap_vld|                                                         p_0_22_0_0_0909_out|       pointer|
|p_0_22_0_0_0909_out_ap_vld   |  out|    1|      ap_vld|                                                         p_0_22_0_0_0909_out|       pointer|
|p_0_21_0_0_0907_out          |  out|   16|      ap_vld|                                                         p_0_21_0_0_0907_out|       pointer|
|p_0_21_0_0_0907_out_ap_vld   |  out|    1|      ap_vld|                                                         p_0_21_0_0_0907_out|       pointer|
|p_0_20_0_0_0905_out          |  out|   16|      ap_vld|                                                         p_0_20_0_0_0905_out|       pointer|
|p_0_20_0_0_0905_out_ap_vld   |  out|    1|      ap_vld|                                                         p_0_20_0_0_0905_out|       pointer|
|p_0_19_0_0_0903_out          |  out|   16|      ap_vld|                                                         p_0_19_0_0_0903_out|       pointer|
|p_0_19_0_0_0903_out_ap_vld   |  out|    1|      ap_vld|                                                         p_0_19_0_0_0903_out|       pointer|
|p_0_18_0_0_0901_out          |  out|   16|      ap_vld|                                                         p_0_18_0_0_0901_out|       pointer|
|p_0_18_0_0_0901_out_ap_vld   |  out|    1|      ap_vld|                                                         p_0_18_0_0_0901_out|       pointer|
|p_0_17_0_0_0899_out          |  out|   16|      ap_vld|                                                         p_0_17_0_0_0899_out|       pointer|
|p_0_17_0_0_0899_out_ap_vld   |  out|    1|      ap_vld|                                                         p_0_17_0_0_0899_out|       pointer|
|p_0_16_0_0_0897_out          |  out|   16|      ap_vld|                                                         p_0_16_0_0_0897_out|       pointer|
|p_0_16_0_0_0897_out_ap_vld   |  out|    1|      ap_vld|                                                         p_0_16_0_0_0897_out|       pointer|
|p_0_15_0_0_0895_out          |  out|   16|      ap_vld|                                                         p_0_15_0_0_0895_out|       pointer|
|p_0_15_0_0_0895_out_ap_vld   |  out|    1|      ap_vld|                                                         p_0_15_0_0_0895_out|       pointer|
|p_0_14_0_0_0893_out          |  out|   16|      ap_vld|                                                         p_0_14_0_0_0893_out|       pointer|
|p_0_14_0_0_0893_out_ap_vld   |  out|    1|      ap_vld|                                                         p_0_14_0_0_0893_out|       pointer|
|p_0_13_0_0_0891_out          |  out|   16|      ap_vld|                                                         p_0_13_0_0_0891_out|       pointer|
|p_0_13_0_0_0891_out_ap_vld   |  out|    1|      ap_vld|                                                         p_0_13_0_0_0891_out|       pointer|
|p_0_12_0_0_0889_out          |  out|   16|      ap_vld|                                                         p_0_12_0_0_0889_out|       pointer|
|p_0_12_0_0_0889_out_ap_vld   |  out|    1|      ap_vld|                                                         p_0_12_0_0_0889_out|       pointer|
|p_0_11_0_0_0887_out          |  out|   16|      ap_vld|                                                         p_0_11_0_0_0887_out|       pointer|
|p_0_11_0_0_0887_out_ap_vld   |  out|    1|      ap_vld|                                                         p_0_11_0_0_0887_out|       pointer|
|p_0_10_0_0_0885_out          |  out|   16|      ap_vld|                                                         p_0_10_0_0_0885_out|       pointer|
|p_0_10_0_0_0885_out_ap_vld   |  out|    1|      ap_vld|                                                         p_0_10_0_0_0885_out|       pointer|
|p_0_9_0_0_0883_out           |  out|   16|      ap_vld|                                                          p_0_9_0_0_0883_out|       pointer|
|p_0_9_0_0_0883_out_ap_vld    |  out|    1|      ap_vld|                                                          p_0_9_0_0_0883_out|       pointer|
|p_0_8_0_0_0881_out           |  out|   16|      ap_vld|                                                          p_0_8_0_0_0881_out|       pointer|
|p_0_8_0_0_0881_out_ap_vld    |  out|    1|      ap_vld|                                                          p_0_8_0_0_0881_out|       pointer|
|p_0_7_0_0_0879_out           |  out|   16|      ap_vld|                                                          p_0_7_0_0_0879_out|       pointer|
|p_0_7_0_0_0879_out_ap_vld    |  out|    1|      ap_vld|                                                          p_0_7_0_0_0879_out|       pointer|
|p_0_6_0_0_0877_out           |  out|   16|      ap_vld|                                                          p_0_6_0_0_0877_out|       pointer|
|p_0_6_0_0_0877_out_ap_vld    |  out|    1|      ap_vld|                                                          p_0_6_0_0_0877_out|       pointer|
|p_0_5_0_0_0875_out           |  out|   16|      ap_vld|                                                          p_0_5_0_0_0875_out|       pointer|
|p_0_5_0_0_0875_out_ap_vld    |  out|    1|      ap_vld|                                                          p_0_5_0_0_0875_out|       pointer|
|p_0_4_0_0_0873_out           |  out|   16|      ap_vld|                                                          p_0_4_0_0_0873_out|       pointer|
|p_0_4_0_0_0873_out_ap_vld    |  out|    1|      ap_vld|                                                          p_0_4_0_0_0873_out|       pointer|
|p_0_3_0_0_0871_out           |  out|   16|      ap_vld|                                                          p_0_3_0_0_0871_out|       pointer|
|p_0_3_0_0_0871_out_ap_vld    |  out|    1|      ap_vld|                                                          p_0_3_0_0_0871_out|       pointer|
|p_0_2_0_0_0869_out           |  out|   16|      ap_vld|                                                          p_0_2_0_0_0869_out|       pointer|
|p_0_2_0_0_0869_out_ap_vld    |  out|    1|      ap_vld|                                                          p_0_2_0_0_0869_out|       pointer|
|p_0_1_0_0_0867_out           |  out|   16|      ap_vld|                                                          p_0_1_0_0_0867_out|       pointer|
|p_0_1_0_0_0867_out_ap_vld    |  out|    1|      ap_vld|                                                          p_0_1_0_0_0867_out|       pointer|
|p_0_0_0_0_0865_out           |  out|   16|      ap_vld|                                                          p_0_0_0_0_0865_out|       pointer|
|p_0_0_0_0_0865_out_ap_vld    |  out|    1|      ap_vld|                                                          p_0_0_0_0_0865_out|       pointer|
|p_0_23_0_0_0863_out          |  out|   16|      ap_vld|                                                         p_0_23_0_0_0863_out|       pointer|
|p_0_23_0_0_0863_out_ap_vld   |  out|    1|      ap_vld|                                                         p_0_23_0_0_0863_out|       pointer|
|p_0_22_0_0_0861_out          |  out|   16|      ap_vld|                                                         p_0_22_0_0_0861_out|       pointer|
|p_0_22_0_0_0861_out_ap_vld   |  out|    1|      ap_vld|                                                         p_0_22_0_0_0861_out|       pointer|
|p_0_21_0_0_0859_out          |  out|   16|      ap_vld|                                                         p_0_21_0_0_0859_out|       pointer|
|p_0_21_0_0_0859_out_ap_vld   |  out|    1|      ap_vld|                                                         p_0_21_0_0_0859_out|       pointer|
|p_0_20_0_0_0857_out          |  out|   16|      ap_vld|                                                         p_0_20_0_0_0857_out|       pointer|
|p_0_20_0_0_0857_out_ap_vld   |  out|    1|      ap_vld|                                                         p_0_20_0_0_0857_out|       pointer|
|p_0_19_0_0_0855_out          |  out|   16|      ap_vld|                                                         p_0_19_0_0_0855_out|       pointer|
|p_0_19_0_0_0855_out_ap_vld   |  out|    1|      ap_vld|                                                         p_0_19_0_0_0855_out|       pointer|
|p_0_18_0_0_0853_out          |  out|   16|      ap_vld|                                                         p_0_18_0_0_0853_out|       pointer|
|p_0_18_0_0_0853_out_ap_vld   |  out|    1|      ap_vld|                                                         p_0_18_0_0_0853_out|       pointer|
|p_0_17_0_0_0851_out          |  out|   16|      ap_vld|                                                         p_0_17_0_0_0851_out|       pointer|
|p_0_17_0_0_0851_out_ap_vld   |  out|    1|      ap_vld|                                                         p_0_17_0_0_0851_out|       pointer|
|p_0_16_0_0_0849_out          |  out|   16|      ap_vld|                                                         p_0_16_0_0_0849_out|       pointer|
|p_0_16_0_0_0849_out_ap_vld   |  out|    1|      ap_vld|                                                         p_0_16_0_0_0849_out|       pointer|
|p_0_15_0_0_0847_out          |  out|   16|      ap_vld|                                                         p_0_15_0_0_0847_out|       pointer|
|p_0_15_0_0_0847_out_ap_vld   |  out|    1|      ap_vld|                                                         p_0_15_0_0_0847_out|       pointer|
|p_0_14_0_0_0845_out          |  out|   16|      ap_vld|                                                         p_0_14_0_0_0845_out|       pointer|
|p_0_14_0_0_0845_out_ap_vld   |  out|    1|      ap_vld|                                                         p_0_14_0_0_0845_out|       pointer|
|p_0_13_0_0_0843_out          |  out|   16|      ap_vld|                                                         p_0_13_0_0_0843_out|       pointer|
|p_0_13_0_0_0843_out_ap_vld   |  out|    1|      ap_vld|                                                         p_0_13_0_0_0843_out|       pointer|
|p_0_12_0_0_0841_out          |  out|   16|      ap_vld|                                                         p_0_12_0_0_0841_out|       pointer|
|p_0_12_0_0_0841_out_ap_vld   |  out|    1|      ap_vld|                                                         p_0_12_0_0_0841_out|       pointer|
|p_0_11_0_0_0839_out          |  out|   16|      ap_vld|                                                         p_0_11_0_0_0839_out|       pointer|
|p_0_11_0_0_0839_out_ap_vld   |  out|    1|      ap_vld|                                                         p_0_11_0_0_0839_out|       pointer|
|p_0_10_0_0_0837_out          |  out|   16|      ap_vld|                                                         p_0_10_0_0_0837_out|       pointer|
|p_0_10_0_0_0837_out_ap_vld   |  out|    1|      ap_vld|                                                         p_0_10_0_0_0837_out|       pointer|
|p_0_9_0_0_0835_out           |  out|   16|      ap_vld|                                                          p_0_9_0_0_0835_out|       pointer|
|p_0_9_0_0_0835_out_ap_vld    |  out|    1|      ap_vld|                                                          p_0_9_0_0_0835_out|       pointer|
|p_0_8_0_0_0833_out           |  out|   16|      ap_vld|                                                          p_0_8_0_0_0833_out|       pointer|
|p_0_8_0_0_0833_out_ap_vld    |  out|    1|      ap_vld|                                                          p_0_8_0_0_0833_out|       pointer|
|p_0_7_0_0_0831_out           |  out|   16|      ap_vld|                                                          p_0_7_0_0_0831_out|       pointer|
|p_0_7_0_0_0831_out_ap_vld    |  out|    1|      ap_vld|                                                          p_0_7_0_0_0831_out|       pointer|
|p_0_6_0_0_0829_out           |  out|   16|      ap_vld|                                                          p_0_6_0_0_0829_out|       pointer|
|p_0_6_0_0_0829_out_ap_vld    |  out|    1|      ap_vld|                                                          p_0_6_0_0_0829_out|       pointer|
|p_0_5_0_0_0827_out           |  out|   16|      ap_vld|                                                          p_0_5_0_0_0827_out|       pointer|
|p_0_5_0_0_0827_out_ap_vld    |  out|    1|      ap_vld|                                                          p_0_5_0_0_0827_out|       pointer|
|p_0_4_0_0_0825_out           |  out|   16|      ap_vld|                                                          p_0_4_0_0_0825_out|       pointer|
|p_0_4_0_0_0825_out_ap_vld    |  out|    1|      ap_vld|                                                          p_0_4_0_0_0825_out|       pointer|
|p_0_3_0_0_0823_out           |  out|   16|      ap_vld|                                                          p_0_3_0_0_0823_out|       pointer|
|p_0_3_0_0_0823_out_ap_vld    |  out|    1|      ap_vld|                                                          p_0_3_0_0_0823_out|       pointer|
|p_0_2_0_0_0821_out           |  out|   16|      ap_vld|                                                          p_0_2_0_0_0821_out|       pointer|
|p_0_2_0_0_0821_out_ap_vld    |  out|    1|      ap_vld|                                                          p_0_2_0_0_0821_out|       pointer|
|p_0_1_0_0_0819_out           |  out|   16|      ap_vld|                                                          p_0_1_0_0_0819_out|       pointer|
|p_0_1_0_0_0819_out_ap_vld    |  out|    1|      ap_vld|                                                          p_0_1_0_0_0819_out|       pointer|
|p_0_0_0_0_0817_out           |  out|   16|      ap_vld|                                                          p_0_0_0_0_0817_out|       pointer|
|p_0_0_0_0_0817_out_ap_vld    |  out|    1|      ap_vld|                                                          p_0_0_0_0_0817_out|       pointer|
|p_0_23_0_0_0815_out          |  out|   16|      ap_vld|                                                         p_0_23_0_0_0815_out|       pointer|
|p_0_23_0_0_0815_out_ap_vld   |  out|    1|      ap_vld|                                                         p_0_23_0_0_0815_out|       pointer|
|p_0_22_0_0_0813_out          |  out|   16|      ap_vld|                                                         p_0_22_0_0_0813_out|       pointer|
|p_0_22_0_0_0813_out_ap_vld   |  out|    1|      ap_vld|                                                         p_0_22_0_0_0813_out|       pointer|
|p_0_21_0_0_0811_out          |  out|   16|      ap_vld|                                                         p_0_21_0_0_0811_out|       pointer|
|p_0_21_0_0_0811_out_ap_vld   |  out|    1|      ap_vld|                                                         p_0_21_0_0_0811_out|       pointer|
|p_0_20_0_0_0809_out          |  out|   16|      ap_vld|                                                         p_0_20_0_0_0809_out|       pointer|
|p_0_20_0_0_0809_out_ap_vld   |  out|    1|      ap_vld|                                                         p_0_20_0_0_0809_out|       pointer|
|p_0_19_0_0_0807_out          |  out|   16|      ap_vld|                                                         p_0_19_0_0_0807_out|       pointer|
|p_0_19_0_0_0807_out_ap_vld   |  out|    1|      ap_vld|                                                         p_0_19_0_0_0807_out|       pointer|
|p_0_18_0_0_0805_out          |  out|   16|      ap_vld|                                                         p_0_18_0_0_0805_out|       pointer|
|p_0_18_0_0_0805_out_ap_vld   |  out|    1|      ap_vld|                                                         p_0_18_0_0_0805_out|       pointer|
|p_0_17_0_0_0803_out          |  out|   16|      ap_vld|                                                         p_0_17_0_0_0803_out|       pointer|
|p_0_17_0_0_0803_out_ap_vld   |  out|    1|      ap_vld|                                                         p_0_17_0_0_0803_out|       pointer|
|p_0_16_0_0_0801_out          |  out|   16|      ap_vld|                                                         p_0_16_0_0_0801_out|       pointer|
|p_0_16_0_0_0801_out_ap_vld   |  out|    1|      ap_vld|                                                         p_0_16_0_0_0801_out|       pointer|
|p_0_15_0_0_0799_out          |  out|   16|      ap_vld|                                                         p_0_15_0_0_0799_out|       pointer|
|p_0_15_0_0_0799_out_ap_vld   |  out|    1|      ap_vld|                                                         p_0_15_0_0_0799_out|       pointer|
|p_0_14_0_0_0797_out          |  out|   16|      ap_vld|                                                         p_0_14_0_0_0797_out|       pointer|
|p_0_14_0_0_0797_out_ap_vld   |  out|    1|      ap_vld|                                                         p_0_14_0_0_0797_out|       pointer|
|p_0_13_0_0_0795_out          |  out|   16|      ap_vld|                                                         p_0_13_0_0_0795_out|       pointer|
|p_0_13_0_0_0795_out_ap_vld   |  out|    1|      ap_vld|                                                         p_0_13_0_0_0795_out|       pointer|
|p_0_12_0_0_0793_out          |  out|   16|      ap_vld|                                                         p_0_12_0_0_0793_out|       pointer|
|p_0_12_0_0_0793_out_ap_vld   |  out|    1|      ap_vld|                                                         p_0_12_0_0_0793_out|       pointer|
|p_0_11_0_0_0791_out          |  out|   16|      ap_vld|                                                         p_0_11_0_0_0791_out|       pointer|
|p_0_11_0_0_0791_out_ap_vld   |  out|    1|      ap_vld|                                                         p_0_11_0_0_0791_out|       pointer|
|p_0_10_0_0_0789_out          |  out|   16|      ap_vld|                                                         p_0_10_0_0_0789_out|       pointer|
|p_0_10_0_0_0789_out_ap_vld   |  out|    1|      ap_vld|                                                         p_0_10_0_0_0789_out|       pointer|
|p_0_9_0_0_0787_out           |  out|   16|      ap_vld|                                                          p_0_9_0_0_0787_out|       pointer|
|p_0_9_0_0_0787_out_ap_vld    |  out|    1|      ap_vld|                                                          p_0_9_0_0_0787_out|       pointer|
|p_0_8_0_0_0785_out           |  out|   16|      ap_vld|                                                          p_0_8_0_0_0785_out|       pointer|
|p_0_8_0_0_0785_out_ap_vld    |  out|    1|      ap_vld|                                                          p_0_8_0_0_0785_out|       pointer|
|p_0_7_0_0_0783_out           |  out|   16|      ap_vld|                                                          p_0_7_0_0_0783_out|       pointer|
|p_0_7_0_0_0783_out_ap_vld    |  out|    1|      ap_vld|                                                          p_0_7_0_0_0783_out|       pointer|
|p_0_6_0_0_0781_out           |  out|   16|      ap_vld|                                                          p_0_6_0_0_0781_out|       pointer|
|p_0_6_0_0_0781_out_ap_vld    |  out|    1|      ap_vld|                                                          p_0_6_0_0_0781_out|       pointer|
|p_0_5_0_0_0779_out           |  out|   16|      ap_vld|                                                          p_0_5_0_0_0779_out|       pointer|
|p_0_5_0_0_0779_out_ap_vld    |  out|    1|      ap_vld|                                                          p_0_5_0_0_0779_out|       pointer|
|p_0_4_0_0_0777_out           |  out|   16|      ap_vld|                                                          p_0_4_0_0_0777_out|       pointer|
|p_0_4_0_0_0777_out_ap_vld    |  out|    1|      ap_vld|                                                          p_0_4_0_0_0777_out|       pointer|
|p_0_3_0_0_0775_out           |  out|   16|      ap_vld|                                                          p_0_3_0_0_0775_out|       pointer|
|p_0_3_0_0_0775_out_ap_vld    |  out|    1|      ap_vld|                                                          p_0_3_0_0_0775_out|       pointer|
|p_0_2_0_0_0773_out           |  out|   16|      ap_vld|                                                          p_0_2_0_0_0773_out|       pointer|
|p_0_2_0_0_0773_out_ap_vld    |  out|    1|      ap_vld|                                                          p_0_2_0_0_0773_out|       pointer|
|p_0_1_0_0_0771_out           |  out|   16|      ap_vld|                                                          p_0_1_0_0_0771_out|       pointer|
|p_0_1_0_0_0771_out_ap_vld    |  out|    1|      ap_vld|                                                          p_0_1_0_0_0771_out|       pointer|
|p_0_0_0_0_0769_out           |  out|   16|      ap_vld|                                                          p_0_0_0_0_0769_out|       pointer|
|p_0_0_0_0_0769_out_ap_vld    |  out|    1|      ap_vld|                                                          p_0_0_0_0_0769_out|       pointer|
|p_0_23_0_0_0767_out          |  out|   16|      ap_vld|                                                         p_0_23_0_0_0767_out|       pointer|
|p_0_23_0_0_0767_out_ap_vld   |  out|    1|      ap_vld|                                                         p_0_23_0_0_0767_out|       pointer|
|p_0_22_0_0_0765_out          |  out|   16|      ap_vld|                                                         p_0_22_0_0_0765_out|       pointer|
|p_0_22_0_0_0765_out_ap_vld   |  out|    1|      ap_vld|                                                         p_0_22_0_0_0765_out|       pointer|
|p_0_21_0_0_0763_out          |  out|   16|      ap_vld|                                                         p_0_21_0_0_0763_out|       pointer|
|p_0_21_0_0_0763_out_ap_vld   |  out|    1|      ap_vld|                                                         p_0_21_0_0_0763_out|       pointer|
|p_0_20_0_0_0761_out          |  out|   16|      ap_vld|                                                         p_0_20_0_0_0761_out|       pointer|
|p_0_20_0_0_0761_out_ap_vld   |  out|    1|      ap_vld|                                                         p_0_20_0_0_0761_out|       pointer|
|p_0_19_0_0_0759_out          |  out|   16|      ap_vld|                                                         p_0_19_0_0_0759_out|       pointer|
|p_0_19_0_0_0759_out_ap_vld   |  out|    1|      ap_vld|                                                         p_0_19_0_0_0759_out|       pointer|
|p_0_18_0_0_0757_out          |  out|   16|      ap_vld|                                                         p_0_18_0_0_0757_out|       pointer|
|p_0_18_0_0_0757_out_ap_vld   |  out|    1|      ap_vld|                                                         p_0_18_0_0_0757_out|       pointer|
|p_0_17_0_0_0755_out          |  out|   16|      ap_vld|                                                         p_0_17_0_0_0755_out|       pointer|
|p_0_17_0_0_0755_out_ap_vld   |  out|    1|      ap_vld|                                                         p_0_17_0_0_0755_out|       pointer|
|p_0_16_0_0_0753_out          |  out|   16|      ap_vld|                                                         p_0_16_0_0_0753_out|       pointer|
|p_0_16_0_0_0753_out_ap_vld   |  out|    1|      ap_vld|                                                         p_0_16_0_0_0753_out|       pointer|
|p_0_15_0_0_0751_out          |  out|   16|      ap_vld|                                                         p_0_15_0_0_0751_out|       pointer|
|p_0_15_0_0_0751_out_ap_vld   |  out|    1|      ap_vld|                                                         p_0_15_0_0_0751_out|       pointer|
|p_0_14_0_0_0749_out          |  out|   16|      ap_vld|                                                         p_0_14_0_0_0749_out|       pointer|
|p_0_14_0_0_0749_out_ap_vld   |  out|    1|      ap_vld|                                                         p_0_14_0_0_0749_out|       pointer|
|p_0_13_0_0_0747_out          |  out|   16|      ap_vld|                                                         p_0_13_0_0_0747_out|       pointer|
|p_0_13_0_0_0747_out_ap_vld   |  out|    1|      ap_vld|                                                         p_0_13_0_0_0747_out|       pointer|
|p_0_12_0_0_0745_out          |  out|   16|      ap_vld|                                                         p_0_12_0_0_0745_out|       pointer|
|p_0_12_0_0_0745_out_ap_vld   |  out|    1|      ap_vld|                                                         p_0_12_0_0_0745_out|       pointer|
|p_0_11_0_0_0743_out          |  out|   16|      ap_vld|                                                         p_0_11_0_0_0743_out|       pointer|
|p_0_11_0_0_0743_out_ap_vld   |  out|    1|      ap_vld|                                                         p_0_11_0_0_0743_out|       pointer|
|p_0_10_0_0_0741_out          |  out|   16|      ap_vld|                                                         p_0_10_0_0_0741_out|       pointer|
|p_0_10_0_0_0741_out_ap_vld   |  out|    1|      ap_vld|                                                         p_0_10_0_0_0741_out|       pointer|
|p_0_9_0_0_0739_out           |  out|   16|      ap_vld|                                                          p_0_9_0_0_0739_out|       pointer|
|p_0_9_0_0_0739_out_ap_vld    |  out|    1|      ap_vld|                                                          p_0_9_0_0_0739_out|       pointer|
|p_0_8_0_0_0737_out           |  out|   16|      ap_vld|                                                          p_0_8_0_0_0737_out|       pointer|
|p_0_8_0_0_0737_out_ap_vld    |  out|    1|      ap_vld|                                                          p_0_8_0_0_0737_out|       pointer|
|p_0_7_0_0_0735_out           |  out|   16|      ap_vld|                                                          p_0_7_0_0_0735_out|       pointer|
|p_0_7_0_0_0735_out_ap_vld    |  out|    1|      ap_vld|                                                          p_0_7_0_0_0735_out|       pointer|
|p_0_6_0_0_0733_out           |  out|   16|      ap_vld|                                                          p_0_6_0_0_0733_out|       pointer|
|p_0_6_0_0_0733_out_ap_vld    |  out|    1|      ap_vld|                                                          p_0_6_0_0_0733_out|       pointer|
|p_0_5_0_0_0731_out           |  out|   16|      ap_vld|                                                          p_0_5_0_0_0731_out|       pointer|
|p_0_5_0_0_0731_out_ap_vld    |  out|    1|      ap_vld|                                                          p_0_5_0_0_0731_out|       pointer|
|p_0_4_0_0_0729_out           |  out|   16|      ap_vld|                                                          p_0_4_0_0_0729_out|       pointer|
|p_0_4_0_0_0729_out_ap_vld    |  out|    1|      ap_vld|                                                          p_0_4_0_0_0729_out|       pointer|
|p_0_3_0_0_0727_out           |  out|   16|      ap_vld|                                                          p_0_3_0_0_0727_out|       pointer|
|p_0_3_0_0_0727_out_ap_vld    |  out|    1|      ap_vld|                                                          p_0_3_0_0_0727_out|       pointer|
|p_0_2_0_0_0725_out           |  out|   16|      ap_vld|                                                          p_0_2_0_0_0725_out|       pointer|
|p_0_2_0_0_0725_out_ap_vld    |  out|    1|      ap_vld|                                                          p_0_2_0_0_0725_out|       pointer|
|p_0_1_0_0_0723_out           |  out|   16|      ap_vld|                                                          p_0_1_0_0_0723_out|       pointer|
|p_0_1_0_0_0723_out_ap_vld    |  out|    1|      ap_vld|                                                          p_0_1_0_0_0723_out|       pointer|
|p_0_0_0_0_0721_out           |  out|   16|      ap_vld|                                                          p_0_0_0_0_0721_out|       pointer|
|p_0_0_0_0_0721_out_ap_vld    |  out|    1|      ap_vld|                                                          p_0_0_0_0_0721_out|       pointer|
|p_0_23_0_0_0719_out          |  out|   16|      ap_vld|                                                         p_0_23_0_0_0719_out|       pointer|
|p_0_23_0_0_0719_out_ap_vld   |  out|    1|      ap_vld|                                                         p_0_23_0_0_0719_out|       pointer|
|p_0_22_0_0_0717_out          |  out|   16|      ap_vld|                                                         p_0_22_0_0_0717_out|       pointer|
|p_0_22_0_0_0717_out_ap_vld   |  out|    1|      ap_vld|                                                         p_0_22_0_0_0717_out|       pointer|
|p_0_21_0_0_0715_out          |  out|   16|      ap_vld|                                                         p_0_21_0_0_0715_out|       pointer|
|p_0_21_0_0_0715_out_ap_vld   |  out|    1|      ap_vld|                                                         p_0_21_0_0_0715_out|       pointer|
|p_0_20_0_0_0713_out          |  out|   16|      ap_vld|                                                         p_0_20_0_0_0713_out|       pointer|
|p_0_20_0_0_0713_out_ap_vld   |  out|    1|      ap_vld|                                                         p_0_20_0_0_0713_out|       pointer|
|p_0_19_0_0_0711_out          |  out|   16|      ap_vld|                                                         p_0_19_0_0_0711_out|       pointer|
|p_0_19_0_0_0711_out_ap_vld   |  out|    1|      ap_vld|                                                         p_0_19_0_0_0711_out|       pointer|
|p_0_18_0_0_0709_out          |  out|   16|      ap_vld|                                                         p_0_18_0_0_0709_out|       pointer|
|p_0_18_0_0_0709_out_ap_vld   |  out|    1|      ap_vld|                                                         p_0_18_0_0_0709_out|       pointer|
|p_0_17_0_0_0707_out          |  out|   16|      ap_vld|                                                         p_0_17_0_0_0707_out|       pointer|
|p_0_17_0_0_0707_out_ap_vld   |  out|    1|      ap_vld|                                                         p_0_17_0_0_0707_out|       pointer|
|p_0_16_0_0_0705_out          |  out|   16|      ap_vld|                                                         p_0_16_0_0_0705_out|       pointer|
|p_0_16_0_0_0705_out_ap_vld   |  out|    1|      ap_vld|                                                         p_0_16_0_0_0705_out|       pointer|
|p_0_15_0_0_0703_out          |  out|   16|      ap_vld|                                                         p_0_15_0_0_0703_out|       pointer|
|p_0_15_0_0_0703_out_ap_vld   |  out|    1|      ap_vld|                                                         p_0_15_0_0_0703_out|       pointer|
|p_0_14_0_0_0701_out          |  out|   16|      ap_vld|                                                         p_0_14_0_0_0701_out|       pointer|
|p_0_14_0_0_0701_out_ap_vld   |  out|    1|      ap_vld|                                                         p_0_14_0_0_0701_out|       pointer|
|p_0_13_0_0_0699_out          |  out|   16|      ap_vld|                                                         p_0_13_0_0_0699_out|       pointer|
|p_0_13_0_0_0699_out_ap_vld   |  out|    1|      ap_vld|                                                         p_0_13_0_0_0699_out|       pointer|
|p_0_12_0_0_0697_out          |  out|   16|      ap_vld|                                                         p_0_12_0_0_0697_out|       pointer|
|p_0_12_0_0_0697_out_ap_vld   |  out|    1|      ap_vld|                                                         p_0_12_0_0_0697_out|       pointer|
|p_0_11_0_0_0695_out          |  out|   16|      ap_vld|                                                         p_0_11_0_0_0695_out|       pointer|
|p_0_11_0_0_0695_out_ap_vld   |  out|    1|      ap_vld|                                                         p_0_11_0_0_0695_out|       pointer|
|p_0_10_0_0_0693_out          |  out|   16|      ap_vld|                                                         p_0_10_0_0_0693_out|       pointer|
|p_0_10_0_0_0693_out_ap_vld   |  out|    1|      ap_vld|                                                         p_0_10_0_0_0693_out|       pointer|
|p_0_9_0_0_0691_out           |  out|   16|      ap_vld|                                                          p_0_9_0_0_0691_out|       pointer|
|p_0_9_0_0_0691_out_ap_vld    |  out|    1|      ap_vld|                                                          p_0_9_0_0_0691_out|       pointer|
|p_0_8_0_0_0689_out           |  out|   16|      ap_vld|                                                          p_0_8_0_0_0689_out|       pointer|
|p_0_8_0_0_0689_out_ap_vld    |  out|    1|      ap_vld|                                                          p_0_8_0_0_0689_out|       pointer|
|p_0_7_0_0_0687_out           |  out|   16|      ap_vld|                                                          p_0_7_0_0_0687_out|       pointer|
|p_0_7_0_0_0687_out_ap_vld    |  out|    1|      ap_vld|                                                          p_0_7_0_0_0687_out|       pointer|
|p_0_6_0_0_0685_out           |  out|   16|      ap_vld|                                                          p_0_6_0_0_0685_out|       pointer|
|p_0_6_0_0_0685_out_ap_vld    |  out|    1|      ap_vld|                                                          p_0_6_0_0_0685_out|       pointer|
|p_0_5_0_0_0683_out           |  out|   16|      ap_vld|                                                          p_0_5_0_0_0683_out|       pointer|
|p_0_5_0_0_0683_out_ap_vld    |  out|    1|      ap_vld|                                                          p_0_5_0_0_0683_out|       pointer|
|p_0_4_0_0_0681_out           |  out|   16|      ap_vld|                                                          p_0_4_0_0_0681_out|       pointer|
|p_0_4_0_0_0681_out_ap_vld    |  out|    1|      ap_vld|                                                          p_0_4_0_0_0681_out|       pointer|
|p_0_3_0_0_0679_out           |  out|   16|      ap_vld|                                                          p_0_3_0_0_0679_out|       pointer|
|p_0_3_0_0_0679_out_ap_vld    |  out|    1|      ap_vld|                                                          p_0_3_0_0_0679_out|       pointer|
|p_0_2_0_0_0677_out           |  out|   16|      ap_vld|                                                          p_0_2_0_0_0677_out|       pointer|
|p_0_2_0_0_0677_out_ap_vld    |  out|    1|      ap_vld|                                                          p_0_2_0_0_0677_out|       pointer|
|p_0_1_0_0_0675_out           |  out|   16|      ap_vld|                                                          p_0_1_0_0_0675_out|       pointer|
|p_0_1_0_0_0675_out_ap_vld    |  out|    1|      ap_vld|                                                          p_0_1_0_0_0675_out|       pointer|
|p_0_0_0_0_0673_out           |  out|   16|      ap_vld|                                                          p_0_0_0_0_0673_out|       pointer|
|p_0_0_0_0_0673_out_ap_vld    |  out|    1|      ap_vld|                                                          p_0_0_0_0_0673_out|       pointer|
|p_0_23_0_0_0671_out          |  out|   16|      ap_vld|                                                         p_0_23_0_0_0671_out|       pointer|
|p_0_23_0_0_0671_out_ap_vld   |  out|    1|      ap_vld|                                                         p_0_23_0_0_0671_out|       pointer|
|p_0_22_0_0_0669_out          |  out|   16|      ap_vld|                                                         p_0_22_0_0_0669_out|       pointer|
|p_0_22_0_0_0669_out_ap_vld   |  out|    1|      ap_vld|                                                         p_0_22_0_0_0669_out|       pointer|
|p_0_21_0_0_0667_out          |  out|   16|      ap_vld|                                                         p_0_21_0_0_0667_out|       pointer|
|p_0_21_0_0_0667_out_ap_vld   |  out|    1|      ap_vld|                                                         p_0_21_0_0_0667_out|       pointer|
|p_0_20_0_0_0665_out          |  out|   16|      ap_vld|                                                         p_0_20_0_0_0665_out|       pointer|
|p_0_20_0_0_0665_out_ap_vld   |  out|    1|      ap_vld|                                                         p_0_20_0_0_0665_out|       pointer|
|p_0_19_0_0_0663_out          |  out|   16|      ap_vld|                                                         p_0_19_0_0_0663_out|       pointer|
|p_0_19_0_0_0663_out_ap_vld   |  out|    1|      ap_vld|                                                         p_0_19_0_0_0663_out|       pointer|
|p_0_18_0_0_0661_out          |  out|   16|      ap_vld|                                                         p_0_18_0_0_0661_out|       pointer|
|p_0_18_0_0_0661_out_ap_vld   |  out|    1|      ap_vld|                                                         p_0_18_0_0_0661_out|       pointer|
|p_0_17_0_0_0659_out          |  out|   16|      ap_vld|                                                         p_0_17_0_0_0659_out|       pointer|
|p_0_17_0_0_0659_out_ap_vld   |  out|    1|      ap_vld|                                                         p_0_17_0_0_0659_out|       pointer|
|p_0_16_0_0_0657_out          |  out|   16|      ap_vld|                                                         p_0_16_0_0_0657_out|       pointer|
|p_0_16_0_0_0657_out_ap_vld   |  out|    1|      ap_vld|                                                         p_0_16_0_0_0657_out|       pointer|
|p_0_15_0_0_0655_out          |  out|   16|      ap_vld|                                                         p_0_15_0_0_0655_out|       pointer|
|p_0_15_0_0_0655_out_ap_vld   |  out|    1|      ap_vld|                                                         p_0_15_0_0_0655_out|       pointer|
|p_0_14_0_0_0653_out          |  out|   16|      ap_vld|                                                         p_0_14_0_0_0653_out|       pointer|
|p_0_14_0_0_0653_out_ap_vld   |  out|    1|      ap_vld|                                                         p_0_14_0_0_0653_out|       pointer|
|p_0_13_0_0_0651_out          |  out|   16|      ap_vld|                                                         p_0_13_0_0_0651_out|       pointer|
|p_0_13_0_0_0651_out_ap_vld   |  out|    1|      ap_vld|                                                         p_0_13_0_0_0651_out|       pointer|
|p_0_12_0_0_0649_out          |  out|   16|      ap_vld|                                                         p_0_12_0_0_0649_out|       pointer|
|p_0_12_0_0_0649_out_ap_vld   |  out|    1|      ap_vld|                                                         p_0_12_0_0_0649_out|       pointer|
|p_0_11_0_0_0647_out          |  out|   16|      ap_vld|                                                         p_0_11_0_0_0647_out|       pointer|
|p_0_11_0_0_0647_out_ap_vld   |  out|    1|      ap_vld|                                                         p_0_11_0_0_0647_out|       pointer|
|p_0_10_0_0_0645_out          |  out|   16|      ap_vld|                                                         p_0_10_0_0_0645_out|       pointer|
|p_0_10_0_0_0645_out_ap_vld   |  out|    1|      ap_vld|                                                         p_0_10_0_0_0645_out|       pointer|
|p_0_9_0_0_0643_out           |  out|   16|      ap_vld|                                                          p_0_9_0_0_0643_out|       pointer|
|p_0_9_0_0_0643_out_ap_vld    |  out|    1|      ap_vld|                                                          p_0_9_0_0_0643_out|       pointer|
|p_0_8_0_0_0641_out           |  out|   16|      ap_vld|                                                          p_0_8_0_0_0641_out|       pointer|
|p_0_8_0_0_0641_out_ap_vld    |  out|    1|      ap_vld|                                                          p_0_8_0_0_0641_out|       pointer|
|p_0_7_0_0_0639_out           |  out|   16|      ap_vld|                                                          p_0_7_0_0_0639_out|       pointer|
|p_0_7_0_0_0639_out_ap_vld    |  out|    1|      ap_vld|                                                          p_0_7_0_0_0639_out|       pointer|
|p_0_6_0_0_0637_out           |  out|   16|      ap_vld|                                                          p_0_6_0_0_0637_out|       pointer|
|p_0_6_0_0_0637_out_ap_vld    |  out|    1|      ap_vld|                                                          p_0_6_0_0_0637_out|       pointer|
|p_0_5_0_0_0635_out           |  out|   16|      ap_vld|                                                          p_0_5_0_0_0635_out|       pointer|
|p_0_5_0_0_0635_out_ap_vld    |  out|    1|      ap_vld|                                                          p_0_5_0_0_0635_out|       pointer|
|p_0_4_0_0_0633_out           |  out|   16|      ap_vld|                                                          p_0_4_0_0_0633_out|       pointer|
|p_0_4_0_0_0633_out_ap_vld    |  out|    1|      ap_vld|                                                          p_0_4_0_0_0633_out|       pointer|
|p_0_3_0_0_0631_out           |  out|   16|      ap_vld|                                                          p_0_3_0_0_0631_out|       pointer|
|p_0_3_0_0_0631_out_ap_vld    |  out|    1|      ap_vld|                                                          p_0_3_0_0_0631_out|       pointer|
|p_0_2_0_0_0629_out           |  out|   16|      ap_vld|                                                          p_0_2_0_0_0629_out|       pointer|
|p_0_2_0_0_0629_out_ap_vld    |  out|    1|      ap_vld|                                                          p_0_2_0_0_0629_out|       pointer|
|p_0_1_0_0_0627_out           |  out|   16|      ap_vld|                                                          p_0_1_0_0_0627_out|       pointer|
|p_0_1_0_0_0627_out_ap_vld    |  out|    1|      ap_vld|                                                          p_0_1_0_0_0627_out|       pointer|
|p_0_0_0_0_0625_out           |  out|   16|      ap_vld|                                                          p_0_0_0_0_0625_out|       pointer|
|p_0_0_0_0_0625_out_ap_vld    |  out|    1|      ap_vld|                                                          p_0_0_0_0_0625_out|       pointer|
|p_0_23_0_0_0623_out          |  out|   16|      ap_vld|                                                         p_0_23_0_0_0623_out|       pointer|
|p_0_23_0_0_0623_out_ap_vld   |  out|    1|      ap_vld|                                                         p_0_23_0_0_0623_out|       pointer|
|p_0_22_0_0_0621_out          |  out|   16|      ap_vld|                                                         p_0_22_0_0_0621_out|       pointer|
|p_0_22_0_0_0621_out_ap_vld   |  out|    1|      ap_vld|                                                         p_0_22_0_0_0621_out|       pointer|
|p_0_21_0_0_0619_out          |  out|   16|      ap_vld|                                                         p_0_21_0_0_0619_out|       pointer|
|p_0_21_0_0_0619_out_ap_vld   |  out|    1|      ap_vld|                                                         p_0_21_0_0_0619_out|       pointer|
|p_0_20_0_0_0617_out          |  out|   16|      ap_vld|                                                         p_0_20_0_0_0617_out|       pointer|
|p_0_20_0_0_0617_out_ap_vld   |  out|    1|      ap_vld|                                                         p_0_20_0_0_0617_out|       pointer|
|p_0_19_0_0_0615_out          |  out|   16|      ap_vld|                                                         p_0_19_0_0_0615_out|       pointer|
|p_0_19_0_0_0615_out_ap_vld   |  out|    1|      ap_vld|                                                         p_0_19_0_0_0615_out|       pointer|
|p_0_18_0_0_0613_out          |  out|   16|      ap_vld|                                                         p_0_18_0_0_0613_out|       pointer|
|p_0_18_0_0_0613_out_ap_vld   |  out|    1|      ap_vld|                                                         p_0_18_0_0_0613_out|       pointer|
|p_0_17_0_0_0611_out          |  out|   16|      ap_vld|                                                         p_0_17_0_0_0611_out|       pointer|
|p_0_17_0_0_0611_out_ap_vld   |  out|    1|      ap_vld|                                                         p_0_17_0_0_0611_out|       pointer|
|p_0_16_0_0_0609_out          |  out|   16|      ap_vld|                                                         p_0_16_0_0_0609_out|       pointer|
|p_0_16_0_0_0609_out_ap_vld   |  out|    1|      ap_vld|                                                         p_0_16_0_0_0609_out|       pointer|
|p_0_15_0_0_0607_out          |  out|   16|      ap_vld|                                                         p_0_15_0_0_0607_out|       pointer|
|p_0_15_0_0_0607_out_ap_vld   |  out|    1|      ap_vld|                                                         p_0_15_0_0_0607_out|       pointer|
|p_0_14_0_0_0605_out          |  out|   16|      ap_vld|                                                         p_0_14_0_0_0605_out|       pointer|
|p_0_14_0_0_0605_out_ap_vld   |  out|    1|      ap_vld|                                                         p_0_14_0_0_0605_out|       pointer|
|p_0_13_0_0_0603_out          |  out|   16|      ap_vld|                                                         p_0_13_0_0_0603_out|       pointer|
|p_0_13_0_0_0603_out_ap_vld   |  out|    1|      ap_vld|                                                         p_0_13_0_0_0603_out|       pointer|
|p_0_12_0_0_0601_out          |  out|   16|      ap_vld|                                                         p_0_12_0_0_0601_out|       pointer|
|p_0_12_0_0_0601_out_ap_vld   |  out|    1|      ap_vld|                                                         p_0_12_0_0_0601_out|       pointer|
|p_0_11_0_0_0599_out          |  out|   16|      ap_vld|                                                         p_0_11_0_0_0599_out|       pointer|
|p_0_11_0_0_0599_out_ap_vld   |  out|    1|      ap_vld|                                                         p_0_11_0_0_0599_out|       pointer|
|p_0_10_0_0_0597_out          |  out|   16|      ap_vld|                                                         p_0_10_0_0_0597_out|       pointer|
|p_0_10_0_0_0597_out_ap_vld   |  out|    1|      ap_vld|                                                         p_0_10_0_0_0597_out|       pointer|
|p_0_9_0_0_0595_out           |  out|   16|      ap_vld|                                                          p_0_9_0_0_0595_out|       pointer|
|p_0_9_0_0_0595_out_ap_vld    |  out|    1|      ap_vld|                                                          p_0_9_0_0_0595_out|       pointer|
|p_0_8_0_0_0593_out           |  out|   16|      ap_vld|                                                          p_0_8_0_0_0593_out|       pointer|
|p_0_8_0_0_0593_out_ap_vld    |  out|    1|      ap_vld|                                                          p_0_8_0_0_0593_out|       pointer|
|p_0_7_0_0_0591_out           |  out|   16|      ap_vld|                                                          p_0_7_0_0_0591_out|       pointer|
|p_0_7_0_0_0591_out_ap_vld    |  out|    1|      ap_vld|                                                          p_0_7_0_0_0591_out|       pointer|
|p_0_6_0_0_0589_out           |  out|   16|      ap_vld|                                                          p_0_6_0_0_0589_out|       pointer|
|p_0_6_0_0_0589_out_ap_vld    |  out|    1|      ap_vld|                                                          p_0_6_0_0_0589_out|       pointer|
|p_0_5_0_0_0587_out           |  out|   16|      ap_vld|                                                          p_0_5_0_0_0587_out|       pointer|
|p_0_5_0_0_0587_out_ap_vld    |  out|    1|      ap_vld|                                                          p_0_5_0_0_0587_out|       pointer|
|p_0_4_0_0_0585_out           |  out|   16|      ap_vld|                                                          p_0_4_0_0_0585_out|       pointer|
|p_0_4_0_0_0585_out_ap_vld    |  out|    1|      ap_vld|                                                          p_0_4_0_0_0585_out|       pointer|
|p_0_3_0_0_0583_out           |  out|   16|      ap_vld|                                                          p_0_3_0_0_0583_out|       pointer|
|p_0_3_0_0_0583_out_ap_vld    |  out|    1|      ap_vld|                                                          p_0_3_0_0_0583_out|       pointer|
|p_0_2_0_0_0581_out           |  out|   16|      ap_vld|                                                          p_0_2_0_0_0581_out|       pointer|
|p_0_2_0_0_0581_out_ap_vld    |  out|    1|      ap_vld|                                                          p_0_2_0_0_0581_out|       pointer|
|p_0_1_0_0_0579_out           |  out|   16|      ap_vld|                                                          p_0_1_0_0_0579_out|       pointer|
|p_0_1_0_0_0579_out_ap_vld    |  out|    1|      ap_vld|                                                          p_0_1_0_0_0579_out|       pointer|
|p_0_0_0_0_0577_out           |  out|   16|      ap_vld|                                                          p_0_0_0_0_0577_out|       pointer|
|p_0_0_0_0_0577_out_ap_vld    |  out|    1|      ap_vld|                                                          p_0_0_0_0_0577_out|       pointer|
|p_0_23_0_0_0575_out          |  out|   16|      ap_vld|                                                         p_0_23_0_0_0575_out|       pointer|
|p_0_23_0_0_0575_out_ap_vld   |  out|    1|      ap_vld|                                                         p_0_23_0_0_0575_out|       pointer|
|p_0_22_0_0_0573_out          |  out|   16|      ap_vld|                                                         p_0_22_0_0_0573_out|       pointer|
|p_0_22_0_0_0573_out_ap_vld   |  out|    1|      ap_vld|                                                         p_0_22_0_0_0573_out|       pointer|
|p_0_21_0_0_0571_out          |  out|   16|      ap_vld|                                                         p_0_21_0_0_0571_out|       pointer|
|p_0_21_0_0_0571_out_ap_vld   |  out|    1|      ap_vld|                                                         p_0_21_0_0_0571_out|       pointer|
|p_0_20_0_0_0569_out          |  out|   16|      ap_vld|                                                         p_0_20_0_0_0569_out|       pointer|
|p_0_20_0_0_0569_out_ap_vld   |  out|    1|      ap_vld|                                                         p_0_20_0_0_0569_out|       pointer|
|p_0_19_0_0_0567_out          |  out|   16|      ap_vld|                                                         p_0_19_0_0_0567_out|       pointer|
|p_0_19_0_0_0567_out_ap_vld   |  out|    1|      ap_vld|                                                         p_0_19_0_0_0567_out|       pointer|
|p_0_18_0_0_0565_out          |  out|   16|      ap_vld|                                                         p_0_18_0_0_0565_out|       pointer|
|p_0_18_0_0_0565_out_ap_vld   |  out|    1|      ap_vld|                                                         p_0_18_0_0_0565_out|       pointer|
|p_0_17_0_0_0563_out          |  out|   16|      ap_vld|                                                         p_0_17_0_0_0563_out|       pointer|
|p_0_17_0_0_0563_out_ap_vld   |  out|    1|      ap_vld|                                                         p_0_17_0_0_0563_out|       pointer|
|p_0_16_0_0_0561_out          |  out|   16|      ap_vld|                                                         p_0_16_0_0_0561_out|       pointer|
|p_0_16_0_0_0561_out_ap_vld   |  out|    1|      ap_vld|                                                         p_0_16_0_0_0561_out|       pointer|
|p_0_15_0_0_0559_out          |  out|   16|      ap_vld|                                                         p_0_15_0_0_0559_out|       pointer|
|p_0_15_0_0_0559_out_ap_vld   |  out|    1|      ap_vld|                                                         p_0_15_0_0_0559_out|       pointer|
|p_0_14_0_0_0557_out          |  out|   16|      ap_vld|                                                         p_0_14_0_0_0557_out|       pointer|
|p_0_14_0_0_0557_out_ap_vld   |  out|    1|      ap_vld|                                                         p_0_14_0_0_0557_out|       pointer|
|p_0_13_0_0_0555_out          |  out|   16|      ap_vld|                                                         p_0_13_0_0_0555_out|       pointer|
|p_0_13_0_0_0555_out_ap_vld   |  out|    1|      ap_vld|                                                         p_0_13_0_0_0555_out|       pointer|
|p_0_12_0_0_0553_out          |  out|   16|      ap_vld|                                                         p_0_12_0_0_0553_out|       pointer|
|p_0_12_0_0_0553_out_ap_vld   |  out|    1|      ap_vld|                                                         p_0_12_0_0_0553_out|       pointer|
|p_0_11_0_0_0551_out          |  out|   16|      ap_vld|                                                         p_0_11_0_0_0551_out|       pointer|
|p_0_11_0_0_0551_out_ap_vld   |  out|    1|      ap_vld|                                                         p_0_11_0_0_0551_out|       pointer|
|p_0_10_0_0_0549_out          |  out|   16|      ap_vld|                                                         p_0_10_0_0_0549_out|       pointer|
|p_0_10_0_0_0549_out_ap_vld   |  out|    1|      ap_vld|                                                         p_0_10_0_0_0549_out|       pointer|
|p_0_9_0_0_0547_out           |  out|   16|      ap_vld|                                                          p_0_9_0_0_0547_out|       pointer|
|p_0_9_0_0_0547_out_ap_vld    |  out|    1|      ap_vld|                                                          p_0_9_0_0_0547_out|       pointer|
|p_0_8_0_0_0545_out           |  out|   16|      ap_vld|                                                          p_0_8_0_0_0545_out|       pointer|
|p_0_8_0_0_0545_out_ap_vld    |  out|    1|      ap_vld|                                                          p_0_8_0_0_0545_out|       pointer|
|p_0_7_0_0_0543_out           |  out|   16|      ap_vld|                                                          p_0_7_0_0_0543_out|       pointer|
|p_0_7_0_0_0543_out_ap_vld    |  out|    1|      ap_vld|                                                          p_0_7_0_0_0543_out|       pointer|
|p_0_6_0_0_0541_out           |  out|   16|      ap_vld|                                                          p_0_6_0_0_0541_out|       pointer|
|p_0_6_0_0_0541_out_ap_vld    |  out|    1|      ap_vld|                                                          p_0_6_0_0_0541_out|       pointer|
|p_0_5_0_0_0539_out           |  out|   16|      ap_vld|                                                          p_0_5_0_0_0539_out|       pointer|
|p_0_5_0_0_0539_out_ap_vld    |  out|    1|      ap_vld|                                                          p_0_5_0_0_0539_out|       pointer|
|p_0_4_0_0_0537_out           |  out|   16|      ap_vld|                                                          p_0_4_0_0_0537_out|       pointer|
|p_0_4_0_0_0537_out_ap_vld    |  out|    1|      ap_vld|                                                          p_0_4_0_0_0537_out|       pointer|
|p_0_3_0_0_0535_out           |  out|   16|      ap_vld|                                                          p_0_3_0_0_0535_out|       pointer|
|p_0_3_0_0_0535_out_ap_vld    |  out|    1|      ap_vld|                                                          p_0_3_0_0_0535_out|       pointer|
|p_0_2_0_0_0533_out           |  out|   16|      ap_vld|                                                          p_0_2_0_0_0533_out|       pointer|
|p_0_2_0_0_0533_out_ap_vld    |  out|    1|      ap_vld|                                                          p_0_2_0_0_0533_out|       pointer|
|p_0_1_0_0_0531_out           |  out|   16|      ap_vld|                                                          p_0_1_0_0_0531_out|       pointer|
|p_0_1_0_0_0531_out_ap_vld    |  out|    1|      ap_vld|                                                          p_0_1_0_0_0531_out|       pointer|
|p_0_0_0_0_0529_out           |  out|   16|      ap_vld|                                                          p_0_0_0_0_0529_out|       pointer|
|p_0_0_0_0_0529_out_ap_vld    |  out|    1|      ap_vld|                                                          p_0_0_0_0_0529_out|       pointer|
|p_0_23_0_0_0527_out          |  out|   16|      ap_vld|                                                         p_0_23_0_0_0527_out|       pointer|
|p_0_23_0_0_0527_out_ap_vld   |  out|    1|      ap_vld|                                                         p_0_23_0_0_0527_out|       pointer|
|p_0_22_0_0_0525_out          |  out|   16|      ap_vld|                                                         p_0_22_0_0_0525_out|       pointer|
|p_0_22_0_0_0525_out_ap_vld   |  out|    1|      ap_vld|                                                         p_0_22_0_0_0525_out|       pointer|
|p_0_21_0_0_0523_out          |  out|   16|      ap_vld|                                                         p_0_21_0_0_0523_out|       pointer|
|p_0_21_0_0_0523_out_ap_vld   |  out|    1|      ap_vld|                                                         p_0_21_0_0_0523_out|       pointer|
|p_0_20_0_0_0521_out          |  out|   16|      ap_vld|                                                         p_0_20_0_0_0521_out|       pointer|
|p_0_20_0_0_0521_out_ap_vld   |  out|    1|      ap_vld|                                                         p_0_20_0_0_0521_out|       pointer|
|p_0_19_0_0_0519_out          |  out|   16|      ap_vld|                                                         p_0_19_0_0_0519_out|       pointer|
|p_0_19_0_0_0519_out_ap_vld   |  out|    1|      ap_vld|                                                         p_0_19_0_0_0519_out|       pointer|
|p_0_18_0_0_0517_out          |  out|   16|      ap_vld|                                                         p_0_18_0_0_0517_out|       pointer|
|p_0_18_0_0_0517_out_ap_vld   |  out|    1|      ap_vld|                                                         p_0_18_0_0_0517_out|       pointer|
|p_0_17_0_0_0515_out          |  out|   16|      ap_vld|                                                         p_0_17_0_0_0515_out|       pointer|
|p_0_17_0_0_0515_out_ap_vld   |  out|    1|      ap_vld|                                                         p_0_17_0_0_0515_out|       pointer|
|p_0_16_0_0_0513_out          |  out|   16|      ap_vld|                                                         p_0_16_0_0_0513_out|       pointer|
|p_0_16_0_0_0513_out_ap_vld   |  out|    1|      ap_vld|                                                         p_0_16_0_0_0513_out|       pointer|
|p_0_15_0_0_0511_out          |  out|   16|      ap_vld|                                                         p_0_15_0_0_0511_out|       pointer|
|p_0_15_0_0_0511_out_ap_vld   |  out|    1|      ap_vld|                                                         p_0_15_0_0_0511_out|       pointer|
|p_0_14_0_0_0509_out          |  out|   16|      ap_vld|                                                         p_0_14_0_0_0509_out|       pointer|
|p_0_14_0_0_0509_out_ap_vld   |  out|    1|      ap_vld|                                                         p_0_14_0_0_0509_out|       pointer|
|p_0_13_0_0_0507_out          |  out|   16|      ap_vld|                                                         p_0_13_0_0_0507_out|       pointer|
|p_0_13_0_0_0507_out_ap_vld   |  out|    1|      ap_vld|                                                         p_0_13_0_0_0507_out|       pointer|
|p_0_12_0_0_0505_out          |  out|   16|      ap_vld|                                                         p_0_12_0_0_0505_out|       pointer|
|p_0_12_0_0_0505_out_ap_vld   |  out|    1|      ap_vld|                                                         p_0_12_0_0_0505_out|       pointer|
|p_0_11_0_0_0503_out          |  out|   16|      ap_vld|                                                         p_0_11_0_0_0503_out|       pointer|
|p_0_11_0_0_0503_out_ap_vld   |  out|    1|      ap_vld|                                                         p_0_11_0_0_0503_out|       pointer|
|p_0_10_0_0_0501_out          |  out|   16|      ap_vld|                                                         p_0_10_0_0_0501_out|       pointer|
|p_0_10_0_0_0501_out_ap_vld   |  out|    1|      ap_vld|                                                         p_0_10_0_0_0501_out|       pointer|
|p_0_9_0_0_0499_out           |  out|   16|      ap_vld|                                                          p_0_9_0_0_0499_out|       pointer|
|p_0_9_0_0_0499_out_ap_vld    |  out|    1|      ap_vld|                                                          p_0_9_0_0_0499_out|       pointer|
|p_0_8_0_0_0497_out           |  out|   16|      ap_vld|                                                          p_0_8_0_0_0497_out|       pointer|
|p_0_8_0_0_0497_out_ap_vld    |  out|    1|      ap_vld|                                                          p_0_8_0_0_0497_out|       pointer|
|p_0_7_0_0_0495_out           |  out|   16|      ap_vld|                                                          p_0_7_0_0_0495_out|       pointer|
|p_0_7_0_0_0495_out_ap_vld    |  out|    1|      ap_vld|                                                          p_0_7_0_0_0495_out|       pointer|
|p_0_6_0_0_0493_out           |  out|   16|      ap_vld|                                                          p_0_6_0_0_0493_out|       pointer|
|p_0_6_0_0_0493_out_ap_vld    |  out|    1|      ap_vld|                                                          p_0_6_0_0_0493_out|       pointer|
|p_0_5_0_0_0491_out           |  out|   16|      ap_vld|                                                          p_0_5_0_0_0491_out|       pointer|
|p_0_5_0_0_0491_out_ap_vld    |  out|    1|      ap_vld|                                                          p_0_5_0_0_0491_out|       pointer|
|p_0_4_0_0_0489_out           |  out|   16|      ap_vld|                                                          p_0_4_0_0_0489_out|       pointer|
|p_0_4_0_0_0489_out_ap_vld    |  out|    1|      ap_vld|                                                          p_0_4_0_0_0489_out|       pointer|
|p_0_3_0_0_0487_out           |  out|   16|      ap_vld|                                                          p_0_3_0_0_0487_out|       pointer|
|p_0_3_0_0_0487_out_ap_vld    |  out|    1|      ap_vld|                                                          p_0_3_0_0_0487_out|       pointer|
|p_0_2_0_0_0485_out           |  out|   16|      ap_vld|                                                          p_0_2_0_0_0485_out|       pointer|
|p_0_2_0_0_0485_out_ap_vld    |  out|    1|      ap_vld|                                                          p_0_2_0_0_0485_out|       pointer|
|p_0_1_0_0_0483_out           |  out|   16|      ap_vld|                                                          p_0_1_0_0_0483_out|       pointer|
|p_0_1_0_0_0483_out_ap_vld    |  out|    1|      ap_vld|                                                          p_0_1_0_0_0483_out|       pointer|
|p_0_0_0_0_0481_out           |  out|   16|      ap_vld|                                                          p_0_0_0_0_0481_out|       pointer|
|p_0_0_0_0_0481_out_ap_vld    |  out|    1|      ap_vld|                                                          p_0_0_0_0_0481_out|       pointer|
|p_0_23_0_0_0479_out          |  out|   16|      ap_vld|                                                         p_0_23_0_0_0479_out|       pointer|
|p_0_23_0_0_0479_out_ap_vld   |  out|    1|      ap_vld|                                                         p_0_23_0_0_0479_out|       pointer|
|p_0_22_0_0_0477_out          |  out|   16|      ap_vld|                                                         p_0_22_0_0_0477_out|       pointer|
|p_0_22_0_0_0477_out_ap_vld   |  out|    1|      ap_vld|                                                         p_0_22_0_0_0477_out|       pointer|
|p_0_21_0_0_0475_out          |  out|   16|      ap_vld|                                                         p_0_21_0_0_0475_out|       pointer|
|p_0_21_0_0_0475_out_ap_vld   |  out|    1|      ap_vld|                                                         p_0_21_0_0_0475_out|       pointer|
|p_0_20_0_0_0473_out          |  out|   16|      ap_vld|                                                         p_0_20_0_0_0473_out|       pointer|
|p_0_20_0_0_0473_out_ap_vld   |  out|    1|      ap_vld|                                                         p_0_20_0_0_0473_out|       pointer|
|p_0_19_0_0_0471_out          |  out|   16|      ap_vld|                                                         p_0_19_0_0_0471_out|       pointer|
|p_0_19_0_0_0471_out_ap_vld   |  out|    1|      ap_vld|                                                         p_0_19_0_0_0471_out|       pointer|
|p_0_18_0_0_0469_out          |  out|   16|      ap_vld|                                                         p_0_18_0_0_0469_out|       pointer|
|p_0_18_0_0_0469_out_ap_vld   |  out|    1|      ap_vld|                                                         p_0_18_0_0_0469_out|       pointer|
|p_0_17_0_0_0467_out          |  out|   16|      ap_vld|                                                         p_0_17_0_0_0467_out|       pointer|
|p_0_17_0_0_0467_out_ap_vld   |  out|    1|      ap_vld|                                                         p_0_17_0_0_0467_out|       pointer|
|p_0_16_0_0_0465_out          |  out|   16|      ap_vld|                                                         p_0_16_0_0_0465_out|       pointer|
|p_0_16_0_0_0465_out_ap_vld   |  out|    1|      ap_vld|                                                         p_0_16_0_0_0465_out|       pointer|
|p_0_15_0_0_0463_out          |  out|   16|      ap_vld|                                                         p_0_15_0_0_0463_out|       pointer|
|p_0_15_0_0_0463_out_ap_vld   |  out|    1|      ap_vld|                                                         p_0_15_0_0_0463_out|       pointer|
|p_0_14_0_0_0461_out          |  out|   16|      ap_vld|                                                         p_0_14_0_0_0461_out|       pointer|
|p_0_14_0_0_0461_out_ap_vld   |  out|    1|      ap_vld|                                                         p_0_14_0_0_0461_out|       pointer|
|p_0_13_0_0_0459_out          |  out|   16|      ap_vld|                                                         p_0_13_0_0_0459_out|       pointer|
|p_0_13_0_0_0459_out_ap_vld   |  out|    1|      ap_vld|                                                         p_0_13_0_0_0459_out|       pointer|
|p_0_12_0_0_0457_out          |  out|   16|      ap_vld|                                                         p_0_12_0_0_0457_out|       pointer|
|p_0_12_0_0_0457_out_ap_vld   |  out|    1|      ap_vld|                                                         p_0_12_0_0_0457_out|       pointer|
|p_0_11_0_0_0455_out          |  out|   16|      ap_vld|                                                         p_0_11_0_0_0455_out|       pointer|
|p_0_11_0_0_0455_out_ap_vld   |  out|    1|      ap_vld|                                                         p_0_11_0_0_0455_out|       pointer|
|p_0_10_0_0_0453_out          |  out|   16|      ap_vld|                                                         p_0_10_0_0_0453_out|       pointer|
|p_0_10_0_0_0453_out_ap_vld   |  out|    1|      ap_vld|                                                         p_0_10_0_0_0453_out|       pointer|
|p_0_9_0_0_0451_out           |  out|   16|      ap_vld|                                                          p_0_9_0_0_0451_out|       pointer|
|p_0_9_0_0_0451_out_ap_vld    |  out|    1|      ap_vld|                                                          p_0_9_0_0_0451_out|       pointer|
|p_0_8_0_0_0449_out           |  out|   16|      ap_vld|                                                          p_0_8_0_0_0449_out|       pointer|
|p_0_8_0_0_0449_out_ap_vld    |  out|    1|      ap_vld|                                                          p_0_8_0_0_0449_out|       pointer|
|p_0_7_0_0_0447_out           |  out|   16|      ap_vld|                                                          p_0_7_0_0_0447_out|       pointer|
|p_0_7_0_0_0447_out_ap_vld    |  out|    1|      ap_vld|                                                          p_0_7_0_0_0447_out|       pointer|
|p_0_6_0_0_0445_out           |  out|   16|      ap_vld|                                                          p_0_6_0_0_0445_out|       pointer|
|p_0_6_0_0_0445_out_ap_vld    |  out|    1|      ap_vld|                                                          p_0_6_0_0_0445_out|       pointer|
|p_0_5_0_0_0443_out           |  out|   16|      ap_vld|                                                          p_0_5_0_0_0443_out|       pointer|
|p_0_5_0_0_0443_out_ap_vld    |  out|    1|      ap_vld|                                                          p_0_5_0_0_0443_out|       pointer|
|p_0_4_0_0_0441_out           |  out|   16|      ap_vld|                                                          p_0_4_0_0_0441_out|       pointer|
|p_0_4_0_0_0441_out_ap_vld    |  out|    1|      ap_vld|                                                          p_0_4_0_0_0441_out|       pointer|
|p_0_3_0_0_0439_out           |  out|   16|      ap_vld|                                                          p_0_3_0_0_0439_out|       pointer|
|p_0_3_0_0_0439_out_ap_vld    |  out|    1|      ap_vld|                                                          p_0_3_0_0_0439_out|       pointer|
|p_0_2_0_0_0437_out           |  out|   16|      ap_vld|                                                          p_0_2_0_0_0437_out|       pointer|
|p_0_2_0_0_0437_out_ap_vld    |  out|    1|      ap_vld|                                                          p_0_2_0_0_0437_out|       pointer|
|p_0_1_0_0_0435_out           |  out|   16|      ap_vld|                                                          p_0_1_0_0_0435_out|       pointer|
|p_0_1_0_0_0435_out_ap_vld    |  out|    1|      ap_vld|                                                          p_0_1_0_0_0435_out|       pointer|
|p_0_0_0_0_0433_out           |  out|   16|      ap_vld|                                                          p_0_0_0_0_0433_out|       pointer|
|p_0_0_0_0_0433_out_ap_vld    |  out|    1|      ap_vld|                                                          p_0_0_0_0_0433_out|       pointer|
|p_0_23_0_0_0431_out          |  out|   16|      ap_vld|                                                         p_0_23_0_0_0431_out|       pointer|
|p_0_23_0_0_0431_out_ap_vld   |  out|    1|      ap_vld|                                                         p_0_23_0_0_0431_out|       pointer|
|p_0_22_0_0_0429_out          |  out|   16|      ap_vld|                                                         p_0_22_0_0_0429_out|       pointer|
|p_0_22_0_0_0429_out_ap_vld   |  out|    1|      ap_vld|                                                         p_0_22_0_0_0429_out|       pointer|
|p_0_21_0_0_0427_out          |  out|   16|      ap_vld|                                                         p_0_21_0_0_0427_out|       pointer|
|p_0_21_0_0_0427_out_ap_vld   |  out|    1|      ap_vld|                                                         p_0_21_0_0_0427_out|       pointer|
|p_0_20_0_0_0425_out          |  out|   16|      ap_vld|                                                         p_0_20_0_0_0425_out|       pointer|
|p_0_20_0_0_0425_out_ap_vld   |  out|    1|      ap_vld|                                                         p_0_20_0_0_0425_out|       pointer|
|p_0_19_0_0_0423_out          |  out|   16|      ap_vld|                                                         p_0_19_0_0_0423_out|       pointer|
|p_0_19_0_0_0423_out_ap_vld   |  out|    1|      ap_vld|                                                         p_0_19_0_0_0423_out|       pointer|
|p_0_18_0_0_0421_out          |  out|   16|      ap_vld|                                                         p_0_18_0_0_0421_out|       pointer|
|p_0_18_0_0_0421_out_ap_vld   |  out|    1|      ap_vld|                                                         p_0_18_0_0_0421_out|       pointer|
|p_0_17_0_0_0419_out          |  out|   16|      ap_vld|                                                         p_0_17_0_0_0419_out|       pointer|
|p_0_17_0_0_0419_out_ap_vld   |  out|    1|      ap_vld|                                                         p_0_17_0_0_0419_out|       pointer|
|p_0_16_0_0_0417_out          |  out|   16|      ap_vld|                                                         p_0_16_0_0_0417_out|       pointer|
|p_0_16_0_0_0417_out_ap_vld   |  out|    1|      ap_vld|                                                         p_0_16_0_0_0417_out|       pointer|
|p_0_15_0_0_0415_out          |  out|   16|      ap_vld|                                                         p_0_15_0_0_0415_out|       pointer|
|p_0_15_0_0_0415_out_ap_vld   |  out|    1|      ap_vld|                                                         p_0_15_0_0_0415_out|       pointer|
|p_0_14_0_0_0413_out          |  out|   16|      ap_vld|                                                         p_0_14_0_0_0413_out|       pointer|
|p_0_14_0_0_0413_out_ap_vld   |  out|    1|      ap_vld|                                                         p_0_14_0_0_0413_out|       pointer|
|p_0_13_0_0_0411_out          |  out|   16|      ap_vld|                                                         p_0_13_0_0_0411_out|       pointer|
|p_0_13_0_0_0411_out_ap_vld   |  out|    1|      ap_vld|                                                         p_0_13_0_0_0411_out|       pointer|
|p_0_12_0_0_0409_out          |  out|   16|      ap_vld|                                                         p_0_12_0_0_0409_out|       pointer|
|p_0_12_0_0_0409_out_ap_vld   |  out|    1|      ap_vld|                                                         p_0_12_0_0_0409_out|       pointer|
|p_0_11_0_0_0407_out          |  out|   16|      ap_vld|                                                         p_0_11_0_0_0407_out|       pointer|
|p_0_11_0_0_0407_out_ap_vld   |  out|    1|      ap_vld|                                                         p_0_11_0_0_0407_out|       pointer|
|p_0_10_0_0_0405_out          |  out|   16|      ap_vld|                                                         p_0_10_0_0_0405_out|       pointer|
|p_0_10_0_0_0405_out_ap_vld   |  out|    1|      ap_vld|                                                         p_0_10_0_0_0405_out|       pointer|
|p_0_9_0_0_0403_out           |  out|   16|      ap_vld|                                                          p_0_9_0_0_0403_out|       pointer|
|p_0_9_0_0_0403_out_ap_vld    |  out|    1|      ap_vld|                                                          p_0_9_0_0_0403_out|       pointer|
|p_0_8_0_0_0401_out           |  out|   16|      ap_vld|                                                          p_0_8_0_0_0401_out|       pointer|
|p_0_8_0_0_0401_out_ap_vld    |  out|    1|      ap_vld|                                                          p_0_8_0_0_0401_out|       pointer|
|p_0_7_0_0_0399_out           |  out|   16|      ap_vld|                                                          p_0_7_0_0_0399_out|       pointer|
|p_0_7_0_0_0399_out_ap_vld    |  out|    1|      ap_vld|                                                          p_0_7_0_0_0399_out|       pointer|
|p_0_6_0_0_0397_out           |  out|   16|      ap_vld|                                                          p_0_6_0_0_0397_out|       pointer|
|p_0_6_0_0_0397_out_ap_vld    |  out|    1|      ap_vld|                                                          p_0_6_0_0_0397_out|       pointer|
|p_0_5_0_0_0395_out           |  out|   16|      ap_vld|                                                          p_0_5_0_0_0395_out|       pointer|
|p_0_5_0_0_0395_out_ap_vld    |  out|    1|      ap_vld|                                                          p_0_5_0_0_0395_out|       pointer|
|p_0_4_0_0_0393_out           |  out|   16|      ap_vld|                                                          p_0_4_0_0_0393_out|       pointer|
|p_0_4_0_0_0393_out_ap_vld    |  out|    1|      ap_vld|                                                          p_0_4_0_0_0393_out|       pointer|
|p_0_3_0_0_0391_out           |  out|   16|      ap_vld|                                                          p_0_3_0_0_0391_out|       pointer|
|p_0_3_0_0_0391_out_ap_vld    |  out|    1|      ap_vld|                                                          p_0_3_0_0_0391_out|       pointer|
|p_0_2_0_0_0389_out           |  out|   16|      ap_vld|                                                          p_0_2_0_0_0389_out|       pointer|
|p_0_2_0_0_0389_out_ap_vld    |  out|    1|      ap_vld|                                                          p_0_2_0_0_0389_out|       pointer|
|p_0_1_0_0_0387_out           |  out|   16|      ap_vld|                                                          p_0_1_0_0_0387_out|       pointer|
|p_0_1_0_0_0387_out_ap_vld    |  out|    1|      ap_vld|                                                          p_0_1_0_0_0387_out|       pointer|
|p_0_0_0_0_0385_out           |  out|   16|      ap_vld|                                                          p_0_0_0_0_0385_out|       pointer|
|p_0_0_0_0_0385_out_ap_vld    |  out|    1|      ap_vld|                                                          p_0_0_0_0_0385_out|       pointer|
|p_0_23_0_0_0383_out          |  out|   16|      ap_vld|                                                         p_0_23_0_0_0383_out|       pointer|
|p_0_23_0_0_0383_out_ap_vld   |  out|    1|      ap_vld|                                                         p_0_23_0_0_0383_out|       pointer|
|p_0_22_0_0_0381_out          |  out|   16|      ap_vld|                                                         p_0_22_0_0_0381_out|       pointer|
|p_0_22_0_0_0381_out_ap_vld   |  out|    1|      ap_vld|                                                         p_0_22_0_0_0381_out|       pointer|
|p_0_21_0_0_0379_out          |  out|   16|      ap_vld|                                                         p_0_21_0_0_0379_out|       pointer|
|p_0_21_0_0_0379_out_ap_vld   |  out|    1|      ap_vld|                                                         p_0_21_0_0_0379_out|       pointer|
|p_0_20_0_0_0377_out          |  out|   16|      ap_vld|                                                         p_0_20_0_0_0377_out|       pointer|
|p_0_20_0_0_0377_out_ap_vld   |  out|    1|      ap_vld|                                                         p_0_20_0_0_0377_out|       pointer|
|p_0_19_0_0_0375_out          |  out|   16|      ap_vld|                                                         p_0_19_0_0_0375_out|       pointer|
|p_0_19_0_0_0375_out_ap_vld   |  out|    1|      ap_vld|                                                         p_0_19_0_0_0375_out|       pointer|
|p_0_18_0_0_0373_out          |  out|   16|      ap_vld|                                                         p_0_18_0_0_0373_out|       pointer|
|p_0_18_0_0_0373_out_ap_vld   |  out|    1|      ap_vld|                                                         p_0_18_0_0_0373_out|       pointer|
|p_0_17_0_0_0371_out          |  out|   16|      ap_vld|                                                         p_0_17_0_0_0371_out|       pointer|
|p_0_17_0_0_0371_out_ap_vld   |  out|    1|      ap_vld|                                                         p_0_17_0_0_0371_out|       pointer|
|p_0_16_0_0_0369_out          |  out|   16|      ap_vld|                                                         p_0_16_0_0_0369_out|       pointer|
|p_0_16_0_0_0369_out_ap_vld   |  out|    1|      ap_vld|                                                         p_0_16_0_0_0369_out|       pointer|
|p_0_15_0_0_0367_out          |  out|   16|      ap_vld|                                                         p_0_15_0_0_0367_out|       pointer|
|p_0_15_0_0_0367_out_ap_vld   |  out|    1|      ap_vld|                                                         p_0_15_0_0_0367_out|       pointer|
|p_0_14_0_0_0365_out          |  out|   16|      ap_vld|                                                         p_0_14_0_0_0365_out|       pointer|
|p_0_14_0_0_0365_out_ap_vld   |  out|    1|      ap_vld|                                                         p_0_14_0_0_0365_out|       pointer|
|p_0_13_0_0_0363_out          |  out|   16|      ap_vld|                                                         p_0_13_0_0_0363_out|       pointer|
|p_0_13_0_0_0363_out_ap_vld   |  out|    1|      ap_vld|                                                         p_0_13_0_0_0363_out|       pointer|
|p_0_12_0_0_0361_out          |  out|   16|      ap_vld|                                                         p_0_12_0_0_0361_out|       pointer|
|p_0_12_0_0_0361_out_ap_vld   |  out|    1|      ap_vld|                                                         p_0_12_0_0_0361_out|       pointer|
|p_0_11_0_0_0359_out          |  out|   16|      ap_vld|                                                         p_0_11_0_0_0359_out|       pointer|
|p_0_11_0_0_0359_out_ap_vld   |  out|    1|      ap_vld|                                                         p_0_11_0_0_0359_out|       pointer|
|p_0_10_0_0_0357_out          |  out|   16|      ap_vld|                                                         p_0_10_0_0_0357_out|       pointer|
|p_0_10_0_0_0357_out_ap_vld   |  out|    1|      ap_vld|                                                         p_0_10_0_0_0357_out|       pointer|
|p_0_9_0_0_0355_out           |  out|   16|      ap_vld|                                                          p_0_9_0_0_0355_out|       pointer|
|p_0_9_0_0_0355_out_ap_vld    |  out|    1|      ap_vld|                                                          p_0_9_0_0_0355_out|       pointer|
|p_0_8_0_0_0353_out           |  out|   16|      ap_vld|                                                          p_0_8_0_0_0353_out|       pointer|
|p_0_8_0_0_0353_out_ap_vld    |  out|    1|      ap_vld|                                                          p_0_8_0_0_0353_out|       pointer|
|p_0_7_0_0_0351_out           |  out|   16|      ap_vld|                                                          p_0_7_0_0_0351_out|       pointer|
|p_0_7_0_0_0351_out_ap_vld    |  out|    1|      ap_vld|                                                          p_0_7_0_0_0351_out|       pointer|
|p_0_6_0_0_0349_out           |  out|   16|      ap_vld|                                                          p_0_6_0_0_0349_out|       pointer|
|p_0_6_0_0_0349_out_ap_vld    |  out|    1|      ap_vld|                                                          p_0_6_0_0_0349_out|       pointer|
|p_0_5_0_0_0347_out           |  out|   16|      ap_vld|                                                          p_0_5_0_0_0347_out|       pointer|
|p_0_5_0_0_0347_out_ap_vld    |  out|    1|      ap_vld|                                                          p_0_5_0_0_0347_out|       pointer|
|p_0_4_0_0_0345_out           |  out|   16|      ap_vld|                                                          p_0_4_0_0_0345_out|       pointer|
|p_0_4_0_0_0345_out_ap_vld    |  out|    1|      ap_vld|                                                          p_0_4_0_0_0345_out|       pointer|
|p_0_3_0_0_0343_out           |  out|   16|      ap_vld|                                                          p_0_3_0_0_0343_out|       pointer|
|p_0_3_0_0_0343_out_ap_vld    |  out|    1|      ap_vld|                                                          p_0_3_0_0_0343_out|       pointer|
|p_0_2_0_0_0341_out           |  out|   16|      ap_vld|                                                          p_0_2_0_0_0341_out|       pointer|
|p_0_2_0_0_0341_out_ap_vld    |  out|    1|      ap_vld|                                                          p_0_2_0_0_0341_out|       pointer|
|p_0_1_0_0_0339_out           |  out|   16|      ap_vld|                                                          p_0_1_0_0_0339_out|       pointer|
|p_0_1_0_0_0339_out_ap_vld    |  out|    1|      ap_vld|                                                          p_0_1_0_0_0339_out|       pointer|
|p_0_0_0_0_0337_out           |  out|   16|      ap_vld|                                                          p_0_0_0_0_0337_out|       pointer|
|p_0_0_0_0_0337_out_ap_vld    |  out|    1|      ap_vld|                                                          p_0_0_0_0_0337_out|       pointer|
|p_0_23_0_0_0335_out          |  out|   16|      ap_vld|                                                         p_0_23_0_0_0335_out|       pointer|
|p_0_23_0_0_0335_out_ap_vld   |  out|    1|      ap_vld|                                                         p_0_23_0_0_0335_out|       pointer|
|p_0_22_0_0_0333_out          |  out|   16|      ap_vld|                                                         p_0_22_0_0_0333_out|       pointer|
|p_0_22_0_0_0333_out_ap_vld   |  out|    1|      ap_vld|                                                         p_0_22_0_0_0333_out|       pointer|
|p_0_21_0_0_0331_out          |  out|   16|      ap_vld|                                                         p_0_21_0_0_0331_out|       pointer|
|p_0_21_0_0_0331_out_ap_vld   |  out|    1|      ap_vld|                                                         p_0_21_0_0_0331_out|       pointer|
|p_0_20_0_0_0329_out          |  out|   16|      ap_vld|                                                         p_0_20_0_0_0329_out|       pointer|
|p_0_20_0_0_0329_out_ap_vld   |  out|    1|      ap_vld|                                                         p_0_20_0_0_0329_out|       pointer|
|p_0_19_0_0_0327_out          |  out|   16|      ap_vld|                                                         p_0_19_0_0_0327_out|       pointer|
|p_0_19_0_0_0327_out_ap_vld   |  out|    1|      ap_vld|                                                         p_0_19_0_0_0327_out|       pointer|
|p_0_18_0_0_0325_out          |  out|   16|      ap_vld|                                                         p_0_18_0_0_0325_out|       pointer|
|p_0_18_0_0_0325_out_ap_vld   |  out|    1|      ap_vld|                                                         p_0_18_0_0_0325_out|       pointer|
|p_0_17_0_0_0323_out          |  out|   16|      ap_vld|                                                         p_0_17_0_0_0323_out|       pointer|
|p_0_17_0_0_0323_out_ap_vld   |  out|    1|      ap_vld|                                                         p_0_17_0_0_0323_out|       pointer|
|p_0_16_0_0_0321_out          |  out|   16|      ap_vld|                                                         p_0_16_0_0_0321_out|       pointer|
|p_0_16_0_0_0321_out_ap_vld   |  out|    1|      ap_vld|                                                         p_0_16_0_0_0321_out|       pointer|
|p_0_15_0_0_0319_out          |  out|   16|      ap_vld|                                                         p_0_15_0_0_0319_out|       pointer|
|p_0_15_0_0_0319_out_ap_vld   |  out|    1|      ap_vld|                                                         p_0_15_0_0_0319_out|       pointer|
|p_0_14_0_0_0317_out          |  out|   16|      ap_vld|                                                         p_0_14_0_0_0317_out|       pointer|
|p_0_14_0_0_0317_out_ap_vld   |  out|    1|      ap_vld|                                                         p_0_14_0_0_0317_out|       pointer|
|p_0_13_0_0_0315_out          |  out|   16|      ap_vld|                                                         p_0_13_0_0_0315_out|       pointer|
|p_0_13_0_0_0315_out_ap_vld   |  out|    1|      ap_vld|                                                         p_0_13_0_0_0315_out|       pointer|
|p_0_12_0_0_0313_out          |  out|   16|      ap_vld|                                                         p_0_12_0_0_0313_out|       pointer|
|p_0_12_0_0_0313_out_ap_vld   |  out|    1|      ap_vld|                                                         p_0_12_0_0_0313_out|       pointer|
|p_0_11_0_0_0311_out          |  out|   16|      ap_vld|                                                         p_0_11_0_0_0311_out|       pointer|
|p_0_11_0_0_0311_out_ap_vld   |  out|    1|      ap_vld|                                                         p_0_11_0_0_0311_out|       pointer|
|p_0_10_0_0_0309_out          |  out|   16|      ap_vld|                                                         p_0_10_0_0_0309_out|       pointer|
|p_0_10_0_0_0309_out_ap_vld   |  out|    1|      ap_vld|                                                         p_0_10_0_0_0309_out|       pointer|
|p_0_9_0_0_0307_out           |  out|   16|      ap_vld|                                                          p_0_9_0_0_0307_out|       pointer|
|p_0_9_0_0_0307_out_ap_vld    |  out|    1|      ap_vld|                                                          p_0_9_0_0_0307_out|       pointer|
|p_0_8_0_0_0305_out           |  out|   16|      ap_vld|                                                          p_0_8_0_0_0305_out|       pointer|
|p_0_8_0_0_0305_out_ap_vld    |  out|    1|      ap_vld|                                                          p_0_8_0_0_0305_out|       pointer|
|p_0_7_0_0_0303_out           |  out|   16|      ap_vld|                                                          p_0_7_0_0_0303_out|       pointer|
|p_0_7_0_0_0303_out_ap_vld    |  out|    1|      ap_vld|                                                          p_0_7_0_0_0303_out|       pointer|
|p_0_6_0_0_0301_out           |  out|   16|      ap_vld|                                                          p_0_6_0_0_0301_out|       pointer|
|p_0_6_0_0_0301_out_ap_vld    |  out|    1|      ap_vld|                                                          p_0_6_0_0_0301_out|       pointer|
|p_0_5_0_0_0299_out           |  out|   16|      ap_vld|                                                          p_0_5_0_0_0299_out|       pointer|
|p_0_5_0_0_0299_out_ap_vld    |  out|    1|      ap_vld|                                                          p_0_5_0_0_0299_out|       pointer|
|p_0_4_0_0_0297_out           |  out|   16|      ap_vld|                                                          p_0_4_0_0_0297_out|       pointer|
|p_0_4_0_0_0297_out_ap_vld    |  out|    1|      ap_vld|                                                          p_0_4_0_0_0297_out|       pointer|
|p_0_3_0_0_0295_out           |  out|   16|      ap_vld|                                                          p_0_3_0_0_0295_out|       pointer|
|p_0_3_0_0_0295_out_ap_vld    |  out|    1|      ap_vld|                                                          p_0_3_0_0_0295_out|       pointer|
|p_0_2_0_0_0293_out           |  out|   16|      ap_vld|                                                          p_0_2_0_0_0293_out|       pointer|
|p_0_2_0_0_0293_out_ap_vld    |  out|    1|      ap_vld|                                                          p_0_2_0_0_0293_out|       pointer|
|p_0_1_0_0_0291_out           |  out|   16|      ap_vld|                                                          p_0_1_0_0_0291_out|       pointer|
|p_0_1_0_0_0291_out_ap_vld    |  out|    1|      ap_vld|                                                          p_0_1_0_0_0291_out|       pointer|
|p_0_0_0_0_0289_out           |  out|   16|      ap_vld|                                                          p_0_0_0_0_0289_out|       pointer|
|p_0_0_0_0_0289_out_ap_vld    |  out|    1|      ap_vld|                                                          p_0_0_0_0_0289_out|       pointer|
|p_0_23_0_0_0287_out          |  out|   16|      ap_vld|                                                         p_0_23_0_0_0287_out|       pointer|
|p_0_23_0_0_0287_out_ap_vld   |  out|    1|      ap_vld|                                                         p_0_23_0_0_0287_out|       pointer|
|p_0_22_0_0_0285_out          |  out|   16|      ap_vld|                                                         p_0_22_0_0_0285_out|       pointer|
|p_0_22_0_0_0285_out_ap_vld   |  out|    1|      ap_vld|                                                         p_0_22_0_0_0285_out|       pointer|
|p_0_21_0_0_0283_out          |  out|   16|      ap_vld|                                                         p_0_21_0_0_0283_out|       pointer|
|p_0_21_0_0_0283_out_ap_vld   |  out|    1|      ap_vld|                                                         p_0_21_0_0_0283_out|       pointer|
|p_0_20_0_0_0281_out          |  out|   16|      ap_vld|                                                         p_0_20_0_0_0281_out|       pointer|
|p_0_20_0_0_0281_out_ap_vld   |  out|    1|      ap_vld|                                                         p_0_20_0_0_0281_out|       pointer|
|p_0_19_0_0_0279_out          |  out|   16|      ap_vld|                                                         p_0_19_0_0_0279_out|       pointer|
|p_0_19_0_0_0279_out_ap_vld   |  out|    1|      ap_vld|                                                         p_0_19_0_0_0279_out|       pointer|
|p_0_18_0_0_0277_out          |  out|   16|      ap_vld|                                                         p_0_18_0_0_0277_out|       pointer|
|p_0_18_0_0_0277_out_ap_vld   |  out|    1|      ap_vld|                                                         p_0_18_0_0_0277_out|       pointer|
|p_0_17_0_0_0275_out          |  out|   16|      ap_vld|                                                         p_0_17_0_0_0275_out|       pointer|
|p_0_17_0_0_0275_out_ap_vld   |  out|    1|      ap_vld|                                                         p_0_17_0_0_0275_out|       pointer|
|p_0_16_0_0_0273_out          |  out|   16|      ap_vld|                                                         p_0_16_0_0_0273_out|       pointer|
|p_0_16_0_0_0273_out_ap_vld   |  out|    1|      ap_vld|                                                         p_0_16_0_0_0273_out|       pointer|
|p_0_15_0_0_0271_out          |  out|   16|      ap_vld|                                                         p_0_15_0_0_0271_out|       pointer|
|p_0_15_0_0_0271_out_ap_vld   |  out|    1|      ap_vld|                                                         p_0_15_0_0_0271_out|       pointer|
|p_0_14_0_0_0269_out          |  out|   16|      ap_vld|                                                         p_0_14_0_0_0269_out|       pointer|
|p_0_14_0_0_0269_out_ap_vld   |  out|    1|      ap_vld|                                                         p_0_14_0_0_0269_out|       pointer|
|p_0_13_0_0_0267_out          |  out|   16|      ap_vld|                                                         p_0_13_0_0_0267_out|       pointer|
|p_0_13_0_0_0267_out_ap_vld   |  out|    1|      ap_vld|                                                         p_0_13_0_0_0267_out|       pointer|
|p_0_12_0_0_0265_out          |  out|   16|      ap_vld|                                                         p_0_12_0_0_0265_out|       pointer|
|p_0_12_0_0_0265_out_ap_vld   |  out|    1|      ap_vld|                                                         p_0_12_0_0_0265_out|       pointer|
|p_0_11_0_0_0263_out          |  out|   16|      ap_vld|                                                         p_0_11_0_0_0263_out|       pointer|
|p_0_11_0_0_0263_out_ap_vld   |  out|    1|      ap_vld|                                                         p_0_11_0_0_0263_out|       pointer|
|p_0_10_0_0_0261_out          |  out|   16|      ap_vld|                                                         p_0_10_0_0_0261_out|       pointer|
|p_0_10_0_0_0261_out_ap_vld   |  out|    1|      ap_vld|                                                         p_0_10_0_0_0261_out|       pointer|
|p_0_9_0_0_0259_out           |  out|   16|      ap_vld|                                                          p_0_9_0_0_0259_out|       pointer|
|p_0_9_0_0_0259_out_ap_vld    |  out|    1|      ap_vld|                                                          p_0_9_0_0_0259_out|       pointer|
|p_0_8_0_0_0257_out           |  out|   16|      ap_vld|                                                          p_0_8_0_0_0257_out|       pointer|
|p_0_8_0_0_0257_out_ap_vld    |  out|    1|      ap_vld|                                                          p_0_8_0_0_0257_out|       pointer|
|p_0_7_0_0_0255_out           |  out|   16|      ap_vld|                                                          p_0_7_0_0_0255_out|       pointer|
|p_0_7_0_0_0255_out_ap_vld    |  out|    1|      ap_vld|                                                          p_0_7_0_0_0255_out|       pointer|
|p_0_6_0_0_0253_out           |  out|   16|      ap_vld|                                                          p_0_6_0_0_0253_out|       pointer|
|p_0_6_0_0_0253_out_ap_vld    |  out|    1|      ap_vld|                                                          p_0_6_0_0_0253_out|       pointer|
|p_0_5_0_0_0251_out           |  out|   16|      ap_vld|                                                          p_0_5_0_0_0251_out|       pointer|
|p_0_5_0_0_0251_out_ap_vld    |  out|    1|      ap_vld|                                                          p_0_5_0_0_0251_out|       pointer|
|p_0_4_0_0_0249_out           |  out|   16|      ap_vld|                                                          p_0_4_0_0_0249_out|       pointer|
|p_0_4_0_0_0249_out_ap_vld    |  out|    1|      ap_vld|                                                          p_0_4_0_0_0249_out|       pointer|
|p_0_3_0_0_0247_out           |  out|   16|      ap_vld|                                                          p_0_3_0_0_0247_out|       pointer|
|p_0_3_0_0_0247_out_ap_vld    |  out|    1|      ap_vld|                                                          p_0_3_0_0_0247_out|       pointer|
|p_0_2_0_0_0245_out           |  out|   16|      ap_vld|                                                          p_0_2_0_0_0245_out|       pointer|
|p_0_2_0_0_0245_out_ap_vld    |  out|    1|      ap_vld|                                                          p_0_2_0_0_0245_out|       pointer|
|p_0_1_0_0_0243_out           |  out|   16|      ap_vld|                                                          p_0_1_0_0_0243_out|       pointer|
|p_0_1_0_0_0243_out_ap_vld    |  out|    1|      ap_vld|                                                          p_0_1_0_0_0243_out|       pointer|
|p_0_0_0_0_0241_out           |  out|   16|      ap_vld|                                                          p_0_0_0_0_0241_out|       pointer|
|p_0_0_0_0_0241_out_ap_vld    |  out|    1|      ap_vld|                                                          p_0_0_0_0_0241_out|       pointer|
|p_0_23_0_0_0239_out          |  out|   16|      ap_vld|                                                         p_0_23_0_0_0239_out|       pointer|
|p_0_23_0_0_0239_out_ap_vld   |  out|    1|      ap_vld|                                                         p_0_23_0_0_0239_out|       pointer|
|p_0_22_0_0_0237_out          |  out|   16|      ap_vld|                                                         p_0_22_0_0_0237_out|       pointer|
|p_0_22_0_0_0237_out_ap_vld   |  out|    1|      ap_vld|                                                         p_0_22_0_0_0237_out|       pointer|
|p_0_21_0_0_0235_out          |  out|   16|      ap_vld|                                                         p_0_21_0_0_0235_out|       pointer|
|p_0_21_0_0_0235_out_ap_vld   |  out|    1|      ap_vld|                                                         p_0_21_0_0_0235_out|       pointer|
|p_0_20_0_0_0233_out          |  out|   16|      ap_vld|                                                         p_0_20_0_0_0233_out|       pointer|
|p_0_20_0_0_0233_out_ap_vld   |  out|    1|      ap_vld|                                                         p_0_20_0_0_0233_out|       pointer|
|p_0_19_0_0_0231_out          |  out|   16|      ap_vld|                                                         p_0_19_0_0_0231_out|       pointer|
|p_0_19_0_0_0231_out_ap_vld   |  out|    1|      ap_vld|                                                         p_0_19_0_0_0231_out|       pointer|
|p_0_18_0_0_0229_out          |  out|   16|      ap_vld|                                                         p_0_18_0_0_0229_out|       pointer|
|p_0_18_0_0_0229_out_ap_vld   |  out|    1|      ap_vld|                                                         p_0_18_0_0_0229_out|       pointer|
|p_0_17_0_0_0227_out          |  out|   16|      ap_vld|                                                         p_0_17_0_0_0227_out|       pointer|
|p_0_17_0_0_0227_out_ap_vld   |  out|    1|      ap_vld|                                                         p_0_17_0_0_0227_out|       pointer|
|p_0_16_0_0_0225_out          |  out|   16|      ap_vld|                                                         p_0_16_0_0_0225_out|       pointer|
|p_0_16_0_0_0225_out_ap_vld   |  out|    1|      ap_vld|                                                         p_0_16_0_0_0225_out|       pointer|
|p_0_15_0_0_0223_out          |  out|   16|      ap_vld|                                                         p_0_15_0_0_0223_out|       pointer|
|p_0_15_0_0_0223_out_ap_vld   |  out|    1|      ap_vld|                                                         p_0_15_0_0_0223_out|       pointer|
|p_0_14_0_0_0221_out          |  out|   16|      ap_vld|                                                         p_0_14_0_0_0221_out|       pointer|
|p_0_14_0_0_0221_out_ap_vld   |  out|    1|      ap_vld|                                                         p_0_14_0_0_0221_out|       pointer|
|p_0_13_0_0_0219_out          |  out|   16|      ap_vld|                                                         p_0_13_0_0_0219_out|       pointer|
|p_0_13_0_0_0219_out_ap_vld   |  out|    1|      ap_vld|                                                         p_0_13_0_0_0219_out|       pointer|
|p_0_12_0_0_0217_out          |  out|   16|      ap_vld|                                                         p_0_12_0_0_0217_out|       pointer|
|p_0_12_0_0_0217_out_ap_vld   |  out|    1|      ap_vld|                                                         p_0_12_0_0_0217_out|       pointer|
|p_0_11_0_0_0215_out          |  out|   16|      ap_vld|                                                         p_0_11_0_0_0215_out|       pointer|
|p_0_11_0_0_0215_out_ap_vld   |  out|    1|      ap_vld|                                                         p_0_11_0_0_0215_out|       pointer|
|p_0_10_0_0_0213_out          |  out|   16|      ap_vld|                                                         p_0_10_0_0_0213_out|       pointer|
|p_0_10_0_0_0213_out_ap_vld   |  out|    1|      ap_vld|                                                         p_0_10_0_0_0213_out|       pointer|
|p_0_9_0_0_0211_out           |  out|   16|      ap_vld|                                                          p_0_9_0_0_0211_out|       pointer|
|p_0_9_0_0_0211_out_ap_vld    |  out|    1|      ap_vld|                                                          p_0_9_0_0_0211_out|       pointer|
|p_0_8_0_0_0209_out           |  out|   16|      ap_vld|                                                          p_0_8_0_0_0209_out|       pointer|
|p_0_8_0_0_0209_out_ap_vld    |  out|    1|      ap_vld|                                                          p_0_8_0_0_0209_out|       pointer|
|p_0_7_0_0_0207_out           |  out|   16|      ap_vld|                                                          p_0_7_0_0_0207_out|       pointer|
|p_0_7_0_0_0207_out_ap_vld    |  out|    1|      ap_vld|                                                          p_0_7_0_0_0207_out|       pointer|
|p_0_6_0_0_0205_out           |  out|   16|      ap_vld|                                                          p_0_6_0_0_0205_out|       pointer|
|p_0_6_0_0_0205_out_ap_vld    |  out|    1|      ap_vld|                                                          p_0_6_0_0_0205_out|       pointer|
|p_0_5_0_0_0203_out           |  out|   16|      ap_vld|                                                          p_0_5_0_0_0203_out|       pointer|
|p_0_5_0_0_0203_out_ap_vld    |  out|    1|      ap_vld|                                                          p_0_5_0_0_0203_out|       pointer|
|p_0_4_0_0_0201_out           |  out|   16|      ap_vld|                                                          p_0_4_0_0_0201_out|       pointer|
|p_0_4_0_0_0201_out_ap_vld    |  out|    1|      ap_vld|                                                          p_0_4_0_0_0201_out|       pointer|
|p_0_3_0_0_0199_out           |  out|   16|      ap_vld|                                                          p_0_3_0_0_0199_out|       pointer|
|p_0_3_0_0_0199_out_ap_vld    |  out|    1|      ap_vld|                                                          p_0_3_0_0_0199_out|       pointer|
|p_0_2_0_0_0197_out           |  out|   16|      ap_vld|                                                          p_0_2_0_0_0197_out|       pointer|
|p_0_2_0_0_0197_out_ap_vld    |  out|    1|      ap_vld|                                                          p_0_2_0_0_0197_out|       pointer|
|p_0_1_0_0_0195_out           |  out|   16|      ap_vld|                                                          p_0_1_0_0_0195_out|       pointer|
|p_0_1_0_0_0195_out_ap_vld    |  out|    1|      ap_vld|                                                          p_0_1_0_0_0195_out|       pointer|
|p_0_0_0_0_0193_out           |  out|   16|      ap_vld|                                                          p_0_0_0_0_0193_out|       pointer|
|p_0_0_0_0_0193_out_ap_vld    |  out|    1|      ap_vld|                                                          p_0_0_0_0_0193_out|       pointer|
|p_0_23_0_0_0191_out          |  out|   16|      ap_vld|                                                         p_0_23_0_0_0191_out|       pointer|
|p_0_23_0_0_0191_out_ap_vld   |  out|    1|      ap_vld|                                                         p_0_23_0_0_0191_out|       pointer|
|p_0_22_0_0_0189_out          |  out|   16|      ap_vld|                                                         p_0_22_0_0_0189_out|       pointer|
|p_0_22_0_0_0189_out_ap_vld   |  out|    1|      ap_vld|                                                         p_0_22_0_0_0189_out|       pointer|
|p_0_21_0_0_0187_out          |  out|   16|      ap_vld|                                                         p_0_21_0_0_0187_out|       pointer|
|p_0_21_0_0_0187_out_ap_vld   |  out|    1|      ap_vld|                                                         p_0_21_0_0_0187_out|       pointer|
|p_0_20_0_0_0185_out          |  out|   16|      ap_vld|                                                         p_0_20_0_0_0185_out|       pointer|
|p_0_20_0_0_0185_out_ap_vld   |  out|    1|      ap_vld|                                                         p_0_20_0_0_0185_out|       pointer|
|p_0_19_0_0_0183_out          |  out|   16|      ap_vld|                                                         p_0_19_0_0_0183_out|       pointer|
|p_0_19_0_0_0183_out_ap_vld   |  out|    1|      ap_vld|                                                         p_0_19_0_0_0183_out|       pointer|
|p_0_18_0_0_0181_out          |  out|   16|      ap_vld|                                                         p_0_18_0_0_0181_out|       pointer|
|p_0_18_0_0_0181_out_ap_vld   |  out|    1|      ap_vld|                                                         p_0_18_0_0_0181_out|       pointer|
|p_0_17_0_0_0179_out          |  out|   16|      ap_vld|                                                         p_0_17_0_0_0179_out|       pointer|
|p_0_17_0_0_0179_out_ap_vld   |  out|    1|      ap_vld|                                                         p_0_17_0_0_0179_out|       pointer|
|p_0_16_0_0_0177_out          |  out|   16|      ap_vld|                                                         p_0_16_0_0_0177_out|       pointer|
|p_0_16_0_0_0177_out_ap_vld   |  out|    1|      ap_vld|                                                         p_0_16_0_0_0177_out|       pointer|
|p_0_15_0_0_0175_out          |  out|   16|      ap_vld|                                                         p_0_15_0_0_0175_out|       pointer|
|p_0_15_0_0_0175_out_ap_vld   |  out|    1|      ap_vld|                                                         p_0_15_0_0_0175_out|       pointer|
|p_0_14_0_0_0173_out          |  out|   16|      ap_vld|                                                         p_0_14_0_0_0173_out|       pointer|
|p_0_14_0_0_0173_out_ap_vld   |  out|    1|      ap_vld|                                                         p_0_14_0_0_0173_out|       pointer|
|p_0_13_0_0_0171_out          |  out|   16|      ap_vld|                                                         p_0_13_0_0_0171_out|       pointer|
|p_0_13_0_0_0171_out_ap_vld   |  out|    1|      ap_vld|                                                         p_0_13_0_0_0171_out|       pointer|
|p_0_12_0_0_0169_out          |  out|   16|      ap_vld|                                                         p_0_12_0_0_0169_out|       pointer|
|p_0_12_0_0_0169_out_ap_vld   |  out|    1|      ap_vld|                                                         p_0_12_0_0_0169_out|       pointer|
|p_0_11_0_0_0167_out          |  out|   16|      ap_vld|                                                         p_0_11_0_0_0167_out|       pointer|
|p_0_11_0_0_0167_out_ap_vld   |  out|    1|      ap_vld|                                                         p_0_11_0_0_0167_out|       pointer|
|p_0_10_0_0_0165_out          |  out|   16|      ap_vld|                                                         p_0_10_0_0_0165_out|       pointer|
|p_0_10_0_0_0165_out_ap_vld   |  out|    1|      ap_vld|                                                         p_0_10_0_0_0165_out|       pointer|
|p_0_9_0_0_0163_out           |  out|   16|      ap_vld|                                                          p_0_9_0_0_0163_out|       pointer|
|p_0_9_0_0_0163_out_ap_vld    |  out|    1|      ap_vld|                                                          p_0_9_0_0_0163_out|       pointer|
|p_0_8_0_0_0161_out           |  out|   16|      ap_vld|                                                          p_0_8_0_0_0161_out|       pointer|
|p_0_8_0_0_0161_out_ap_vld    |  out|    1|      ap_vld|                                                          p_0_8_0_0_0161_out|       pointer|
|p_0_7_0_0_0159_out           |  out|   16|      ap_vld|                                                          p_0_7_0_0_0159_out|       pointer|
|p_0_7_0_0_0159_out_ap_vld    |  out|    1|      ap_vld|                                                          p_0_7_0_0_0159_out|       pointer|
|p_0_6_0_0_0157_out           |  out|   16|      ap_vld|                                                          p_0_6_0_0_0157_out|       pointer|
|p_0_6_0_0_0157_out_ap_vld    |  out|    1|      ap_vld|                                                          p_0_6_0_0_0157_out|       pointer|
|p_0_5_0_0_0155_out           |  out|   16|      ap_vld|                                                          p_0_5_0_0_0155_out|       pointer|
|p_0_5_0_0_0155_out_ap_vld    |  out|    1|      ap_vld|                                                          p_0_5_0_0_0155_out|       pointer|
|p_0_4_0_0_0153_out           |  out|   16|      ap_vld|                                                          p_0_4_0_0_0153_out|       pointer|
|p_0_4_0_0_0153_out_ap_vld    |  out|    1|      ap_vld|                                                          p_0_4_0_0_0153_out|       pointer|
|p_0_3_0_0_0151_out           |  out|   16|      ap_vld|                                                          p_0_3_0_0_0151_out|       pointer|
|p_0_3_0_0_0151_out_ap_vld    |  out|    1|      ap_vld|                                                          p_0_3_0_0_0151_out|       pointer|
|p_0_2_0_0_0149_out           |  out|   16|      ap_vld|                                                          p_0_2_0_0_0149_out|       pointer|
|p_0_2_0_0_0149_out_ap_vld    |  out|    1|      ap_vld|                                                          p_0_2_0_0_0149_out|       pointer|
|p_0_1_0_0_0147_out           |  out|   16|      ap_vld|                                                          p_0_1_0_0_0147_out|       pointer|
|p_0_1_0_0_0147_out_ap_vld    |  out|    1|      ap_vld|                                                          p_0_1_0_0_0147_out|       pointer|
|p_0_0_0_0_0145_out           |  out|   16|      ap_vld|                                                          p_0_0_0_0_0145_out|       pointer|
|p_0_0_0_0_0145_out_ap_vld    |  out|    1|      ap_vld|                                                          p_0_0_0_0_0145_out|       pointer|
|p_0_23_0_0_0143_out          |  out|   16|      ap_vld|                                                         p_0_23_0_0_0143_out|       pointer|
|p_0_23_0_0_0143_out_ap_vld   |  out|    1|      ap_vld|                                                         p_0_23_0_0_0143_out|       pointer|
|p_0_22_0_0_0141_out          |  out|   16|      ap_vld|                                                         p_0_22_0_0_0141_out|       pointer|
|p_0_22_0_0_0141_out_ap_vld   |  out|    1|      ap_vld|                                                         p_0_22_0_0_0141_out|       pointer|
|p_0_21_0_0_0139_out          |  out|   16|      ap_vld|                                                         p_0_21_0_0_0139_out|       pointer|
|p_0_21_0_0_0139_out_ap_vld   |  out|    1|      ap_vld|                                                         p_0_21_0_0_0139_out|       pointer|
|p_0_20_0_0_0137_out          |  out|   16|      ap_vld|                                                         p_0_20_0_0_0137_out|       pointer|
|p_0_20_0_0_0137_out_ap_vld   |  out|    1|      ap_vld|                                                         p_0_20_0_0_0137_out|       pointer|
|p_0_19_0_0_0135_out          |  out|   16|      ap_vld|                                                         p_0_19_0_0_0135_out|       pointer|
|p_0_19_0_0_0135_out_ap_vld   |  out|    1|      ap_vld|                                                         p_0_19_0_0_0135_out|       pointer|
|p_0_18_0_0_0133_out          |  out|   16|      ap_vld|                                                         p_0_18_0_0_0133_out|       pointer|
|p_0_18_0_0_0133_out_ap_vld   |  out|    1|      ap_vld|                                                         p_0_18_0_0_0133_out|       pointer|
|p_0_17_0_0_0131_out          |  out|   16|      ap_vld|                                                         p_0_17_0_0_0131_out|       pointer|
|p_0_17_0_0_0131_out_ap_vld   |  out|    1|      ap_vld|                                                         p_0_17_0_0_0131_out|       pointer|
|p_0_16_0_0_0129_out          |  out|   16|      ap_vld|                                                         p_0_16_0_0_0129_out|       pointer|
|p_0_16_0_0_0129_out_ap_vld   |  out|    1|      ap_vld|                                                         p_0_16_0_0_0129_out|       pointer|
|p_0_15_0_0_0127_out          |  out|   16|      ap_vld|                                                         p_0_15_0_0_0127_out|       pointer|
|p_0_15_0_0_0127_out_ap_vld   |  out|    1|      ap_vld|                                                         p_0_15_0_0_0127_out|       pointer|
|p_0_14_0_0_0125_out          |  out|   16|      ap_vld|                                                         p_0_14_0_0_0125_out|       pointer|
|p_0_14_0_0_0125_out_ap_vld   |  out|    1|      ap_vld|                                                         p_0_14_0_0_0125_out|       pointer|
|p_0_13_0_0_0123_out          |  out|   16|      ap_vld|                                                         p_0_13_0_0_0123_out|       pointer|
|p_0_13_0_0_0123_out_ap_vld   |  out|    1|      ap_vld|                                                         p_0_13_0_0_0123_out|       pointer|
|p_0_12_0_0_0121_out          |  out|   16|      ap_vld|                                                         p_0_12_0_0_0121_out|       pointer|
|p_0_12_0_0_0121_out_ap_vld   |  out|    1|      ap_vld|                                                         p_0_12_0_0_0121_out|       pointer|
|p_0_11_0_0_0119_out          |  out|   16|      ap_vld|                                                         p_0_11_0_0_0119_out|       pointer|
|p_0_11_0_0_0119_out_ap_vld   |  out|    1|      ap_vld|                                                         p_0_11_0_0_0119_out|       pointer|
|p_0_10_0_0_0117_out          |  out|   16|      ap_vld|                                                         p_0_10_0_0_0117_out|       pointer|
|p_0_10_0_0_0117_out_ap_vld   |  out|    1|      ap_vld|                                                         p_0_10_0_0_0117_out|       pointer|
|p_0_9_0_0_0115_out           |  out|   16|      ap_vld|                                                          p_0_9_0_0_0115_out|       pointer|
|p_0_9_0_0_0115_out_ap_vld    |  out|    1|      ap_vld|                                                          p_0_9_0_0_0115_out|       pointer|
|p_0_8_0_0_0113_out           |  out|   16|      ap_vld|                                                          p_0_8_0_0_0113_out|       pointer|
|p_0_8_0_0_0113_out_ap_vld    |  out|    1|      ap_vld|                                                          p_0_8_0_0_0113_out|       pointer|
|p_0_7_0_0_0111_out           |  out|   16|      ap_vld|                                                          p_0_7_0_0_0111_out|       pointer|
|p_0_7_0_0_0111_out_ap_vld    |  out|    1|      ap_vld|                                                          p_0_7_0_0_0111_out|       pointer|
|p_0_6_0_0_0109_out           |  out|   16|      ap_vld|                                                          p_0_6_0_0_0109_out|       pointer|
|p_0_6_0_0_0109_out_ap_vld    |  out|    1|      ap_vld|                                                          p_0_6_0_0_0109_out|       pointer|
|p_0_5_0_0_0107_out           |  out|   16|      ap_vld|                                                          p_0_5_0_0_0107_out|       pointer|
|p_0_5_0_0_0107_out_ap_vld    |  out|    1|      ap_vld|                                                          p_0_5_0_0_0107_out|       pointer|
|p_0_4_0_0_0105_out           |  out|   16|      ap_vld|                                                          p_0_4_0_0_0105_out|       pointer|
|p_0_4_0_0_0105_out_ap_vld    |  out|    1|      ap_vld|                                                          p_0_4_0_0_0105_out|       pointer|
|p_0_3_0_0_0103_out           |  out|   16|      ap_vld|                                                          p_0_3_0_0_0103_out|       pointer|
|p_0_3_0_0_0103_out_ap_vld    |  out|    1|      ap_vld|                                                          p_0_3_0_0_0103_out|       pointer|
|p_0_2_0_0_0101_out           |  out|   16|      ap_vld|                                                          p_0_2_0_0_0101_out|       pointer|
|p_0_2_0_0_0101_out_ap_vld    |  out|    1|      ap_vld|                                                          p_0_2_0_0_0101_out|       pointer|
|p_0_1_0_0_099_out            |  out|   16|      ap_vld|                                                           p_0_1_0_0_099_out|       pointer|
|p_0_1_0_0_099_out_ap_vld     |  out|    1|      ap_vld|                                                           p_0_1_0_0_099_out|       pointer|
|p_0_0_0_0_097_out            |  out|   16|      ap_vld|                                                           p_0_0_0_0_097_out|       pointer|
|p_0_0_0_0_097_out_ap_vld     |  out|    1|      ap_vld|                                                           p_0_0_0_0_097_out|       pointer|
|p_0_23_0_0_095_out           |  out|   16|      ap_vld|                                                          p_0_23_0_0_095_out|       pointer|
|p_0_23_0_0_095_out_ap_vld    |  out|    1|      ap_vld|                                                          p_0_23_0_0_095_out|       pointer|
|p_0_22_0_0_093_out           |  out|   16|      ap_vld|                                                          p_0_22_0_0_093_out|       pointer|
|p_0_22_0_0_093_out_ap_vld    |  out|    1|      ap_vld|                                                          p_0_22_0_0_093_out|       pointer|
|p_0_21_0_0_091_out           |  out|   16|      ap_vld|                                                          p_0_21_0_0_091_out|       pointer|
|p_0_21_0_0_091_out_ap_vld    |  out|    1|      ap_vld|                                                          p_0_21_0_0_091_out|       pointer|
|p_0_20_0_0_089_out           |  out|   16|      ap_vld|                                                          p_0_20_0_0_089_out|       pointer|
|p_0_20_0_0_089_out_ap_vld    |  out|    1|      ap_vld|                                                          p_0_20_0_0_089_out|       pointer|
|p_0_19_0_0_087_out           |  out|   16|      ap_vld|                                                          p_0_19_0_0_087_out|       pointer|
|p_0_19_0_0_087_out_ap_vld    |  out|    1|      ap_vld|                                                          p_0_19_0_0_087_out|       pointer|
|p_0_18_0_0_085_out           |  out|   16|      ap_vld|                                                          p_0_18_0_0_085_out|       pointer|
|p_0_18_0_0_085_out_ap_vld    |  out|    1|      ap_vld|                                                          p_0_18_0_0_085_out|       pointer|
|p_0_17_0_0_083_out           |  out|   16|      ap_vld|                                                          p_0_17_0_0_083_out|       pointer|
|p_0_17_0_0_083_out_ap_vld    |  out|    1|      ap_vld|                                                          p_0_17_0_0_083_out|       pointer|
|p_0_16_0_0_081_out           |  out|   16|      ap_vld|                                                          p_0_16_0_0_081_out|       pointer|
|p_0_16_0_0_081_out_ap_vld    |  out|    1|      ap_vld|                                                          p_0_16_0_0_081_out|       pointer|
|p_0_15_0_0_079_out           |  out|   16|      ap_vld|                                                          p_0_15_0_0_079_out|       pointer|
|p_0_15_0_0_079_out_ap_vld    |  out|    1|      ap_vld|                                                          p_0_15_0_0_079_out|       pointer|
|p_0_14_0_0_077_out           |  out|   16|      ap_vld|                                                          p_0_14_0_0_077_out|       pointer|
|p_0_14_0_0_077_out_ap_vld    |  out|    1|      ap_vld|                                                          p_0_14_0_0_077_out|       pointer|
|p_0_13_0_0_075_out           |  out|   16|      ap_vld|                                                          p_0_13_0_0_075_out|       pointer|
|p_0_13_0_0_075_out_ap_vld    |  out|    1|      ap_vld|                                                          p_0_13_0_0_075_out|       pointer|
|p_0_12_0_0_073_out           |  out|   16|      ap_vld|                                                          p_0_12_0_0_073_out|       pointer|
|p_0_12_0_0_073_out_ap_vld    |  out|    1|      ap_vld|                                                          p_0_12_0_0_073_out|       pointer|
|p_0_11_0_0_071_out           |  out|   16|      ap_vld|                                                          p_0_11_0_0_071_out|       pointer|
|p_0_11_0_0_071_out_ap_vld    |  out|    1|      ap_vld|                                                          p_0_11_0_0_071_out|       pointer|
|p_0_10_0_0_069_out           |  out|   16|      ap_vld|                                                          p_0_10_0_0_069_out|       pointer|
|p_0_10_0_0_069_out_ap_vld    |  out|    1|      ap_vld|                                                          p_0_10_0_0_069_out|       pointer|
|p_0_9_0_0_067_out            |  out|   16|      ap_vld|                                                           p_0_9_0_0_067_out|       pointer|
|p_0_9_0_0_067_out_ap_vld     |  out|    1|      ap_vld|                                                           p_0_9_0_0_067_out|       pointer|
|p_0_8_0_0_065_out            |  out|   16|      ap_vld|                                                           p_0_8_0_0_065_out|       pointer|
|p_0_8_0_0_065_out_ap_vld     |  out|    1|      ap_vld|                                                           p_0_8_0_0_065_out|       pointer|
|p_0_7_0_0_063_out            |  out|   16|      ap_vld|                                                           p_0_7_0_0_063_out|       pointer|
|p_0_7_0_0_063_out_ap_vld     |  out|    1|      ap_vld|                                                           p_0_7_0_0_063_out|       pointer|
|p_0_6_0_0_061_out            |  out|   16|      ap_vld|                                                           p_0_6_0_0_061_out|       pointer|
|p_0_6_0_0_061_out_ap_vld     |  out|    1|      ap_vld|                                                           p_0_6_0_0_061_out|       pointer|
|p_0_5_0_0_059_out            |  out|   16|      ap_vld|                                                           p_0_5_0_0_059_out|       pointer|
|p_0_5_0_0_059_out_ap_vld     |  out|    1|      ap_vld|                                                           p_0_5_0_0_059_out|       pointer|
|p_0_4_0_0_057_out            |  out|   16|      ap_vld|                                                           p_0_4_0_0_057_out|       pointer|
|p_0_4_0_0_057_out_ap_vld     |  out|    1|      ap_vld|                                                           p_0_4_0_0_057_out|       pointer|
|p_0_3_0_0_055_out            |  out|   16|      ap_vld|                                                           p_0_3_0_0_055_out|       pointer|
|p_0_3_0_0_055_out_ap_vld     |  out|    1|      ap_vld|                                                           p_0_3_0_0_055_out|       pointer|
|p_0_2_0_0_053_out            |  out|   16|      ap_vld|                                                           p_0_2_0_0_053_out|       pointer|
|p_0_2_0_0_053_out_ap_vld     |  out|    1|      ap_vld|                                                           p_0_2_0_0_053_out|       pointer|
|p_0_1_0_0_051_out            |  out|   16|      ap_vld|                                                           p_0_1_0_0_051_out|       pointer|
|p_0_1_0_0_051_out_ap_vld     |  out|    1|      ap_vld|                                                           p_0_1_0_0_051_out|       pointer|
|p_0_0_0_0_049_out            |  out|   16|      ap_vld|                                                           p_0_0_0_0_049_out|       pointer|
|p_0_0_0_0_049_out_ap_vld     |  out|    1|      ap_vld|                                                           p_0_0_0_0_049_out|       pointer|
|p_0_23_0_0_047_out           |  out|   16|      ap_vld|                                                          p_0_23_0_0_047_out|       pointer|
|p_0_23_0_0_047_out_ap_vld    |  out|    1|      ap_vld|                                                          p_0_23_0_0_047_out|       pointer|
|p_0_22_0_0_045_out           |  out|   16|      ap_vld|                                                          p_0_22_0_0_045_out|       pointer|
|p_0_22_0_0_045_out_ap_vld    |  out|    1|      ap_vld|                                                          p_0_22_0_0_045_out|       pointer|
|p_0_21_0_0_043_out           |  out|   16|      ap_vld|                                                          p_0_21_0_0_043_out|       pointer|
|p_0_21_0_0_043_out_ap_vld    |  out|    1|      ap_vld|                                                          p_0_21_0_0_043_out|       pointer|
|p_0_20_0_0_041_out           |  out|   16|      ap_vld|                                                          p_0_20_0_0_041_out|       pointer|
|p_0_20_0_0_041_out_ap_vld    |  out|    1|      ap_vld|                                                          p_0_20_0_0_041_out|       pointer|
|p_0_19_0_0_039_out           |  out|   16|      ap_vld|                                                          p_0_19_0_0_039_out|       pointer|
|p_0_19_0_0_039_out_ap_vld    |  out|    1|      ap_vld|                                                          p_0_19_0_0_039_out|       pointer|
|p_0_18_0_0_037_out           |  out|   16|      ap_vld|                                                          p_0_18_0_0_037_out|       pointer|
|p_0_18_0_0_037_out_ap_vld    |  out|    1|      ap_vld|                                                          p_0_18_0_0_037_out|       pointer|
|p_0_17_0_0_035_out           |  out|   16|      ap_vld|                                                          p_0_17_0_0_035_out|       pointer|
|p_0_17_0_0_035_out_ap_vld    |  out|    1|      ap_vld|                                                          p_0_17_0_0_035_out|       pointer|
|p_0_16_0_0_033_out           |  out|   16|      ap_vld|                                                          p_0_16_0_0_033_out|       pointer|
|p_0_16_0_0_033_out_ap_vld    |  out|    1|      ap_vld|                                                          p_0_16_0_0_033_out|       pointer|
|p_0_15_0_0_031_out           |  out|   16|      ap_vld|                                                          p_0_15_0_0_031_out|       pointer|
|p_0_15_0_0_031_out_ap_vld    |  out|    1|      ap_vld|                                                          p_0_15_0_0_031_out|       pointer|
|p_0_14_0_0_029_out           |  out|   16|      ap_vld|                                                          p_0_14_0_0_029_out|       pointer|
|p_0_14_0_0_029_out_ap_vld    |  out|    1|      ap_vld|                                                          p_0_14_0_0_029_out|       pointer|
|p_0_13_0_0_027_out           |  out|   16|      ap_vld|                                                          p_0_13_0_0_027_out|       pointer|
|p_0_13_0_0_027_out_ap_vld    |  out|    1|      ap_vld|                                                          p_0_13_0_0_027_out|       pointer|
|p_0_12_0_0_025_out           |  out|   16|      ap_vld|                                                          p_0_12_0_0_025_out|       pointer|
|p_0_12_0_0_025_out_ap_vld    |  out|    1|      ap_vld|                                                          p_0_12_0_0_025_out|       pointer|
|p_0_11_0_0_023_out           |  out|   16|      ap_vld|                                                          p_0_11_0_0_023_out|       pointer|
|p_0_11_0_0_023_out_ap_vld    |  out|    1|      ap_vld|                                                          p_0_11_0_0_023_out|       pointer|
|p_0_10_0_0_021_out           |  out|   16|      ap_vld|                                                          p_0_10_0_0_021_out|       pointer|
|p_0_10_0_0_021_out_ap_vld    |  out|    1|      ap_vld|                                                          p_0_10_0_0_021_out|       pointer|
|p_0_9_0_0_019_out            |  out|   16|      ap_vld|                                                           p_0_9_0_0_019_out|       pointer|
|p_0_9_0_0_019_out_ap_vld     |  out|    1|      ap_vld|                                                           p_0_9_0_0_019_out|       pointer|
|p_0_8_0_0_017_out            |  out|   16|      ap_vld|                                                           p_0_8_0_0_017_out|       pointer|
|p_0_8_0_0_017_out_ap_vld     |  out|    1|      ap_vld|                                                           p_0_8_0_0_017_out|       pointer|
|p_0_7_0_0_015_out            |  out|   16|      ap_vld|                                                           p_0_7_0_0_015_out|       pointer|
|p_0_7_0_0_015_out_ap_vld     |  out|    1|      ap_vld|                                                           p_0_7_0_0_015_out|       pointer|
|p_0_6_0_0_013_out            |  out|   16|      ap_vld|                                                           p_0_6_0_0_013_out|       pointer|
|p_0_6_0_0_013_out_ap_vld     |  out|    1|      ap_vld|                                                           p_0_6_0_0_013_out|       pointer|
|p_0_5_0_0_011_out            |  out|   16|      ap_vld|                                                           p_0_5_0_0_011_out|       pointer|
|p_0_5_0_0_011_out_ap_vld     |  out|    1|      ap_vld|                                                           p_0_5_0_0_011_out|       pointer|
|p_0_4_0_0_09_out             |  out|   16|      ap_vld|                                                            p_0_4_0_0_09_out|       pointer|
|p_0_4_0_0_09_out_ap_vld      |  out|    1|      ap_vld|                                                            p_0_4_0_0_09_out|       pointer|
|p_0_3_0_0_07_out             |  out|   16|      ap_vld|                                                            p_0_3_0_0_07_out|       pointer|
|p_0_3_0_0_07_out_ap_vld      |  out|    1|      ap_vld|                                                            p_0_3_0_0_07_out|       pointer|
|p_0_2_0_0_05_out             |  out|   16|      ap_vld|                                                            p_0_2_0_0_05_out|       pointer|
|p_0_2_0_0_05_out_ap_vld      |  out|    1|      ap_vld|                                                            p_0_2_0_0_05_out|       pointer|
|p_0_1_0_0_03_out             |  out|   16|      ap_vld|                                                            p_0_1_0_0_03_out|       pointer|
|p_0_1_0_0_03_out_ap_vld      |  out|    1|      ap_vld|                                                            p_0_1_0_0_03_out|       pointer|
|p_0_0_0_0_01_out             |  out|   16|      ap_vld|                                                            p_0_0_0_0_01_out|       pointer|
|p_0_0_0_0_01_out_ap_vld      |  out|    1|      ap_vld|                                                            p_0_0_0_0_01_out|       pointer|
+-----------------------------+-----+-----+------------+----------------------------------------------------------------------------+--------------+

