

================================================================
== Vitis HLS Report for 'dense_latency_ap_ufixed_ap_fixed_40_21_5_3_0_config7_mult_s'
================================================================
* Date:           Mon Aug  3 11:07:13 2026

* Version:        2023.2 (Build 4023990 on Oct 11 2023)
* Project:        myproject_prj
* Solution:       solution1 (Vivado IP Flow Target)
* Product family: virtexu
* Target device:  xcvu080-ffvb2104-2-e


================================================================
== Performance Estimates
================================================================
+ Timing: 
    * Summary: 
    +--------+---------+----------+------------+
    |  Clock |  Target | Estimated| Uncertainty|
    +--------+---------+----------+------------+
    |ap_clk  |  5.00 ns|  3.633 ns|     1.35 ns|
    +--------+---------+----------+------------+

+ Latency: 
    * Summary: 
    +---------+---------+-----------+-----------+-----+-----+---------+
    |  Latency (cycles) |   Latency (absolute)  |  Interval | Pipeline|
    |   min   |   max   |    min    |    max    | min | max |   Type  |
    +---------+---------+-----------+-----------+-----+-----+---------+
    |       12|       12|  60.000 ns|  60.000 ns|   13|   13|      yes|
    +---------+---------+-----------+-----------+-----+-----+---------+

    + Detail: 
        * Instance: 
        N/A

        * Loop: 
        N/A



================================================================
== Utilization Estimates
================================================================
* Summary: 
+-----------------+---------+-----+--------+--------+-----+
|       Name      | BRAM_18K| DSP |   FF   |   LUT  | URAM|
+-----------------+---------+-----+--------+--------+-----+
|DSP              |        -|    -|       -|       -|    -|
|Expression       |        -|    -|       0|   66352|    -|
|FIFO             |        -|    -|       -|       -|    -|
|Instance         |        -|  146|       0|     876|    -|
|Memory           |        -|    -|       -|       -|    -|
|Multiplexer      |        -|    -|       -|   11497|    -|
|Register         |        -|    -|   32279|       -|    -|
+-----------------+---------+-----+--------+--------+-----+
|Total            |        0|  146|   32279|   78725|    0|
+-----------------+---------+-----+--------+--------+-----+
|Available        |     2842|  672|  891424|  445712|    0|
+-----------------+---------+-----+--------+--------+-----+
|Utilization (%)  |        0|   21|       3|      17|    0|
+-----------------+---------+-----+--------+--------+-----+

+ Detail: 
    * Instance: 
    +--------------------------+---------------------+---------+----+---+----+-----+
    |         Instance         |        Module       | BRAM_18K| DSP| FF| LUT| URAM|
    +--------------------------+---------------------+---------+----+---+----+-----+
    |mul_16ns_10s_24_1_1_U254  |mul_16ns_10s_24_1_1  |        0|   1|  0|   6|    0|
    |mul_16ns_10s_24_1_1_U260  |mul_16ns_10s_24_1_1  |        0|   1|  0|   6|    0|
    |mul_16ns_10s_24_1_1_U264  |mul_16ns_10s_24_1_1  |        0|   1|  0|   6|    0|
    |mul_16ns_10s_24_1_1_U280  |mul_16ns_10s_24_1_1  |        0|   1|  0|   6|    0|
    |mul_16ns_10s_24_1_1_U281  |mul_16ns_10s_24_1_1  |        0|   1|  0|   6|    0|
    |mul_16ns_10s_24_1_1_U289  |mul_16ns_10s_24_1_1  |        0|   1|  0|   6|    0|
    |mul_16ns_10s_24_1_1_U300  |mul_16ns_10s_24_1_1  |        0|   1|  0|   6|    0|
    |mul_16ns_10s_24_1_1_U327  |mul_16ns_10s_24_1_1  |        0|   1|  0|   6|    0|
    |mul_16ns_10s_24_1_1_U334  |mul_16ns_10s_24_1_1  |        0|   1|  0|   6|    0|
    |mul_16ns_10s_24_1_1_U335  |mul_16ns_10s_24_1_1  |        0|   1|  0|   6|    0|
    |mul_16ns_10s_24_1_1_U338  |mul_16ns_10s_24_1_1  |        0|   1|  0|   6|    0|
    |mul_16ns_10s_24_1_1_U342  |mul_16ns_10s_24_1_1  |        0|   1|  0|   6|    0|
    |mul_16ns_10s_24_1_1_U345  |mul_16ns_10s_24_1_1  |        0|   1|  0|   6|    0|
    |mul_16ns_10s_24_1_1_U355  |mul_16ns_10s_24_1_1  |        0|   1|  0|   6|    0|
    |mul_16ns_10s_24_1_1_U357  |mul_16ns_10s_24_1_1  |        0|   1|  0|   6|    0|
    |mul_16ns_10s_24_1_1_U361  |mul_16ns_10s_24_1_1  |        0|   1|  0|   6|    0|
    |mul_16ns_10s_24_1_1_U376  |mul_16ns_10s_24_1_1  |        0|   1|  0|   6|    0|
    |mul_16ns_10s_24_1_1_U381  |mul_16ns_10s_24_1_1  |        0|   1|  0|   6|    0|
    |mul_16ns_10s_24_1_1_U385  |mul_16ns_10s_24_1_1  |        0|   1|  0|   6|    0|
    |mul_16ns_10s_25_1_1_U244  |mul_16ns_10s_25_1_1  |        0|   1|  0|   6|    0|
    |mul_16ns_10s_25_1_1_U246  |mul_16ns_10s_25_1_1  |        0|   1|  0|   6|    0|
    |mul_16ns_10s_25_1_1_U266  |mul_16ns_10s_25_1_1  |        0|   1|  0|   6|    0|
    |mul_16ns_10s_25_1_1_U270  |mul_16ns_10s_25_1_1  |        0|   1|  0|   6|    0|
    |mul_16ns_10s_25_1_1_U322  |mul_16ns_10s_25_1_1  |        0|   1|  0|   6|    0|
    |mul_16ns_10s_25_1_1_U337  |mul_16ns_10s_25_1_1  |        0|   1|  0|   6|    0|
    |mul_16ns_10s_25_1_1_U347  |mul_16ns_10s_25_1_1  |        0|   1|  0|   6|    0|
    |mul_16ns_10s_25_1_1_U356  |mul_16ns_10s_25_1_1  |        0|   1|  0|   6|    0|
    |mul_16ns_10s_25_1_1_U373  |mul_16ns_10s_25_1_1  |        0|   1|  0|   6|    0|
    |mul_16ns_10s_25_1_1_U386  |mul_16ns_10s_25_1_1  |        0|   1|  0|   6|    0|
    |mul_16ns_7ns_22_1_1_U293  |mul_16ns_7ns_22_1_1  |        0|   1|  0|   6|    0|
    |mul_16ns_7s_23_1_1_U269   |mul_16ns_7s_23_1_1   |        0|   1|  0|   6|    0|
    |mul_16ns_7s_23_1_1_U288   |mul_16ns_7s_23_1_1   |        0|   1|  0|   6|    0|
    |mul_16ns_7s_23_1_1_U313   |mul_16ns_7s_23_1_1   |        0|   1|  0|   6|    0|
    |mul_16ns_8ns_23_1_1_U248  |mul_16ns_8ns_23_1_1  |        0|   1|  0|   6|    0|
    |mul_16ns_8ns_23_1_1_U276  |mul_16ns_8ns_23_1_1  |        0|   1|  0|   6|    0|
    |mul_16ns_8ns_23_1_1_U308  |mul_16ns_8ns_23_1_1  |        0|   1|  0|   6|    0|
    |mul_16ns_8ns_23_1_1_U377  |mul_16ns_8ns_23_1_1  |        0|   1|  0|   6|    0|
    |mul_16ns_8s_22_1_1_U325   |mul_16ns_8s_22_1_1   |        0|   1|  0|   6|    0|
    |mul_16ns_8s_23_1_1_U245   |mul_16ns_8s_23_1_1   |        0|   1|  0|   6|    0|
    |mul_16ns_8s_23_1_1_U290   |mul_16ns_8s_23_1_1   |        0|   1|  0|   6|    0|
    |mul_16ns_8s_23_1_1_U298   |mul_16ns_8s_23_1_1   |        0|   1|  0|   6|    0|
    |mul_16ns_8s_23_1_1_U311   |mul_16ns_8s_23_1_1   |        0|   1|  0|   6|    0|
    |mul_16ns_8s_23_1_1_U362   |mul_16ns_8s_23_1_1   |        0|   1|  0|   6|    0|
    |mul_16ns_8s_24_1_1_U242   |mul_16ns_8s_24_1_1   |        0|   1|  0|   6|    0|
    |mul_16ns_8s_24_1_1_U243   |mul_16ns_8s_24_1_1   |        0|   1|  0|   6|    0|
    |mul_16ns_8s_24_1_1_U247   |mul_16ns_8s_24_1_1   |        0|   1|  0|   6|    0|
    |mul_16ns_8s_24_1_1_U252   |mul_16ns_8s_24_1_1   |        0|   1|  0|   6|    0|
    |mul_16ns_8s_24_1_1_U255   |mul_16ns_8s_24_1_1   |        0|   1|  0|   6|    0|
    |mul_16ns_8s_24_1_1_U259   |mul_16ns_8s_24_1_1   |        0|   1|  0|   6|    0|
    |mul_16ns_8s_24_1_1_U263   |mul_16ns_8s_24_1_1   |        0|   1|  0|   6|    0|
    |mul_16ns_8s_24_1_1_U265   |mul_16ns_8s_24_1_1   |        0|   1|  0|   6|    0|
    |mul_16ns_8s_24_1_1_U271   |mul_16ns_8s_24_1_1   |        0|   1|  0|   6|    0|
    |mul_16ns_8s_24_1_1_U273   |mul_16ns_8s_24_1_1   |        0|   1|  0|   6|    0|
    |mul_16ns_8s_24_1_1_U287   |mul_16ns_8s_24_1_1   |        0|   1|  0|   6|    0|
    |mul_16ns_8s_24_1_1_U296   |mul_16ns_8s_24_1_1   |        0|   1|  0|   6|    0|
    |mul_16ns_8s_24_1_1_U310   |mul_16ns_8s_24_1_1   |        0|   1|  0|   6|    0|
    |mul_16ns_8s_24_1_1_U314   |mul_16ns_8s_24_1_1   |        0|   1|  0|   6|    0|
    |mul_16ns_8s_24_1_1_U321   |mul_16ns_8s_24_1_1   |        0|   1|  0|   6|    0|
    |mul_16ns_8s_24_1_1_U340   |mul_16ns_8s_24_1_1   |        0|   1|  0|   6|    0|
    |mul_16ns_8s_24_1_1_U343   |mul_16ns_8s_24_1_1   |        0|   1|  0|   6|    0|
    |mul_16ns_8s_24_1_1_U353   |mul_16ns_8s_24_1_1   |        0|   1|  0|   6|    0|
    |mul_16ns_8s_24_1_1_U360   |mul_16ns_8s_24_1_1   |        0|   1|  0|   6|    0|
    |mul_16ns_8s_24_1_1_U365   |mul_16ns_8s_24_1_1   |        0|   1|  0|   6|    0|
    |mul_16ns_8s_24_1_1_U366   |mul_16ns_8s_24_1_1   |        0|   1|  0|   6|    0|
    |mul_16ns_8s_24_1_1_U368   |mul_16ns_8s_24_1_1   |        0|   1|  0|   6|    0|
    |mul_16ns_8s_24_1_1_U371   |mul_16ns_8s_24_1_1   |        0|   1|  0|   6|    0|
    |mul_16ns_8s_24_1_1_U372   |mul_16ns_8s_24_1_1   |        0|   1|  0|   6|    0|
    |mul_16ns_9ns_24_1_1_U286  |mul_16ns_9ns_24_1_1  |        0|   1|  0|   6|    0|
    |mul_16ns_9ns_24_1_1_U379  |mul_16ns_9ns_24_1_1  |        0|   1|  0|   6|    0|
    |mul_16ns_9s_23_1_1_U249   |mul_16ns_9s_23_1_1   |        0|   1|  0|   6|    0|
    |mul_16ns_9s_23_1_1_U272   |mul_16ns_9s_23_1_1   |        0|   1|  0|   6|    0|
    |mul_16ns_9s_23_1_1_U277   |mul_16ns_9s_23_1_1   |        0|   1|  0|   6|    0|
    |mul_16ns_9s_23_1_1_U278   |mul_16ns_9s_23_1_1   |        0|   1|  0|   6|    0|
    |mul_16ns_9s_23_1_1_U279   |mul_16ns_9s_23_1_1   |        0|   1|  0|   6|    0|
    |mul_16ns_9s_23_1_1_U291   |mul_16ns_9s_23_1_1   |        0|   1|  0|   6|    0|
    |mul_16ns_9s_23_1_1_U304   |mul_16ns_9s_23_1_1   |        0|   1|  0|   6|    0|
    |mul_16ns_9s_23_1_1_U305   |mul_16ns_9s_23_1_1   |        0|   1|  0|   6|    0|
    |mul_16ns_9s_23_1_1_U309   |mul_16ns_9s_23_1_1   |        0|   1|  0|   6|    0|
    |mul_16ns_9s_23_1_1_U315   |mul_16ns_9s_23_1_1   |        0|   1|  0|   6|    0|
    |mul_16ns_9s_23_1_1_U320   |mul_16ns_9s_23_1_1   |        0|   1|  0|   6|    0|
    |mul_16ns_9s_23_1_1_U326   |mul_16ns_9s_23_1_1   |        0|   1|  0|   6|    0|
    |mul_16ns_9s_23_1_1_U328   |mul_16ns_9s_23_1_1   |        0|   1|  0|   6|    0|
    |mul_16ns_9s_23_1_1_U333   |mul_16ns_9s_23_1_1   |        0|   1|  0|   6|    0|
    |mul_16ns_9s_23_1_1_U336   |mul_16ns_9s_23_1_1   |        0|   1|  0|   6|    0|
    |mul_16ns_9s_23_1_1_U344   |mul_16ns_9s_23_1_1   |        0|   1|  0|   6|    0|
    |mul_16ns_9s_23_1_1_U349   |mul_16ns_9s_23_1_1   |        0|   1|  0|   6|    0|
    |mul_16ns_9s_23_1_1_U350   |mul_16ns_9s_23_1_1   |        0|   1|  0|   6|    0|
    |mul_16ns_9s_23_1_1_U354   |mul_16ns_9s_23_1_1   |        0|   1|  0|   6|    0|
    |mul_16ns_9s_23_1_1_U359   |mul_16ns_9s_23_1_1   |        0|   1|  0|   6|    0|
    |mul_16ns_9s_24_1_1_U251   |mul_16ns_9s_24_1_1   |        0|   1|  0|   6|    0|
    |mul_16ns_9s_24_1_1_U256   |mul_16ns_9s_24_1_1   |        0|   1|  0|   6|    0|
    |mul_16ns_9s_24_1_1_U261   |mul_16ns_9s_24_1_1   |        0|   1|  0|   6|    0|
    |mul_16ns_9s_24_1_1_U262   |mul_16ns_9s_24_1_1   |        0|   1|  0|   6|    0|
    |mul_16ns_9s_24_1_1_U268   |mul_16ns_9s_24_1_1   |        0|   1|  0|   6|    0|
    |mul_16ns_9s_24_1_1_U274   |mul_16ns_9s_24_1_1   |        0|   1|  0|   6|    0|
    |mul_16ns_9s_24_1_1_U282   |mul_16ns_9s_24_1_1   |        0|   1|  0|   6|    0|
    |mul_16ns_9s_24_1_1_U284   |mul_16ns_9s_24_1_1   |        0|   1|  0|   6|    0|
    |mul_16ns_9s_24_1_1_U292   |mul_16ns_9s_24_1_1   |        0|   1|  0|   6|    0|
    |mul_16ns_9s_24_1_1_U299   |mul_16ns_9s_24_1_1   |        0|   1|  0|   6|    0|
    |mul_16ns_9s_24_1_1_U303   |mul_16ns_9s_24_1_1   |        0|   1|  0|   6|    0|
    |mul_16ns_9s_24_1_1_U307   |mul_16ns_9s_24_1_1   |        0|   1|  0|   6|    0|
    |mul_16ns_9s_24_1_1_U312   |mul_16ns_9s_24_1_1   |        0|   1|  0|   6|    0|
    |mul_16ns_9s_24_1_1_U317   |mul_16ns_9s_24_1_1   |        0|   1|  0|   6|    0|
    |mul_16ns_9s_24_1_1_U318   |mul_16ns_9s_24_1_1   |        0|   1|  0|   6|    0|
    |mul_16ns_9s_24_1_1_U323   |mul_16ns_9s_24_1_1   |        0|   1|  0|   6|    0|
    |mul_16ns_9s_24_1_1_U330   |mul_16ns_9s_24_1_1   |        0|   1|  0|   6|    0|
    |mul_16ns_9s_24_1_1_U331   |mul_16ns_9s_24_1_1   |        0|   1|  0|   6|    0|
    |mul_16ns_9s_24_1_1_U339   |mul_16ns_9s_24_1_1   |        0|   1|  0|   6|    0|
    |mul_16ns_9s_24_1_1_U341   |mul_16ns_9s_24_1_1   |        0|   1|  0|   6|    0|
    |mul_16ns_9s_24_1_1_U346   |mul_16ns_9s_24_1_1   |        0|   1|  0|   6|    0|
    |mul_16ns_9s_24_1_1_U351   |mul_16ns_9s_24_1_1   |        0|   1|  0|   6|    0|
    |mul_16ns_9s_24_1_1_U352   |mul_16ns_9s_24_1_1   |        0|   1|  0|   6|    0|
    |mul_16ns_9s_24_1_1_U358   |mul_16ns_9s_24_1_1   |        0|   1|  0|   6|    0|
    |mul_16ns_9s_24_1_1_U364   |mul_16ns_9s_24_1_1   |        0|   1|  0|   6|    0|
    |mul_16ns_9s_24_1_1_U367   |mul_16ns_9s_24_1_1   |        0|   1|  0|   6|    0|
    |mul_16ns_9s_24_1_1_U369   |mul_16ns_9s_24_1_1   |        0|   1|  0|   6|    0|
    |mul_16ns_9s_24_1_1_U374   |mul_16ns_9s_24_1_1   |        0|   1|  0|   6|    0|
    |mul_16ns_9s_24_1_1_U375   |mul_16ns_9s_24_1_1   |        0|   1|  0|   6|    0|
    |mul_16ns_9s_24_1_1_U380   |mul_16ns_9s_24_1_1   |        0|   1|  0|   6|    0|
    |mul_16ns_9s_24_1_1_U383   |mul_16ns_9s_24_1_1   |        0|   1|  0|   6|    0|
    |mul_16ns_9s_24_1_1_U384   |mul_16ns_9s_24_1_1   |        0|   1|  0|   6|    0|
    |mul_16ns_9s_24_1_1_U387   |mul_16ns_9s_24_1_1   |        0|   1|  0|   6|    0|
    |mul_16ns_9s_25_1_1_U250   |mul_16ns_9s_25_1_1   |        0|   1|  0|   6|    0|
    |mul_16ns_9s_25_1_1_U253   |mul_16ns_9s_25_1_1   |        0|   1|  0|   6|    0|
    |mul_16ns_9s_25_1_1_U257   |mul_16ns_9s_25_1_1   |        0|   1|  0|   6|    0|
    |mul_16ns_9s_25_1_1_U258   |mul_16ns_9s_25_1_1   |        0|   1|  0|   6|    0|
    |mul_16ns_9s_25_1_1_U267   |mul_16ns_9s_25_1_1   |        0|   1|  0|   6|    0|
    |mul_16ns_9s_25_1_1_U275   |mul_16ns_9s_25_1_1   |        0|   1|  0|   6|    0|
    |mul_16ns_9s_25_1_1_U283   |mul_16ns_9s_25_1_1   |        0|   1|  0|   6|    0|
    |mul_16ns_9s_25_1_1_U285   |mul_16ns_9s_25_1_1   |        0|   1|  0|   6|    0|
    |mul_16ns_9s_25_1_1_U294   |mul_16ns_9s_25_1_1   |        0|   1|  0|   6|    0|
    |mul_16ns_9s_25_1_1_U295   |mul_16ns_9s_25_1_1   |        0|   1|  0|   6|    0|
    |mul_16ns_9s_25_1_1_U297   |mul_16ns_9s_25_1_1   |        0|   1|  0|   6|    0|
    |mul_16ns_9s_25_1_1_U301   |mul_16ns_9s_25_1_1   |        0|   1|  0|   6|    0|
    |mul_16ns_9s_25_1_1_U302   |mul_16ns_9s_25_1_1   |        0|   1|  0|   6|    0|
    |mul_16ns_9s_25_1_1_U306   |mul_16ns_9s_25_1_1   |        0|   1|  0|   6|    0|
    |mul_16ns_9s_25_1_1_U316   |mul_16ns_9s_25_1_1   |        0|   1|  0|   6|    0|
    |mul_16ns_9s_25_1_1_U319   |mul_16ns_9s_25_1_1   |        0|   1|  0|   6|    0|
    |mul_16ns_9s_25_1_1_U324   |mul_16ns_9s_25_1_1   |        0|   1|  0|   6|    0|
    |mul_16ns_9s_25_1_1_U329   |mul_16ns_9s_25_1_1   |        0|   1|  0|   6|    0|
    |mul_16ns_9s_25_1_1_U332   |mul_16ns_9s_25_1_1   |        0|   1|  0|   6|    0|
    |mul_16ns_9s_25_1_1_U348   |mul_16ns_9s_25_1_1   |        0|   1|  0|   6|    0|
    |mul_16ns_9s_25_1_1_U363   |mul_16ns_9s_25_1_1   |        0|   1|  0|   6|    0|
    |mul_16ns_9s_25_1_1_U370   |mul_16ns_9s_25_1_1   |        0|   1|  0|   6|    0|
    |mul_16ns_9s_25_1_1_U378   |mul_16ns_9s_25_1_1   |        0|   1|  0|   6|    0|
    |mul_16ns_9s_25_1_1_U382   |mul_16ns_9s_25_1_1   |        0|   1|  0|   6|    0|
    +--------------------------+---------------------+---------+----+---+----+-----+
    |Total                     |                     |        0| 146|  0| 876|    0|
    +--------------------------+---------------------+---------+----+---+----+-----+

    * DSP: 
    N/A

    * Memory: 
    N/A

    * FIFO: 
    N/A

    * Expression: 
    +----------------------------+----------+----+---+-----+------------+------------+
    |        Variable Name       | Operation| DSP| FF| LUT | Bitwidth P0| Bitwidth P1|
    +----------------------------+----------+----+---+-----+------------+------------+
    |add_ln58_1000_fu_314504_p2  |         +|   0|  0|   22|          15|          15|
    |add_ln58_1001_fu_335289_p2  |         +|   0|  0|   21|          14|          14|
    |add_ln58_1002_fu_335299_p2  |         +|   0|  0|   22|          15|          15|
    |add_ln58_1003_fu_335309_p2  |         +|   0|  0|   16|          16|          16|
    |add_ln58_1004_fu_331600_p2  |         +|   0|  0|   21|          14|          14|
    |add_ln58_1005_fu_335318_p2  |         +|   0|  0|   22|          15|          15|
    |add_ln58_1006_fu_314510_p2  |         +|   0|  0|   20|          13|          13|
    |add_ln58_1007_fu_319870_p2  |         +|   0|  0|   21|          14|          14|
    |add_ln58_1008_fu_335331_p2  |         +|   0|  0|   23|          16|          16|
    |add_ln58_1009_fu_335337_p2  |         +|   0|  0|   16|          16|          16|
    |add_ln58_1010_fu_338277_p2  |         +|   0|  0|   16|          16|          16|
    |add_ln58_1011_fu_338282_p2  |         +|   0|  0|   16|          16|          16|
    |add_ln58_1013_fu_299012_p2  |         +|   0|  0|   16|          15|          15|
    |add_ln58_1014_fu_299018_p2  |         +|   0|  0|   16|          15|          15|
    |add_ln58_1015_fu_299024_p2  |         +|   0|  0|   23|          16|          16|
    |add_ln58_1016_fu_314519_p2  |         +|   0|  0|   16|          16|          16|
    |add_ln58_1017_fu_314524_p2  |         +|   0|  0|   16|          16|          16|
    |add_ln58_1018_fu_303806_p2  |         +|   0|  0|   22|          15|          15|
    |add_ln58_1019_fu_340733_p2  |         +|   0|  0|   16|          16|          16|
    |add_ln58_1020_fu_308386_p2  |         +|   0|  0|   21|          14|          14|
    |add_ln58_1021_fu_308395_p2  |         +|   0|  0|   22|          15|          15|
    |add_ln58_1022_fu_340742_p2  |         +|   0|  0|   16|          16|          16|
    |add_ln58_1023_fu_340748_p2  |         +|   0|  0|   16|          16|          16|
    |add_ln58_1024_fu_314530_p2  |         +|   0|  0|   21|          14|          14|
    |add_ln58_1025_fu_314540_p2  |         +|   0|  0|   22|          15|          15|
    |add_ln58_1026_fu_314546_p2  |         +|   0|  0|   22|          15|          15|
    |add_ln58_1027_fu_314556_p2  |         +|   0|  0|   23|          16|          16|
    |add_ln58_1028_fu_325002_p2  |         +|   0|  0|   16|          16|          16|
    |add_ln58_1029_fu_319876_p2  |         +|   0|  0|   22|          15|          15|
    |add_ln58_1030_fu_319886_p2  |         +|   0|  0|   16|          16|          16|
    |add_ln58_1031_fu_319892_p2  |         +|   0|  0|   16|          15|          15|
    |add_ln58_1032_fu_319898_p2  |         +|   0|  0|   21|          14|          14|
    |add_ln58_1033_fu_319908_p2  |         +|   0|  0|   16|          15|          15|
    |add_ln58_1034_fu_319918_p2  |         +|   0|  0|   16|          16|          16|
    |add_ln58_1035_fu_325007_p2  |         +|   0|  0|   16|          16|          16|
    |add_ln58_1036_fu_340753_p2  |         +|   0|  0|   16|          16|          16|
    |add_ln58_1037_fu_325012_p2  |         +|   0|  0|   23|          16|          16|
    |add_ln58_1038_fu_331606_p2  |         +|   0|  0|   16|          16|          16|
    |add_ln58_1039_fu_331611_p2  |         +|   0|  0|   21|          14|          14|
    |add_ln58_1040_fu_331620_p2  |         +|   0|  0|   22|          15|          15|
    |add_ln58_1041_fu_331630_p2  |         +|   0|  0|   16|          16|          16|
    |add_ln58_1042_fu_335343_p2  |         +|   0|  0|   23|          16|          16|
    |add_ln58_1043_fu_340758_p2  |         +|   0|  0|   16|          16|          16|
    |add_ln58_1044_fu_335349_p2  |         +|   0|  0|   21|          14|          14|
    |add_ln58_1045_fu_335359_p2  |         +|   0|  0|   23|          16|          16|
    |add_ln58_1046_fu_340763_p2  |         +|   0|  0|   16|          16|          16|
    |add_ln58_1047_fu_341964_p2  |         +|   0|  0|   16|          16|          16|
    |add_ln58_1048_fu_338288_p2  |         +|   0|  0|   21|          14|          14|
    |add_ln58_1049_fu_338297_p2  |         +|   0|  0|   23|          16|          16|
    |add_ln58_1050_fu_338303_p2  |         +|   0|  0|   16|          15|          15|
    |add_ln58_1051_fu_338309_p2  |         +|   0|  0|   16|          15|          15|
    |add_ln58_1052_fu_340771_p2  |         +|   0|  0|   16|          16|          16|
    |add_ln58_1053_fu_340776_p2  |         +|   0|  0|   23|          16|          16|
    |add_ln58_1054_fu_340782_p2  |         +|   0|  0|   16|          16|          16|
    |add_ln58_1055_fu_308401_p2  |         +|   0|  0|   16|          16|          16|
    |add_ln58_1056_fu_308407_p2  |         +|   0|  0|   23|          16|          16|
    |add_ln58_1057_fu_308413_p2  |         +|   0|  0|   16|          16|          16|
    |add_ln58_1058_fu_340788_p2  |         +|   0|  0|   16|          16|          16|
    |add_ln58_1059_fu_340793_p2  |         +|   0|  0|   16|          16|          16|
    |add_ln58_1060_fu_341968_p2  |         +|   0|  0|   16|          16|          16|
    |add_ln58_1061_fu_341973_p2  |         +|   0|  0|   16|          16|          16|
    |add_ln58_1062_fu_314562_p2  |         +|   0|  0|   16|          16|          16|
    |add_ln58_1063_fu_314568_p2  |         +|   0|  0|   16|          16|          16|
    |add_ln58_1064_fu_319924_p2  |         +|   0|  0|   16|          16|          16|
    |add_ln58_1065_fu_319930_p2  |         +|   0|  0|   16|          16|          16|
    |add_ln58_1066_fu_338315_p2  |         +|   0|  0|   16|          16|          16|
    |add_ln58_1067_fu_331636_p2  |         +|   0|  0|   23|          16|          16|
    |add_ln58_1068_fu_338319_p2  |         +|   0|  0|   16|          16|          16|
    |add_ln58_1069_fu_338324_p2  |         +|   0|  0|   16|          16|          16|
    |add_ln58_1070_fu_338330_p2  |         +|   0|  0|   16|          16|          16|
    |add_ln58_1071_fu_338336_p2  |         +|   0|  0|   16|          16|          16|
    |add_ln58_1072_fu_338342_p2  |         +|   0|  0|   16|          16|          16|
    |add_ln58_1073_fu_303812_p2  |         +|   0|  0|   22|          15|          15|
    |add_ln58_1074_fu_308422_p2  |         +|   0|  0|   23|          16|          16|
    |add_ln58_1075_fu_325017_p2  |         +|   0|  0|   22|          15|          15|
    |add_ln58_1076_fu_325027_p2  |         +|   0|  0|   23|          16|          16|
    |add_ln58_1077_fu_338348_p2  |         +|   0|  0|   16|          16|          16|
    |add_ln58_1078_fu_325033_p2  |         +|   0|  0|   22|          15|          15|
    |add_ln58_1079_fu_335368_p2  |         +|   0|  0|   16|          16|          16|
    |add_ln58_1080_fu_331642_p2  |         +|   0|  0|   22|          15|          15|
    |add_ln58_1081_fu_335377_p2  |         +|   0|  0|   22|          15|          15|
    |add_ln58_1082_fu_335387_p2  |         +|   0|  0|   23|          16|          16|
    |add_ln58_1083_fu_335393_p2  |         +|   0|  0|   16|          16|          16|
    |add_ln58_1084_fu_338352_p2  |         +|   0|  0|   16|          16|          16|
    |add_ln58_1085_fu_340799_p2  |         +|   0|  0|   16|          16|          16|
    |add_ln58_1086_fu_331648_p2  |         +|   0|  0|   22|          15|          15|
    |add_ln58_1087_fu_335402_p2  |         +|   0|  0|   16|          16|          16|
    |add_ln58_1088_fu_319936_p2  |         +|   0|  0|   21|          14|          14|
    |add_ln58_1089_fu_319946_p2  |         +|   0|  0|   22|          15|          15|
    |add_ln58_1090_fu_335411_p2  |         +|   0|  0|   16|          16|          16|
    |add_ln58_1091_fu_296763_p2  |         +|   0|  0|   21|          14|          14|
    |add_ln58_1092_fu_299032_p2  |         +|   0|  0|   22|          15|          15|
    |add_ln58_1093_fu_308428_p2  |         +|   0|  0|   21|          14|          14|
    |add_ln58_1094_fu_296769_p2  |         +|   0|  0|   21|          14|          14|
    |add_ln58_1095_fu_314583_p2  |         +|   0|  0|   22|          15|          15|
    |add_ln58_1096_fu_314593_p2  |         +|   0|  0|   23|          16|          16|
    |add_ln58_1097_fu_338357_p2  |         +|   0|  0|   16|          16|          16|
    |add_ln58_1098_fu_331654_p2  |         +|   0|  0|   21|          14|          14|
    |add_ln58_1099_fu_331664_p2  |         +|   0|  0|   22|          15|          15|
    |add_ln58_1100_fu_331670_p2  |         +|   0|  0|   21|          14|          14|
    |add_ln58_1101_fu_335423_p2  |         +|   0|  0|   22|          15|          15|
    |add_ln58_1102_fu_335433_p2  |         +|   0|  0|   16|          16|          16|
    |add_ln58_1103_fu_308434_p2  |         +|   0|  0|   20|          13|          13|
    |add_ln58_1104_fu_314602_p2  |         +|   0|  0|   21|          14|          14|
    |add_ln58_1105_fu_331676_p2  |         +|   0|  0|   20|          13|          13|
    |add_ln58_1106_fu_331682_p2  |         +|   0|  0|   20|          13|          13|
    |add_ln58_1107_fu_335448_p2  |         +|   0|  0|   21|          14|          14|
    |add_ln58_1108_fu_335458_p2  |         +|   0|  0|   22|          15|          15|
    |add_ln58_1109_fu_335468_p2  |         +|   0|  0|   16|          16|          16|
    |add_ln58_1110_fu_338361_p2  |         +|   0|  0|   16|          16|          16|
    |add_ln58_1111_fu_340803_p2  |         +|   0|  0|   16|          16|          16|
    |add_ln58_1113_fu_296775_p2  |         +|   0|  0|   22|          15|          15|
    |add_ln58_1114_fu_299038_p2  |         +|   0|  0|   21|          14|          14|
    |add_ln58_1115_fu_303824_p2  |         +|   0|  0|   22|          15|          15|
    |add_ln58_1116_fu_303834_p2  |         +|   0|  0|   23|          16|          16|
    |add_ln58_1117_fu_303840_p2  |         +|   0|  0|   21|          14|          14|
    |add_ln58_1118_fu_303850_p2  |         +|   0|  0|   22|          15|          15|
    |add_ln58_1119_fu_308443_p2  |         +|   0|  0|   16|          15|          15|
    |add_ln58_1120_fu_308449_p2  |         +|   0|  0|   16|          15|          15|
    |add_ln58_1121_fu_308459_p2  |         +|   0|  0|   23|          16|          16|
    |add_ln58_1122_fu_325039_p2  |         +|   0|  0|   16|          16|          16|
    |add_ln58_1123_fu_314608_p2  |         +|   0|  0|   16|          16|          16|
    |add_ln58_1124_fu_314614_p2  |         +|   0|  0|   16|          16|          16|
    |add_ln58_1125_fu_319952_p2  |         +|   0|  0|   16|          15|          15|
    |add_ln58_1126_fu_319958_p2  |         +|   0|  0|   16|          15|          15|
    |add_ln58_1127_fu_319968_p2  |         +|   0|  0|   16|          16|          16|
    |add_ln58_1128_fu_314620_p2  |         +|   0|  0|   21|          14|          14|
    |add_ln58_1129_fu_319976_p2  |         +|   0|  0|   22|          15|          15|
    |add_ln58_1130_fu_314626_p2  |         +|   0|  0|   20|          13|          13|
    |add_ln58_1131_fu_319989_p2  |         +|   0|  0|   21|          14|          14|
    |add_ln58_1132_fu_319999_p2  |         +|   0|  0|   23|          16|          16|
    |add_ln58_1133_fu_320005_p2  |         +|   0|  0|   16|          16|          16|
    |add_ln58_1134_fu_325043_p2  |         +|   0|  0|   16|          16|          16|
    |add_ln58_1135_fu_325048_p2  |         +|   0|  0|   22|          15|          15|
    |add_ln58_1136_fu_331688_p2  |         +|   0|  0|   21|          14|          14|
    |add_ln58_1137_fu_331698_p2  |         +|   0|  0|   22|          15|          15|
    |add_ln58_1138_fu_335480_p2  |         +|   0|  0|   23|          16|          16|
    |add_ln58_1139_fu_335486_p2  |         +|   0|  0|   22|          15|          15|
    |add_ln58_1140_fu_340811_p2  |         +|   0|  0|   16|          16|          16|
    |add_ln58_1141_fu_338366_p2  |         +|   0|  0|   16|          15|          15|
    |add_ln58_1142_fu_338372_p2  |         +|   0|  0|   16|          15|          15|
    |add_ln58_1143_fu_340820_p2  |         +|   0|  0|   16|          16|          16|
    |add_ln58_1144_fu_340826_p2  |         +|   0|  0|   16|          16|          16|
    |add_ln58_1145_fu_338378_p2  |         +|   0|  0|   16|          16|          16|
    |add_ln58_1146_fu_338384_p2  |         +|   0|  0|   16|          16|          16|
    |add_ln58_1147_fu_338390_p2  |         +|   0|  0|   21|          14|          14|
    |add_ln58_1148_fu_338400_p2  |         +|   0|  0|   22|          15|          15|
    |add_ln58_1149_fu_340834_p2  |         +|   0|  0|   16|          16|          16|
    |add_ln58_1150_fu_296781_p2  |         +|   0|  0|   23|          16|          16|
    |add_ln58_1151_fu_340839_p2  |         +|   0|  0|   16|          16|          16|
    |add_ln58_1152_fu_299044_p2  |         +|   0|  0|   16|          16|          16|
    |add_ln58_1153_fu_299050_p2  |         +|   0|  0|   16|          16|          16|
    |add_ln58_1154_fu_340844_p2  |         +|   0|  0|   16|          16|          16|
    |add_ln58_1155_fu_340849_p2  |         +|   0|  0|   16|          16|          16|
    |add_ln58_1156_fu_340855_p2  |         +|   0|  0|   16|          16|          16|
    |add_ln58_1157_fu_341983_p2  |         +|   0|  0|   16|          16|          16|
    |add_ln58_1158_fu_308465_p2  |         +|   0|  0|   23|          16|          16|
    |add_ln58_1159_fu_314632_p2  |         +|   0|  0|   16|          16|          16|
    |add_ln58_1160_fu_314638_p2  |         +|   0|  0|   16|          16|          16|
    |add_ln58_1161_fu_331704_p2  |         +|   0|  0|   16|          16|          16|
    |add_ln58_1162_fu_320011_p2  |         +|   0|  0|   23|          16|          16|
    |add_ln58_1163_fu_331708_p2  |         +|   0|  0|   16|          16|          16|
    |add_ln58_1164_fu_331713_p2  |         +|   0|  0|   16|          16|          16|
    |add_ln58_1165_fu_331719_p2  |         +|   0|  0|   16|          16|          16|
    |add_ln58_1166_fu_331725_p2  |         +|   0|  0|   16|          16|          16|
    |add_ln58_1167_fu_331731_p2  |         +|   0|  0|   16|          16|          16|
    |add_ln58_1168_fu_335491_p2  |         +|   0|  0|   16|          16|          16|
    |add_ln58_1169_fu_335497_p2  |         +|   0|  0|   16|          16|          16|
    |add_ln58_1170_fu_299056_p2  |         +|   0|  0|   22|          15|          15|
    |add_ln58_1171_fu_335506_p2  |         +|   0|  0|   23|          16|          16|
    |add_ln58_1172_fu_335512_p2  |         +|   0|  0|   16|          16|          16|
    |add_ln58_1173_fu_303856_p2  |         +|   0|  0|   22|          15|          15|
    |add_ln58_1174_fu_308474_p2  |         +|   0|  0|   16|          16|          16|
    |add_ln58_1175_fu_308480_p2  |         +|   0|  0|   22|          15|          15|
    |add_ln58_1176_fu_308490_p2  |         +|   0|  0|   23|          16|          16|
    |add_ln58_1177_fu_308496_p2  |         +|   0|  0|   16|          16|          16|
    |add_ln58_1178_fu_335518_p2  |         +|   0|  0|   16|          16|          16|
    |add_ln58_1179_fu_340861_p2  |         +|   0|  0|   16|          16|          16|
    |add_ln58_1180_fu_320017_p2  |         +|   0|  0|   22|          15|          15|
    |add_ln58_1181_fu_325057_p2  |         +|   0|  0|   16|          16|          16|
    |add_ln58_1182_fu_325063_p2  |         +|   0|  0|   22|          15|          15|
    |add_ln58_1183_fu_325073_p2  |         +|   0|  0|   23|          16|          16|
    |add_ln58_1184_fu_325079_p2  |         +|   0|  0|   16|          16|          16|
    |add_ln58_1185_fu_331737_p2  |         +|   0|  0|   22|          15|          15|
    |add_ln58_1186_fu_338409_p2  |         +|   0|  0|   16|          16|          16|
    |add_ln58_1187_fu_338415_p2  |         +|   0|  0|   22|          15|          15|
    |add_ln58_1188_fu_338425_p2  |         +|   0|  0|   23|          16|          16|
    |add_ln58_1189_fu_338431_p2  |         +|   0|  0|   16|          16|          16|
    |add_ln58_1190_fu_340865_p2  |         +|   0|  0|   16|          16|          16|
    |add_ln58_1191_fu_325085_p2  |         +|   0|  0|   21|          14|          14|
    |add_ln58_1192_fu_325095_p2  |         +|   0|  0|   22|          15|          15|
    |add_ln58_1193_fu_335523_p2  |         +|   0|  0|   21|          14|          14|
    |add_ln58_1194_fu_335533_p2  |         +|   0|  0|   22|          15|          15|
    |add_ln58_1195_fu_338443_p2  |         +|   0|  0|   16|          16|          16|
    |add_ln58_1196_fu_303862_p2  |         +|   0|  0|   21|          14|          14|
    |add_ln58_1197_fu_338452_p2  |         +|   0|  0|   16|          15|          15|
    |add_ln58_1198_fu_308502_p2  |         +|   0|  0|   20|          13|          13|
    |add_ln58_1199_fu_314647_p2  |         +|   0|  0|   21|          14|          14|
    |add_ln58_1200_fu_338461_p2  |         +|   0|  0|   16|          15|          15|
    |add_ln58_1201_fu_338471_p2  |         +|   0|  0|   16|          16|          16|
    |add_ln58_1202_fu_340869_p2  |         +|   0|  0|   16|          16|          16|
    |add_ln58_1203_fu_340874_p2  |         +|   0|  0|   16|          16|          16|
    |add_ln58_1205_fu_296787_p2  |         +|   0|  0|   16|          15|          15|
    |add_ln58_1206_fu_296793_p2  |         +|   0|  0|   16|          15|          15|
    |add_ln58_1207_fu_299062_p2  |         +|   0|  0|   22|          15|          15|
    |add_ln58_1208_fu_340886_p2  |         +|   0|  0|   16|          16|          16|
    |add_ln58_1209_fu_340892_p2  |         +|   0|  0|   16|          16|          16|
    |add_ln58_1210_fu_299068_p2  |         +|   0|  0|   22|          15|          15|
    |add_ln58_1211_fu_314656_p2  |         +|   0|  0|   16|          16|          16|
    |add_ln58_1212_fu_303868_p2  |         +|   0|  0|   21|          14|          14|
    |add_ln58_1213_fu_303878_p2  |         +|   0|  0|   22|          15|          15|
    |add_ln58_1214_fu_314664_p2  |         +|   0|  0|   16|          16|          16|
    |add_ln58_1215_fu_340898_p2  |         +|   0|  0|   16|          16|          16|
    |add_ln58_1216_fu_308508_p2  |         +|   0|  0|   16|          14|          14|
    |add_ln58_1217_fu_308514_p2  |         +|   0|  0|   16|          14|          14|
    |add_ln58_1218_fu_314670_p2  |         +|   0|  0|   22|          15|          15|
    |add_ln58_1219_fu_314680_p2  |         +|   0|  0|   23|          16|          16|
    |add_ln58_1220_fu_325104_p2  |         +|   0|  0|   16|          16|          16|
    |add_ln58_1221_fu_320023_p2  |         +|   0|  0|   22|          15|          15|
    |add_ln58_1222_fu_325112_p2  |         +|   0|  0|   16|          16|          16|
    |add_ln58_1223_fu_320029_p2  |         +|   0|  0|   21|          14|          14|
    |add_ln58_1224_fu_325121_p2  |         +|   0|  0|   16|          15|          15|
    |add_ln58_1225_fu_325127_p2  |         +|   0|  0|   16|          15|          15|
    |add_ln58_1226_fu_325137_p2  |         +|   0|  0|   16|          16|          16|
    |add_ln58_1227_fu_325143_p2  |         +|   0|  0|   16|          16|          16|
    |add_ln58_1228_fu_340903_p2  |         +|   0|  0|   16|          16|          16|
    |add_ln58_1229_fu_320034_p2  |         +|   0|  0|   20|          13|          13|
    |add_ln58_1230_fu_325152_p2  |         +|   0|  0|   22|          15|          15|
    |add_ln58_1231_fu_331743_p2  |         +|   0|  0|   23|          16|          16|
    |add_ln58_1232_fu_340911_p2  |         +|   0|  0|   16|          16|          16|
    |add_ln58_1233_fu_340916_p2  |         +|   0|  0|   16|          16|          16|
    |add_ln58_1234_fu_331749_p2  |         +|   0|  0|   16|          15|          15|
    |add_ln58_1235_fu_331755_p2  |         +|   0|  0|   16|          15|          15|
    |add_ln58_1236_fu_335542_p2  |         +|   0|  0|   22|          15|          15|
    |add_ln58_1237_fu_331761_p2  |         +|   0|  0|   22|          15|          15|
    |add_ln58_1238_fu_335555_p2  |         +|   0|  0|   16|          16|          16|
    |add_ln58_1239_fu_335561_p2  |         +|   0|  0|   16|          16|          16|
    |add_ln58_1240_fu_341992_p2  |         +|   0|  0|   16|          16|          16|
    |add_ln58_1241_fu_338477_p2  |         +|   0|  0|   17|          13|          13|
    |add_ln58_1242_fu_338483_p2  |         +|   0|  0|   17|          13|          13|
    |add_ln58_1243_fu_338489_p2  |         +|   0|  0|   20|          13|          13|
    |add_ln58_1244_fu_338499_p2  |         +|   0|  0|   22|          15|          15|
    |add_ln58_1245_fu_340928_p2  |         +|   0|  0|   16|          16|          16|
    |add_ln58_1246_fu_340934_p2  |         +|   0|  0|   23|          16|          16|
    |add_ln58_1247_fu_340940_p2  |         +|   0|  0|   16|          16|          16|
    |add_ln58_1248_fu_308520_p2  |         +|   0|  0|   16|          16|          16|
    |add_ln58_1249_fu_308526_p2  |         +|   0|  0|   23|          16|          16|
    |add_ln58_1250_fu_308532_p2  |         +|   0|  0|   16|          16|          16|
    |add_ln58_1251_fu_340946_p2  |         +|   0|  0|   16|          16|          16|
    |add_ln58_1252_fu_340951_p2  |         +|   0|  0|   16|          16|          16|
    |add_ln58_1253_fu_341996_p2  |         +|   0|  0|   16|          16|          16|
    |add_ln58_1254_fu_342001_p2  |         +|   0|  0|   16|          16|          16|
    |add_ln58_1255_fu_314686_p2  |         +|   0|  0|   16|          16|          16|
    |add_ln58_1256_fu_314692_p2  |         +|   0|  0|   16|          16|          16|
    |add_ln58_1257_fu_314698_p2  |         +|   0|  0|   16|          16|          16|
    |add_ln58_1258_fu_314704_p2  |         +|   0|  0|   16|          16|          16|
    |add_ln58_1259_fu_325158_p2  |         +|   0|  0|   16|          16|          16|
    |add_ln58_1260_fu_320040_p2  |         +|   0|  0|   23|          16|          16|
    |add_ln58_1261_fu_325162_p2  |         +|   0|  0|   16|          16|          16|
    |add_ln58_1262_fu_325167_p2  |         +|   0|  0|   16|          16|          16|
    |add_ln58_1263_fu_325173_p2  |         +|   0|  0|   16|          16|          16|
    |add_ln58_1264_fu_325179_p2  |         +|   0|  0|   16|          16|          16|
    |add_ln58_1265_fu_325185_p2  |         +|   0|  0|   16|          16|          16|
    |add_ln58_1266_fu_331767_p2  |         +|   0|  0|   16|          16|          16|
    |add_ln58_1267_fu_331773_p2  |         +|   0|  0|   16|          16|          16|
    |add_ln58_1268_fu_338505_p2  |         +|   0|  0|   16|          16|          16|
    |add_ln58_1269_fu_338511_p2  |         +|   0|  0|   16|          16|          16|
    |add_ln58_1270_fu_338517_p2  |         +|   0|  0|   16|          16|          16|
    |add_ln58_1271_fu_299074_p2  |         +|   0|  0|   22|          15|          15|
    |add_ln58_1272_fu_303887_p2  |         +|   0|  0|   16|          16|          16|
    |add_ln58_1273_fu_303893_p2  |         +|   0|  0|   22|          15|          15|
    |add_ln58_1274_fu_303903_p2  |         +|   0|  0|   22|          15|          15|
    |add_ln58_1275_fu_303913_p2  |         +|   0|  0|   23|          16|          16|
    |add_ln58_1276_fu_303919_p2  |         +|   0|  0|   16|          16|          16|
    |add_ln58_1277_fu_338522_p2  |         +|   0|  0|   16|          16|          16|
    |add_ln58_1278_fu_340957_p2  |         +|   0|  0|   16|          16|          16|
    |add_ln58_1279_fu_308538_p2  |         +|   0|  0|   22|          15|          15|
    |add_ln58_1280_fu_320049_p2  |         +|   0|  0|   16|          16|          16|
    |add_ln58_1281_fu_320055_p2  |         +|   0|  0|   22|          15|          15|
    |add_ln58_1282_fu_320065_p2  |         +|   0|  0|   23|          16|          16|
    |add_ln58_1283_fu_320071_p2  |         +|   0|  0|   16|          16|          16|
    |add_ln58_1284_fu_331779_p2  |         +|   0|  0|   22|          15|          15|
    |add_ln58_1285_fu_338530_p2  |         +|   0|  0|   16|          16|          16|
    |add_ln58_1286_fu_338536_p2  |         +|   0|  0|   22|          15|          15|
    |add_ln58_1287_fu_296799_p2  |         +|   0|  0|   21|          14|          14|
    |add_ln58_1288_fu_338549_p2  |         +|   0|  0|   23|          16|          16|
    |add_ln58_1289_fu_338555_p2  |         +|   0|  0|   16|          16|          16|
    |add_ln58_1290_fu_340961_p2  |         +|   0|  0|   16|          16|          16|
    |add_ln58_1291_fu_308544_p2  |         +|   0|  0|   21|          14|          14|
    |add_ln58_1292_fu_314713_p2  |         +|   0|  0|   22|          15|          15|
    |add_ln58_1293_fu_320077_p2  |         +|   0|  0|   21|          14|          14|
    |add_ln58_1294_fu_325194_p2  |         +|   0|  0|   22|          15|          15|
    |add_ln58_1295_fu_335573_p2  |         +|   0|  0|   16|          16|          16|
    |add_ln58_1296_fu_331785_p2  |         +|   0|  0|   21|          14|          14|
    |add_ln58_1297_fu_335582_p2  |         +|   0|  0|   22|          15|          15|
    |add_ln58_1298_fu_308550_p2  |         +|   0|  0|   21|          14|          14|
    |add_ln58_1299_fu_314719_p2  |         +|   0|  0|   20|          13|          13|
    |add_ln58_1300_fu_320089_p2  |         +|   0|  0|   22|          15|          15|
    |add_ln58_1301_fu_335595_p2  |         +|   0|  0|   23|          16|          16|
    |add_ln58_1302_fu_335601_p2  |         +|   0|  0|   16|          16|          16|
    |add_ln58_1303_fu_340965_p2  |         +|   0|  0|   16|          16|          16|
    |add_ln58_1304_fu_340970_p2  |         +|   0|  0|   16|          16|          16|
    |add_ln58_1306_fu_296805_p2  |         +|   0|  0|   16|          15|          15|
    |add_ln58_1307_fu_296811_p2  |         +|   0|  0|   16|          15|          15|
    |add_ln58_1308_fu_299080_p2  |         +|   0|  0|   22|          15|          15|
    |add_ln58_1309_fu_340982_p2  |         +|   0|  0|   16|          16|          16|
    |add_ln58_1310_fu_340988_p2  |         +|   0|  0|   16|          16|          16|
    |add_ln58_1311_fu_303925_p2  |         +|   0|  0|   21|          14|          14|
    |add_ln58_1312_fu_308559_p2  |         +|   0|  0|   22|          15|          15|
    |add_ln58_1313_fu_303931_p2  |         +|   0|  0|   22|          15|          15|
    |add_ln58_1314_fu_341000_p2  |         +|   0|  0|   16|          16|          16|
    |add_ln58_1315_fu_341006_p2  |         +|   0|  0|   16|          16|          16|
    |add_ln58_1316_fu_341012_p2  |         +|   0|  0|   16|          16|          16|
    |add_ln58_1317_fu_303937_p2  |         +|   0|  0|   16|          15|          15|
    |add_ln58_1318_fu_303943_p2  |         +|   0|  0|   16|          15|          15|
    |add_ln58_1319_fu_308565_p2  |         +|   0|  0|   16|          16|          16|
    |add_ln58_1320_fu_308571_p2  |         +|   0|  0|   16|          16|          16|
    |add_ln58_1321_fu_320098_p2  |         +|   0|  0|   16|          16|          16|
    |add_ln58_1322_fu_314725_p2  |         +|   0|  0|   22|          15|          15|
    |add_ln58_1323_fu_314735_p2  |         +|   0|  0|   16|          16|          16|
    |add_ln58_1324_fu_314741_p2  |         +|   0|  0|   16|          16|          16|
    |add_ln58_1325_fu_314747_p2  |         +|   0|  0|   22|          15|          15|
    |add_ln58_1326_fu_314757_p2  |         +|   0|  0|   16|          16|          16|
    |add_ln58_1327_fu_314763_p2  |         +|   0|  0|   16|          16|          16|
    |add_ln58_1328_fu_320103_p2  |         +|   0|  0|   16|          16|          16|
    |add_ln58_1329_fu_341018_p2  |         +|   0|  0|   16|          16|          16|
    |add_ln58_1330_fu_320108_p2  |         +|   0|  0|   21|          14|          14|
    |add_ln58_1331_fu_341026_p2  |         +|   0|  0|   16|          16|          16|
    |add_ln58_1332_fu_325200_p2  |         +|   0|  0|   16|          15|          15|
    |add_ln58_1333_fu_325206_p2  |         +|   0|  0|   16|          15|          15|
    |add_ln58_1334_fu_341035_p2  |         +|   0|  0|   16|          16|          16|
    |add_ln58_1335_fu_325212_p2  |         +|   0|  0|   23|          16|          16|
    |add_ln58_1336_fu_341041_p2  |         +|   0|  0|   16|          16|          16|
    |add_ln58_1337_fu_331791_p2  |         +|   0|  0|   16|          14|          14|
    |add_ln58_1338_fu_331797_p2  |         +|   0|  0|   16|          14|          14|
    |add_ln58_1339_fu_341049_p2  |         +|   0|  0|   16|          16|          16|
    |add_ln58_1340_fu_341055_p2  |         +|   0|  0|   16|          16|          16|
    |add_ln58_1341_fu_331803_p2  |         +|   0|  0|   21|          14|          14|
    |add_ln58_1342_fu_331813_p2  |         +|   0|  0|   22|          15|          15|
    |add_ln58_1343_fu_325218_p2  |         +|   0|  0|   20|          13|          13|
    |add_ln58_1344_fu_331822_p2  |         +|   0|  0|   21|          14|          14|
    |add_ln58_1345_fu_338567_p2  |         +|   0|  0|   16|          16|          16|
    |add_ln58_1346_fu_335607_p2  |         +|   0|  0|   20|          13|          13|
    |add_ln58_1347_fu_335617_p2  |         +|   0|  0|   21|          14|          14|
    |add_ln58_1348_fu_335623_p2  |         +|   0|  0|   22|          15|          15|
    |add_ln58_1349_fu_338579_p2  |         +|   0|  0|   22|          15|          15|
    |add_ln58_1350_fu_338589_p2  |         +|   0|  0|   16|          16|          16|
    |add_ln58_1351_fu_338595_p2  |         +|   0|  0|   16|          16|          16|
    |add_ln58_1352_fu_338601_p2  |         +|   0|  0|   16|          16|          16|
    |add_ln58_1353_fu_341061_p2  |         +|   0|  0|   16|          16|          16|
    |add_ln58_1354_fu_342011_p2  |         +|   0|  0|   16|          16|          16|
    |add_ln58_1355_fu_338607_p2  |         +|   0|  0|   16|          15|          15|
    |add_ln58_1356_fu_338613_p2  |         +|   0|  0|   16|          15|          15|
    |add_ln58_1357_fu_299086_p2  |         +|   0|  0|   16|          16|          16|
    |add_ln58_1358_fu_299092_p2  |         +|   0|  0|   16|          16|          16|
    |add_ln58_1359_fu_338623_p2  |         +|   0|  0|   16|          16|          16|
    |add_ln58_1360_fu_308577_p2  |         +|   0|  0|   23|          16|          16|
    |add_ln58_1361_fu_314769_p2  |         +|   0|  0|   16|          16|          16|
    |add_ln58_1362_fu_314774_p2  |         +|   0|  0|   16|          16|          16|
    |add_ln58_1363_fu_314780_p2  |         +|   0|  0|   16|          16|          16|
    |add_ln58_1364_fu_314786_p2  |         +|   0|  0|   16|          16|          16|
    |add_ln58_1365_fu_338628_p2  |         +|   0|  0|   16|          16|          16|
    |add_ln58_1366_fu_320114_p2  |         +|   0|  0|   16|          16|          16|
    |add_ln58_1367_fu_320120_p2  |         +|   0|  0|   16|          16|          16|
    |add_ln58_1368_fu_335628_p2  |         +|   0|  0|   16|          16|          16|
    |add_ln58_1369_fu_335634_p2  |         +|   0|  0|   16|          16|          16|
    |add_ln58_1370_fu_338633_p2  |         +|   0|  0|   16|          16|          16|
    |add_ln58_1371_fu_338637_p2  |         +|   0|  0|   23|          16|          16|
    |add_ln58_1372_fu_338643_p2  |         +|   0|  0|   16|          16|          16|
    |add_ln58_1373_fu_303949_p2  |         +|   0|  0|   22|          15|          15|
    |add_ln58_1374_fu_303955_p2  |         +|   0|  0|   22|          15|          15|
    |add_ln58_1375_fu_308589_p2  |         +|   0|  0|   23|          16|          16|
    |add_ln58_1376_fu_338649_p2  |         +|   0|  0|   16|          16|          16|
    |add_ln58_1377_fu_338654_p2  |         +|   0|  0|   16|          16|          16|
    |add_ln58_1378_fu_342015_p2  |         +|   0|  0|   16|          16|          16|
    |add_ln58_1379_fu_308595_p2  |         +|   0|  0|   22|          15|          15|
    |add_ln58_1380_fu_331831_p2  |         +|   0|  0|   16|          16|          16|
    |add_ln58_1381_fu_331837_p2  |         +|   0|  0|   22|          15|          15|
    |add_ln58_1382_fu_331847_p2  |         +|   0|  0|   23|          16|          16|
    |add_ln58_1383_fu_331853_p2  |         +|   0|  0|   16|          16|          16|
    |add_ln58_1384_fu_338660_p2  |         +|   0|  0|   22|          15|          15|
    |add_ln58_1385_fu_341069_p2  |         +|   0|  0|   16|          16|          16|
    |add_ln58_1386_fu_314792_p2  |         +|   0|  0|   21|          14|          14|
    |add_ln58_1387_fu_341078_p2  |         +|   0|  0|   22|          15|          15|
    |add_ln58_1388_fu_341088_p2  |         +|   0|  0|   16|          16|          16|
    |add_ln58_1389_fu_341094_p2  |         +|   0|  0|   16|          16|          16|
    |add_ln58_1390_fu_308601_p2  |         +|   0|  0|   21|          14|          14|
    |add_ln58_1391_fu_308611_p2  |         +|   0|  0|   22|          15|          15|
    |add_ln58_1392_fu_314798_p2  |         +|   0|  0|   21|          14|          14|
    |add_ln58_1393_fu_320129_p2  |         +|   0|  0|   22|          15|          15|
    |add_ln58_1394_fu_335646_p2  |         +|   0|  0|   16|          16|          16|
    |add_ln58_1395_fu_320135_p2  |         +|   0|  0|   21|          14|          14|
    |add_ln58_1396_fu_325227_p2  |         +|   0|  0|   22|          15|          15|
    |add_ln58_1397_fu_331859_p2  |         +|   0|  0|   21|          14|          14|
    |add_ln58_1398_fu_296817_p2  |         +|   0|  0|   20|          13|          13|
    |add_ln58_1399_fu_335661_p2  |         +|   0|  0|   22|          15|          15|
    |add_ln58_1400_fu_335671_p2  |         +|   0|  0|   23|          16|          16|
    |add_ln58_1401_fu_335677_p2  |         +|   0|  0|   16|          16|          16|
    |add_ln58_1402_fu_341099_p2  |         +|   0|  0|   16|          16|          16|
    |add_ln58_1403_fu_342019_p2  |         +|   0|  0|   16|          16|          16|
    |add_ln58_1405_fu_296823_p2  |         +|   0|  0|   21|          14|          14|
    |add_ln58_1406_fu_299101_p2  |         +|   0|  0|   16|          15|          15|
    |add_ln58_1407_fu_299107_p2  |         +|   0|  0|   16|          15|          15|
    |add_ln58_1408_fu_299117_p2  |         +|   0|  0|   23|          16|          16|
    |add_ln58_1409_fu_299123_p2  |         +|   0|  0|   21|          14|          14|
    |add_ln58_1410_fu_299133_p2  |         +|   0|  0|   22|          15|          15|
    |add_ln58_1411_fu_303961_p2  |         +|   0|  0|   21|          14|          14|
    |add_ln58_1412_fu_303970_p2  |         +|   0|  0|   22|          15|          15|
    |add_ln58_1413_fu_308623_p2  |         +|   0|  0|   23|          16|          16|
    |add_ln58_1414_fu_325233_p2  |         +|   0|  0|   16|          16|          16|
    |add_ln58_1415_fu_303976_p2  |         +|   0|  0|   22|          15|          15|
    |add_ln58_1416_fu_303986_p2  |         +|   0|  0|   23|          16|          16|
    |add_ln58_1417_fu_308629_p2  |         +|   0|  0|   20|          13|          13|
    |add_ln58_1418_fu_314807_p2  |         +|   0|  0|   22|          15|          15|
    |add_ln58_1419_fu_320144_p2  |         +|   0|  0|   16|          16|          16|
    |add_ln58_1420_fu_314813_p2  |         +|   0|  0|   16|          15|          15|
    |add_ln58_1421_fu_314819_p2  |         +|   0|  0|   16|          15|          15|
    |add_ln58_1422_fu_320152_p2  |         +|   0|  0|   16|          15|          15|
    |add_ln58_1423_fu_320158_p2  |         +|   0|  0|   16|          15|          15|
    |add_ln58_1424_fu_320168_p2  |         +|   0|  0|   23|          16|          16|
    |add_ln58_1425_fu_320174_p2  |         +|   0|  0|   16|          16|          16|
    |add_ln58_1426_fu_325237_p2  |         +|   0|  0|   16|          16|          16|
    |add_ln58_1427_fu_341104_p2  |         +|   0|  0|   16|          16|          16|
    |add_ln58_1428_fu_320180_p2  |         +|   0|  0|   16|          15|          15|
    |add_ln58_1429_fu_320186_p2  |         +|   0|  0|   16|          15|          15|
    |add_ln58_1430_fu_341113_p2  |         +|   0|  0|   16|          16|          16|
    |add_ln58_1431_fu_325242_p2  |         +|   0|  0|   16|          14|          14|
    |add_ln58_1432_fu_325247_p2  |         +|   0|  0|   16|          14|          14|
    |add_ln58_1433_fu_331865_p2  |         +|   0|  0|   21|          14|          14|
    |add_ln58_1434_fu_341125_p2  |         +|   0|  0|   16|          15|          15|
    |add_ln58_1435_fu_341131_p2  |         +|   0|  0|   16|          15|          15|
    |add_ln58_1436_fu_341141_p2  |         +|   0|  0|   16|          16|          16|
    |add_ln58_1437_fu_325253_p2  |         +|   0|  0|   20|          13|          13|
    |add_ln58_1438_fu_331874_p2  |         +|   0|  0|   23|          16|          16|
    |add_ln58_1439_fu_335683_p2  |         +|   0|  0|   16|          15|          15|
    |add_ln58_1440_fu_335689_p2  |         +|   0|  0|   16|          15|          15|
    |add_ln58_1441_fu_341150_p2  |         +|   0|  0|   16|          16|          16|
    |add_ln58_1442_fu_338666_p2  |         +|   0|  0|   21|          14|          14|
    |add_ln58_1443_fu_338676_p2  |         +|   0|  0|   22|          15|          15|
    |add_ln58_1444_fu_303992_p2  |         +|   0|  0|   23|          16|          16|
    |add_ln58_1445_fu_338686_p2  |         +|   0|  0|   16|          16|          16|
    |add_ln58_1446_fu_338691_p2  |         +|   0|  0|   16|          16|          16|
    |add_ln58_1447_fu_341155_p2  |         +|   0|  0|   16|          16|          16|
    |add_ln58_1448_fu_341160_p2  |         +|   0|  0|   16|          16|          16|
    |add_ln58_1449_fu_341166_p2  |         +|   0|  0|   16|          16|          16|
    |add_ln58_1450_fu_308635_p2  |         +|   0|  0|   23|          16|          16|
    |add_ln58_1451_fu_331880_p2  |         +|   0|  0|   16|          16|          16|
    |add_ln58_1452_fu_331886_p2  |         +|   0|  0|   16|          16|          16|
    |add_ln58_1453_fu_335695_p2  |         +|   0|  0|   16|          16|          16|
    |add_ln58_1454_fu_331892_p2  |         +|   0|  0|   23|          16|          16|
    |add_ln58_1455_fu_335699_p2  |         +|   0|  0|   16|          16|          16|
    |add_ln58_1456_fu_296829_p2  |         +|   0|  0|   22|          15|          15|
    |add_ln58_1457_fu_335707_p2  |         +|   0|  0|   23|          16|          16|
    |add_ln58_1458_fu_335713_p2  |         +|   0|  0|   16|          16|          16|
    |add_ln58_1459_fu_335719_p2  |         +|   0|  0|   16|          16|          16|
    |add_ln58_1460_fu_308641_p2  |         +|   0|  0|   22|          15|          15|
    |add_ln58_1461_fu_308651_p2  |         +|   0|  0|   23|          16|          16|
    |add_ln58_1462_fu_325259_p2  |         +|   0|  0|   22|          15|          15|
    |add_ln58_1463_fu_325269_p2  |         +|   0|  0|   23|          16|          16|
    |add_ln58_1464_fu_338697_p2  |         +|   0|  0|   16|          16|          16|
    |add_ln58_1465_fu_331898_p2  |         +|   0|  0|   22|          15|          15|
    |add_ln58_1466_fu_335728_p2  |         +|   0|  0|   16|          16|          16|
    |add_ln58_1467_fu_335734_p2  |         +|   0|  0|   22|          15|          15|
    |add_ln58_1468_fu_335744_p2  |         +|   0|  0|   23|          16|          16|
    |add_ln58_1469_fu_335750_p2  |         +|   0|  0|   16|          16|          16|
    |add_ln58_1470_fu_338701_p2  |         +|   0|  0|   16|          16|          16|
    |add_ln58_1471_fu_341171_p2  |         +|   0|  0|   16|          16|          16|
    |add_ln58_1472_fu_303998_p2  |         +|   0|  0|   21|          14|          14|
    |add_ln58_1473_fu_325278_p2  |         +|   0|  0|   22|          15|          15|
    |add_ln58_1474_fu_308657_p2  |         +|   0|  0|   21|          14|          14|
    |add_ln58_1475_fu_314828_p2  |         +|   0|  0|   22|          15|          15|
    |add_ln58_1476_fu_325291_p2  |         +|   0|  0|   23|          16|          16|
    |add_ln58_1477_fu_308663_p2  |         +|   0|  0|   21|          14|          14|
    |add_ln58_1478_fu_320195_p2  |         +|   0|  0|   22|          15|          15|
    |add_ln58_1479_fu_296835_p2  |         +|   0|  0|   21|          14|          14|
    |add_ln58_1480_fu_320208_p2  |         +|   0|  0|   22|          15|          15|
    |add_ln58_1481_fu_320218_p2  |         +|   0|  0|   23|          16|          16|
    |add_ln58_1482_fu_341175_p2  |         +|   0|  0|   16|          16|          16|
    |add_ln58_1483_fu_338706_p2  |         +|   0|  0|   21|          14|          14|
    |add_ln58_1484_fu_338716_p2  |         +|   0|  0|   22|          15|          15|
    |add_ln58_1485_fu_308669_p2  |         +|   0|  0|   20|          13|          13|
    |add_ln58_1486_fu_314837_p2  |         +|   0|  0|   21|          14|          14|
    |add_ln58_1487_fu_338729_p2  |         +|   0|  0|   16|          16|          16|
    |add_ln58_1488_fu_314843_p2  |         +|   0|  0|   20|          13|          13|
    |add_ln58_1489_fu_320227_p2  |         +|   0|  0|   21|          14|          14|
    |add_ln58_1490_fu_320233_p2  |         +|   0|  0|   20|          13|          13|
    |add_ln58_1491_fu_325303_p2  |         +|   0|  0|   21|          14|          14|
    |add_ln58_1492_fu_325313_p2  |         +|   0|  0|   22|          15|          15|
    |add_ln58_1493_fu_338738_p2  |         +|   0|  0|   16|          16|          16|
    |add_ln58_1494_fu_341179_p2  |         +|   0|  0|   16|          16|          16|
    |add_ln58_1495_fu_341184_p2  |         +|   0|  0|   16|          16|          16|
    |add_ln58_1497_fu_299139_p2  |         +|   0|  0|   21|          14|          14|
    |add_ln58_1498_fu_299149_p2  |         +|   0|  0|   22|          15|          15|
    |add_ln58_1499_fu_304004_p2  |         +|   0|  0|   22|          15|          15|
    |add_ln58_1500_fu_341202_p2  |         +|   0|  0|   16|          16|          16|
    |add_ln58_1501_fu_341208_p2  |         +|   0|  0|   16|          16|          16|
    |add_ln58_1502_fu_304010_p2  |         +|   0|  0|   16|          15|          15|
    |add_ln58_1503_fu_304016_p2  |         +|   0|  0|   16|          15|          15|
    |add_ln58_1504_fu_308678_p2  |         +|   0|  0|   23|          16|          16|
    |add_ln58_1505_fu_308684_p2  |         +|   0|  0|   16|          16|          16|
    |add_ln58_1506_fu_308690_p2  |         +|   0|  0|   16|          16|          16|
    |add_ln58_1507_fu_341214_p2  |         +|   0|  0|   16|          16|          16|
    |add_ln58_1508_fu_314849_p2  |         +|   0|  0|   21|          14|          14|
    |add_ln58_1509_fu_320242_p2  |         +|   0|  0|   23|          16|          16|
    |add_ln58_1510_fu_314855_p2  |         +|   0|  0|   21|          14|          14|
    |add_ln58_1511_fu_314865_p2  |         +|   0|  0|   22|          15|          15|
    |add_ln58_1512_fu_320251_p2  |         +|   0|  0|   16|          16|          16|
    |add_ln58_1513_fu_314871_p2  |         +|   0|  0|   21|          14|          14|
    |add_ln58_1514_fu_320260_p2  |         +|   0|  0|   22|          15|          15|
    |add_ln58_1515_fu_314877_p2  |         +|   0|  0|   21|          14|          14|
    |add_ln58_1516_fu_320273_p2  |         +|   0|  0|   22|          15|          15|
    |add_ln58_1517_fu_320283_p2  |         +|   0|  0|   23|          16|          16|
    |add_ln58_1518_fu_320289_p2  |         +|   0|  0|   16|          16|          16|
    |add_ln58_1519_fu_341219_p2  |         +|   0|  0|   16|          16|          16|
    |add_ln58_1520_fu_325319_p2  |         +|   0|  0|   23|          16|          16|
    |add_ln58_1521_fu_341224_p2  |         +|   0|  0|   16|          16|          16|
    |add_ln58_1522_fu_331904_p2  |         +|   0|  0|   22|          15|          15|
    |add_ln58_1523_fu_331913_p2  |         +|   0|  0|   23|          16|          16|
    |add_ln58_1524_fu_341229_p2  |         +|   0|  0|   16|          16|          16|
    |add_ln58_1525_fu_331919_p2  |         +|   0|  0|   16|          15|          15|
    |add_ln58_1526_fu_331924_p2  |         +|   0|  0|   16|          15|          15|
    |add_ln58_1527_fu_331934_p2  |         +|   0|  0|   16|          14|          14|
    |add_ln58_1528_fu_331940_p2  |         +|   0|  0|   16|          14|          14|
    |add_ln58_1529_fu_331950_p2  |         +|   0|  0|   23|          16|          16|
    |add_ln58_1530_fu_341234_p2  |         +|   0|  0|   16|          16|          16|
    |add_ln58_1531_fu_338744_p2  |         +|   0|  0|   16|          15|          15|
    |add_ln58_1532_fu_338750_p2  |         +|   0|  0|   16|          15|          15|
    |add_ln58_1533_fu_338760_p2  |         +|   0|  0|   16|          16|          16|
    |add_ln58_1534_fu_338765_p2  |         +|   0|  0|   16|          16|          16|
    |add_ln58_1535_fu_338771_p2  |         +|   0|  0|   16|          16|          16|
    |add_ln58_1536_fu_304022_p2  |         +|   0|  0|   23|          16|          16|
    |add_ln58_1537_fu_338777_p2  |         +|   0|  0|   16|          16|          16|
    |add_ln58_1538_fu_308696_p2  |         +|   0|  0|   16|          16|          16|
    |add_ln58_1539_fu_308702_p2  |         +|   0|  0|   23|          16|          16|
    |add_ln58_1540_fu_308708_p2  |         +|   0|  0|   16|          16|          16|
    |add_ln58_1541_fu_338782_p2  |         +|   0|  0|   16|          16|          16|
    |add_ln58_1542_fu_338787_p2  |         +|   0|  0|   16|          16|          16|
    |add_ln58_1543_fu_341239_p2  |         +|   0|  0|   16|          16|          16|
    |add_ln58_1544_fu_341244_p2  |         +|   0|  0|   16|          16|          16|
    |add_ln58_1545_fu_314883_p2  |         +|   0|  0|   16|          16|          16|
    |add_ln58_1546_fu_314889_p2  |         +|   0|  0|   16|          16|          16|
    |add_ln58_1547_fu_320295_p2  |         +|   0|  0|   16|          16|          16|
    |add_ln58_1548_fu_320301_p2  |         +|   0|  0|   16|          16|          16|
    |add_ln58_1549_fu_338793_p2  |         +|   0|  0|   16|          16|          16|
    |add_ln58_1550_fu_331956_p2  |         +|   0|  0|   23|          16|          16|
    |add_ln58_1551_fu_338797_p2  |         +|   0|  0|   16|          16|          16|
    |add_ln58_1552_fu_338802_p2  |         +|   0|  0|   16|          16|          16|
    |add_ln58_1553_fu_338808_p2  |         +|   0|  0|   16|          16|          16|
    |add_ln58_1554_fu_338814_p2  |         +|   0|  0|   16|          16|          16|
    |add_ln58_1555_fu_338820_p2  |         +|   0|  0|   16|          16|          16|
    |add_ln58_1556_fu_314895_p2  |         +|   0|  0|   22|          15|          15|
    |add_ln58_1557_fu_338829_p2  |         +|   0|  0|   23|          16|          16|
    |add_ln58_1558_fu_304028_p2  |         +|   0|  0|   22|          15|          15|
    |add_ln58_1559_fu_304038_p2  |         +|   0|  0|   23|          16|          16|
    |add_ln58_1560_fu_338835_p2  |         +|   0|  0|   16|          16|          16|
    |add_ln58_1561_fu_314901_p2  |         +|   0|  0|   22|          15|          15|
    |add_ln58_1562_fu_331965_p2  |         +|   0|  0|   16|          16|          16|
    |add_ln58_1563_fu_325325_p2  |         +|   0|  0|   22|          15|          15|
    |add_ln58_1564_fu_331974_p2  |         +|   0|  0|   23|          16|          16|
    |add_ln58_1565_fu_331980_p2  |         +|   0|  0|   16|          16|          16|
    |add_ln58_1566_fu_338840_p2  |         +|   0|  0|   16|          16|          16|
    |add_ln58_1567_fu_341250_p2  |         +|   0|  0|   16|          16|          16|
    |add_ln58_1568_fu_335756_p2  |         +|   0|  0|   22|          15|          15|
    |add_ln58_1569_fu_338848_p2  |         +|   0|  0|   16|          16|          16|
    |add_ln58_1570_fu_338854_p2  |         +|   0|  0|   22|          15|          15|
    |add_ln58_1571_fu_338864_p2  |         +|   0|  0|   23|          16|          16|
    |add_ln58_1572_fu_338870_p2  |         +|   0|  0|   16|          16|          16|
    |add_ln58_1573_fu_320307_p2  |         +|   0|  0|   22|          15|          15|
    |add_ln58_1574_fu_325334_p2  |         +|   0|  0|   16|          16|          16|
    |add_ln58_1575_fu_304044_p2  |         +|   0|  0|   21|          14|          14|
    |add_ln58_1576_fu_308717_p2  |         +|   0|  0|   22|          15|          15|
    |add_ln58_1577_fu_325343_p2  |         +|   0|  0|   16|          16|          16|
    |add_ln58_1578_fu_341254_p2  |         +|   0|  0|   16|          16|          16|
    |add_ln58_1579_fu_320313_p2  |         +|   0|  0|   21|          14|          14|
    |add_ln58_1580_fu_320323_p2  |         +|   0|  0|   22|          15|          15|
    |add_ln58_1581_fu_335765_p2  |         +|   0|  0|   21|          14|          14|
    |add_ln58_1582_fu_335775_p2  |         +|   0|  0|   22|          15|          15|
    |add_ln58_1583_fu_335785_p2  |         +|   0|  0|   16|          16|          16|
    |add_ln58_1584_fu_296841_p2  |         +|   0|  0|   20|          13|          13|
    |add_ln58_1585_fu_325352_p2  |         +|   0|  0|   21|          14|          14|
    |add_ln58_1586_fu_320329_p2  |         +|   0|  0|   20|          13|          13|
    |add_ln58_1587_fu_296847_p2  |         +|   0|  0|   20|          13|          13|
    |add_ln58_1588_fu_320342_p2  |         +|   0|  0|   21|          14|          14|
    |add_ln58_1589_fu_331992_p2  |         +|   0|  0|   22|          15|          15|
    |add_ln58_1590_fu_335794_p2  |         +|   0|  0|   16|          16|          16|
    |add_ln58_1591_fu_341258_p2  |         +|   0|  0|   16|          16|          16|
    |add_ln58_1592_fu_341263_p2  |         +|   0|  0|   16|          16|          16|
    |add_ln58_1594_fu_296853_p2  |         +|   0|  0|   22|          15|          15|
    |add_ln58_1595_fu_341278_p2  |         +|   0|  0|   16|          16|          16|
    |add_ln58_1596_fu_299155_p2  |         +|   0|  0|   20|          13|          13|
    |add_ln58_1597_fu_304053_p2  |         +|   0|  0|   21|          14|          14|
    |add_ln58_1598_fu_341287_p2  |         +|   0|  0|   16|          16|          16|
    |add_ln58_1599_fu_304059_p2  |         +|   0|  0|   16|          15|          15|
    |add_ln58_1600_fu_304065_p2  |         +|   0|  0|   16|          15|          15|
    |add_ln58_1601_fu_304071_p2  |         +|   0|  0|   21|          14|          14|
    |add_ln58_1602_fu_308729_p2  |         +|   0|  0|   22|          15|          15|
    |add_ln58_1603_fu_308739_p2  |         +|   0|  0|   23|          16|          16|
    |add_ln58_1604_fu_341293_p2  |         +|   0|  0|   16|          16|          16|
    |add_ln58_1605_fu_308745_p2  |         +|   0|  0|   16|          16|          16|
    |add_ln58_1606_fu_308751_p2  |         +|   0|  0|   16|          16|          16|
    |add_ln58_1607_fu_308757_p2  |         +|   0|  0|   16|          14|          14|
    |add_ln58_1608_fu_308763_p2  |         +|   0|  0|   16|          14|          14|
    |add_ln58_1609_fu_314910_p2  |         +|   0|  0|   16|          16|          16|
    |add_ln58_1610_fu_296859_p2  |         +|   0|  0|   21|          14|          14|
    |add_ln58_1611_fu_314918_p2  |         +|   0|  0|   22|          15|          15|
    |add_ln58_1612_fu_308769_p2  |         +|   0|  0|   20|          13|          13|
    |add_ln58_1613_fu_314931_p2  |         +|   0|  0|   22|          15|          15|
    |add_ln58_1614_fu_314941_p2  |         +|   0|  0|   23|          16|          16|
    |add_ln58_1615_fu_314947_p2  |         +|   0|  0|   16|          16|          16|
    |add_ln58_1616_fu_341298_p2  |         +|   0|  0|   16|          16|          16|
    |add_ln58_1617_fu_314953_p2  |         +|   0|  0|   20|          13|          13|
    |add_ln58_1618_fu_320351_p2  |         +|   0|  0|   21|          14|          14|
    |add_ln58_1619_fu_320361_p2  |         +|   0|  0|   16|          14|          14|
    |add_ln58_161_fu_314062_p2   |         +|   0|  0|   21|          14|          14|
    |add_ln58_1620_fu_320367_p2  |         +|   0|  0|   16|          14|          14|
    |add_ln58_1621_fu_320377_p2  |         +|   0|  0|   22|          15|          15|
    |add_ln58_1622_fu_325358_p2  |         +|   0|  0|   23|          16|          16|
    |add_ln58_1623_fu_325364_p2  |         +|   0|  0|   16|          16|          16|
    |add_ln58_1624_fu_325370_p2  |         +|   0|  0|   16|          14|          14|
    |add_ln58_1625_fu_325376_p2  |         +|   0|  0|   16|          14|          14|
    |add_ln58_1626_fu_325386_p2  |         +|   0|  0|   16|          16|          16|
    |add_ln58_1627_fu_341306_p2  |         +|   0|  0|   16|          16|          16|
    |add_ln58_1628_fu_331998_p2  |         +|   0|  0|   16|          16|          16|
    |add_ln58_1629_fu_332004_p2  |         +|   0|  0|   16|          16|          16|
    |add_ln58_162_fu_296675_p2   |         +|   0|  0|   16|          15|          15|
    |add_ln58_1630_fu_335800_p2  |         +|   0|  0|   16|          14|          14|
    |add_ln58_1631_fu_335806_p2  |         +|   0|  0|   16|          14|          14|
    |add_ln58_1632_fu_338879_p2  |         +|   0|  0|   16|          16|          16|
    |add_ln58_1633_fu_335812_p2  |         +|   0|  0|   21|          14|          14|
    |add_ln58_1634_fu_335821_p2  |         +|   0|  0|   22|          15|          15|
    |add_ln58_1635_fu_335827_p2  |         +|   0|  0|   23|          16|          16|
    |add_ln58_1636_fu_338887_p2  |         +|   0|  0|   22|          15|          15|
    |add_ln58_1637_fu_338897_p2  |         +|   0|  0|   16|          16|          16|
    |add_ln58_1638_fu_338902_p2  |         +|   0|  0|   16|          16|          16|
    |add_ln58_1639_fu_338908_p2  |         +|   0|  0|   16|          16|          16|
    |add_ln58_163_fu_296681_p2   |         +|   0|  0|   16|          15|          15|
    |add_ln58_1640_fu_341311_p2  |         +|   0|  0|   16|          16|          16|
    |add_ln58_1641_fu_342030_p2  |         +|   0|  0|   16|          16|          16|
    |add_ln58_1642_fu_338914_p2  |         +|   0|  0|   16|          16|          16|
    |add_ln58_1643_fu_338920_p2  |         +|   0|  0|   16|          16|          16|
    |add_ln58_1644_fu_341316_p2  |         +|   0|  0|   22|          15|          15|
    |add_ln58_1645_fu_341326_p2  |         +|   0|  0|   23|          16|          16|
    |add_ln58_1646_fu_341332_p2  |         +|   0|  0|   16|          16|          16|
    |add_ln58_1647_fu_304077_p2  |         +|   0|  0|   23|          16|          16|
    |add_ln58_1648_fu_308775_p2  |         +|   0|  0|   16|          16|          16|
    |add_ln58_1649_fu_308780_p2  |         +|   0|  0|   16|          16|          16|
    |add_ln58_164_fu_298805_p2   |         +|   0|  0|   21|          14|          14|
    |add_ln58_1650_fu_308786_p2  |         +|   0|  0|   16|          16|          16|
    |add_ln58_1651_fu_308792_p2  |         +|   0|  0|   16|          16|          16|
    |add_ln58_1652_fu_341337_p2  |         +|   0|  0|   16|          16|          16|
    |add_ln58_1653_fu_325392_p2  |         +|   0|  0|   16|          16|          16|
    |add_ln58_1654_fu_325398_p2  |         +|   0|  0|   16|          16|          16|
    |add_ln58_1655_fu_335832_p2  |         +|   0|  0|   16|          16|          16|
    |add_ln58_1656_fu_335838_p2  |         +|   0|  0|   16|          16|          16|
    |add_ln58_1657_fu_338926_p2  |         +|   0|  0|   16|          16|          16|
    |add_ln58_1658_fu_338930_p2  |         +|   0|  0|   23|          16|          16|
    |add_ln58_1659_fu_338936_p2  |         +|   0|  0|   16|          16|          16|
    |add_ln58_165_fu_298814_p2   |         +|   0|  0|   22|          15|          15|
    |add_ln58_1660_fu_308798_p2  |         +|   0|  0|   22|          15|          15|
    |add_ln58_1661_fu_308808_p2  |         +|   0|  0|   23|          16|          16|
    |add_ln58_1662_fu_338942_p2  |         +|   0|  0|   16|          16|          16|
    |add_ln58_1663_fu_338947_p2  |         +|   0|  0|   16|          16|          16|
    |add_ln58_1664_fu_342034_p2  |         +|   0|  0|   16|          16|          16|
    |add_ln58_1665_fu_314959_p2  |         +|   0|  0|   22|          15|          15|
    |add_ln58_1666_fu_325407_p2  |         +|   0|  0|   16|          16|          16|
    |add_ln58_1667_fu_325413_p2  |         +|   0|  0|   22|          15|          15|
    |add_ln58_1668_fu_325423_p2  |         +|   0|  0|   23|          16|          16|
    |add_ln58_1669_fu_325429_p2  |         +|   0|  0|   16|          16|          16|
    |add_ln58_166_fu_303378_p2   |         +|   0|  0|   23|          16|          16|
    |add_ln58_1670_fu_332010_p2  |         +|   0|  0|   22|          15|          15|
    |add_ln58_1671_fu_335847_p2  |         +|   0|  0|   16|          16|          16|
    |add_ln58_1672_fu_335853_p2  |         +|   0|  0|   22|          15|          15|
    |add_ln58_1673_fu_335863_p2  |         +|   0|  0|   23|          16|          16|
    |add_ln58_1674_fu_335869_p2  |         +|   0|  0|   16|          16|          16|
    |add_ln58_1675_fu_338953_p2  |         +|   0|  0|   16|          16|          16|
    |add_ln58_1676_fu_308814_p2  |         +|   0|  0|   21|          14|          14|
    |add_ln58_1677_fu_338960_p2  |         +|   0|  0|   22|          15|          15|
    |add_ln58_1678_fu_304083_p2  |         +|   0|  0|   21|          14|          14|
    |add_ln58_1679_fu_304093_p2  |         +|   0|  0|   22|          15|          15|
    |add_ln58_167_fu_298820_p2   |         +|   0|  0|   16|          15|          15|
    |add_ln58_1680_fu_338973_p2  |         +|   0|  0|   16|          16|          16|
    |add_ln58_1681_fu_314965_p2  |         +|   0|  0|   21|          14|          14|
    |add_ln58_1682_fu_320386_p2  |         +|   0|  0|   22|          15|          15|
    |add_ln58_1683_fu_314971_p2  |         +|   0|  0|   21|          14|          14|
    |add_ln58_1684_fu_308820_p2  |         +|   0|  0|   20|          13|          13|
    |add_ln58_1685_fu_314984_p2  |         +|   0|  0|   22|          15|          15|
    |add_ln58_1686_fu_320399_p2  |         +|   0|  0|   23|          16|          16|
    |add_ln58_1687_fu_338979_p2  |         +|   0|  0|   16|          16|          16|
    |add_ln58_1688_fu_338984_p2  |         +|   0|  0|   16|          16|          16|
    |add_ln58_1689_fu_342038_p2  |         +|   0|  0|   16|          16|          16|
    |add_ln58_168_fu_298826_p2   |         +|   0|  0|   16|          15|          15|
    |add_ln58_1691_fu_299161_p2  |         +|   0|  0|   23|          16|          16|
    |add_ln58_1692_fu_341342_p2  |         +|   0|  0|   16|          16|          16|
    |add_ln58_1693_fu_299167_p2  |         +|   0|  0|   16|          15|          15|
    |add_ln58_1694_fu_299173_p2  |         +|   0|  0|   16|          15|          15|
    |add_ln58_1695_fu_341350_p2  |         +|   0|  0|   16|          16|          16|
    |add_ln58_1696_fu_304099_p2  |         +|   0|  0|   23|          16|          16|
    |add_ln58_1697_fu_341356_p2  |         +|   0|  0|   16|          16|          16|
    |add_ln58_1698_fu_304105_p2  |         +|   0|  0|   16|          16|          16|
    |add_ln58_1699_fu_304111_p2  |         +|   0|  0|   16|          16|          16|
    |add_ln58_169_fu_303387_p2   |         +|   0|  0|   16|          15|          15|
    |add_ln58_1700_fu_341361_p2  |         +|   0|  0|   16|          16|          16|
    |add_ln58_1701_fu_341366_p2  |         +|   0|  0|   16|          16|          16|
    |add_ln58_1702_fu_308826_p2  |         +|   0|  0|   16|          16|          16|
    |add_ln58_1703_fu_308832_p2  |         +|   0|  0|   16|          16|          16|
    |add_ln58_1704_fu_314990_p2  |         +|   0|  0|   16|          16|          16|
    |add_ln58_1705_fu_314996_p2  |         +|   0|  0|   16|          16|          16|
    |add_ln58_1706_fu_325435_p2  |         +|   0|  0|   16|          16|          16|
    |add_ln58_1707_fu_315002_p2  |         +|   0|  0|   22|          15|          15|
    |add_ln58_1708_fu_320408_p2  |         +|   0|  0|   16|          16|          16|
    |add_ln58_1709_fu_320414_p2  |         +|   0|  0|   22|          15|          15|
    |add_ln58_170_fu_303393_p2   |         +|   0|  0|   16|          15|          15|
    |add_ln58_1710_fu_320424_p2  |         +|   0|  0|   23|          16|          16|
    |add_ln58_1711_fu_320430_p2  |         +|   0|  0|   16|          16|          16|
    |add_ln58_1712_fu_325439_p2  |         +|   0|  0|   16|          16|          16|
    |add_ln58_1713_fu_341372_p2  |         +|   0|  0|   16|          16|          16|
    |add_ln58_1714_fu_320436_p2  |         +|   0|  0|   16|          15|          15|
    |add_ln58_1715_fu_320442_p2  |         +|   0|  0|   16|          15|          15|
    |add_ln58_1716_fu_325447_p2  |         +|   0|  0|   16|          15|          15|
    |add_ln58_1717_fu_325453_p2  |         +|   0|  0|   16|          15|          15|
    |add_ln58_1718_fu_325463_p2  |         +|   0|  0|   23|          16|          16|
    |add_ln58_1719_fu_325469_p2  |         +|   0|  0|   16|          15|          15|
    |add_ln58_171_fu_303403_p2   |         +|   0|  0|   23|          16|          16|
    |add_ln58_1720_fu_325475_p2  |         +|   0|  0|   16|          15|          15|
    |add_ln58_1721_fu_332016_p2  |         +|   0|  0|   21|          14|          14|
    |add_ln58_1722_fu_332026_p2  |         +|   0|  0|   22|          15|          15|
    |add_ln58_1723_fu_335881_p2  |         +|   0|  0|   23|          16|          16|
    |add_ln58_1724_fu_341377_p2  |         +|   0|  0|   16|          16|          16|
    |add_ln58_1725_fu_332032_p2  |         +|   0|  0|   21|          14|          14|
    |add_ln58_1726_fu_332042_p2  |         +|   0|  0|   22|          15|          15|
    |add_ln58_1727_fu_335887_p2  |         +|   0|  0|   22|          15|          15|
    |add_ln58_1728_fu_335897_p2  |         +|   0|  0|   23|          16|          16|
    |add_ln58_1729_fu_338993_p2  |         +|   0|  0|   16|          16|          16|
    |add_ln58_172_fu_324319_p2   |         +|   0|  0|   16|          16|          16|
    |add_ln58_1730_fu_332048_p2  |         +|   0|  0|   21|          14|          14|
    |add_ln58_1731_fu_335906_p2  |         +|   0|  0|   22|          15|          15|
    |add_ln58_1732_fu_339001_p2  |         +|   0|  0|   16|          15|          15|
    |add_ln58_1733_fu_339007_p2  |         +|   0|  0|   16|          15|          15|
    |add_ln58_1734_fu_339017_p2  |         +|   0|  0|   23|          16|          16|
    |add_ln58_1735_fu_339023_p2  |         +|   0|  0|   16|          16|          16|
    |add_ln58_1736_fu_341381_p2  |         +|   0|  0|   16|          16|          16|
    |add_ln58_1737_fu_342049_p2  |         +|   0|  0|   16|          16|          16|
    |add_ln58_1738_fu_341386_p2  |         +|   0|  0|   16|          14|          14|
    |add_ln58_1739_fu_341392_p2  |         +|   0|  0|   16|          14|          14|
    |add_ln58_173_fu_303409_p2   |         +|   0|  0|   16|          16|          16|
    |add_ln58_1740_fu_299179_p2  |         +|   0|  0|   16|          16|          16|
    |add_ln58_1741_fu_299185_p2  |         +|   0|  0|   16|          16|          16|
    |add_ln58_1742_fu_341402_p2  |         +|   0|  0|   16|          16|          16|
    |add_ln58_1743_fu_304117_p2  |         +|   0|  0|   23|          16|          16|
    |add_ln58_1744_fu_308838_p2  |         +|   0|  0|   16|          16|          16|
    |add_ln58_1745_fu_308843_p2  |         +|   0|  0|   16|          16|          16|
    |add_ln58_1746_fu_308849_p2  |         +|   0|  0|   16|          16|          16|
    |add_ln58_1747_fu_308855_p2  |         +|   0|  0|   16|          16|          16|
    |add_ln58_1748_fu_341407_p2  |         +|   0|  0|   16|          16|          16|
    |add_ln58_1749_fu_315008_p2  |         +|   0|  0|   16|          16|          16|
    |add_ln58_174_fu_303415_p2   |         +|   0|  0|   16|          16|          16|
    |add_ln58_1750_fu_315014_p2  |         +|   0|  0|   16|          16|          16|
    |add_ln58_1751_fu_325481_p2  |         +|   0|  0|   16|          16|          16|
    |add_ln58_1752_fu_325487_p2  |         +|   0|  0|   16|          16|          16|
    |add_ln58_1753_fu_332054_p2  |         +|   0|  0|   16|          16|          16|
    |add_ln58_1754_fu_332058_p2  |         +|   0|  0|   23|          16|          16|
    |add_ln58_1755_fu_332064_p2  |         +|   0|  0|   16|          16|          16|
    |add_ln58_1756_fu_315020_p2  |         +|   0|  0|   22|          15|          15|
    |add_ln58_1757_fu_320451_p2  |         +|   0|  0|   23|          16|          16|
    |add_ln58_1758_fu_332070_p2  |         +|   0|  0|   16|          16|          16|
    |add_ln58_1759_fu_332075_p2  |         +|   0|  0|   16|          16|          16|
    |add_ln58_175_fu_314068_p2   |         +|   0|  0|   16|          15|          15|
    |add_ln58_1760_fu_341412_p2  |         +|   0|  0|   16|          16|          16|
    |add_ln58_1761_fu_332081_p2  |         +|   0|  0|   22|          15|          15|
    |add_ln58_1762_fu_335915_p2  |         +|   0|  0|   16|          16|          16|
    |add_ln58_1763_fu_335921_p2  |         +|   0|  0|   22|          15|          15|
    |add_ln58_1764_fu_335931_p2  |         +|   0|  0|   23|          16|          16|
    |add_ln58_1765_fu_335937_p2  |         +|   0|  0|   16|          16|          16|
    |add_ln58_1766_fu_335943_p2  |         +|   0|  0|   22|          15|          15|
    |add_ln58_1767_fu_339032_p2  |         +|   0|  0|   16|          16|          16|
    |add_ln58_1768_fu_296865_p2  |         +|   0|  0|   21|          14|          14|
    |add_ln58_1769_fu_339041_p2  |         +|   0|  0|   22|          15|          15|
    |add_ln58_176_fu_314074_p2   |         +|   0|  0|   16|          15|          15|
    |add_ln58_1770_fu_339051_p2  |         +|   0|  0|   16|          16|          16|
    |add_ln58_1771_fu_339057_p2  |         +|   0|  0|   16|          16|          16|
    |add_ln58_1772_fu_308861_p2  |         +|   0|  0|   21|          14|          14|
    |add_ln58_1773_fu_315029_p2  |         +|   0|  0|   22|          15|          15|
    |add_ln58_1774_fu_325493_p2  |         +|   0|  0|   21|          14|          14|
    |add_ln58_1775_fu_332090_p2  |         +|   0|  0|   22|          15|          15|
    |add_ln58_1776_fu_339068_p2  |         +|   0|  0|   16|          16|          16|
    |add_ln58_1777_fu_335949_p2  |         +|   0|  0|   21|          14|          14|
    |add_ln58_1778_fu_339077_p2  |         +|   0|  0|   16|          15|          15|
    |add_ln58_1779_fu_332095_p2  |         +|   0|  0|   20|          13|          13|
    |add_ln58_177_fu_319275_p2   |         +|   0|  0|   16|          16|          16|
    |add_ln58_1780_fu_335958_p2  |         +|   0|  0|   21|          14|          14|
    |add_ln58_1781_fu_339086_p2  |         +|   0|  0|   16|          15|          15|
    |add_ln58_1782_fu_339096_p2  |         +|   0|  0|   16|          16|          16|
    |add_ln58_1783_fu_339102_p2  |         +|   0|  0|   16|          16|          16|
    |add_ln58_1784_fu_341417_p2  |         +|   0|  0|   16|          16|          16|
    |add_ln58_1786_fu_299191_p2  |         +|   0|  0|   23|          16|          16|
    |add_ln58_1787_fu_341422_p2  |         +|   0|  0|   16|          16|          16|
    |add_ln58_1788_fu_299197_p2  |         +|   0|  0|   21|          14|          14|
    |add_ln58_1789_fu_299207_p2  |         +|   0|  0|   23|          16|          16|
    |add_ln58_178_fu_314080_p2   |         +|   0|  0|   23|          16|          16|
    |add_ln58_1790_fu_341427_p2  |         +|   0|  0|   16|          16|          16|
    |add_ln58_1791_fu_304123_p2  |         +|   0|  0|   22|          15|          15|
    |add_ln58_1792_fu_341435_p2  |         +|   0|  0|   16|          16|          16|
    |add_ln58_1793_fu_304129_p2  |         +|   0|  0|   22|          15|          15|
    |add_ln58_1794_fu_304139_p2  |         +|   0|  0|   22|          15|          15|
    |add_ln58_1795_fu_304149_p2  |         +|   0|  0|   23|          16|          16|
    |add_ln58_1796_fu_341441_p2  |         +|   0|  0|   16|          16|          16|
    |add_ln58_1797_fu_341446_p2  |         +|   0|  0|   16|          16|          16|
    |add_ln58_1798_fu_308867_p2  |         +|   0|  0|   16|          16|          16|
    |add_ln58_1799_fu_308873_p2  |         +|   0|  0|   16|          16|          16|
    |add_ln58_179_fu_319280_p2   |         +|   0|  0|   16|          16|          16|
    |add_ln58_1800_fu_308879_p2  |         +|   0|  0|   16|          16|          16|
    |add_ln58_1801_fu_308885_p2  |         +|   0|  0|   16|          16|          16|
    |add_ln58_1802_fu_315035_p2  |         +|   0|  0|   16|          16|          16|
    |add_ln58_1803_fu_315039_p2  |         +|   0|  0|   16|          15|          15|
    |add_ln58_1804_fu_315045_p2  |         +|   0|  0|   16|          15|          15|
    |add_ln58_1805_fu_315055_p2  |         +|   0|  0|   22|          15|          15|
    |add_ln58_1806_fu_315065_p2  |         +|   0|  0|   21|          14|          14|
    |add_ln58_1807_fu_315075_p2  |         +|   0|  0|   16|          16|          16|
    |add_ln58_1808_fu_315081_p2  |         +|   0|  0|   16|          16|          16|
    |add_ln58_1809_fu_315087_p2  |         +|   0|  0|   16|          16|          16|
    |add_ln58_180_fu_319285_p2   |         +|   0|  0|   16|          16|          16|
    |add_ln58_1810_fu_341452_p2  |         +|   0|  0|   16|          16|          16|
    |add_ln58_1811_fu_320457_p2  |         +|   0|  0|   21|          14|          14|
    |add_ln58_1812_fu_320467_p2  |         +|   0|  0|   22|          15|          15|
    |add_ln58_1813_fu_325502_p2  |         +|   0|  0|   16|          15|          15|
    |add_ln58_1814_fu_325508_p2  |         +|   0|  0|   16|          15|          15|
    |add_ln58_1815_fu_325518_p2  |         +|   0|  0|   23|          16|          16|
    |add_ln58_1816_fu_332101_p2  |         +|   0|  0|   22|          15|          15|
    |add_ln58_1817_fu_341460_p2  |         +|   0|  0|   16|          16|          16|
    |add_ln58_1818_fu_332107_p2  |         +|   0|  0|   21|          14|          14|
    |add_ln58_1819_fu_332117_p2  |         +|   0|  0|   21|          14|          14|
    |add_ln58_181_fu_319290_p2   |         +|   0|  0|   16|          16|          16|
    |add_ln58_1820_fu_332126_p2  |         +|   0|  0|   22|          15|          15|
    |add_ln58_1821_fu_341469_p2  |         +|   0|  0|   16|          16|          16|
    |add_ln58_1822_fu_342058_p2  |         +|   0|  0|   16|          16|          16|
    |add_ln58_1823_fu_335964_p2  |         +|   0|  0|   21|          14|          14|
    |add_ln58_1824_fu_335974_p2  |         +|   0|  0|   22|          15|          15|
    |add_ln58_1825_fu_339108_p2  |         +|   0|  0|   16|          15|          15|
    |add_ln58_1826_fu_339114_p2  |         +|   0|  0|   16|          15|          15|
    |add_ln58_1827_fu_341481_p2  |         +|   0|  0|   16|          16|          16|
    |add_ln58_1828_fu_339120_p2  |         +|   0|  0|   16|          15|          15|
    |add_ln58_1829_fu_339126_p2  |         +|   0|  0|   16|          15|          15|
    |add_ln58_182_fu_319296_p2   |         +|   0|  0|   16|          16|          16|
    |add_ln58_1830_fu_341490_p2  |         +|   0|  0|   23|          16|          16|
    |add_ln58_1831_fu_308891_p2  |         +|   0|  0|   23|          16|          16|
    |add_ln58_1832_fu_341496_p2  |         +|   0|  0|   16|          16|          16|
    |add_ln58_1833_fu_341501_p2  |         +|   0|  0|   16|          16|          16|
    |add_ln58_1834_fu_341507_p2  |         +|   0|  0|   16|          16|          16|
    |add_ln58_1835_fu_342062_p2  |         +|   0|  0|   16|          16|          16|
    |add_ln58_1836_fu_342067_p2  |         +|   0|  0|   16|          16|          16|
    |add_ln58_1837_fu_308897_p2  |         +|   0|  0|   16|          16|          16|
    |add_ln58_1838_fu_308903_p2  |         +|   0|  0|   16|          16|          16|
    |add_ln58_1839_fu_320473_p2  |         +|   0|  0|   16|          16|          16|
    |add_ln58_183_fu_319302_p2   |         +|   0|  0|   16|          16|          16|
    |add_ln58_1840_fu_320479_p2  |         +|   0|  0|   16|          16|          16|
    |add_ln58_1841_fu_339132_p2  |         +|   0|  0|   16|          16|          16|
    |add_ln58_1842_fu_325524_p2  |         +|   0|  0|   23|          16|          16|
    |add_ln58_1843_fu_335980_p2  |         +|   0|  0|   16|          16|          16|
    |add_ln58_1844_fu_335985_p2  |         +|   0|  0|   16|          16|          16|
    |add_ln58_1845_fu_335991_p2  |         +|   0|  0|   23|          16|          16|
    |add_ln58_1846_fu_335997_p2  |         +|   0|  0|   16|          16|          16|
    |add_ln58_1847_fu_336003_p2  |         +|   0|  0|   16|          16|          16|
    |add_ln58_1848_fu_339136_p2  |         +|   0|  0|   16|          16|          16|
    |add_ln58_1849_fu_304155_p2  |         +|   0|  0|   22|          15|          15|
    |add_ln58_184_fu_324323_p2   |         +|   0|  0|   16|          16|          16|
    |add_ln58_1850_fu_304165_p2  |         +|   0|  0|   23|          16|          16|
    |add_ln58_1851_fu_304171_p2  |         +|   0|  0|   22|          15|          15|
    |add_ln58_1852_fu_308912_p2  |         +|   0|  0|   23|          16|          16|
    |add_ln58_1853_fu_336009_p2  |         +|   0|  0|   16|          16|          16|
    |add_ln58_1854_fu_315093_p2  |         +|   0|  0|   22|          15|          15|
    |add_ln58_1855_fu_332135_p2  |         +|   0|  0|   16|          16|          16|
    |add_ln58_1856_fu_320485_p2  |         +|   0|  0|   22|          15|          15|
    |add_ln58_1857_fu_332144_p2  |         +|   0|  0|   22|          15|          15|
    |add_ln58_1858_fu_332154_p2  |         +|   0|  0|   23|          16|          16|
    |add_ln58_1859_fu_332160_p2  |         +|   0|  0|   16|          16|          16|
    |add_ln58_185_fu_319308_p2   |         +|   0|  0|   21|          14|          14|
    |add_ln58_1860_fu_336013_p2  |         +|   0|  0|   16|          16|          16|
    |add_ln58_1861_fu_341513_p2  |         +|   0|  0|   16|          16|          16|
    |add_ln58_1862_fu_336018_p2  |         +|   0|  0|   22|          15|          15|
    |add_ln58_1863_fu_339144_p2  |         +|   0|  0|   16|          16|          16|
    |add_ln58_1864_fu_339150_p2  |         +|   0|  0|   22|          15|          15|
    |add_ln58_1865_fu_339160_p2  |         +|   0|  0|   23|          16|          16|
    |add_ln58_1866_fu_339166_p2  |         +|   0|  0|   16|          16|          16|
    |add_ln58_1867_fu_339172_p2  |         +|   0|  0|   22|          15|          15|
    |add_ln58_1868_fu_339182_p2  |         +|   0|  0|   16|          16|          16|
    |add_ln58_1869_fu_320491_p2  |         +|   0|  0|   21|          14|          14|
    |add_ln58_186_fu_319316_p2   |         +|   0|  0|   22|          15|          15|
    |add_ln58_1870_fu_320501_p2  |         +|   0|  0|   21|          14|          14|
    |add_ln58_1871_fu_320511_p2  |         +|   0|  0|   22|          15|          15|
    |add_ln58_1872_fu_339191_p2  |         +|   0|  0|   16|          16|          16|
    |add_ln58_1873_fu_341517_p2  |         +|   0|  0|   16|          16|          16|
    |add_ln58_1874_fu_332166_p2  |         +|   0|  0|   21|          14|          14|
    |add_ln58_1875_fu_332175_p2  |         +|   0|  0|   22|          15|          15|
    |add_ln58_1876_fu_308918_p2  |         +|   0|  0|   20|          13|          13|
    |add_ln58_1877_fu_332184_p2  |         +|   0|  0|   21|          14|          14|
    |add_ln58_1878_fu_336030_p2  |         +|   0|  0|   16|          16|          16|
    |add_ln58_1879_fu_320517_p2  |         +|   0|  0|   20|          13|          13|
    |add_ln58_187_fu_324328_p2   |         +|   0|  0|   21|          14|          14|
    |add_ln58_1880_fu_325533_p2  |         +|   0|  0|   21|          14|          14|
    |add_ln58_1881_fu_332190_p2  |         +|   0|  0|   20|          13|          13|
    |add_ln58_1882_fu_332196_p2  |         +|   0|  0|   20|          13|          13|
    |add_ln58_1883_fu_336045_p2  |         +|   0|  0|   21|          14|          14|
    |add_ln58_1884_fu_336055_p2  |         +|   0|  0|   22|          15|          15|
    |add_ln58_1885_fu_336065_p2  |         +|   0|  0|   16|          16|          16|
    |add_ln58_1886_fu_341521_p2  |         +|   0|  0|   16|          16|          16|
    |add_ln58_1887_fu_341526_p2  |         +|   0|  0|   16|          16|          16|
    |add_ln58_1889_fu_296871_p2  |         +|   0|  0|   22|          15|          15|
    |add_ln58_188_fu_324338_p2   |         +|   0|  0|   22|          15|          15|
    |add_ln58_1890_fu_304180_p2  |         +|   0|  0|   16|          15|          15|
    |add_ln58_1891_fu_304186_p2  |         +|   0|  0|   16|          15|          15|
    |add_ln58_1892_fu_304196_p2  |         +|   0|  0|   23|          16|          16|
    |add_ln58_1893_fu_304202_p2  |         +|   0|  0|   21|          14|          14|
    |add_ln58_1894_fu_308927_p2  |         +|   0|  0|   22|          15|          15|
    |add_ln58_1895_fu_308933_p2  |         +|   0|  0|   21|          14|          14|
    |add_ln58_1896_fu_308943_p2  |         +|   0|  0|   22|          15|          15|
    |add_ln58_1897_fu_315105_p2  |         +|   0|  0|   23|          16|          16|
    |add_ln58_1898_fu_320523_p2  |         +|   0|  0|   16|          16|          16|
    |add_ln58_1899_fu_308949_p2  |         +|   0|  0|   21|          14|          14|
    |add_ln58_189_fu_330936_p2   |         +|   0|  0|   23|          16|          16|
    |add_ln58_1900_fu_308959_p2  |         +|   0|  0|   22|          15|          15|
    |add_ln58_1901_fu_315111_p2  |         +|   0|  0|   16|          15|          15|
    |add_ln58_1902_fu_315117_p2  |         +|   0|  0|   16|          15|          15|
    |add_ln58_1903_fu_320533_p2  |         +|   0|  0|   16|          16|          16|
    |add_ln58_1904_fu_315123_p2  |         +|   0|  0|   22|          15|          15|
    |add_ln58_1905_fu_315133_p2  |         +|   0|  0|   16|          16|          16|
    |add_ln58_1906_fu_315139_p2  |         +|   0|  0|   16|          15|          15|
    |add_ln58_1907_fu_315145_p2  |         +|   0|  0|   16|          15|          15|
    |add_ln58_1908_fu_315155_p2  |         +|   0|  0|   16|          16|          16|
    |add_ln58_1909_fu_320539_p2  |         +|   0|  0|   16|          16|          16|
    |add_ln58_190_fu_330942_p2   |         +|   0|  0|   16|          15|          15|
    |add_ln58_1910_fu_320544_p2  |         +|   0|  0|   16|          16|          16|
    |add_ln58_1911_fu_320550_p2  |         +|   0|  0|   21|          14|          14|
    |add_ln58_1912_fu_325539_p2  |         +|   0|  0|   21|          14|          14|
    |add_ln58_1913_fu_325549_p2  |         +|   0|  0|   22|          15|          15|
    |add_ln58_1914_fu_332208_p2  |         +|   0|  0|   23|          16|          16|
    |add_ln58_1915_fu_332214_p2  |         +|   0|  0|   23|          16|          16|
    |add_ln58_1916_fu_336071_p2  |         +|   0|  0|   16|          16|          16|
    |add_ln58_1917_fu_336076_p2  |         +|   0|  0|   21|          14|          14|
    |add_ln58_1918_fu_336086_p2  |         +|   0|  0|   22|          15|          15|
    |add_ln58_1919_fu_336096_p2  |         +|   0|  0|   16|          16|          16|
    |add_ln58_191_fu_330948_p2   |         +|   0|  0|   16|          15|          15|
    |add_ln58_1920_fu_342077_p2  |         +|   0|  0|   16|          16|          16|
    |add_ln58_1921_fu_339197_p2  |         +|   0|  0|   22|          15|          15|
    |add_ln58_1922_fu_339207_p2  |         +|   0|  0|   23|          16|          16|
    |add_ln58_1923_fu_339212_p2  |         +|   0|  0|   20|          13|          13|
    |add_ln58_1924_fu_339221_p2  |         +|   0|  0|   21|          14|          14|
    |add_ln58_1925_fu_341535_p2  |         +|   0|  0|   16|          16|          16|
    |add_ln58_1926_fu_341540_p2  |         +|   0|  0|   23|          16|          16|
    |add_ln58_1927_fu_341546_p2  |         +|   0|  0|   16|          16|          16|
    |add_ln58_1928_fu_299213_p2  |         +|   0|  0|   16|          16|          16|
    |add_ln58_1929_fu_299219_p2  |         +|   0|  0|   16|          16|          16|
    |add_ln58_192_fu_330954_p2   |         +|   0|  0|   21|          14|          14|
    |add_ln58_1930_fu_341552_p2  |         +|   0|  0|   16|          16|          16|
    |add_ln58_1931_fu_341557_p2  |         +|   0|  0|   16|          16|          16|
    |add_ln58_1932_fu_342081_p2  |         +|   0|  0|   16|          16|          16|
    |add_ln58_1933_fu_342086_p2  |         +|   0|  0|   16|          16|          16|
    |add_ln58_1934_fu_304208_p2  |         +|   0|  0|   23|          16|          16|
    |add_ln58_1935_fu_320556_p2  |         +|   0|  0|   16|          16|          16|
    |add_ln58_1936_fu_320562_p2  |         +|   0|  0|   16|          16|          16|
    |add_ln58_1937_fu_336102_p2  |         +|   0|  0|   16|          16|          16|
    |add_ln58_1938_fu_325555_p2  |         +|   0|  0|   23|          16|          16|
    |add_ln58_1939_fu_336106_p2  |         +|   0|  0|   16|          16|          16|
    |add_ln58_193_fu_334491_p2   |         +|   0|  0|   22|          15|          15|
    |add_ln58_1940_fu_336111_p2  |         +|   0|  0|   16|          16|          16|
    |add_ln58_1941_fu_336117_p2  |         +|   0|  0|   16|          16|          16|
    |add_ln58_1942_fu_336123_p2  |         +|   0|  0|   16|          16|          16|
    |add_ln58_1943_fu_336129_p2  |         +|   0|  0|   16|          16|          16|
    |add_ln58_1944_fu_299225_p2  |         +|   0|  0|   22|          15|          15|
    |add_ln58_1945_fu_339230_p2  |         +|   0|  0|   23|          16|          16|
    |add_ln58_1946_fu_308965_p2  |         +|   0|  0|   22|          15|          15|
    |add_ln58_1947_fu_308975_p2  |         +|   0|  0|   23|          16|          16|
    |add_ln58_1948_fu_339236_p2  |         +|   0|  0|   16|          16|          16|
    |add_ln58_1949_fu_320568_p2  |         +|   0|  0|   22|          15|          15|
    |add_ln58_194_fu_334501_p2   |         +|   0|  0|   23|          16|          16|
    |add_ln58_1950_fu_332223_p2  |         +|   0|  0|   16|          16|          16|
    |add_ln58_1951_fu_332229_p2  |         +|   0|  0|   22|          15|          15|
    |add_ln58_1952_fu_332239_p2  |         +|   0|  0|   23|          16|          16|
    |add_ln58_1953_fu_332245_p2  |         +|   0|  0|   16|          16|          16|
    |add_ln58_1954_fu_339241_p2  |         +|   0|  0|   16|          16|          16|
    |add_ln58_1955_fu_339246_p2  |         +|   0|  0|   16|          16|          16|
    |add_ln58_1956_fu_332251_p2  |         +|   0|  0|   22|          15|          15|
    |add_ln58_1957_fu_336138_p2  |         +|   0|  0|   16|          16|          16|
    |add_ln58_1958_fu_304214_p2  |         +|   0|  0|   21|          14|          14|
    |add_ln58_1959_fu_308984_p2  |         +|   0|  0|   22|          15|          15|
    |add_ln58_195_fu_337453_p2   |         +|   0|  0|   16|          16|          16|
    |add_ln58_1960_fu_336147_p2  |         +|   0|  0|   16|          16|          16|
    |add_ln58_1961_fu_296876_p2  |         +|   0|  0|   21|          14|          14|
    |add_ln58_1962_fu_304223_p2  |         +|   0|  0|   22|          15|          15|
    |add_ln58_1963_fu_320574_p2  |         +|   0|  0|   21|          14|          14|
    |add_ln58_1964_fu_325567_p2  |         +|   0|  0|   22|          15|          15|
    |add_ln58_1965_fu_325577_p2  |         +|   0|  0|   23|          16|          16|
    |add_ln58_1966_fu_339251_p2  |         +|   0|  0|   16|          16|          16|
    |add_ln58_1967_fu_332257_p2  |         +|   0|  0|   21|          14|          14|
    |add_ln58_1968_fu_336156_p2  |         +|   0|  0|   22|          15|          15|
    |add_ln58_1969_fu_308990_p2  |         +|   0|  0|   20|          13|          13|
    |add_ln58_196_fu_334507_p2   |         +|   0|  0|   16|          15|          15|
    |add_ln58_1970_fu_315164_p2  |         +|   0|  0|   21|          14|          14|
    |add_ln58_1971_fu_336169_p2  |         +|   0|  0|   16|          16|          16|
    |add_ln58_1972_fu_332263_p2  |         +|   0|  0|   20|          13|          13|
    |add_ln58_1973_fu_336178_p2  |         +|   0|  0|   21|          14|          14|
    |add_ln58_1974_fu_332269_p2  |         +|   0|  0|   20|          13|          13|
    |add_ln58_1975_fu_336191_p2  |         +|   0|  0|   21|          14|          14|
    |add_ln58_1976_fu_336201_p2  |         +|   0|  0|   22|          15|          15|
    |add_ln58_1977_fu_336211_p2  |         +|   0|  0|   16|          16|          16|
    |add_ln58_1978_fu_339255_p2  |         +|   0|  0|   16|          16|          16|
    |add_ln58_1979_fu_339260_p2  |         +|   0|  0|   16|          16|          16|
    |add_ln58_197_fu_334513_p2   |         +|   0|  0|   16|          15|          15|
    |add_ln58_1981_fu_296882_p2  |         +|   0|  0|   21|          14|          14|
    |add_ln58_1982_fu_299231_p2  |         +|   0|  0|   23|          16|          16|
    |add_ln58_1983_fu_341566_p2  |         +|   0|  0|   16|          16|          16|
    |add_ln58_1984_fu_341571_p2  |         +|   0|  0|   16|          16|          16|
    |add_ln58_1985_fu_304229_p2  |         +|   0|  0|   23|          16|          16|
    |add_ln58_1986_fu_341577_p2  |         +|   0|  0|   16|          16|          16|
    |add_ln58_1987_fu_304235_p2  |         +|   0|  0|   22|          15|          15|
    |add_ln58_1988_fu_304245_p2  |         +|   0|  0|   23|          16|          16|
    |add_ln58_1989_fu_341582_p2  |         +|   0|  0|   16|          16|          16|
    |add_ln58_198_fu_337460_p2   |         +|   0|  0|   16|          16|          16|
    |add_ln58_1990_fu_341587_p2  |         +|   0|  0|   16|          16|          16|
    |add_ln58_1991_fu_304251_p2  |         +|   0|  0|   16|          15|          15|
    |add_ln58_1992_fu_304257_p2  |         +|   0|  0|   16|          15|          15|
    |add_ln58_1993_fu_308996_p2  |         +|   0|  0|   21|          14|          14|
    |add_ln58_1994_fu_309006_p2  |         +|   0|  0|   22|          15|          15|
    |add_ln58_1995_fu_315176_p2  |         +|   0|  0|   16|          16|          16|
    |add_ln58_1996_fu_315182_p2  |         +|   0|  0|   23|          16|          16|
    |add_ln58_1997_fu_315187_p2  |         +|   0|  0|   16|          16|          16|
    |add_ln58_1998_fu_315193_p2  |         +|   0|  0|   16|          15|          15|
    |add_ln58_1999_fu_315199_p2  |         +|   0|  0|   16|          15|          15|
    |add_ln58_199_fu_337466_p2   |         +|   0|  0|   16|          16|          16|
    |add_ln58_2000_fu_315209_p2  |         +|   0|  0|   16|          16|          16|
    |add_ln58_2001_fu_315215_p2  |         +|   0|  0|   16|          16|          16|
    |add_ln58_2002_fu_341593_p2  |         +|   0|  0|   16|          16|          16|
    |add_ln58_2003_fu_320580_p2  |         +|   0|  0|   16|          15|          15|
    |add_ln58_2004_fu_320586_p2  |         +|   0|  0|   16|          15|          15|
    |add_ln58_2005_fu_320592_p2  |         +|   0|  0|   23|          16|          16|
    |add_ln58_2006_fu_341601_p2  |         +|   0|  0|   16|          16|          16|
    |add_ln58_2007_fu_341606_p2  |         +|   0|  0|   16|          16|          16|
    |add_ln58_2008_fu_320598_p2  |         +|   0|  0|   21|          14|          14|
    |add_ln58_2009_fu_320608_p2  |         +|   0|  0|   22|          15|          15|
    |add_ln58_200_fu_337471_p2   |         +|   0|  0|   16|          16|          16|
    |add_ln58_2010_fu_325586_p2  |         +|   0|  0|   23|          16|          16|
    |add_ln58_2011_fu_325592_p2  |         +|   0|  0|   16|          16|          16|
    |add_ln58_2012_fu_325598_p2  |         +|   0|  0|   16|          16|          16|
    |add_ln58_2013_fu_341612_p2  |         +|   0|  0|   16|          16|          16|
    |add_ln58_2014_fu_332275_p2  |         +|   0|  0|   22|          15|          15|
    |add_ln58_2015_fu_332285_p2  |         +|   0|  0|   23|          16|          16|
    |add_ln58_2016_fu_332291_p2  |         +|   0|  0|   16|          15|          15|
    |add_ln58_2017_fu_332297_p2  |         +|   0|  0|   16|          15|          15|
    |add_ln58_2018_fu_336220_p2  |         +|   0|  0|   16|          16|          16|
    |add_ln58_2019_fu_332303_p2  |         +|   0|  0|   21|          14|          14|
    |add_ln58_201_fu_314086_p2   |         +|   0|  0|   23|          16|          16|
    |add_ln58_2020_fu_336228_p2  |         +|   0|  0|   22|          15|          15|
    |add_ln58_2021_fu_332309_p2  |         +|   0|  0|   21|          14|          14|
    |add_ln58_2022_fu_336241_p2  |         +|   0|  0|   22|          15|          15|
    |add_ln58_2023_fu_336251_p2  |         +|   0|  0|   23|          16|          16|
    |add_ln58_2024_fu_336257_p2  |         +|   0|  0|   16|          16|          16|
    |add_ln58_2025_fu_341617_p2  |         +|   0|  0|   16|          16|          16|
    |add_ln58_2026_fu_342096_p2  |         +|   0|  0|   16|          16|          16|
    |add_ln58_2027_fu_339266_p2  |         +|   0|  0|   22|          15|          15|
    |add_ln58_2028_fu_332315_p2  |         +|   0|  0|   16|          16|          16|
    |add_ln58_2029_fu_332321_p2  |         +|   0|  0|   16|          16|          16|
    |add_ln58_202_fu_337477_p2   |         +|   0|  0|   16|          16|          16|
    |add_ln58_2030_fu_339276_p2  |         +|   0|  0|   16|          16|          16|
    |add_ln58_2031_fu_320614_p2  |         +|   0|  0|   23|          16|          16|
    |add_ln58_2032_fu_332327_p2  |         +|   0|  0|   16|          16|          16|
    |add_ln58_2033_fu_332332_p2  |         +|   0|  0|   16|          16|          16|
    |add_ln58_2034_fu_332338_p2  |         +|   0|  0|   16|          16|          16|
    |add_ln58_2035_fu_332344_p2  |         +|   0|  0|   16|          16|          16|
    |add_ln58_2036_fu_339281_p2  |         +|   0|  0|   16|          16|          16|
    |add_ln58_2037_fu_339286_p2  |         +|   0|  0|   16|          16|          16|
    |add_ln58_2038_fu_339292_p2  |         +|   0|  0|   16|          16|          16|
    |add_ln58_2039_fu_339298_p2  |         +|   0|  0|   16|          16|          16|
    |add_ln58_203_fu_303421_p2   |         +|   0|  0|   16|          16|          16|
    |add_ln58_2040_fu_339304_p2  |         +|   0|  0|   16|          16|          16|
    |add_ln58_2041_fu_341622_p2  |         +|   0|  0|   16|          16|          16|
    |add_ln58_2042_fu_341626_p2  |         +|   0|  0|   23|          16|          16|
    |add_ln58_2043_fu_341632_p2  |         +|   0|  0|   16|          16|          16|
    |add_ln58_2044_fu_296888_p2  |         +|   0|  0|   22|          15|          15|
    |add_ln58_2045_fu_296898_p2  |         +|   0|  0|   23|          16|          16|
    |add_ln58_2046_fu_341637_p2  |         +|   0|  0|   16|          16|          16|
    |add_ln58_2047_fu_341642_p2  |         +|   0|  0|   16|          16|          16|
    |add_ln58_2048_fu_342100_p2  |         +|   0|  0|   16|          16|          16|
    |add_ln58_2049_fu_309012_p2  |         +|   0|  0|   22|          15|          15|
    |add_ln58_204_fu_303427_p2   |         +|   0|  0|   16|          16|          16|
    |add_ln58_2050_fu_315224_p2  |         +|   0|  0|   16|          16|          16|
    |add_ln58_2051_fu_315230_p2  |         +|   0|  0|   22|          15|          15|
    |add_ln58_2052_fu_315240_p2  |         +|   0|  0|   23|          16|          16|
    |add_ln58_2053_fu_315246_p2  |         +|   0|  0|   16|          16|          16|
    |add_ln58_2054_fu_332350_p2  |         +|   0|  0|   22|          15|          15|
    |add_ln58_2055_fu_339313_p2  |         +|   0|  0|   16|          16|          16|
    |add_ln58_2056_fu_339319_p2  |         +|   0|  0|   22|          15|          15|
    |add_ln58_2057_fu_339329_p2  |         +|   0|  0|   23|          16|          16|
    |add_ln58_2058_fu_339335_p2  |         +|   0|  0|   16|          16|          16|
    |add_ln58_2059_fu_341648_p2  |         +|   0|  0|   16|          16|          16|
    |add_ln58_205_fu_337482_p2   |         +|   0|  0|   16|          16|          16|
    |add_ln58_2060_fu_320620_p2  |         +|   0|  0|   21|          14|          14|
    |add_ln58_2061_fu_325607_p2  |         +|   0|  0|   22|          15|          15|
    |add_ln58_2062_fu_336263_p2  |         +|   0|  0|   21|          14|          14|
    |add_ln58_2063_fu_336273_p2  |         +|   0|  0|   22|          15|          15|
    |add_ln58_2064_fu_339347_p2  |         +|   0|  0|   16|          16|          16|
    |add_ln58_2065_fu_339353_p2  |         +|   0|  0|   21|          14|          14|
    |add_ln58_2066_fu_339363_p2  |         +|   0|  0|   16|          15|          15|
    |add_ln58_2067_fu_332356_p2  |         +|   0|  0|   20|          13|          13|
    |add_ln58_2068_fu_336282_p2  |         +|   0|  0|   21|          14|          14|
    |add_ln58_2069_fu_339372_p2  |         +|   0|  0|   16|          15|          15|
    |add_ln58_206_fu_337487_p2   |         +|   0|  0|   16|          16|          16|
    |add_ln58_2070_fu_339382_p2  |         +|   0|  0|   16|          16|          16|
    |add_ln58_2071_fu_341652_p2  |         +|   0|  0|   16|          16|          16|
    |add_ln58_2072_fu_342104_p2  |         +|   0|  0|   16|          16|          16|
    |add_ln58_2074_fu_296904_p2  |         +|   0|  0|   22|          15|          15|
    |add_ln58_2075_fu_299240_p2  |         +|   0|  0|   16|          16|          16|
    |add_ln58_2076_fu_299246_p2  |         +|   0|  0|   16|          16|          16|
    |add_ln58_2077_fu_299252_p2  |         +|   0|  0|   16|          16|          16|
    |add_ln58_2078_fu_299258_p2  |         +|   0|  0|   16|          16|          16|
    |add_ln58_2079_fu_304263_p2  |         +|   0|  0|   16|          14|          14|
    |add_ln58_207_fu_337493_p2   |         +|   0|  0|   16|          16|          16|
    |add_ln58_2080_fu_304269_p2  |         +|   0|  0|   16|          14|          14|
    |add_ln58_2081_fu_304275_p2  |         +|   0|  0|   21|          14|          14|
    |add_ln58_2082_fu_304285_p2  |         +|   0|  0|   22|          15|          15|
    |add_ln58_2083_fu_309024_p2  |         +|   0|  0|   23|          16|          16|
    |add_ln58_2084_fu_320626_p2  |         +|   0|  0|   16|          16|          16|
    |add_ln58_2085_fu_304291_p2  |         +|   0|  0|   21|          14|          14|
    |add_ln58_2086_fu_304301_p2  |         +|   0|  0|   22|          15|          15|
    |add_ln58_2087_fu_309030_p2  |         +|   0|  0|   22|          15|          15|
    |add_ln58_2088_fu_309040_p2  |         +|   0|  0|   23|          16|          16|
    |add_ln58_2089_fu_320633_p2  |         +|   0|  0|   16|          16|          16|
    |add_ln58_208_fu_340119_p2   |         +|   0|  0|   16|          16|          16|
    |add_ln58_2090_fu_315252_p2  |         +|   0|  0|   16|          15|          15|
    |add_ln58_2091_fu_315258_p2  |         +|   0|  0|   16|          15|          15|
    |add_ln58_2092_fu_315268_p2  |         +|   0|  0|   20|          13|          13|
    |add_ln58_2093_fu_315277_p2  |         +|   0|  0|   16|          15|          15|
    |add_ln58_2094_fu_315283_p2  |         +|   0|  0|   16|          15|          15|
    |add_ln58_2095_fu_315293_p2  |         +|   0|  0|   23|          16|          16|
    |add_ln58_2096_fu_320638_p2  |         +|   0|  0|   16|          16|          16|
    |add_ln58_2097_fu_320643_p2  |         +|   0|  0|   16|          16|          16|
    |add_ln58_2098_fu_320649_p2  |         +|   0|  0|   23|          16|          16|
    |add_ln58_2099_fu_341657_p2  |         +|   0|  0|   16|          16|          16|
    |add_ln58_209_fu_324344_p2   |         +|   0|  0|   16|          16|          16|
    |add_ln58_2100_fu_325613_p2  |         +|   0|  0|   21|          14|          14|
    |add_ln58_2101_fu_332365_p2  |         +|   0|  0|   22|          15|          15|
    |add_ln58_2102_fu_341665_p2  |         +|   0|  0|   16|          16|          16|
    |add_ln58_2103_fu_332371_p2  |         +|   0|  0|   23|          16|          16|
    |add_ln58_2104_fu_341671_p2  |         +|   0|  0|   16|          16|          16|
    |add_ln58_2105_fu_336288_p2  |         +|   0|  0|   22|          15|          15|
    |add_ln58_2106_fu_336298_p2  |         +|   0|  0|   23|          16|          16|
    |add_ln58_2107_fu_341676_p2  |         +|   0|  0|   16|          16|          16|
    |add_ln58_2108_fu_342115_p2  |         +|   0|  0|   16|          16|          16|
    |add_ln58_2109_fu_339388_p2  |         +|   0|  0|   21|          14|          14|
    |add_ln58_210_fu_324350_p2   |         +|   0|  0|   16|          16|          16|
    |add_ln58_2110_fu_339398_p2  |         +|   0|  0|   22|          15|          15|
    |add_ln58_2111_fu_339404_p2  |         +|   0|  0|   22|          15|          15|
    |add_ln58_2112_fu_339414_p2  |         +|   0|  0|   23|          16|          16|
    |add_ln58_2113_fu_341684_p2  |         +|   0|  0|   16|          16|          16|
    |add_ln58_2114_fu_341689_p2  |         +|   0|  0|   23|          16|          16|
    |add_ln58_2115_fu_341695_p2  |         +|   0|  0|   16|          16|          16|
    |add_ln58_2116_fu_320655_p2  |         +|   0|  0|   16|          16|          16|
    |add_ln58_2117_fu_320661_p2  |         +|   0|  0|   23|          16|          16|
    |add_ln58_2118_fu_320667_p2  |         +|   0|  0|   16|          16|          16|
    |add_ln58_2119_fu_341701_p2  |         +|   0|  0|   16|          16|          16|
    |add_ln58_211_fu_330960_p2   |         +|   0|  0|   16|          16|          16|
    |add_ln58_2120_fu_341706_p2  |         +|   0|  0|   16|          16|          16|
    |add_ln58_2121_fu_342119_p2  |         +|   0|  0|   16|          16|          16|
    |add_ln58_2122_fu_342124_p2  |         +|   0|  0|   16|          16|          16|
    |add_ln58_2123_fu_325619_p2  |         +|   0|  0|   16|          16|          16|
    |add_ln58_2124_fu_325625_p2  |         +|   0|  0|   16|          16|          16|
    |add_ln58_2125_fu_332377_p2  |         +|   0|  0|   16|          16|          16|
    |add_ln58_2126_fu_332383_p2  |         +|   0|  0|   16|          16|          16|
    |add_ln58_2127_fu_339420_p2  |         +|   0|  0|   16|          16|          16|
    |add_ln58_2128_fu_339424_p2  |         +|   0|  0|   23|          16|          16|
    |add_ln58_2129_fu_339430_p2  |         +|   0|  0|   16|          16|          16|
    |add_ln58_212_fu_330966_p2   |         +|   0|  0|   16|          16|          16|
    |add_ln58_2130_fu_309046_p2  |         +|   0|  0|   22|          15|          15|
    |add_ln58_2131_fu_309056_p2  |         +|   0|  0|   23|          16|          16|
    |add_ln58_2132_fu_339436_p2  |         +|   0|  0|   16|          16|          16|
    |add_ln58_2133_fu_339441_p2  |         +|   0|  0|   16|          16|          16|
    |add_ln58_2134_fu_325631_p2  |         +|   0|  0|   22|          15|          15|
    |add_ln58_2135_fu_325641_p2  |         +|   0|  0|   23|          16|          16|
    |add_ln58_2136_fu_332389_p2  |         +|   0|  0|   22|          15|          15|
    |add_ln58_2137_fu_332399_p2  |         +|   0|  0|   23|          16|          16|
    |add_ln58_2138_fu_341712_p2  |         +|   0|  0|   16|          16|          16|
    |add_ln58_2139_fu_332405_p2  |         +|   0|  0|   22|          15|          15|
    |add_ln58_213_fu_337499_p2   |         +|   0|  0|   16|          16|          16|
    |add_ln58_2140_fu_339450_p2  |         +|   0|  0|   16|          16|          16|
    |add_ln58_2141_fu_336304_p2  |         +|   0|  0|   22|          15|          15|
    |add_ln58_2142_fu_339459_p2  |         +|   0|  0|   22|          15|          15|
    |add_ln58_2143_fu_339469_p2  |         +|   0|  0|   23|          16|          16|
    |add_ln58_2144_fu_339475_p2  |         +|   0|  0|   16|          16|          16|
    |add_ln58_2145_fu_341716_p2  |         +|   0|  0|   16|          16|          16|
    |add_ln58_2146_fu_341721_p2  |         +|   0|  0|   16|          16|          16|
    |add_ln58_2147_fu_339481_p2  |         +|   0|  0|   23|          16|          16|
    |add_ln58_2148_fu_339487_p2  |         +|   0|  0|   16|          16|          16|
    |add_ln58_2149_fu_304307_p2  |         +|   0|  0|   21|          14|          14|
    |add_ln58_214_fu_337503_p2   |         +|   0|  0|   23|          16|          16|
    |add_ln58_2150_fu_309065_p2  |         +|   0|  0|   22|          15|          15|
    |add_ln58_2151_fu_339496_p2  |         +|   0|  0|   16|          16|          16|
    |add_ln58_2152_fu_320673_p2  |         +|   0|  0|   21|          14|          14|
    |add_ln58_2153_fu_320683_p2  |         +|   0|  0|   22|          15|          15|
    |add_ln58_2154_fu_320689_p2  |         +|   0|  0|   21|          14|          14|
    |add_ln58_2155_fu_320695_p2  |         +|   0|  0|   21|          14|          14|
    |add_ln58_2156_fu_325656_p2  |         +|   0|  0|   22|          15|          15|
    |add_ln58_2157_fu_325666_p2  |         +|   0|  0|   23|          16|          16|
    |add_ln58_2158_fu_341726_p2  |         +|   0|  0|   16|          16|          16|
    |add_ln58_2159_fu_339502_p2  |         +|   0|  0|   21|          14|          14|
    |add_ln58_215_fu_337509_p2   |         +|   0|  0|   16|          16|          16|
    |add_ln58_2160_fu_339512_p2  |         +|   0|  0|   16|          15|          15|
    |add_ln58_2161_fu_315299_p2  |         +|   0|  0|   20|          13|          13|
    |add_ln58_2162_fu_320704_p2  |         +|   0|  0|   21|          14|          14|
    |add_ln58_2163_fu_339521_p2  |         +|   0|  0|   16|          15|          15|
    |add_ln58_2164_fu_325672_p2  |         +|   0|  0|   20|          13|          13|
    |add_ln58_2165_fu_325682_p2  |         +|   0|  0|   21|          14|          14|
    |add_ln58_2166_fu_325688_p2  |         +|   0|  0|   20|          13|          13|
    |add_ln58_2167_fu_325694_p2  |         +|   0|  0|   20|          13|          13|
    |add_ln58_2168_fu_332420_p2  |         +|   0|  0|   21|          14|          14|
    |add_ln58_2169_fu_332430_p2  |         +|   0|  0|   22|          15|          15|
    |add_ln58_216_fu_303433_p2   |         +|   0|  0|   22|          15|          15|
    |add_ln58_2170_fu_339534_p2  |         +|   0|  0|   23|          16|          16|
    |add_ln58_2171_fu_341730_p2  |         +|   0|  0|   16|          16|          16|
    |add_ln58_2172_fu_341735_p2  |         +|   0|  0|   16|          16|          16|
    |add_ln58_2174_fu_299264_p2  |         +|   0|  0|   23|          16|          16|
    |add_ln58_2175_fu_341741_p2  |         +|   0|  0|   16|          16|          16|
    |add_ln58_2176_fu_299270_p2  |         +|   0|  0|   16|          15|          15|
    |add_ln58_2177_fu_299276_p2  |         +|   0|  0|   16|          15|          15|
    |add_ln58_2178_fu_341749_p2  |         +|   0|  0|   16|          16|          16|
    |add_ln58_2179_fu_304313_p2  |         +|   0|  0|   16|          15|          15|
    |add_ln58_217_fu_307914_p2   |         +|   0|  0|   23|          16|          16|
    |add_ln58_2180_fu_304319_p2  |         +|   0|  0|   16|          15|          15|
    |add_ln58_2181_fu_309071_p2  |         +|   0|  0|   21|          14|          14|
    |add_ln58_2182_fu_309081_p2  |         +|   0|  0|   22|          15|          15|
    |add_ln58_2183_fu_315311_p2  |         +|   0|  0|   23|          16|          16|
    |add_ln58_2184_fu_341755_p2  |         +|   0|  0|   16|          16|          16|
    |add_ln58_2185_fu_309087_p2  |         +|   0|  0|   16|          15|          15|
    |add_ln58_2186_fu_309093_p2  |         +|   0|  0|   16|          15|          15|
    |add_ln58_2187_fu_309099_p2  |         +|   0|  0|   21|          14|          14|
    |add_ln58_2188_fu_309109_p2  |         +|   0|  0|   22|          15|          15|
    |add_ln58_2189_fu_315323_p2  |         +|   0|  0|   16|          16|          16|
    |add_ln58_218_fu_337515_p2   |         +|   0|  0|   16|          16|          16|
    |add_ln58_2190_fu_315329_p2  |         +|   0|  0|   16|          15|          15|
    |add_ln58_2191_fu_315335_p2  |         +|   0|  0|   16|          15|          15|
    |add_ln58_2192_fu_296910_p2  |         +|   0|  0|   20|          13|          13|
    |add_ln58_2193_fu_296920_p2  |         +|   0|  0|   21|          14|          14|
    |add_ln58_2194_fu_296930_p2  |         +|   0|  0|   22|          15|          15|
    |add_ln58_2195_fu_315348_p2  |         +|   0|  0|   23|          16|          16|
    |add_ln58_2196_fu_315354_p2  |         +|   0|  0|   16|          16|          16|
    |add_ln58_2197_fu_341760_p2  |         +|   0|  0|   16|          16|          16|
    |add_ln58_2198_fu_320710_p2  |         +|   0|  0|   21|          14|          14|
    |add_ln58_2199_fu_320720_p2  |         +|   0|  0|   22|          15|          15|
    |add_ln58_219_fu_337520_p2   |         +|   0|  0|   16|          16|          16|
    |add_ln58_2200_fu_320730_p2  |         +|   0|  0|   23|          16|          16|
    |add_ln58_2201_fu_320735_p2  |         +|   0|  0|   16|          16|          16|
    |add_ln58_2202_fu_320741_p2  |         +|   0|  0|   16|          16|          16|
    |add_ln58_2203_fu_325700_p2  |         +|   0|  0|   16|          15|          15|
    |add_ln58_2204_fu_325706_p2  |         +|   0|  0|   16|          15|          15|
    |add_ln58_2205_fu_332436_p2  |         +|   0|  0|   23|          16|          16|
    |add_ln58_2206_fu_341768_p2  |         +|   0|  0|   16|          16|          16|
    |add_ln58_2207_fu_341773_p2  |         +|   0|  0|   16|          16|          16|
    |add_ln58_2208_fu_341779_p2  |         +|   0|  0|   16|          16|          16|
    |add_ln58_2209_fu_336310_p2  |         +|   0|  0|   21|          14|          14|
    |add_ln58_220_fu_314092_p2   |         +|   0|  0|   22|          15|          15|
    |add_ln58_2210_fu_336320_p2  |         +|   0|  0|   22|          15|          15|
    |add_ln58_2211_fu_336326_p2  |         +|   0|  0|   22|          15|          15|
    |add_ln58_2212_fu_336336_p2  |         +|   0|  0|   23|          16|          16|
    |add_ln58_2213_fu_339543_p2  |         +|   0|  0|   16|          16|          16|
    |add_ln58_2214_fu_336342_p2  |         +|   0|  0|   23|          16|          16|
    |add_ln58_2215_fu_339548_p2  |         +|   0|  0|   16|          16|          16|
    |add_ln58_2216_fu_339553_p2  |         +|   0|  0|   16|          16|          16|
    |add_ln58_2217_fu_309115_p2  |         +|   0|  0|   23|          16|          16|
    |add_ln58_2218_fu_339559_p2  |         +|   0|  0|   16|          16|          16|
    |add_ln58_2219_fu_339564_p2  |         +|   0|  0|   16|          16|          16|
    |add_ln58_221_fu_319325_p2   |         +|   0|  0|   23|          16|          16|
    |add_ln58_2220_fu_339570_p2  |         +|   0|  0|   16|          16|          16|
    |add_ln58_2221_fu_341784_p2  |         +|   0|  0|   16|          16|          16|
    |add_ln58_2222_fu_341789_p2  |         +|   0|  0|   16|          16|          16|
    |add_ln58_2223_fu_320747_p2  |         +|   0|  0|   16|          16|          16|
    |add_ln58_2224_fu_320753_p2  |         +|   0|  0|   16|          16|          16|
    |add_ln58_2225_fu_320759_p2  |         +|   0|  0|   16|          16|          16|
    |add_ln58_2226_fu_320765_p2  |         +|   0|  0|   16|          16|          16|
    |add_ln58_2227_fu_339576_p2  |         +|   0|  0|   16|          16|          16|
    |add_ln58_2228_fu_332442_p2  |         +|   0|  0|   23|          16|          16|
    |add_ln58_2229_fu_339580_p2  |         +|   0|  0|   16|          16|          16|
    |add_ln58_222_fu_319331_p2   |         +|   0|  0|   22|          15|          15|
    |add_ln58_2230_fu_339585_p2  |         +|   0|  0|   16|          16|          16|
    |add_ln58_2231_fu_339591_p2  |         +|   0|  0|   16|          16|          16|
    |add_ln58_2232_fu_339597_p2  |         +|   0|  0|   16|          16|          16|
    |add_ln58_2233_fu_339603_p2  |         +|   0|  0|   16|          16|          16|
    |add_ln58_2234_fu_296936_p2  |         +|   0|  0|   22|          15|          15|
    |add_ln58_2235_fu_336351_p2  |         +|   0|  0|   23|          16|          16|
    |add_ln58_2236_fu_299282_p2  |         +|   0|  0|   22|          15|          15|
    |add_ln58_2237_fu_299292_p2  |         +|   0|  0|   23|          16|          16|
    |add_ln58_2238_fu_336357_p2  |         +|   0|  0|   16|          16|          16|
    |add_ln58_2239_fu_315360_p2  |         +|   0|  0|   22|          15|          15|
    |add_ln58_223_fu_319341_p2   |         +|   0|  0|   23|          16|          16|
    |add_ln58_2240_fu_325715_p2  |         +|   0|  0|   16|          16|          16|
    |add_ln58_2241_fu_315366_p2  |         +|   0|  0|   22|          15|          15|
    |add_ln58_2242_fu_325724_p2  |         +|   0|  0|   22|          15|          15|
    |add_ln58_2243_fu_325734_p2  |         +|   0|  0|   23|          16|          16|
    |add_ln58_2244_fu_325740_p2  |         +|   0|  0|   16|          16|          16|
    |add_ln58_2245_fu_336362_p2  |         +|   0|  0|   16|          16|          16|
    |add_ln58_2246_fu_341795_p2  |         +|   0|  0|   16|          16|          16|
    |add_ln58_2247_fu_336367_p2  |         +|   0|  0|   22|          15|          15|
    |add_ln58_2248_fu_339612_p2  |         +|   0|  0|   16|          16|          16|
    |add_ln58_2249_fu_339618_p2  |         +|   0|  0|   22|          15|          15|
    |add_ln58_224_fu_330972_p2   |         +|   0|  0|   16|          16|          16|
    |add_ln58_2250_fu_339628_p2  |         +|   0|  0|   23|          16|          16|
    |add_ln58_2251_fu_339634_p2  |         +|   0|  0|   16|          16|          16|
    |add_ln58_2252_fu_309121_p2  |         +|   0|  0|   21|          14|          14|
    |add_ln58_2253_fu_315375_p2  |         +|   0|  0|   22|          15|          15|
    |add_ln58_2254_fu_325746_p2  |         +|   0|  0|   21|          14|          14|
    |add_ln58_2255_fu_332454_p2  |         +|   0|  0|   22|          15|          15|
    |add_ln58_2256_fu_332464_p2  |         +|   0|  0|   23|          16|          16|
    |add_ln58_2257_fu_341799_p2  |         +|   0|  0|   16|          16|          16|
    |add_ln58_2258_fu_336373_p2  |         +|   0|  0|   21|          14|          14|
    |add_ln58_2259_fu_336383_p2  |         +|   0|  0|   22|          15|          15|
    |add_ln58_225_fu_324356_p2   |         +|   0|  0|   22|          15|          15|
    |add_ln58_2260_fu_332470_p2  |         +|   0|  0|   21|          14|          14|
    |add_ln58_2261_fu_336396_p2  |         +|   0|  0|   22|          15|          15|
    |add_ln58_2262_fu_336406_p2  |         +|   0|  0|   16|          16|          16|
    |add_ln58_2263_fu_304325_p2  |         +|   0|  0|   20|          13|          13|
    |add_ln58_2264_fu_309130_p2  |         +|   0|  0|   21|          14|          14|
    |add_ln58_2265_fu_332476_p2  |         +|   0|  0|   20|          13|          13|
    |add_ln58_2266_fu_332482_p2  |         +|   0|  0|   20|          13|          13|
    |add_ln58_2267_fu_336421_p2  |         +|   0|  0|   21|          14|          14|
    |add_ln58_2268_fu_336431_p2  |         +|   0|  0|   22|          15|          15|
    |add_ln58_2269_fu_336441_p2  |         +|   0|  0|   16|          16|          16|
    |add_ln58_226_fu_324366_p2   |         +|   0|  0|   16|          16|          16|
    |add_ln58_2270_fu_341803_p2  |         +|   0|  0|   16|          16|          16|
    |add_ln58_2271_fu_341808_p2  |         +|   0|  0|   16|          16|          16|
    |add_ln58_2273_fu_299298_p2  |         +|   0|  0|   21|          14|          14|
    |add_ln58_2274_fu_299308_p2  |         +|   0|  0|   16|          14|          14|
    |add_ln58_2275_fu_299314_p2  |         +|   0|  0|   16|          14|          14|
    |add_ln58_2276_fu_299324_p2  |         +|   0|  0|   22|          15|          15|
    |add_ln58_2277_fu_299330_p2  |         +|   0|  0|   22|          15|          15|
    |add_ln58_2278_fu_341826_p2  |         +|   0|  0|   16|          16|          16|
    |add_ln58_2279_fu_304331_p2  |         +|   0|  0|   16|          14|          14|
    |add_ln58_227_fu_324372_p2   |         +|   0|  0|   22|          15|          15|
    |add_ln58_2280_fu_304337_p2  |         +|   0|  0|   16|          14|          14|
    |add_ln58_2281_fu_341835_p2  |         +|   0|  0|   16|          16|          16|
    |add_ln58_2282_fu_341841_p2  |         +|   0|  0|   16|          16|          16|
    |add_ln58_2283_fu_304343_p2  |         +|   0|  0|   22|          15|          15|
    |add_ln58_2284_fu_304353_p2  |         +|   0|  0|   23|          16|          16|
    |add_ln58_2285_fu_309136_p2  |         +|   0|  0|   16|          16|          16|
    |add_ln58_2286_fu_309141_p2  |         +|   0|  0|   16|          16|          16|
    |add_ln58_2287_fu_315381_p2  |         +|   0|  0|   16|          16|          16|
    |add_ln58_2288_fu_309147_p2  |         +|   0|  0|   21|          14|          14|
    |add_ln58_2289_fu_315388_p2  |         +|   0|  0|   22|          15|          15|
    |add_ln58_228_fu_324382_p2   |         +|   0|  0|   23|          16|          16|
    |add_ln58_2290_fu_315398_p2  |         +|   0|  0|   22|          15|          15|
    |add_ln58_2291_fu_315408_p2  |         +|   0|  0|   16|          16|          16|
    |add_ln58_2292_fu_315414_p2  |         +|   0|  0|   16|          16|          16|
    |add_ln58_2293_fu_315420_p2  |         +|   0|  0|   16|          16|          16|
    |add_ln58_2294_fu_341847_p2  |         +|   0|  0|   16|          16|          16|
    |add_ln58_2295_fu_320771_p2  |         +|   0|  0|   22|          15|          15|
    |add_ln58_2296_fu_320781_p2  |         +|   0|  0|   16|          14|          14|
    |add_ln58_2297_fu_320787_p2  |         +|   0|  0|   16|          14|          14|
    |add_ln58_2298_fu_320797_p2  |         +|   0|  0|   23|          16|          16|
    |add_ln58_2299_fu_325752_p2  |         +|   0|  0|   21|          14|          14|
    |add_ln58_229_fu_324388_p2   |         +|   0|  0|   16|          16|          16|
    |add_ln58_2300_fu_325762_p2  |         +|   0|  0|   22|          15|          15|
    |add_ln58_2301_fu_325768_p2  |         +|   0|  0|   21|          14|          14|
    |add_ln58_2302_fu_325778_p2  |         +|   0|  0|   22|          15|          15|
    |add_ln58_2303_fu_332494_p2  |         +|   0|  0|   23|          16|          16|
    |add_ln58_2304_fu_342134_p2  |         +|   0|  0|   16|          16|          16|
    |add_ln58_2305_fu_332500_p2  |         +|   0|  0|   21|          14|          14|
    |add_ln58_2306_fu_332510_p2  |         +|   0|  0|   22|          15|          15|
    |add_ln58_2307_fu_339640_p2  |         +|   0|  0|   16|          15|          15|
    |add_ln58_2308_fu_339646_p2  |         +|   0|  0|   16|          15|          15|
    |add_ln58_2309_fu_342144_p2  |         +|   0|  0|   16|          16|          16|
    |add_ln58_230_fu_330976_p2   |         +|   0|  0|   16|          16|          16|
    |add_ln58_2310_fu_341852_p2  |         +|   0|  0|   19|          12|          12|
    |add_ln58_2311_fu_341862_p2  |         +|   0|  0|   21|          14|          14|
    |add_ln58_2312_fu_304359_p2  |         +|   0|  0|   23|          16|          16|
    |add_ln58_2313_fu_341871_p2  |         +|   0|  0|   16|          16|          16|
    |add_ln58_2314_fu_341876_p2  |         +|   0|  0|   16|          16|          16|
    |add_ln58_2315_fu_342150_p2  |         +|   0|  0|   16|          16|          16|
    |add_ln58_2316_fu_342155_p2  |         +|   0|  0|   16|          16|          16|
    |add_ln58_2317_fu_342161_p2  |         +|   0|  0|   16|          16|          16|
    |add_ln58_2318_fu_309153_p2  |         +|   0|  0|   23|          16|          16|
    |add_ln58_2319_fu_309159_p2  |         +|   0|  0|   16|          16|          16|
    |add_ln58_231_fu_340123_p2   |         +|   0|  0|   16|          16|          16|
    |add_ln58_2320_fu_309165_p2  |         +|   0|  0|   16|          16|          16|
    |add_ln58_2321_fu_325784_p2  |         +|   0|  0|   16|          16|          16|
    |add_ln58_2322_fu_320803_p2  |         +|   0|  0|   23|          16|          16|
    |add_ln58_2323_fu_325788_p2  |         +|   0|  0|   16|          16|          16|
    |add_ln58_2324_fu_325793_p2  |         +|   0|  0|   16|          16|          16|
    |add_ln58_2325_fu_325799_p2  |         +|   0|  0|   16|          16|          16|
    |add_ln58_2326_fu_325805_p2  |         +|   0|  0|   16|          16|          16|
    |add_ln58_2327_fu_325811_p2  |         +|   0|  0|   16|          16|          16|
    |add_ln58_2328_fu_332516_p2  |         +|   0|  0|   16|          16|          16|
    |add_ln58_2329_fu_332522_p2  |         +|   0|  0|   16|          16|          16|
    |add_ln58_232_fu_334519_p2   |         +|   0|  0|   22|          15|          15|
    |add_ln58_2330_fu_336447_p2  |         +|   0|  0|   16|          16|          16|
    |add_ln58_2331_fu_336453_p2  |         +|   0|  0|   16|          16|          16|
    |add_ln58_2332_fu_339652_p2  |         +|   0|  0|   16|          16|          16|
    |add_ln58_2333_fu_339656_p2  |         +|   0|  0|   23|          16|          16|
    |add_ln58_2334_fu_339662_p2  |         +|   0|  0|   16|          16|          16|
    |add_ln58_2335_fu_304365_p2  |         +|   0|  0|   22|          15|          15|
    |add_ln58_2336_fu_309174_p2  |         +|   0|  0|   23|          16|          16|
    |add_ln58_2337_fu_339668_p2  |         +|   0|  0|   16|          16|          16|
    |add_ln58_2338_fu_339673_p2  |         +|   0|  0|   16|          16|          16|
    |add_ln58_2339_fu_341882_p2  |         +|   0|  0|   16|          16|          16|
    |add_ln58_233_fu_337529_p2   |         +|   0|  0|   16|          16|          16|
    |add_ln58_2340_fu_315426_p2  |         +|   0|  0|   22|          15|          15|
    |add_ln58_2341_fu_325817_p2  |         +|   0|  0|   22|          15|          15|
    |add_ln58_2342_fu_332534_p2  |         +|   0|  0|   16|          16|          16|
    |add_ln58_2343_fu_332540_p2  |         +|   0|  0|   16|          16|          16|
    |add_ln58_2344_fu_339679_p2  |         +|   0|  0|   22|          15|          15|
    |add_ln58_2345_fu_339689_p2  |         +|   0|  0|   16|          16|          16|
    |add_ln58_2346_fu_339695_p2  |         +|   0|  0|   22|          15|          15|
    |add_ln58_2347_fu_339705_p2  |         +|   0|  0|   23|          16|          16|
    |add_ln58_2348_fu_339711_p2  |         +|   0|  0|   16|          16|          16|
    |add_ln58_2349_fu_341886_p2  |         +|   0|  0|   16|          16|          16|
    |add_ln58_234_fu_324394_p2   |         +|   0|  0|   22|          15|          15|
    |add_ln58_2350_fu_325823_p2  |         +|   0|  0|   21|          14|          14|
    |add_ln58_2351_fu_325833_p2  |         +|   0|  0|   22|          15|          15|
    |add_ln58_2352_fu_332546_p2  |         +|   0|  0|   21|          14|          14|
    |add_ln58_2353_fu_336465_p2  |         +|   0|  0|   22|          15|          15|
    |add_ln58_2354_fu_336475_p2  |         +|   0|  0|   16|          16|          16|
    |add_ln58_2355_fu_332552_p2  |         +|   0|  0|   21|          14|          14|
    |add_ln58_2356_fu_336484_p2  |         +|   0|  0|   22|          15|          15|
    |add_ln58_2357_fu_325839_p2  |         +|   0|  0|   20|          13|          13|
    |add_ln58_2358_fu_332561_p2  |         +|   0|  0|   21|          14|          14|
    |add_ln58_2359_fu_336497_p2  |         +|   0|  0|   23|          16|          16|
    |add_ln58_235_fu_337538_p2   |         +|   0|  0|   23|          16|          16|
    |add_ln58_2360_fu_336503_p2  |         +|   0|  0|   16|          16|          16|
    |add_ln58_2361_fu_341890_p2  |         +|   0|  0|   16|          16|          16|
    |add_ln58_2362_fu_341895_p2  |         +|   0|  0|   16|          16|          16|
    |add_ln58_2364_fu_299336_p2  |         +|   0|  0|   16|          15|          15|
    |add_ln58_2365_fu_299342_p2  |         +|   0|  0|   16|          15|          15|
    |add_ln58_2366_fu_304371_p2  |         +|   0|  0|   20|          13|          13|
    |add_ln58_2367_fu_304381_p2  |         +|   0|  0|   21|          14|          14|
    |add_ln58_2368_fu_309186_p2  |         +|   0|  0|   23|          16|          16|
    |add_ln58_2369_fu_309192_p2  |         +|   0|  0|   20|          13|          13|
    |add_ln58_236_fu_337544_p2   |         +|   0|  0|   16|          16|          16|
    |add_ln58_2370_fu_309201_p2  |         +|   0|  0|   22|          15|          15|
    |add_ln58_2371_fu_309207_p2  |         +|   0|  0|   23|          16|          16|
    |add_ln58_2372_fu_315435_p2  |         +|   0|  0|   23|          16|          16|
    |add_ln58_2373_fu_315441_p2  |         +|   0|  0|   16|          16|          16|
    |add_ln58_2374_fu_315446_p2  |         +|   0|  0|   16|          16|          16|
    |add_ln58_2375_fu_336509_p2  |         +|   0|  0|   16|          16|          16|
    |add_ln58_2376_fu_315452_p2  |         +|   0|  0|   16|          15|          15|
    |add_ln58_2377_fu_315458_p2  |         +|   0|  0|   16|          15|          15|
    |add_ln58_2378_fu_320809_p2  |         +|   0|  0|   21|          14|          14|
    |add_ln58_2379_fu_320819_p2  |         +|   0|  0|   22|          15|          15|
    |add_ln58_237_fu_298832_p2   |         +|   0|  0|   21|          14|          14|
    |add_ln58_2380_fu_332573_p2  |         +|   0|  0|   16|          16|          16|
    |add_ln58_2381_fu_325845_p2  |         +|   0|  0|   21|          14|          14|
    |add_ln58_2382_fu_325855_p2  |         +|   0|  0|   22|          15|          15|
    |add_ln58_2383_fu_325861_p2  |         +|   0|  0|   21|          14|          14|
    |add_ln58_2384_fu_332585_p2  |         +|   0|  0|   22|          15|          15|
    |add_ln58_2385_fu_332595_p2  |         +|   0|  0|   16|          16|          16|
    |add_ln58_2386_fu_332601_p2  |         +|   0|  0|   16|          16|          16|
    |add_ln58_2387_fu_332607_p2  |         +|   0|  0|   16|          16|          16|
    |add_ln58_2388_fu_336513_p2  |         +|   0|  0|   16|          16|          16|
    |add_ln58_2389_fu_332613_p2  |         +|   0|  0|   21|          14|          14|
    |add_ln58_238_fu_303442_p2   |         +|   0|  0|   22|          15|          15|
    |add_ln58_2390_fu_332623_p2  |         +|   0|  0|   22|          15|          15|
    |add_ln58_2391_fu_332629_p2  |         +|   0|  0|   20|          13|          13|
    |add_ln58_2392_fu_332639_p2  |         +|   0|  0|   22|          15|          15|
    |add_ln58_2393_fu_336524_p2  |         +|   0|  0|   23|          16|          16|
    |add_ln58_2394_fu_336530_p2  |         +|   0|  0|   23|          16|          16|
    |add_ln58_2395_fu_339717_p2  |         +|   0|  0|   16|          16|          16|
    |add_ln58_2396_fu_336535_p2  |         +|   0|  0|   21|          14|          14|
    |add_ln58_2397_fu_339725_p2  |         +|   0|  0|   21|          14|          14|
    |add_ln58_2398_fu_339735_p2  |         +|   0|  0|   22|          15|          15|
    |add_ln58_2399_fu_339745_p2  |         +|   0|  0|   16|          16|          16|
    |add_ln58_239_fu_303448_p2   |         +|   0|  0|   21|          14|          14|
    |add_ln58_2400_fu_341901_p2  |         +|   0|  0|   16|          16|          16|
    |add_ln58_2401_fu_341905_p2  |         +|   0|  0|   16|          15|          15|
    |add_ln58_2402_fu_341911_p2  |         +|   0|  0|   16|          15|          15|
    |add_ln58_2403_fu_299348_p2  |         +|   0|  0|   16|          16|          16|
    |add_ln58_2404_fu_299354_p2  |         +|   0|  0|   16|          16|          16|
    |add_ln58_2405_fu_341920_p2  |         +|   0|  0|   16|          16|          16|
    |add_ln58_2406_fu_304387_p2  |         +|   0|  0|   23|          16|          16|
    |add_ln58_2407_fu_315464_p2  |         +|   0|  0|   16|          16|          16|
    |add_ln58_2408_fu_315469_p2  |         +|   0|  0|   16|          16|          16|
    |add_ln58_2409_fu_315475_p2  |         +|   0|  0|   23|          16|          16|
    |add_ln58_240_fu_307926_p2   |         +|   0|  0|   22|          15|          15|
    |add_ln58_2410_fu_315481_p2  |         +|   0|  0|   16|          16|          16|
    |add_ln58_2411_fu_315487_p2  |         +|   0|  0|   16|          16|          16|
    |add_ln58_2412_fu_341925_p2  |         +|   0|  0|   16|          16|          16|
    |add_ln58_2413_fu_341930_p2  |         +|   0|  0|   16|          16|          16|
    |add_ln58_2414_fu_342171_p2  |         +|   0|  0|   16|          16|          16|
    |add_ln58_2415_fu_325867_p2  |         +|   0|  0|   16|          16|          16|
    |add_ln58_2416_fu_325873_p2  |         +|   0|  0|   16|          16|          16|
    |add_ln58_2417_fu_336541_p2  |         +|   0|  0|   16|          16|          16|
    |add_ln58_2418_fu_336547_p2  |         +|   0|  0|   16|          16|          16|
    |add_ln58_2419_fu_339751_p2  |         +|   0|  0|   16|          16|          16|
    |add_ln58_241_fu_307936_p2   |         +|   0|  0|   23|          16|          16|
    |add_ln58_2420_fu_339755_p2  |         +|   0|  0|   23|          16|          16|
    |add_ln58_2421_fu_339761_p2  |         +|   0|  0|   16|          16|          16|
    |add_ln58_2422_fu_336553_p2  |         +|   0|  0|   16|          16|          16|
    |add_ln58_2423_fu_320825_p2  |         +|   0|  0|   22|          15|          15|
    |add_ln58_2424_fu_336562_p2  |         +|   0|  0|   16|          16|          16|
    |add_ln58_2425_fu_339767_p2  |         +|   0|  0|   16|          16|          16|
    |add_ln58_2426_fu_339772_p2  |         +|   0|  0|   16|          16|          16|
    |add_ln58_2427_fu_304393_p2  |         +|   0|  0|   22|          15|          15|
    |add_ln58_2428_fu_309216_p2  |         +|   0|  0|   23|          16|          16|
    |add_ln58_2429_fu_304399_p2  |         +|   0|  0|   22|          15|          15|
    |add_ln58_242_fu_337550_p2   |         +|   0|  0|   16|          16|          16|
    |add_ln58_2430_fu_309225_p2  |         +|   0|  0|   23|          16|          16|
    |add_ln58_2431_fu_325879_p2  |         +|   0|  0|   16|          16|          16|
    |add_ln58_2432_fu_315493_p2  |         +|   0|  0|   22|          15|          15|
    |add_ln58_2433_fu_320834_p2  |         +|   0|  0|   16|          16|          16|
    |add_ln58_2434_fu_315499_p2  |         +|   0|  0|   22|          15|          15|
    |add_ln58_2435_fu_320843_p2  |         +|   0|  0|   22|          15|          15|
    |add_ln58_2436_fu_320853_p2  |         +|   0|  0|   23|          16|          16|
    |add_ln58_2437_fu_320859_p2  |         +|   0|  0|   16|          16|          16|
    |add_ln58_2438_fu_325883_p2  |         +|   0|  0|   16|          16|          16|
    |add_ln58_2439_fu_341936_p2  |         +|   0|  0|   16|          16|          16|
    |add_ln58_243_fu_334525_p2   |         +|   0|  0|   21|          14|          14|
    |add_ln58_2440_fu_325888_p2  |         +|   0|  0|   22|          15|          15|
    |add_ln58_2441_fu_332648_p2  |         +|   0|  0|   16|          16|          16|
    |add_ln58_2442_fu_332654_p2  |         +|   0|  0|   22|          15|          15|
    |add_ln58_2443_fu_332664_p2  |         +|   0|  0|   23|          16|          16|
    |add_ln58_2444_fu_332670_p2  |         +|   0|  0|   16|          16|          16|
    |add_ln58_2445_fu_339778_p2  |         +|   0|  0|   22|          15|          15|
    |add_ln58_2446_fu_339788_p2  |         +|   0|  0|   16|          16|          16|
    |add_ln58_2447_fu_339794_p2  |         +|   0|  0|   22|          15|          15|
    |add_ln58_2448_fu_339804_p2  |         +|   0|  0|   22|          15|          15|
    |add_ln58_2449_fu_339814_p2  |         +|   0|  0|   23|          16|          16|
    |add_ln58_244_fu_334535_p2   |         +|   0|  0|   22|          15|          15|
    |add_ln58_2450_fu_339820_p2  |         +|   0|  0|   16|          16|          16|
    |add_ln58_2451_fu_341940_p2  |         +|   0|  0|   16|          16|          16|
    |add_ln58_2452_fu_320865_p2  |         +|   0|  0|   21|          14|          14|
    |add_ln58_2453_fu_320875_p2  |         +|   0|  0|   22|          15|          15|
    |add_ln58_2454_fu_336568_p2  |         +|   0|  0|   21|          14|          14|
    |add_ln58_2455_fu_339832_p2  |         +|   0|  0|   21|          14|          14|
    |add_ln58_2456_fu_339842_p2  |         +|   0|  0|   22|          15|          15|
    |add_ln58_2457_fu_339852_p2  |         +|   0|  0|   16|          16|          16|
    |add_ln58_2458_fu_304405_p2  |         +|   0|  0|   20|          13|          13|
    |add_ln58_2459_fu_315508_p2  |         +|   0|  0|   21|          14|          14|
    |add_ln58_245_fu_307942_p2   |         +|   0|  0|   20|          13|          13|
    |add_ln58_2460_fu_320881_p2  |         +|   0|  0|   20|          13|          13|
    |add_ln58_2461_fu_325894_p2  |         +|   0|  0|   20|          13|          13|
    |add_ln58_2462_fu_332685_p2  |         +|   0|  0|   21|          14|          14|
    |add_ln58_2463_fu_332695_p2  |         +|   0|  0|   22|          15|          15|
    |add_ln58_2464_fu_339861_p2  |         +|   0|  0|   16|          16|          16|
    |add_ln58_2465_fu_341944_p2  |         +|   0|  0|   16|          16|          16|
    |add_ln58_2466_fu_341949_p2  |         +|   0|  0|   16|          16|          16|
    |add_ln58_246_fu_307952_p2   |         +|   0|  0|   21|          14|          14|
    |add_ln58_247_fu_334548_p2   |         +|   0|  0|   16|          16|          16|
    |add_ln58_248_fu_324400_p2   |         +|   0|  0|   20|          13|          13|
    |add_ln58_249_fu_330984_p2   |         +|   0|  0|   21|          14|          14|
    |add_ln58_250_fu_330990_p2   |         +|   0|  0|   20|          13|          13|
    |add_ln58_251_fu_334560_p2   |         +|   0|  0|   21|          14|          14|
    |add_ln58_252_fu_334570_p2   |         +|   0|  0|   22|          15|          15|
    |add_ln58_253_fu_334580_p2   |         +|   0|  0|   16|          16|          16|
    |add_ln58_254_fu_337555_p2   |         +|   0|  0|   16|          16|          16|
    |add_ln58_255_fu_340127_p2   |         +|   0|  0|   16|          16|          16|
    |add_ln58_257_fu_296687_p2   |         +|   0|  0|   21|          14|          14|
    |add_ln58_258_fu_303454_p2   |         +|   0|  0|   21|          14|          14|
    |add_ln58_259_fu_303464_p2   |         +|   0|  0|   22|          15|          15|
    |add_ln58_260_fu_307964_p2   |         +|   0|  0|   23|          16|          16|
    |add_ln58_261_fu_303470_p2   |         +|   0|  0|   21|          14|          14|
    |add_ln58_262_fu_303480_p2   |         +|   0|  0|   22|          15|          15|
    |add_ln58_263_fu_307970_p2   |         +|   0|  0|   22|          15|          15|
    |add_ln58_264_fu_340144_p2   |         +|   0|  0|   16|          16|          16|
    |add_ln58_265_fu_340150_p2   |         +|   0|  0|   16|          16|          16|
    |add_ln58_266_fu_340156_p2   |         +|   0|  0|   16|          16|          16|
    |add_ln58_267_fu_307976_p2   |         +|   0|  0|   21|          14|          14|
    |add_ln58_268_fu_314098_p2   |         +|   0|  0|   16|          16|          16|
    |add_ln58_269_fu_314104_p2   |         +|   0|  0|   16|          16|          16|
    |add_ln58_270_fu_319350_p2   |         +|   0|  0|   16|          16|          16|
    |add_ln58_271_fu_314110_p2   |         +|   0|  0|   21|          14|          14|
    |add_ln58_272_fu_314120_p2   |         +|   0|  0|   22|          15|          15|
    |add_ln58_273_fu_319358_p2   |         +|   0|  0|   23|          16|          16|
    |add_ln58_274_fu_319364_p2   |         +|   0|  0|   16|          16|          16|
    |add_ln58_275_fu_319370_p2   |         +|   0|  0|   16|          16|          16|
    |add_ln58_276_fu_319376_p2   |         +|   0|  0|   16|          16|          16|
    |add_ln58_277_fu_340161_p2   |         +|   0|  0|   16|          16|          16|
    |add_ln58_278_fu_340166_p2   |         +|   0|  0|   16|          16|          16|
    |add_ln58_279_fu_324406_p2   |         +|   0|  0|   16|          15|          15|
    |add_ln58_280_fu_324412_p2   |         +|   0|  0|   16|          15|          15|
    |add_ln58_281_fu_340175_p2   |         +|   0|  0|   16|          16|          16|
    |add_ln58_282_fu_330996_p2   |         +|   0|  0|   21|          14|          14|
    |add_ln58_283_fu_340184_p2   |         +|   0|  0|   16|          16|          16|
    |add_ln58_284_fu_331002_p2   |         +|   0|  0|   22|          15|          15|
    |add_ln58_285_fu_331012_p2   |         +|   0|  0|   23|          16|          16|
    |add_ln58_286_fu_340190_p2   |         +|   0|  0|   16|          16|          16|
    |add_ln58_287_fu_340195_p2   |         +|   0|  0|   16|          16|          16|
    |add_ln58_288_fu_334586_p2   |         +|   0|  0|   21|          14|          14|
    |add_ln58_289_fu_334596_p2   |         +|   0|  0|   22|          15|          15|
    |add_ln58_290_fu_334602_p2   |         +|   0|  0|   16|          15|          15|
    |add_ln58_291_fu_334608_p2   |         +|   0|  0|   16|          15|          15|
    |add_ln58_292_fu_337566_p2   |         +|   0|  0|   16|          16|          16|
    |add_ln58_293_fu_337572_p2   |         +|   0|  0|   16|          15|          15|
    |add_ln58_294_fu_337578_p2   |         +|   0|  0|   16|          15|          15|
    |add_ln58_295_fu_298838_p2   |         +|   0|  0|   23|          16|          16|
    |add_ln58_296_fu_337588_p2   |         +|   0|  0|   16|          16|          16|
    |add_ln58_297_fu_337593_p2   |         +|   0|  0|   16|          16|          16|
    |add_ln58_298_fu_337599_p2   |         +|   0|  0|   16|          16|          16|
    |add_ln58_299_fu_340201_p2   |         +|   0|  0|   16|          16|          16|
    |add_ln58_300_fu_340206_p2   |         +|   0|  0|   16|          16|          16|
    |add_ln58_301_fu_303486_p2   |         +|   0|  0|   23|          16|          16|
    |add_ln58_302_fu_314126_p2   |         +|   0|  0|   16|          16|          16|
    |add_ln58_303_fu_314132_p2   |         +|   0|  0|   16|          16|          16|
    |add_ln58_304_fu_324418_p2   |         +|   0|  0|   16|          16|          16|
    |add_ln58_305_fu_319382_p2   |         +|   0|  0|   23|          16|          16|
    |add_ln58_306_fu_324422_p2   |         +|   0|  0|   16|          16|          16|
    |add_ln58_307_fu_324427_p2   |         +|   0|  0|   16|          16|          16|
    |add_ln58_308_fu_324433_p2   |         +|   0|  0|   16|          16|          16|
    |add_ln58_309_fu_324439_p2   |         +|   0|  0|   16|          16|          16|
    |add_ln58_310_fu_324445_p2   |         +|   0|  0|   16|          16|          16|
    |add_ln58_311_fu_331018_p2   |         +|   0|  0|   16|          16|          16|
    |add_ln58_312_fu_331024_p2   |         +|   0|  0|   16|          16|          16|
    |add_ln58_313_fu_337605_p2   |         +|   0|  0|   16|          16|          16|
    |add_ln58_314_fu_337611_p2   |         +|   0|  0|   16|          16|          16|
    |add_ln58_315_fu_337617_p2   |         +|   0|  0|   16|          16|          16|
    |add_ln58_316_fu_296693_p2   |         +|   0|  0|   22|          15|          15|
    |add_ln58_317_fu_314141_p2   |         +|   0|  0|   16|          16|          16|
    |add_ln58_318_fu_307982_p2   |         +|   0|  0|   22|          15|          15|
    |add_ln58_319_fu_314150_p2   |         +|   0|  0|   23|          16|          16|
    |add_ln58_320_fu_314156_p2   |         +|   0|  0|   16|          16|          16|
    |add_ln58_321_fu_337622_p2   |         +|   0|  0|   16|          16|          16|
    |add_ln58_322_fu_340212_p2   |         +|   0|  0|   16|          16|          16|
    |add_ln58_323_fu_331030_p2   |         +|   0|  0|   22|          15|          15|
    |add_ln58_324_fu_334617_p2   |         +|   0|  0|   22|          15|          15|
    |add_ln58_325_fu_334627_p2   |         +|   0|  0|   16|          16|          16|
    |add_ln58_326_fu_334633_p2   |         +|   0|  0|   16|          16|          16|
    |add_ln58_327_fu_337627_p2   |         +|   0|  0|   22|          15|          15|
    |add_ln58_328_fu_337637_p2   |         +|   0|  0|   16|          16|          16|
    |add_ln58_329_fu_314162_p2   |         +|   0|  0|   21|          14|          14|
    |add_ln58_330_fu_314172_p2   |         +|   0|  0|   22|          15|          15|
    |add_ln58_331_fu_337646_p2   |         +|   0|  0|   16|          16|          16|
    |add_ln58_332_fu_337652_p2   |         +|   0|  0|   16|          16|          16|
    |add_ln58_333_fu_324451_p2   |         +|   0|  0|   21|          14|          14|
    |add_ln58_334_fu_324461_p2   |         +|   0|  0|   22|          15|          15|
    |add_ln58_335_fu_331036_p2   |         +|   0|  0|   21|          14|          14|
    |add_ln58_336_fu_334645_p2   |         +|   0|  0|   22|          15|          15|
    |add_ln58_337_fu_334655_p2   |         +|   0|  0|   16|          16|          16|
    |add_ln58_338_fu_307988_p2   |         +|   0|  0|   20|          13|          13|
    |add_ln58_339_fu_319391_p2   |         +|   0|  0|   21|          14|          14|
    |add_ln58_340_fu_331042_p2   |         +|   0|  0|   20|          13|          13|
    |add_ln58_341_fu_334667_p2   |         +|   0|  0|   21|          14|          14|
    |add_ln58_342_fu_334677_p2   |         +|   0|  0|   22|          15|          15|
    |add_ln58_343_fu_334687_p2   |         +|   0|  0|   16|          16|          16|
    |add_ln58_344_fu_337657_p2   |         +|   0|  0|   16|          16|          16|
    |add_ln58_345_fu_340216_p2   |         +|   0|  0|   16|          16|          16|
    |add_ln58_347_fu_298844_p2   |         +|   0|  0|   21|          14|          14|
    |add_ln58_348_fu_298854_p2   |         +|   0|  0|   22|          15|          15|
    |add_ln58_349_fu_303492_p2   |         +|   0|  0|   23|          16|          16|
    |add_ln58_350_fu_340230_p2   |         +|   0|  0|   16|          16|          16|
    |add_ln58_351_fu_340235_p2   |         +|   0|  0|   16|          16|          16|
    |add_ln58_352_fu_303498_p2   |         +|   0|  0|   22|          15|          15|
    |add_ln58_353_fu_340244_p2   |         +|   0|  0|   16|          16|          16|
    |add_ln58_354_fu_303504_p2   |         +|   0|  0|   20|          13|          13|
    |add_ln58_355_fu_307997_p2   |         +|   0|  0|   21|          14|          14|
    |add_ln58_356_fu_340253_p2   |         +|   0|  0|   16|          16|          16|
    |add_ln58_357_fu_340259_p2   |         +|   0|  0|   16|          16|          16|
    |add_ln58_358_fu_314178_p2   |         +|   0|  0|   16|          15|          15|
    |add_ln58_359_fu_314184_p2   |         +|   0|  0|   16|          15|          15|
    |add_ln58_360_fu_319397_p2   |         +|   0|  0|   16|          15|          15|
    |add_ln58_361_fu_319403_p2   |         +|   0|  0|   16|          15|          15|
    |add_ln58_362_fu_331054_p2   |         +|   0|  0|   16|          16|          16|
    |add_ln58_363_fu_324467_p2   |         +|   0|  0|   23|          16|          16|
    |add_ln58_364_fu_324472_p2   |         +|   0|  0|   16|          16|          16|
    |add_ln58_365_fu_324478_p2   |         +|   0|  0|   21|          14|          14|
    |add_ln58_366_fu_324488_p2   |         +|   0|  0|   22|          15|          15|
    |add_ln58_367_fu_324498_p2   |         +|   0|  0|   16|          16|          16|
    |add_ln58_368_fu_331060_p2   |         +|   0|  0|   16|          16|          16|
    |add_ln58_369_fu_340265_p2   |         +|   0|  0|   16|          16|          16|
    |add_ln58_370_fu_331065_p2   |         +|   0|  0|   21|          14|          14|
    |add_ln58_371_fu_334696_p2   |         +|   0|  0|   16|          16|          16|
    |add_ln58_372_fu_331071_p2   |         +|   0|  0|   21|          14|          14|
    |add_ln58_373_fu_331081_p2   |         +|   0|  0|   22|          15|          15|
    |add_ln58_374_fu_334704_p2   |         +|   0|  0|   16|          16|          16|
    |add_ln58_375_fu_334710_p2   |         +|   0|  0|   21|          14|          14|
    |add_ln58_376_fu_334720_p2   |         +|   0|  0|   22|          15|          15|
    |add_ln58_377_fu_334726_p2   |         +|   0|  0|   16|          14|          14|
    |add_ln58_378_fu_334732_p2   |         +|   0|  0|   16|          14|          14|
    |add_ln58_379_fu_337668_p2   |         +|   0|  0|   23|          16|          16|
    |add_ln58_380_fu_337674_p2   |         +|   0|  0|   16|          16|          16|
    |add_ln58_381_fu_337679_p2   |         +|   0|  0|   16|          15|          15|
    |add_ln58_382_fu_337685_p2   |         +|   0|  0|   16|          15|          15|
    |add_ln58_383_fu_303510_p2   |         +|   0|  0|   16|          16|          16|
    |add_ln58_384_fu_303516_p2   |         +|   0|  0|   16|          16|          16|
    |add_ln58_385_fu_337695_p2   |         +|   0|  0|   16|          16|          16|
    |add_ln58_386_fu_308003_p2   |         +|   0|  0|   23|          16|          16|
    |add_ln58_387_fu_319409_p2   |         +|   0|  0|   16|          16|          16|
    |add_ln58_388_fu_319414_p2   |         +|   0|  0|   16|          16|          16|
    |add_ln58_389_fu_319420_p2   |         +|   0|  0|   16|          16|          16|
    |add_ln58_390_fu_319426_p2   |         +|   0|  0|   16|          16|          16|
    |add_ln58_391_fu_337700_p2   |         +|   0|  0|   16|          16|          16|
    |add_ln58_392_fu_337705_p2   |         +|   0|  0|   16|          16|          16|
    |add_ln58_393_fu_340270_p2   |         +|   0|  0|   16|          16|          16|
    |add_ln58_394_fu_324504_p2   |         +|   0|  0|   16|          16|          16|
    |add_ln58_395_fu_324510_p2   |         +|   0|  0|   16|          16|          16|
    |add_ln58_396_fu_331087_p2   |         +|   0|  0|   16|          16|          16|
    |add_ln58_397_fu_331093_p2   |         +|   0|  0|   16|          16|          16|
    |add_ln58_398_fu_337711_p2   |         +|   0|  0|   16|          16|          16|
    |add_ln58_399_fu_334738_p2   |         +|   0|  0|   23|          16|          16|
    |add_ln58_400_fu_337715_p2   |         +|   0|  0|   16|          16|          16|
    |add_ln58_401_fu_337720_p2   |         +|   0|  0|   16|          16|          16|
    |add_ln58_402_fu_337726_p2   |         +|   0|  0|   16|          16|          16|
    |add_ln58_403_fu_337732_p2   |         +|   0|  0|   16|          16|          16|
    |add_ln58_404_fu_337738_p2   |         +|   0|  0|   16|          16|          16|
    |add_ln58_405_fu_298860_p2   |         +|   0|  0|   22|          15|          15|
    |add_ln58_406_fu_314193_p2   |         +|   0|  0|   23|          16|          16|
    |add_ln58_407_fu_303522_p2   |         +|   0|  0|   22|          15|          15|
    |add_ln58_408_fu_303532_p2   |         +|   0|  0|   23|          16|          16|
    |add_ln58_409_fu_319432_p2   |         +|   0|  0|   16|          16|          16|
    |add_ln58_410_fu_308009_p2   |         +|   0|  0|   22|          15|          15|
    |add_ln58_411_fu_314202_p2   |         +|   0|  0|   16|          16|          16|
    |add_ln58_412_fu_314208_p2   |         +|   0|  0|   22|          15|          15|
    |add_ln58_413_fu_314218_p2   |         +|   0|  0|   23|          16|          16|
    |add_ln58_414_fu_314224_p2   |         +|   0|  0|   16|          16|          16|
    |add_ln58_415_fu_319436_p2   |         +|   0|  0|   16|          16|          16|
    |add_ln58_416_fu_340275_p2   |         +|   0|  0|   16|          16|          16|
    |add_ln58_417_fu_319441_p2   |         +|   0|  0|   22|          15|          15|
    |add_ln58_418_fu_334747_p2   |         +|   0|  0|   16|          16|          16|
    |add_ln58_419_fu_331098_p2   |         +|   0|  0|   22|          15|          15|
    |add_ln58_420_fu_334756_p2   |         +|   0|  0|   23|          16|          16|
    |add_ln58_421_fu_334762_p2   |         +|   0|  0|   16|          16|          16|
    |add_ln58_422_fu_298866_p2   |         +|   0|  0|   21|          14|          14|
    |add_ln58_423_fu_303541_p2   |         +|   0|  0|   22|          15|          15|
    |add_ln58_424_fu_319447_p2   |         +|   0|  0|   21|          14|          14|
    |add_ln58_425_fu_324522_p2   |         +|   0|  0|   22|          15|          15|
    |add_ln58_426_fu_324532_p2   |         +|   0|  0|   23|          16|          16|
    |add_ln58_427_fu_337744_p2   |         +|   0|  0|   16|          16|          16|
    |add_ln58_428_fu_331104_p2   |         +|   0|  0|   21|          14|          14|
    |add_ln58_429_fu_331114_p2   |         +|   0|  0|   22|          15|          15|
    |add_ln58_430_fu_334771_p2   |         +|   0|  0|   21|          14|          14|
    |add_ln58_431_fu_334781_p2   |         +|   0|  0|   22|          15|          15|
    |add_ln58_432_fu_334791_p2   |         +|   0|  0|   16|          16|          16|
    |add_ln58_433_fu_303547_p2   |         +|   0|  0|   20|          13|          13|
    |add_ln58_434_fu_308018_p2   |         +|   0|  0|   21|          14|          14|
    |add_ln58_435_fu_296699_p2   |         +|   0|  0|   20|          13|          13|
    |add_ln58_436_fu_319456_p2   |         +|   0|  0|   21|          14|          14|
    |add_ln58_437_fu_324544_p2   |         +|   0|  0|   22|          15|          15|
    |add_ln58_438_fu_334800_p2   |         +|   0|  0|   16|          16|          16|
    |add_ln58_439_fu_337748_p2   |         +|   0|  0|   16|          16|          16|
    |add_ln58_440_fu_340279_p2   |         +|   0|  0|   16|          16|          16|
    |add_ln58_442_fu_298872_p2   |         +|   0|  0|   16|          15|          15|
    |add_ln58_443_fu_298878_p2   |         +|   0|  0|   16|          15|          15|
    |add_ln58_444_fu_303553_p2   |         +|   0|  0|   21|          14|          14|
    |add_ln58_445_fu_303563_p2   |         +|   0|  0|   22|          15|          15|
    |add_ln58_446_fu_308030_p2   |         +|   0|  0|   23|          16|          16|
    |add_ln58_447_fu_303569_p2   |         +|   0|  0|   22|          15|          15|
    |add_ln58_448_fu_340293_p2   |         +|   0|  0|   16|          16|          16|
    |add_ln58_449_fu_308036_p2   |         +|   0|  0|   16|          16|          16|
    |add_ln58_450_fu_308042_p2   |         +|   0|  0|   16|          16|          16|
    |add_ln58_451_fu_340299_p2   |         +|   0|  0|   16|          16|          16|
    |add_ln58_452_fu_340304_p2   |         +|   0|  0|   16|          16|          16|
    |add_ln58_453_fu_308048_p2   |         +|   0|  0|   22|          15|          15|
    |add_ln58_454_fu_308058_p2   |         +|   0|  0|   23|          16|          16|
    |add_ln58_455_fu_308064_p2   |         +|   0|  0|   16|          16|          16|
    |add_ln58_456_fu_308070_p2   |         +|   0|  0|   16|          16|          16|
    |add_ln58_457_fu_319462_p2   |         +|   0|  0|   16|          16|          16|
    |add_ln58_458_fu_314230_p2   |         +|   0|  0|   16|          15|          15|
    |add_ln58_459_fu_314236_p2   |         +|   0|  0|   16|          15|          15|
    |add_ln58_460_fu_319469_p2   |         +|   0|  0|   16|          15|          15|
    |add_ln58_461_fu_319475_p2   |         +|   0|  0|   16|          15|          15|
    |add_ln58_462_fu_319485_p2   |         +|   0|  0|   23|          16|          16|
    |add_ln58_463_fu_319491_p2   |         +|   0|  0|   16|          16|          16|
    |add_ln58_464_fu_340309_p2   |         +|   0|  0|   16|          16|          16|
    |add_ln58_465_fu_319497_p2   |         +|   0|  0|   16|          15|          15|
    |add_ln58_466_fu_319503_p2   |         +|   0|  0|   16|          15|          15|
    |add_ln58_467_fu_324550_p2   |         +|   0|  0|   22|          15|          15|
    |add_ln58_468_fu_340320_p2   |         +|   0|  0|   16|          16|          16|
    |add_ln58_469_fu_340326_p2   |         +|   0|  0|   16|          16|          16|
    |add_ln58_470_fu_324556_p2   |         +|   0|  0|   22|          15|          15|
    |add_ln58_471_fu_340335_p2   |         +|   0|  0|   16|          16|          16|
    |add_ln58_472_fu_331120_p2   |         +|   0|  0|   21|          14|          14|
    |add_ln58_473_fu_331130_p2   |         +|   0|  0|   23|          16|          16|
    |add_ln58_474_fu_340341_p2   |         +|   0|  0|   16|          16|          16|
    |add_ln58_475_fu_340346_p2   |         +|   0|  0|   16|          16|          16|
    |add_ln58_476_fu_334806_p2   |         +|   0|  0|   22|          15|          15|
    |add_ln58_477_fu_334816_p2   |         +|   0|  0|   23|          16|          16|
    |add_ln58_478_fu_334822_p2   |         +|   0|  0|   22|          15|          15|
    |add_ln58_479_fu_334832_p2   |         +|   0|  0|   23|          16|          16|
    |add_ln58_480_fu_337753_p2   |         +|   0|  0|   16|          16|          16|
    |add_ln58_481_fu_337757_p2   |         +|   0|  0|   16|          15|          15|
    |add_ln58_482_fu_337763_p2   |         +|   0|  0|   16|          15|          15|
    |add_ln58_483_fu_337773_p2   |         +|   0|  0|   23|          16|          16|
    |add_ln58_484_fu_296705_p2   |         +|   0|  0|   23|          16|          16|
    |add_ln58_485_fu_337779_p2   |         +|   0|  0|   16|          16|          16|
    |add_ln58_486_fu_337784_p2   |         +|   0|  0|   16|          16|          16|
    |add_ln58_487_fu_337790_p2   |         +|   0|  0|   16|          16|          16|
    |add_ln58_488_fu_340352_p2   |         +|   0|  0|   16|          16|          16|
    |add_ln58_489_fu_340357_p2   |         +|   0|  0|   16|          16|          16|
    |add_ln58_490_fu_298884_p2   |         +|   0|  0|   16|          16|          16|
    |add_ln58_491_fu_298890_p2   |         +|   0|  0|   16|          16|          16|
    |add_ln58_492_fu_303575_p2   |         +|   0|  0|   16|          16|          16|
    |add_ln58_493_fu_303581_p2   |         +|   0|  0|   16|          16|          16|
    |add_ln58_494_fu_308076_p2   |         +|   0|  0|   16|          16|          16|
    |add_ln58_495_fu_308080_p2   |         +|   0|  0|   23|          16|          16|
    |add_ln58_496_fu_308086_p2   |         +|   0|  0|   16|          16|          16|
    |add_ln58_497_fu_308092_p2   |         +|   0|  0|   16|          16|          16|
    |add_ln58_498_fu_308098_p2   |         +|   0|  0|   16|          16|          16|
    |add_ln58_499_fu_308104_p2   |         +|   0|  0|   16|          16|          16|
    |add_ln58_500_fu_308110_p2   |         +|   0|  0|   16|          16|          16|
    |add_ln58_501_fu_319509_p2   |         +|   0|  0|   16|          16|          16|
    |add_ln58_502_fu_319515_p2   |         +|   0|  0|   16|          16|          16|
    |add_ln58_503_fu_331136_p2   |         +|   0|  0|   16|          16|          16|
    |add_ln58_504_fu_331142_p2   |         +|   0|  0|   16|          16|          16|
    |add_ln58_505_fu_334838_p2   |         +|   0|  0|   16|          16|          16|
    |add_ln58_506_fu_334842_p2   |         +|   0|  0|   23|          16|          16|
    |add_ln58_507_fu_334848_p2   |         +|   0|  0|   16|          16|          16|
    |add_ln58_508_fu_308116_p2   |         +|   0|  0|   22|          15|          15|
    |add_ln58_509_fu_308126_p2   |         +|   0|  0|   23|          16|          16|
    |add_ln58_510_fu_334854_p2   |         +|   0|  0|   16|          16|          16|
    |add_ln58_511_fu_334859_p2   |         +|   0|  0|   16|          16|          16|
    |add_ln58_512_fu_340363_p2   |         +|   0|  0|   16|          16|          16|
    |add_ln58_513_fu_331148_p2   |         +|   0|  0|   22|          15|          15|
    |add_ln58_514_fu_331158_p2   |         +|   0|  0|   16|          16|          16|
    |add_ln58_515_fu_331164_p2   |         +|   0|  0|   22|          15|          15|
    |add_ln58_516_fu_331174_p2   |         +|   0|  0|   23|          16|          16|
    |add_ln58_517_fu_331180_p2   |         +|   0|  0|   16|          16|          16|
    |add_ln58_518_fu_337796_p2   |         +|   0|  0|   22|          15|          15|
    |add_ln58_519_fu_337806_p2   |         +|   0|  0|   16|          16|          16|
    |add_ln58_520_fu_314242_p2   |         +|   0|  0|   21|          14|          14|
    |add_ln58_521_fu_319524_p2   |         +|   0|  0|   22|          15|          15|
    |add_ln58_522_fu_337815_p2   |         +|   0|  0|   16|          16|          16|
    |add_ln58_523_fu_337821_p2   |         +|   0|  0|   16|          16|          16|
    |add_ln58_524_fu_319530_p2   |         +|   0|  0|   21|          14|          14|
    |add_ln58_525_fu_324565_p2   |         +|   0|  0|   22|          15|          15|
    |add_ln58_526_fu_334868_p2   |         +|   0|  0|   21|          14|          14|
    |add_ln58_527_fu_334878_p2   |         +|   0|  0|   22|          15|          15|
    |add_ln58_528_fu_334888_p2   |         +|   0|  0|   16|          16|          16|
    |add_ln58_529_fu_324571_p2   |         +|   0|  0|   20|          13|          13|
    |add_ln58_530_fu_331189_p2   |         +|   0|  0|   21|          14|          14|
    |add_ln58_531_fu_331195_p2   |         +|   0|  0|   20|          13|          13|
    |add_ln58_532_fu_331201_p2   |         +|   0|  0|   20|          13|          13|
    |add_ln58_533_fu_334903_p2   |         +|   0|  0|   21|          14|          14|
    |add_ln58_534_fu_334913_p2   |         +|   0|  0|   22|          15|          15|
    |add_ln58_535_fu_334923_p2   |         +|   0|  0|   16|          16|          16|
    |add_ln58_536_fu_337826_p2   |         +|   0|  0|   16|          16|          16|
    |add_ln58_537_fu_340367_p2   |         +|   0|  0|   16|          16|          16|
    |add_ln58_539_fu_296711_p2   |         +|   0|  0|   22|          15|          15|
    |add_ln58_540_fu_340381_p2   |         +|   0|  0|   16|          16|          16|
    |add_ln58_541_fu_298896_p2   |         +|   0|  0|   16|          15|          15|
    |add_ln58_542_fu_298902_p2   |         +|   0|  0|   16|          15|          15|
    |add_ln58_543_fu_340390_p2   |         +|   0|  0|   16|          16|          16|
    |add_ln58_544_fu_298908_p2   |         +|   0|  0|   16|          14|          14|
    |add_ln58_545_fu_298914_p2   |         +|   0|  0|   16|          14|          14|
    |add_ln58_546_fu_303587_p2   |         +|   0|  0|   21|          14|          14|
    |add_ln58_547_fu_308138_p2   |         +|   0|  0|   22|          15|          15|
    |add_ln58_548_fu_308148_p2   |         +|   0|  0|   23|          16|          16|
    |add_ln58_549_fu_340396_p2   |         +|   0|  0|   16|          16|          16|
    |add_ln58_550_fu_303593_p2   |         +|   0|  0|   16|          16|          16|
    |add_ln58_551_fu_303599_p2   |         +|   0|  0|   16|          16|          16|
    |add_ln58_552_fu_308154_p2   |         +|   0|  0|   16|          15|          15|
    |add_ln58_553_fu_308160_p2   |         +|   0|  0|   16|          15|          15|
    |add_ln58_554_fu_319539_p2   |         +|   0|  0|   16|          16|          16|
    |add_ln58_555_fu_314248_p2   |         +|   0|  0|   16|          14|          14|
    |add_ln58_556_fu_314254_p2   |         +|   0|  0|   16|          14|          14|
    |add_ln58_557_fu_319547_p2   |         +|   0|  0|   23|          16|          16|
    |add_ln58_558_fu_319553_p2   |         +|   0|  0|   16|          16|          16|
    |add_ln58_559_fu_319559_p2   |         +|   0|  0|   16|          16|          16|
    |add_ln58_560_fu_319565_p2   |         +|   0|  0|   16|          16|          16|
    |add_ln58_561_fu_340401_p2   |         +|   0|  0|   16|          16|          16|
    |add_ln58_562_fu_319571_p2   |         +|   0|  0|   16|          15|          15|
    |add_ln58_563_fu_319577_p2   |         +|   0|  0|   16|          15|          15|
    |add_ln58_564_fu_324580_p2   |         +|   0|  0|   23|          16|          16|
    |add_ln58_565_fu_324586_p2   |         +|   0|  0|   16|          16|          16|
    |add_ln58_566_fu_324592_p2   |         +|   0|  0|   16|          16|          16|
    |add_ln58_567_fu_324598_p2   |         +|   0|  0|   21|          14|          14|
    |add_ln58_568_fu_324608_p2   |         +|   0|  0|   22|          15|          15|
    |add_ln58_569_fu_331210_p2   |         +|   0|  0|   16|          14|          14|
    |add_ln58_570_fu_331216_p2   |         +|   0|  0|   16|          14|          14|
    |add_ln58_571_fu_331226_p2   |         +|   0|  0|   23|          16|          16|
    |add_ln58_572_fu_340406_p2   |         +|   0|  0|   16|          16|          16|
    |add_ln58_573_fu_331232_p2   |         +|   0|  0|   16|          15|          15|
    |add_ln58_574_fu_331238_p2   |         +|   0|  0|   16|          15|          15|
    |add_ln58_575_fu_337831_p2   |         +|   0|  0|   16|          16|          16|
    |add_ln58_576_fu_337836_p2   |         +|   0|  0|   16|          16|          16|
    |add_ln58_577_fu_340413_p2   |         +|   0|  0|   16|          16|          16|
    |add_ln58_578_fu_337842_p2   |         +|   0|  0|   21|          14|          14|
    |add_ln58_579_fu_337852_p2   |         +|   0|  0|   22|          15|          15|
    |add_ln58_580_fu_337862_p2   |         +|   0|  0|   23|          16|          16|
    |add_ln58_581_fu_296717_p2   |         +|   0|  0|   23|          16|          16|
    |add_ln58_582_fu_337867_p2   |         +|   0|  0|   16|          16|          16|
    |add_ln58_583_fu_337872_p2   |         +|   0|  0|   16|          16|          16|
    |add_ln58_584_fu_340418_p2   |         +|   0|  0|   16|          16|          16|
    |add_ln58_585_fu_340423_p2   |         +|   0|  0|   16|          16|          16|
    |add_ln58_586_fu_340429_p2   |         +|   0|  0|   16|          16|          16|
    |add_ln58_587_fu_303605_p2   |         +|   0|  0|   16|          16|          16|
    |add_ln58_588_fu_303611_p2   |         +|   0|  0|   16|          16|          16|
    |add_ln58_589_fu_308166_p2   |         +|   0|  0|   16|          16|          16|
    |add_ln58_590_fu_308172_p2   |         +|   0|  0|   16|          16|          16|
    |add_ln58_591_fu_324614_p2   |         +|   0|  0|   16|          16|          16|
    |add_ln58_592_fu_324618_p2   |         +|   0|  0|   23|          16|          16|
    |add_ln58_593_fu_324624_p2   |         +|   0|  0|   16|          16|          16|
    |add_ln58_594_fu_324630_p2   |         +|   0|  0|   16|          16|          16|
    |add_ln58_595_fu_324636_p2   |         +|   0|  0|   16|          16|          16|
    |add_ln58_596_fu_324642_p2   |         +|   0|  0|   16|          16|          16|
    |add_ln58_597_fu_324648_p2   |         +|   0|  0|   16|          16|          16|
    |add_ln58_598_fu_337878_p2   |         +|   0|  0|   16|          16|          16|
    |add_ln58_599_fu_337884_p2   |         +|   0|  0|   16|          16|          16|
    |add_ln58_600_fu_308178_p2   |         +|   0|  0|   22|          15|          15|
    |add_ln58_601_fu_308188_p2   |         +|   0|  0|   23|          16|          16|
    |add_ln58_602_fu_337890_p2   |         +|   0|  0|   16|          16|          16|
    |add_ln58_603_fu_314260_p2   |         +|   0|  0|   22|          15|          15|
    |add_ln58_604_fu_319586_p2   |         +|   0|  0|   16|          16|          16|
    |add_ln58_605_fu_314266_p2   |         +|   0|  0|   22|          15|          15|
    |add_ln58_606_fu_319595_p2   |         +|   0|  0|   22|          15|          15|
    |add_ln58_607_fu_319605_p2   |         +|   0|  0|   23|          16|          16|
    |add_ln58_608_fu_319611_p2   |         +|   0|  0|   16|          16|          16|
    |add_ln58_609_fu_337895_p2   |         +|   0|  0|   16|          16|          16|
    |add_ln58_610_fu_337900_p2   |         +|   0|  0|   16|          16|          16|
    |add_ln58_611_fu_319617_p2   |         +|   0|  0|   22|          15|          15|
    |add_ln58_612_fu_331247_p2   |         +|   0|  0|   16|          16|          16|
    |add_ln58_613_fu_331253_p2   |         +|   0|  0|   22|          15|          15|
    |add_ln58_614_fu_331263_p2   |         +|   0|  0|   23|          16|          16|
    |add_ln58_615_fu_331269_p2   |         +|   0|  0|   16|          16|          16|
    |add_ln58_616_fu_334929_p2   |         +|   0|  0|   22|          15|          15|
    |add_ln58_617_fu_334939_p2   |         +|   0|  0|   16|          16|          16|
    |add_ln58_618_fu_331275_p2   |         +|   0|  0|   22|          15|          15|
    |add_ln58_619_fu_334948_p2   |         +|   0|  0|   23|          16|          16|
    |add_ln58_620_fu_334954_p2   |         +|   0|  0|   16|          16|          16|
    |add_ln58_621_fu_334960_p2   |         +|   0|  0|   16|          16|          16|
    |add_ln58_622_fu_303617_p2   |         +|   0|  0|   21|          14|          14|
    |add_ln58_623_fu_319626_p2   |         +|   0|  0|   22|          15|          15|
    |add_ln58_624_fu_314272_p2   |         +|   0|  0|   21|          14|          14|
    |add_ln58_625_fu_314282_p2   |         +|   0|  0|   22|          15|          15|
    |add_ln58_626_fu_334971_p2   |         +|   0|  0|   16|          16|          16|
    |add_ln58_627_fu_331281_p2   |         +|   0|  0|   21|          14|          14|
    |add_ln58_628_fu_331291_p2   |         +|   0|  0|   22|          15|          15|
    |add_ln58_629_fu_331297_p2   |         +|   0|  0|   20|          13|          13|
    |add_ln58_630_fu_324654_p2   |         +|   0|  0|   20|          13|          13|
    |add_ln58_631_fu_331310_p2   |         +|   0|  0|   21|          14|          14|
    |add_ln58_632_fu_334983_p2   |         +|   0|  0|   23|          16|          16|
    |add_ln58_633_fu_334989_p2   |         +|   0|  0|   16|          16|          16|
    |add_ln58_634_fu_334995_p2   |         +|   0|  0|   16|          16|          16|
    |add_ln58_635_fu_337905_p2   |         +|   0|  0|   16|          16|          16|
    |add_ln58_637_fu_298920_p2   |         +|   0|  0|   21|          14|          14|
    |add_ln58_638_fu_298926_p2   |         +|   0|  0|   16|          15|          15|
    |add_ln58_639_fu_298932_p2   |         +|   0|  0|   16|          15|          15|
    |add_ln58_640_fu_303629_p2   |         +|   0|  0|   23|          16|          16|
    |add_ln58_641_fu_303635_p2   |         +|   0|  0|   16|          14|          14|
    |add_ln58_642_fu_303641_p2   |         +|   0|  0|   16|          14|          14|
    |add_ln58_643_fu_303647_p2   |         +|   0|  0|   21|          14|          14|
    |add_ln58_644_fu_340446_p2   |         +|   0|  0|   16|          16|          16|
    |add_ln58_645_fu_340452_p2   |         +|   0|  0|   16|          16|          16|
    |add_ln58_646_fu_340458_p2   |         +|   0|  0|   16|          16|          16|
    |add_ln58_647_fu_314288_p2   |         +|   0|  0|   16|          15|          15|
    |add_ln58_648_fu_314293_p2   |         +|   0|  0|   16|          15|          15|
    |add_ln58_649_fu_314299_p2   |         +|   0|  0|   16|          15|          15|
    |add_ln58_650_fu_314305_p2   |         +|   0|  0|   16|          15|          15|
    |add_ln58_651_fu_319638_p2   |         +|   0|  0|   16|          16|          16|
    |add_ln58_652_fu_319644_p2   |         +|   0|  0|   16|          15|          15|
    |add_ln58_653_fu_319650_p2   |         +|   0|  0|   16|          15|          15|
    |add_ln58_654_fu_296723_p2   |         +|   0|  0|   21|          14|          14|
    |add_ln58_655_fu_296733_p2   |         +|   0|  0|   22|          15|          15|
    |add_ln58_656_fu_319663_p2   |         +|   0|  0|   23|          16|          16|
    |add_ln58_657_fu_319669_p2   |         +|   0|  0|   16|          16|          16|
    |add_ln58_658_fu_340463_p2   |         +|   0|  0|   16|          16|          16|
    |add_ln58_659_fu_331316_p2   |         +|   0|  0|   20|          13|          13|
    |add_ln58_660_fu_331326_p2   |         +|   0|  0|   22|          15|          15|
    |add_ln58_661_fu_335001_p2   |         +|   0|  0|   22|          15|          15|
    |add_ln58_662_fu_340474_p2   |         +|   0|  0|   16|          16|          16|
    |add_ln58_663_fu_340480_p2   |         +|   0|  0|   16|          16|          16|
    |add_ln58_664_fu_331332_p2   |         +|   0|  0|   16|          14|          14|
    |add_ln58_665_fu_331338_p2   |         +|   0|  0|   16|          14|          14|
    |add_ln58_666_fu_337913_p2   |         +|   0|  0|   23|          16|          16|
    |add_ln58_667_fu_337919_p2   |         +|   0|  0|   16|          16|          16|
    |add_ln58_668_fu_337925_p2   |         +|   0|  0|   16|          16|          16|
    |add_ln58_669_fu_340486_p2   |         +|   0|  0|   16|          16|          16|
    |add_ln58_670_fu_319675_p2   |         +|   0|  0|   16|          16|          16|
    |add_ln58_671_fu_319681_p2   |         +|   0|  0|   16|          16|          16|
    |add_ln58_672_fu_303653_p2   |         +|   0|  0|   16|          16|          16|
    |add_ln58_673_fu_303659_p2   |         +|   0|  0|   16|          16|          16|
    |add_ln58_674_fu_324660_p2   |         +|   0|  0|   16|          16|          16|
    |add_ln58_675_fu_314311_p2   |         +|   0|  0|   23|          16|          16|
    |add_ln58_676_fu_324664_p2   |         +|   0|  0|   16|          16|          16|
    |add_ln58_677_fu_324669_p2   |         +|   0|  0|   16|          16|          16|
    |add_ln58_678_fu_324675_p2   |         +|   0|  0|   16|          16|          16|
    |add_ln58_679_fu_324681_p2   |         +|   0|  0|   16|          16|          16|
    |add_ln58_680_fu_324687_p2   |         +|   0|  0|   16|          16|          16|
    |add_ln58_681_fu_340491_p2   |         +|   0|  0|   16|          16|          16|
    |add_ln58_682_fu_340496_p2   |         +|   0|  0|   16|          16|          16|
    |add_ln58_683_fu_324693_p2   |         +|   0|  0|   23|          16|          16|
    |add_ln58_684_fu_335007_p2   |         +|   0|  0|   16|          16|          16|
    |add_ln58_685_fu_335013_p2   |         +|   0|  0|   16|          16|          16|
    |add_ln58_686_fu_337931_p2   |         +|   0|  0|   16|          16|          16|
    |add_ln58_687_fu_337935_p2   |         +|   0|  0|   23|          16|          16|
    |add_ln58_688_fu_337941_p2   |         +|   0|  0|   16|          16|          16|
    |add_ln58_689_fu_298938_p2   |         +|   0|  0|   22|          15|          15|
    |add_ln58_690_fu_298948_p2   |         +|   0|  0|   23|          16|          16|
    |add_ln58_691_fu_337947_p2   |         +|   0|  0|   16|          16|          16|
    |add_ln58_692_fu_337952_p2   |         +|   0|  0|   16|          16|          16|
    |add_ln58_693_fu_314317_p2   |         +|   0|  0|   22|          15|          15|
    |add_ln58_694_fu_314327_p2   |         +|   0|  0|   23|          16|          16|
    |add_ln58_695_fu_308194_p2   |         +|   0|  0|   22|          15|          15|
    |add_ln58_696_fu_308204_p2   |         +|   0|  0|   23|          16|          16|
    |add_ln58_697_fu_319687_p2   |         +|   0|  0|   16|          16|          16|
    |add_ln58_698_fu_308210_p2   |         +|   0|  0|   22|          15|          15|
    |add_ln58_699_fu_319694_p2   |         +|   0|  0|   16|          16|          16|
    |add_ln58_700_fu_314333_p2   |         +|   0|  0|   22|          15|          15|
    |add_ln58_701_fu_319703_p2   |         +|   0|  0|   23|          16|          16|
    |add_ln58_702_fu_319709_p2   |         +|   0|  0|   16|          16|          16|
    |add_ln58_703_fu_319715_p2   |         +|   0|  0|   16|          16|          16|
    |add_ln58_704_fu_340502_p2   |         +|   0|  0|   16|          16|          16|
    |add_ln58_705_fu_324699_p2   |         +|   0|  0|   22|          15|          15|
    |add_ln58_706_fu_324709_p2   |         +|   0|  0|   16|          16|          16|
    |add_ln58_707_fu_324715_p2   |         +|   0|  0|   22|          15|          15|
    |add_ln58_708_fu_324725_p2   |         +|   0|  0|   23|          16|          16|
    |add_ln58_709_fu_324731_p2   |         +|   0|  0|   16|          16|          16|
    |add_ln58_710_fu_331344_p2   |         +|   0|  0|   22|          15|          15|
    |add_ln58_711_fu_337961_p2   |         +|   0|  0|   16|          16|          16|
    |add_ln58_712_fu_337967_p2   |         +|   0|  0|   22|          15|          15|
    |add_ln58_713_fu_337977_p2   |         +|   0|  0|   23|          16|          16|
    |add_ln58_714_fu_337983_p2   |         +|   0|  0|   16|          16|          16|
    |add_ln58_715_fu_340506_p2   |         +|   0|  0|   16|          16|          16|
    |add_ln58_716_fu_319721_p2   |         +|   0|  0|   21|          14|          14|
    |add_ln58_717_fu_324740_p2   |         +|   0|  0|   22|          15|          15|
    |add_ln58_718_fu_335022_p2   |         +|   0|  0|   21|          14|          14|
    |add_ln58_719_fu_335032_p2   |         +|   0|  0|   22|          15|          15|
    |add_ln58_720_fu_335042_p2   |         +|   0|  0|   16|          16|          16|
    |add_ln58_721_fu_303665_p2   |         +|   0|  0|   20|          13|          13|
    |add_ln58_722_fu_335051_p2   |         +|   0|  0|   21|          14|          14|
    |add_ln58_723_fu_331350_p2   |         +|   0|  0|   20|          13|          13|
    |add_ln58_724_fu_335064_p2   |         +|   0|  0|   21|          14|          14|
    |add_ln58_725_fu_335074_p2   |         +|   0|  0|   22|          15|          15|
    |add_ln58_726_fu_335084_p2   |         +|   0|  0|   16|          16|          16|
    |add_ln58_727_fu_340510_p2   |         +|   0|  0|   16|          16|          16|
    |add_ln58_728_fu_340515_p2   |         +|   0|  0|   16|          16|          16|
    |add_ln58_730_fu_340527_p2   |         +|   0|  0|   16|          16|          16|
    |add_ln58_731_fu_298954_p2   |         +|   0|  0|   16|          14|          14|
    |add_ln58_732_fu_298960_p2   |         +|   0|  0|   16|          14|          14|
    |add_ln58_733_fu_340535_p2   |         +|   0|  0|   16|          16|          16|
    |add_ln58_734_fu_303671_p2   |         +|   0|  0|   22|          15|          15|
    |add_ln58_735_fu_303681_p2   |         +|   0|  0|   16|          16|          16|
    |add_ln58_736_fu_303687_p2   |         +|   0|  0|   16|          15|          15|
    |add_ln58_737_fu_303693_p2   |         +|   0|  0|   16|          15|          15|
    |add_ln58_738_fu_303703_p2   |         +|   0|  0|   16|          16|          16|
    |add_ln58_739_fu_340541_p2   |         +|   0|  0|   16|          16|          16|
    |add_ln58_740_fu_308216_p2   |         +|   0|  0|   16|          16|          16|
    |add_ln58_741_fu_308222_p2   |         +|   0|  0|   16|          16|          16|
    |add_ln58_742_fu_308228_p2   |         +|   0|  0|   22|          15|          15|
    |add_ln58_743_fu_308238_p2   |         +|   0|  0|   23|          16|          16|
    |add_ln58_744_fu_314339_p2   |         +|   0|  0|   16|          16|          16|
    |add_ln58_745_fu_314343_p2   |         +|   0|  0|   16|          15|          15|
    |add_ln58_746_fu_314349_p2   |         +|   0|  0|   16|          15|          15|
    |add_ln58_747_fu_296739_p2   |         +|   0|  0|   21|          14|          14|
    |add_ln58_748_fu_314362_p2   |         +|   0|  0|   22|          15|          15|
    |add_ln58_749_fu_314372_p2   |         +|   0|  0|   23|          16|          16|
    |add_ln58_750_fu_314378_p2   |         +|   0|  0|   16|          16|          16|
    |add_ln58_751_fu_340546_p2   |         +|   0|  0|   16|          16|          16|
    |add_ln58_752_fu_340551_p2   |         +|   0|  0|   16|          16|          16|
    |add_ln58_753_fu_319727_p2   |         +|   0|  0|   16|          15|          15|
    |add_ln58_754_fu_319733_p2   |         +|   0|  0|   16|          15|          15|
    |add_ln58_755_fu_340560_p2   |         +|   0|  0|   16|          16|          16|
    |add_ln58_756_fu_319739_p2   |         +|   0|  0|   22|          15|          15|
    |add_ln58_757_fu_340569_p2   |         +|   0|  0|   16|          16|          16|
    |add_ln58_758_fu_319745_p2   |         +|   0|  0|   16|          14|          14|
    |add_ln58_759_fu_319751_p2   |         +|   0|  0|   16|          14|          14|
    |add_ln58_760_fu_340578_p2   |         +|   0|  0|   16|          16|          16|
    |add_ln58_761_fu_340584_p2   |         +|   0|  0|   16|          16|          16|
    |add_ln58_762_fu_331356_p2   |         +|   0|  0|   16|          16|          16|
    |add_ln58_763_fu_331362_p2   |         +|   0|  0|   16|          16|          16|
    |add_ln58_764_fu_335090_p2   |         +|   0|  0|   21|          14|          14|
    |add_ln58_765_fu_335100_p2   |         +|   0|  0|   22|          15|          15|
    |add_ln58_766_fu_337992_p2   |         +|   0|  0|   16|          16|          16|
    |add_ln58_767_fu_337997_p2   |         +|   0|  0|   16|          15|          15|
    |add_ln58_768_fu_338003_p2   |         +|   0|  0|   16|          15|          15|
    |add_ln58_769_fu_338013_p2   |         +|   0|  0|   23|          16|          16|
    |add_ln58_770_fu_338019_p2   |         +|   0|  0|   16|          16|          16|
    |add_ln58_771_fu_338025_p2   |         +|   0|  0|   16|          16|          16|
    |add_ln58_772_fu_338031_p2   |         +|   0|  0|   16|          16|          16|
    |add_ln58_773_fu_340590_p2   |         +|   0|  0|   16|          16|          16|
    |add_ln58_774_fu_340595_p2   |         +|   0|  0|   16|          16|          16|
    |add_ln58_775_fu_298966_p2   |         +|   0|  0|   23|          16|          16|
    |add_ln58_776_fu_308244_p2   |         +|   0|  0|   16|          16|          16|
    |add_ln58_777_fu_308250_p2   |         +|   0|  0|   16|          16|          16|
    |add_ln58_778_fu_324746_p2   |         +|   0|  0|   16|          16|          16|
    |add_ln58_779_fu_314384_p2   |         +|   0|  0|   23|          16|          16|
    |add_ln58_780_fu_324750_p2   |         +|   0|  0|   16|          16|          16|
    |add_ln58_781_fu_324755_p2   |         +|   0|  0|   16|          16|          16|
    |add_ln58_782_fu_324761_p2   |         +|   0|  0|   16|          16|          16|
    |add_ln58_783_fu_324767_p2   |         +|   0|  0|   16|          16|          16|
    |add_ln58_784_fu_324773_p2   |         +|   0|  0|   16|          16|          16|
    |add_ln58_785_fu_331368_p2   |         +|   0|  0|   16|          16|          16|
    |add_ln58_786_fu_331374_p2   |         +|   0|  0|   16|          16|          16|
    |add_ln58_787_fu_335106_p2   |         +|   0|  0|   16|          16|          16|
    |add_ln58_788_fu_335112_p2   |         +|   0|  0|   16|          16|          16|
    |add_ln58_789_fu_335118_p2   |         +|   0|  0|   16|          16|          16|
    |add_ln58_790_fu_319757_p2   |         +|   0|  0|   22|          15|          15|
    |add_ln58_791_fu_324782_p2   |         +|   0|  0|   16|          16|          16|
    |add_ln58_792_fu_324788_p2   |         +|   0|  0|   22|          15|          15|
    |add_ln58_793_fu_324798_p2   |         +|   0|  0|   23|          16|          16|
    |add_ln58_794_fu_324804_p2   |         +|   0|  0|   16|          16|          16|
    |add_ln58_795_fu_335123_p2   |         +|   0|  0|   16|          16|          16|
    |add_ln58_796_fu_340601_p2   |         +|   0|  0|   16|          16|          16|
    |add_ln58_797_fu_331380_p2   |         +|   0|  0|   22|          15|          15|
    |add_ln58_798_fu_338040_p2   |         +|   0|  0|   16|          16|          16|
    |add_ln58_799_fu_319763_p2   |         +|   0|  0|   21|          14|          14|
    |add_ln58_800_fu_338049_p2   |         +|   0|  0|   22|          15|          15|
    |add_ln58_801_fu_338059_p2   |         +|   0|  0|   16|          16|          16|
    |add_ln58_802_fu_331386_p2   |         +|   0|  0|   21|          14|          14|
    |add_ln58_803_fu_331396_p2   |         +|   0|  0|   22|          15|          15|
    |add_ln58_804_fu_331402_p2   |         +|   0|  0|   21|          14|          14|
    |add_ln58_805_fu_335134_p2   |         +|   0|  0|   22|          15|          15|
    |add_ln58_806_fu_335144_p2   |         +|   0|  0|   23|          16|          16|
    |add_ln58_807_fu_338065_p2   |         +|   0|  0|   16|          16|          16|
    |add_ln58_808_fu_298972_p2   |         +|   0|  0|   20|          13|          13|
    |add_ln58_809_fu_303712_p2   |         +|   0|  0|   21|          14|          14|
    |add_ln58_810_fu_319769_p2   |         +|   0|  0|   20|          13|          13|
    |add_ln58_811_fu_324816_p2   |         +|   0|  0|   21|          14|          14|
    |add_ln58_812_fu_324826_p2   |         +|   0|  0|   22|          15|          15|
    |add_ln58_813_fu_331408_p2   |         +|   0|  0|   20|          13|          13|
    |add_ln58_814_fu_335153_p2   |         +|   0|  0|   21|          14|          14|
    |add_ln58_815_fu_331414_p2   |         +|   0|  0|   20|          13|          13|
    |add_ln58_816_fu_331424_p2   |         +|   0|  0|   21|          14|          14|
    |add_ln58_817_fu_335166_p2   |         +|   0|  0|   22|          15|          15|
    |add_ln58_818_fu_338076_p2   |         +|   0|  0|   23|          16|          16|
    |add_ln58_819_fu_338082_p2   |         +|   0|  0|   16|          16|          16|
    |add_ln58_820_fu_340605_p2   |         +|   0|  0|   16|          16|          16|
    |add_ln58_822_fu_296745_p2   |         +|   0|  0|   16|          15|          15|
    |add_ln58_823_fu_296751_p2   |         +|   0|  0|   16|          15|          15|
    |add_ln58_824_fu_303721_p2   |         +|   0|  0|   22|          15|          15|
    |add_ln58_825_fu_303731_p2   |         +|   0|  0|   16|          16|          16|
    |add_ln58_826_fu_303736_p2   |         +|   0|  0|   16|          16|          16|
    |add_ln58_827_fu_303742_p2   |         +|   0|  0|   21|          14|          14|
    |add_ln58_828_fu_303752_p2   |         +|   0|  0|   22|          15|          15|
    |add_ln58_829_fu_303758_p2   |         +|   0|  0|   21|          14|          14|
    |add_ln58_830_fu_308262_p2   |         +|   0|  0|   22|          15|          15|
    |add_ln58_831_fu_308272_p2   |         +|   0|  0|   23|          16|          16|
    |add_ln58_832_fu_324832_p2   |         +|   0|  0|   16|          16|          16|
    |add_ln58_833_fu_308278_p2   |         +|   0|  0|   22|          15|          15|
    |add_ln58_834_fu_308288_p2   |         +|   0|  0|   23|          16|          16|
    |add_ln58_835_fu_314390_p2   |         +|   0|  0|   16|          16|          16|
    |add_ln58_836_fu_314396_p2   |         +|   0|  0|   16|          16|          16|
    |add_ln58_837_fu_319775_p2   |         +|   0|  0|   16|          16|          16|
    |add_ln58_838_fu_314402_p2   |         +|   0|  0|   20|          13|          13|
    |add_ln58_839_fu_314411_p2   |         +|   0|  0|   21|          14|          14|
    |add_ln58_840_fu_319782_p2   |         +|   0|  0|   23|          16|          16|
    |add_ln58_841_fu_319788_p2   |         +|   0|  0|   16|          16|          16|
    |add_ln58_842_fu_319794_p2   |         +|   0|  0|   16|          16|          16|
    |add_ln58_843_fu_319800_p2   |         +|   0|  0|   16|          16|          16|
    |add_ln58_844_fu_324836_p2   |         +|   0|  0|   16|          16|          16|
    |add_ln58_845_fu_319806_p2   |         +|   0|  0|   16|          15|          15|
    |add_ln58_846_fu_319812_p2   |         +|   0|  0|   16|          15|          15|
    |add_ln58_847_fu_324844_p2   |         +|   0|  0|   16|          15|          15|
    |add_ln58_848_fu_324850_p2   |         +|   0|  0|   16|          15|          15|
    |add_ln58_849_fu_324860_p2   |         +|   0|  0|   23|          16|          16|
    |add_ln58_850_fu_331430_p2   |         +|   0|  0|   21|          14|          14|
    |add_ln58_851_fu_335175_p2   |         +|   0|  0|   22|          15|          15|
    |add_ln58_852_fu_331436_p2   |         +|   0|  0|   23|          16|          16|
    |add_ln58_853_fu_340619_p2   |         +|   0|  0|   16|          16|          16|
    |add_ln58_854_fu_340624_p2   |         +|   0|  0|   16|          16|          16|
    |add_ln58_855_fu_340630_p2   |         +|   0|  0|   16|          16|          16|
    |add_ln58_856_fu_335181_p2   |         +|   0|  0|   21|          14|          14|
    |add_ln58_857_fu_335191_p2   |         +|   0|  0|   23|          16|          16|
    |add_ln58_858_fu_335197_p2   |         +|   0|  0|   22|          15|          15|
    |add_ln58_859_fu_335207_p2   |         +|   0|  0|   23|          16|          16|
    |add_ln58_860_fu_340635_p2   |         +|   0|  0|   16|          16|          16|
    |add_ln58_861_fu_338088_p2   |         +|   0|  0|   20|          13|          13|
    |add_ln58_862_fu_338098_p2   |         +|   0|  0|   21|          14|          14|
    |add_ln58_863_fu_338108_p2   |         +|   0|  0|   23|          16|          16|
    |add_ln58_864_fu_338114_p2   |         +|   0|  0|   21|          14|          14|
    |add_ln58_865_fu_338124_p2   |         +|   0|  0|   16|          16|          16|
    |add_ln58_866_fu_338130_p2   |         +|   0|  0|   16|          16|          16|
    |add_ln58_867_fu_340639_p2   |         +|   0|  0|   16|          16|          16|
    |add_ln58_868_fu_340644_p2   |         +|   0|  0|   16|          16|          16|
    |add_ln58_869_fu_341955_p2   |         +|   0|  0|   16|          16|          16|
    |add_ln58_870_fu_340650_p2   |         +|   0|  0|   16|          16|          16|
    |add_ln58_871_fu_340656_p2   |         +|   0|  0|   16|          16|          16|
    |add_ln58_872_fu_308294_p2   |         +|   0|  0|   16|          16|          16|
    |add_ln58_873_fu_308300_p2   |         +|   0|  0|   16|          16|          16|
    |add_ln58_874_fu_340662_p2   |         +|   0|  0|   16|          16|          16|
    |add_ln58_875_fu_319818_p2   |         +|   0|  0|   23|          16|          16|
    |add_ln58_876_fu_324866_p2   |         +|   0|  0|   16|          16|          16|
    |add_ln58_877_fu_324871_p2   |         +|   0|  0|   16|          16|          16|
    |add_ln58_878_fu_324877_p2   |         +|   0|  0|   16|          16|          16|
    |add_ln58_879_fu_324883_p2   |         +|   0|  0|   16|          16|          16|
    |add_ln58_880_fu_340667_p2   |         +|   0|  0|   16|          16|          16|
    |add_ln58_881_fu_338136_p2   |         +|   0|  0|   16|          16|          16|
    |add_ln58_882_fu_338142_p2   |         +|   0|  0|   16|          16|          16|
    |add_ln58_883_fu_298978_p2   |         +|   0|  0|   22|          15|          15|
    |add_ln58_884_fu_308309_p2   |         +|   0|  0|   23|          16|          16|
    |add_ln58_885_fu_338148_p2   |         +|   0|  0|   16|          16|          16|
    |add_ln58_886_fu_303764_p2   |         +|   0|  0|   22|          15|          15|
    |add_ln58_887_fu_308318_p2   |         +|   0|  0|   16|          16|          16|
    |add_ln58_888_fu_308324_p2   |         +|   0|  0|   22|          15|          15|
    |add_ln58_889_fu_308334_p2   |         +|   0|  0|   23|          16|          16|
    |add_ln58_890_fu_308340_p2   |         +|   0|  0|   16|          16|          16|
    |add_ln58_891_fu_338153_p2   |         +|   0|  0|   16|          16|          16|
    |add_ln58_892_fu_340672_p2   |         +|   0|  0|   16|          16|          16|
    |add_ln58_893_fu_319824_p2   |         +|   0|  0|   22|          15|          15|
    |add_ln58_894_fu_331445_p2   |         +|   0|  0|   16|          16|          16|
    |add_ln58_895_fu_324889_p2   |         +|   0|  0|   22|          15|          15|
    |add_ln58_896_fu_331454_p2   |         +|   0|  0|   23|          16|          16|
    |add_ln58_897_fu_331460_p2   |         +|   0|  0|   16|          16|          16|
    |add_ln58_898_fu_308346_p2   |         +|   0|  0|   21|          14|          14|
    |add_ln58_899_fu_338161_p2   |         +|   0|  0|   22|          15|          15|
    |add_ln58_900_fu_308352_p2   |         +|   0|  0|   21|          14|          14|
    |add_ln58_901_fu_314420_p2   |         +|   0|  0|   22|          15|          15|
    |add_ln58_902_fu_338174_p2   |         +|   0|  0|   23|          16|          16|
    |add_ln58_903_fu_340677_p2   |         +|   0|  0|   16|          16|          16|
    |add_ln58_904_fu_324895_p2   |         +|   0|  0|   21|          14|          14|
    |add_ln58_905_fu_324905_p2   |         +|   0|  0|   22|          15|          15|
    |add_ln58_906_fu_335213_p2   |         +|   0|  0|   21|          14|          14|
    |add_ln58_907_fu_335223_p2   |         +|   0|  0|   22|          15|          15|
    |add_ln58_908_fu_338186_p2   |         +|   0|  0|   16|          16|          16|
    |add_ln58_909_fu_335229_p2   |         +|   0|  0|   20|          13|          13|
    |add_ln58_910_fu_338195_p2   |         +|   0|  0|   21|          14|          14|
    |add_ln58_911_fu_324911_p2   |         +|   0|  0|   20|          13|          13|
    |add_ln58_912_fu_324917_p2   |         +|   0|  0|   20|          13|          13|
    |add_ln58_913_fu_331472_p2   |         +|   0|  0|   21|          14|          14|
    |add_ln58_914_fu_338208_p2   |         +|   0|  0|   22|          15|          15|
    |add_ln58_915_fu_338218_p2   |         +|   0|  0|   16|          16|          16|
    |add_ln58_916_fu_340681_p2   |         +|   0|  0|   16|          16|          16|
    |add_ln58_917_fu_340686_p2   |         +|   0|  0|   16|          16|          16|
    |add_ln58_919_fu_296757_p2   |         +|   0|  0|   21|          14|          14|
    |add_ln58_920_fu_298984_p2   |         +|   0|  0|   21|          14|          14|
    |add_ln58_921_fu_298994_p2   |         +|   0|  0|   22|          15|          15|
    |add_ln58_922_fu_303776_p2   |         +|   0|  0|   23|          16|          16|
    |add_ln58_923_fu_299000_p2   |         +|   0|  0|   16|          15|          15|
    |add_ln58_924_fu_299006_p2   |         +|   0|  0|   16|          15|          15|
    |add_ln58_925_fu_308358_p2   |         +|   0|  0|   21|          14|          14|
    |add_ln58_926_fu_308368_p2   |         +|   0|  0|   22|          15|          15|
    |add_ln58_927_fu_314432_p2   |         +|   0|  0|   23|          16|          16|
    |add_ln58_928_fu_331478_p2   |         +|   0|  0|   16|          16|          16|
    |add_ln58_929_fu_314438_p2   |         +|   0|  0|   22|          15|          15|
    |add_ln58_930_fu_314448_p2   |         +|   0|  0|   23|          16|          16|
    |add_ln58_931_fu_314454_p2   |         +|   0|  0|   16|          16|          16|
    |add_ln58_932_fu_314460_p2   |         +|   0|  0|   16|          16|          16|
    |add_ln58_933_fu_331482_p2   |         +|   0|  0|   16|          16|          16|
    |add_ln58_934_fu_319830_p2   |         +|   0|  0|   23|          16|          16|
    |add_ln58_935_fu_324923_p2   |         +|   0|  0|   16|          16|          16|
    |add_ln58_936_fu_324928_p2   |         +|   0|  0|   21|          14|          14|
    |add_ln58_937_fu_324937_p2   |         +|   0|  0|   22|          15|          15|
    |add_ln58_938_fu_324947_p2   |         +|   0|  0|   16|          16|          16|
    |add_ln58_939_fu_331486_p2   |         +|   0|  0|   16|          16|          16|
    |add_ln58_940_fu_331491_p2   |         +|   0|  0|   16|          16|          16|
    |add_ln58_941_fu_331497_p2   |         +|   0|  0|   23|          16|          16|
    |add_ln58_942_fu_331502_p2   |         +|   0|  0|   16|          16|          16|
    |add_ln58_943_fu_331508_p2   |         +|   0|  0|   21|          14|          14|
    |add_ln58_944_fu_331518_p2   |         +|   0|  0|   22|          15|          15|
    |add_ln58_945_fu_331528_p2   |         +|   0|  0|   16|          16|          16|
    |add_ln58_946_fu_335235_p2   |         +|   0|  0|   21|          14|          14|
    |add_ln58_947_fu_335245_p2   |         +|   0|  0|   22|          15|          15|
    |add_ln58_948_fu_338224_p2   |         +|   0|  0|   21|          14|          14|
    |add_ln58_949_fu_340698_p2   |         +|   0|  0|   16|          16|          16|
    |add_ln58_950_fu_340704_p2   |         +|   0|  0|   16|          16|          16|
    |add_ln58_951_fu_340710_p2   |         +|   0|  0|   16|          16|          16|
    |add_ln58_952_fu_338230_p2   |         +|   0|  0|   16|          15|          15|
    |add_ln58_953_fu_338236_p2   |         +|   0|  0|   16|          15|          15|
    |add_ln58_954_fu_338246_p2   |         +|   0|  0|   16|          16|          16|
    |add_ln58_955_fu_338252_p2   |         +|   0|  0|   16|          16|          16|
    |add_ln58_956_fu_338258_p2   |         +|   0|  0|   16|          16|          16|
    |add_ln58_957_fu_303782_p2   |         +|   0|  0|   23|          16|          16|
    |add_ln58_958_fu_314466_p2   |         +|   0|  0|   16|          16|          16|
    |add_ln58_959_fu_314471_p2   |         +|   0|  0|   16|          16|          16|
    |add_ln58_960_fu_314477_p2   |         +|   0|  0|   16|          16|          16|
    |add_ln58_961_fu_314483_p2   |         +|   0|  0|   16|          16|          16|
    |add_ln58_962_fu_338264_p2   |         +|   0|  0|   16|          16|          16|
    |add_ln58_963_fu_340715_p2   |         +|   0|  0|   16|          16|          16|
    |add_ln58_964_fu_340720_p2   |         +|   0|  0|   16|          16|          16|
    |add_ln58_965_fu_303788_p2   |         +|   0|  0|   16|          16|          16|
    |add_ln58_966_fu_303794_p2   |         +|   0|  0|   16|          16|          16|
    |add_ln58_967_fu_314489_p2   |         +|   0|  0|   16|          16|          16|
    |add_ln58_968_fu_314495_p2   |         +|   0|  0|   16|          16|          16|
    |add_ln58_969_fu_324953_p2   |         +|   0|  0|   16|          16|          16|
    |add_ln58_970_fu_324957_p2   |         +|   0|  0|   23|          16|          16|
    |add_ln58_971_fu_324963_p2   |         +|   0|  0|   16|          16|          16|
    |add_ln58_972_fu_324969_p2   |         +|   0|  0|   16|          16|          16|
    |add_ln58_973_fu_324975_p2   |         +|   0|  0|   16|          16|          16|
    |add_ln58_974_fu_324981_p2   |         +|   0|  0|   16|          16|          16|
    |add_ln58_975_fu_324987_p2   |         +|   0|  0|   16|          16|          16|
    |add_ln58_976_fu_331534_p2   |         +|   0|  0|   16|          16|          16|
    |add_ln58_977_fu_331540_p2   |         +|   0|  0|   16|          16|          16|
    |add_ln58_978_fu_331546_p2   |         +|   0|  0|   16|          16|          16|
    |add_ln58_979_fu_331552_p2   |         +|   0|  0|   16|          16|          16|
    |add_ln58_980_fu_331558_p2   |         +|   0|  0|   16|          16|          16|
    |add_ln58_981_fu_308374_p2   |         +|   0|  0|   22|          15|          15|
    |add_ln58_982_fu_319839_p2   |         +|   0|  0|   16|          16|          16|
    |add_ln58_983_fu_319845_p2   |         +|   0|  0|   22|          15|          15|
    |add_ln58_984_fu_319855_p2   |         +|   0|  0|   23|          16|          16|
    |add_ln58_985_fu_319861_p2   |         +|   0|  0|   16|          16|          16|
    |add_ln58_986_fu_331564_p2   |         +|   0|  0|   16|          16|          16|
    |add_ln58_987_fu_338269_p2   |         +|   0|  0|   16|          16|          16|
    |add_ln58_988_fu_324993_p2   |         +|   0|  0|   22|          15|          15|
    |add_ln58_989_fu_331572_p2   |         +|   0|  0|   16|          16|          16|
    |add_ln58_990_fu_331578_p2   |         +|   0|  0|   22|          15|          15|
    |add_ln58_991_fu_331588_p2   |         +|   0|  0|   23|          16|          16|
    |add_ln58_992_fu_331594_p2   |         +|   0|  0|   16|          16|          16|
    |add_ln58_993_fu_335251_p2   |         +|   0|  0|   22|          15|          15|
    |add_ln58_994_fu_335261_p2   |         +|   0|  0|   16|          16|          16|
    |add_ln58_995_fu_303800_p2   |         +|   0|  0|   21|          14|          14|
    |add_ln58_996_fu_335270_p2   |         +|   0|  0|   22|          15|          15|
    |add_ln58_997_fu_335280_p2   |         +|   0|  0|   16|          16|          16|
    |add_ln58_998_fu_338273_p2   |         +|   0|  0|   16|          16|          16|
    |add_ln58_999_fu_308380_p2   |         +|   0|  0|   21|          14|          14|
    |add_ln58_fu_307905_p2       |         +|   0|  0|   20|          13|          13|
    |add_ln73_100_fu_318536_p2   |         +|   0|  0|   27|          20|          20|
    |add_ln73_101_fu_318658_p2   |         +|   0|  0|   28|          21|          21|
    |add_ln73_102_fu_314035_p2   |         +|   0|  0|   27|          20|          20|
    |add_ln73_103_fu_318750_p2   |         +|   0|  0|   29|          22|          22|
    |add_ln73_104_fu_326261_p2   |         +|   0|  0|   28|          21|          21|
    |add_ln73_105_fu_326292_p2   |         +|   0|  0|   30|          23|          23|
    |add_ln73_106_fu_326308_p2   |         +|   0|  0|   28|          21|          21|
    |add_ln73_107_fu_321689_p2   |         +|   0|  0|   30|          23|          23|
    |add_ln73_108_fu_321792_p2   |         +|   0|  0|   28|          21|          21|
    |add_ln73_109_fu_321856_p2   |         +|   0|  0|   29|          22|          22|
    |add_ln73_10_fu_296196_p2    |         +|   0|  0|   28|          21|          21|
    |add_ln73_110_fu_321884_p2   |         +|   0|  0|   29|          22|          22|
    |add_ln73_111_fu_321936_p2   |         +|   0|  0|   28|          21|          21|
    |add_ln73_112_fu_322340_p2   |         +|   0|  0|   30|          23|          23|
    |add_ln73_113_fu_326599_p2   |         +|   0|  0|   29|          22|          22|
    |add_ln73_114_fu_326673_p2   |         +|   0|  0|   29|          22|          22|
    |add_ln73_115_fu_322515_p2   |         +|   0|  0|   29|          22|          22|
    |add_ln73_116_fu_322697_p2   |         +|   0|  0|   31|          24|          24|
    |add_ln73_117_fu_322713_p2   |         +|   0|  0|   30|          23|          23|
    |add_ln73_118_fu_326947_p2   |         +|   0|  0|   29|          22|          22|
    |add_ln73_119_fu_322969_p2   |         +|   0|  0|   28|          21|          21|
    |add_ln73_11_fu_297542_p2    |         +|   0|  0|   29|          22|          22|
    |add_ln73_120_fu_322996_p2   |         +|   0|  0|   28|          21|          21|
    |add_ln73_121_fu_323187_p2   |         +|   0|  0|   29|          22|          22|
    |add_ln73_122_fu_323285_p2   |         +|   0|  0|   28|          21|          21|
    |add_ln73_123_fu_323407_p2   |         +|   0|  0|   28|          21|          21|
    |add_ln73_124_fu_327238_p2   |         +|   0|  0|   27|          20|          20|
    |add_ln73_125_fu_327274_p2   |         +|   0|  0|   29|          22|          22|
    |add_ln73_126_fu_327355_p2   |         +|   0|  0|   28|          21|          21|
    |add_ln73_127_fu_323613_p2   |         +|   0|  0|   28|          21|          21|
    |add_ln73_128_fu_323720_p2   |         +|   0|  0|   29|          22|          22|
    |add_ln73_129_fu_323747_p2   |         +|   0|  0|   29|          22|          22|
    |add_ln73_12_fu_297585_p2    |         +|   0|  0|   30|          23|          23|
    |add_ln73_130_fu_327530_p2   |         +|   0|  0|   30|          23|          23|
    |add_ln73_131_fu_328124_p2   |         +|   0|  0|   29|          22|          22|
    |add_ln73_132_fu_328160_p2   |         +|   0|  0|   30|          23|          23|
    |add_ln73_133_fu_333245_p2   |         +|   0|  0|   29|          22|          22|
    |add_ln73_134_fu_333336_p2   |         +|   0|  0|   31|          24|          24|
    |add_ln73_135_fu_328777_p2   |         +|   0|  0|   29|          22|          22|
    |add_ln73_136_fu_328829_p2   |         +|   0|  0|   30|          23|          23|
    |add_ln73_137_fu_328937_p2   |         +|   0|  0|   30|          23|          23|
    |add_ln73_138_fu_329210_p2   |         +|   0|  0|   30|          23|          23|
    |add_ln73_139_fu_329292_p2   |         +|   0|  0|   30|          23|          23|
    |add_ln73_13_fu_297752_p2    |         +|   0|  0|   30|          23|          23|
    |add_ln73_140_fu_329319_p2   |         +|   0|  0|   29|          22|          22|
    |add_ln73_141_fu_333537_p2   |         +|   0|  0|   30|          23|          23|
    |add_ln73_142_fu_333567_p2   |         +|   0|  0|   30|          23|          23|
    |add_ln73_143_fu_329551_p2   |         +|   0|  0|   28|          21|          21|
    |add_ln73_144_fu_329599_p2   |         +|   0|  0|   27|          20|          20|
    |add_ln73_145_fu_333655_p2   |         +|   0|  0|   31|          24|          24|
    |add_ln73_146_fu_329687_p2   |         +|   0|  0|   29|          22|          22|
    |add_ln73_147_fu_333702_p2   |         +|   0|  0|   29|          22|          22|
    |add_ln73_148_fu_333717_p2   |         +|   0|  0|   29|          22|          22|
    |add_ln73_149_fu_329899_p2   |         +|   0|  0|   27|          20|          20|
    |add_ln73_14_fu_309671_p2    |         +|   0|  0|   30|          23|          23|
    |add_ln73_150_fu_329971_p2   |         +|   0|  0|   30|          23|          23|
    |add_ln73_151_fu_333873_p2   |         +|   0|  0|   29|          22|          22|
    |add_ln73_152_fu_333968_p2   |         +|   0|  0|   29|          22|          22|
    |add_ln73_153_fu_334058_p2   |         +|   0|  0|   30|          23|          23|
    |add_ln73_154_fu_330176_p2   |         +|   0|  0|   29|          22|          22|
    |add_ln73_155_fu_334151_p2   |         +|   0|  0|   30|          23|          23|
    |add_ln73_156_fu_330289_p2   |         +|   0|  0|   28|          21|          21|
    |add_ln73_157_fu_330317_p2   |         +|   0|  0|   28|          21|          21|
    |add_ln73_158_fu_334167_p2   |         +|   0|  0|   29|          22|          22|
    |add_ln73_159_fu_334260_p2   |         +|   0|  0|   27|          20|          20|
    |add_ln73_15_fu_296411_p2    |         +|   0|  0|   29|          22|          22|
    |add_ln73_160_fu_324261_p2   |         +|   0|  0|   28|          21|          21|
    |add_ln73_161_fu_330586_p2   |         +|   0|  0|   30|          23|          23|
    |add_ln73_162_fu_330704_p2   |         +|   0|  0|   29|          22|          22|
    |add_ln73_163_fu_334462_p2   |         +|   0|  0|   29|          22|          22|
    |add_ln73_164_fu_330904_p2   |         +|   0|  0|   28|          21|          21|
    |add_ln73_165_fu_319119_p2   |         +|   0|  0|   30|          23|          23|
    |add_ln73_16_fu_297888_p2    |         +|   0|  0|   28|          21|          21|
    |add_ln73_17_fu_297914_p2    |         +|   0|  0|   28|          21|          21|
    |add_ln73_18_fu_298009_p2    |         +|   0|  0|   29|          22|          22|
    |add_ln73_19_fu_298067_p2    |         +|   0|  0|   28|          21|          21|
    |add_ln73_1_fu_304658_p2     |         +|   0|  0|   29|          22|          22|
    |add_ln73_20_fu_299841_p2    |         +|   0|  0|   27|          20|          20|
    |add_ln73_21_fu_299896_p2    |         +|   0|  0|   29|          22|          22|
    |add_ln73_22_fu_298303_p2    |         +|   0|  0|   28|          21|          21|
    |add_ln73_23_fu_300270_p2    |         +|   0|  0|   30|          23|          23|
    |add_ln73_24_fu_300689_p2    |         +|   0|  0|   28|          21|          21|
    |add_ln73_25_fu_300734_p2    |         +|   0|  0|   30|          23|          23|
    |add_ln73_26_fu_300783_p2    |         +|   0|  0|   29|          22|          22|
    |add_ln73_27_fu_305335_p2    |         +|   0|  0|   30|          23|          23|
    |add_ln73_28_fu_305381_p2    |         +|   0|  0|   31|          24|          24|
    |add_ln73_29_fu_300989_p2    |         +|   0|  0|   29|          22|          22|
    |add_ln73_2_fu_296987_p2     |         +|   0|  0|   28|          21|          21|
    |add_ln73_30_fu_301016_p2    |         +|   0|  0|   30|          23|          23|
    |add_ln73_31_fu_301035_p2    |         +|   0|  0|   30|          23|          23|
    |add_ln73_32_fu_301238_p2    |         +|   0|  0|   29|          22|          22|
    |add_ln73_33_fu_301435_p2    |         +|   0|  0|   29|          22|          22|
    |add_ln73_34_fu_301807_p2    |         +|   0|  0|   30|          23|          23|
    |add_ln73_35_fu_301823_p2    |         +|   0|  0|   28|          21|          21|
    |add_ln73_36_fu_301850_p2    |         +|   0|  0|   29|          22|          22|
    |add_ln73_37_fu_302084_p2    |         +|   0|  0|   31|          24|          24|
    |add_ln73_38_fu_302221_p2    |         +|   0|  0|   29|          22|          22|
    |add_ln73_39_fu_302413_p2    |         +|   0|  0|   27|          20|          20|
    |add_ln73_3_fu_295624_p2     |         +|   0|  0|   30|          23|          23|
    |add_ln73_40_fu_305958_p2    |         +|   0|  0|   27|          20|          20|
    |add_ln73_41_fu_306053_p2    |         +|   0|  0|   29|          22|          22|
    |add_ln73_42_fu_310021_p2    |         +|   0|  0|   29|          22|          22|
    |add_ln73_43_fu_302891_p2    |         +|   0|  0|   29|          22|          22|
    |add_ln73_44_fu_303105_p2    |         +|   0|  0|   31|          24|          24|
    |add_ln73_45_fu_306273_p2    |         +|   0|  0|   28|          21|          21|
    |add_ln73_46_fu_306293_p2    |         +|   0|  0|   28|          21|          21|
    |add_ln73_47_fu_310280_p2    |         +|   0|  0|   29|          22|          22|
    |add_ln73_48_fu_306453_p2    |         +|   0|  0|   29|          22|          22|
    |add_ln73_49_fu_306582_p2    |         +|   0|  0|   30|          23|          23|
    |add_ln73_4_fu_295705_p2     |         +|   0|  0|   28|          21|          21|
    |add_ln73_50_fu_310625_p2    |         +|   0|  0|   29|          22|          22|
    |add_ln73_51_fu_306608_p2    |         +|   0|  0|   28|          21|          21|
    |add_ln73_52_fu_306670_p2    |         +|   0|  0|   29|          22|          22|
    |add_ln73_53_fu_306700_p2    |         +|   0|  0|   29|          22|          22|
    |add_ln73_54_fu_310697_p2    |         +|   0|  0|   30|          23|          23|
    |add_ln73_55_fu_310852_p2    |         +|   0|  0|   28|          21|          21|
    |add_ln73_56_fu_311238_p2    |         +|   0|  0|   30|          23|          23|
    |add_ln73_57_fu_307090_p2    |         +|   0|  0|   28|          21|          21|
    |add_ln73_58_fu_307172_p2    |         +|   0|  0|   28|          21|          21|
    |add_ln73_59_fu_307218_p2    |         +|   0|  0|   29|          22|          22|
    |add_ln73_5_fu_294300_p2     |         +|   0|  0|   31|          24|          24|
    |add_ln73_60_fu_307324_p2    |         +|   0|  0|   30|          23|          23|
    |add_ln73_61_fu_307451_p2    |         +|   0|  0|   29|          22|          22|
    |add_ln73_62_fu_307510_p2    |         +|   0|  0|   29|          22|          22|
    |add_ln73_63_fu_311826_p2    |         +|   0|  0|   31|          24|          24|
    |add_ln73_64_fu_311877_p2    |         +|   0|  0|   29|          22|          22|
    |add_ln73_65_fu_312093_p2    |         +|   0|  0|   30|          23|          23|
    |add_ln73_66_fu_312412_p2    |         +|   0|  0|   30|          23|          23|
    |add_ln73_67_fu_312585_p2    |         +|   0|  0|   29|          22|          22|
    |add_ln73_68_fu_312669_p2    |         +|   0|  0|   28|          21|          21|
    |add_ln73_69_fu_312811_p2    |         +|   0|  0|   30|          23|          23|
    |add_ln73_6_fu_297235_p2     |         +|   0|  0|   29|          22|          22|
    |add_ln73_70_fu_312858_p2    |         +|   0|  0|   28|          21|          21|
    |add_ln73_71_fu_313007_p2    |         +|   0|  0|   29|          22|          22|
    |add_ln73_72_fu_313038_p2    |         +|   0|  0|   30|          23|          23|
    |add_ln73_73_fu_313138_p2    |         +|   0|  0|   30|          23|          23|
    |add_ln73_74_fu_313401_p2    |         +|   0|  0|   30|          23|          23|
    |add_ln73_75_fu_313417_p2    |         +|   0|  0|   29|          22|          22|
    |add_ln73_76_fu_313571_p2    |         +|   0|  0|   27|          20|          20|
    |add_ln73_77_fu_316201_p2    |         +|   0|  0|   30|          23|          23|
    |add_ln73_78_fu_316282_p2    |         +|   0|  0|   30|          23|          23|
    |add_ln73_79_fu_313719_p2    |         +|   0|  0|   28|          21|          21|
    |add_ln73_7_fu_295837_p2     |         +|   0|  0|   30|          23|          23|
    |add_ln73_80_fu_316631_p2    |         +|   0|  0|   27|          20|          20|
    |add_ln73_81_fu_313739_p2    |         +|   0|  0|   28|          21|          21|
    |add_ln73_82_fu_316681_p2    |         +|   0|  0|   30|          23|          23|
    |add_ln73_83_fu_316804_p2    |         +|   0|  0|   30|          23|          23|
    |add_ln73_84_fu_317012_p2    |         +|   0|  0|   28|          21|          21|
    |add_ln73_85_fu_317036_p2    |         +|   0|  0|   28|          21|          21|
    |add_ln73_86_fu_317180_p2    |         +|   0|  0|   30|          23|          23|
    |add_ln73_87_fu_317201_p2    |         +|   0|  0|   30|          23|          23|
    |add_ln73_88_fu_317351_p2    |         +|   0|  0|   29|          22|          22|
    |add_ln73_89_fu_317367_p2    |         +|   0|  0|   28|          21|          21|
    |add_ln73_8_fu_295899_p2     |         +|   0|  0|   30|          23|          23|
    |add_ln73_90_fu_317506_p2    |         +|   0|  0|   30|          23|          23|
    |add_ln73_91_fu_317533_p2    |         +|   0|  0|   29|          22|          22|
    |add_ln73_92_fu_317668_p2    |         +|   0|  0|   30|          23|          23|
    |add_ln73_93_fu_317814_p2    |         +|   0|  0|   30|          23|          23|
    |add_ln73_94_fu_313961_p2    |         +|   0|  0|   29|          22|          22|
    |add_ln73_95_fu_317913_p2    |         +|   0|  0|   30|          23|          23|
    |add_ln73_96_fu_318008_p2    |         +|   0|  0|   29|          22|          22|
    |add_ln73_97_fu_318089_p2    |         +|   0|  0|   29|          22|          22|
    |add_ln73_98_fu_318178_p2    |         +|   0|  0|   29|          22|          22|
    |add_ln73_99_fu_318290_p2    |         +|   0|  0|   29|          22|          22|
    |add_ln73_9_fu_296082_p2     |         +|   0|  0|   29|          22|          22|
    |add_ln73_fu_304642_p2       |         +|   0|  0|   29|          22|          22|
    |x_23_fu_340284_p2           |         +|   0|  0|   16|          16|          16|
    |x_24_fu_340372_p2           |         +|   0|  0|   16|          16|          16|
    |x_25_fu_340435_p2           |         +|   0|  0|   16|          16|          16|
    |x_26_fu_340521_p2           |         +|   0|  0|   16|          16|          16|
    |x_27_fu_340610_p2           |         +|   0|  0|   16|          16|          16|
    |x_28_fu_341959_p2           |         +|   0|  0|   16|          16|          16|
    |x_29_fu_340725_p2           |         +|   0|  0|   16|          16|          16|
    |x_30_fu_340132_p2           |         +|   0|  0|   16|          16|          16|
    |x_31_fu_341978_p2           |         +|   0|  0|   16|          16|          16|
    |x_32_fu_341987_p2           |         +|   0|  0|   16|          16|          16|
    |x_33_fu_342006_p2           |         +|   0|  0|   16|          16|          16|
    |x_34_fu_342024_p2           |         +|   0|  0|   16|          16|          16|
    |x_35_fu_341190_p2           |         +|   0|  0|   16|          16|          16|
    |x_36_fu_341269_p2           |         +|   0|  0|   16|          16|          16|
    |x_37_fu_342043_p2           |         +|   0|  0|   16|          16|          16|
    |x_38_fu_342053_p2           |         +|   0|  0|   16|          16|          16|
    |x_39_fu_342072_p2           |         +|   0|  0|   16|          16|          16|
    |x_40_fu_342091_p2           |         +|   0|  0|   16|          16|          16|
    |x_41_fu_342109_p2           |         +|   0|  0|   16|          16|          16|
    |x_42_fu_342129_p2           |         +|   0|  0|   16|          16|          16|
    |x_43_fu_341814_p2           |         +|   0|  0|   16|          16|          16|
    |x_44_fu_342166_p2           |         +|   0|  0|   16|          16|          16|
    |x_45_fu_342175_p2           |         +|   0|  0|   16|          16|          16|
    |x_fu_340221_p2              |         +|   0|  0|   16|          16|          16|
    |sub_ln73_100_fu_298127_p2   |         -|   0|  0|   31|          24|          24|
    |sub_ln73_101_fu_298147_p2   |         -|   0|  0|   31|          24|          24|
    |sub_ln73_102_fu_298182_p2   |         -|   0|  0|   30|           1|          23|
    |sub_ln73_103_fu_298192_p2   |         -|   0|  0|   31|          24|          24|
    |sub_ln73_104_fu_299732_p2   |         -|   0|  0|   29|           1|          22|
    |sub_ln73_105_fu_299763_p2   |         -|   0|  0|   31|          24|          24|
    |sub_ln73_106_fu_299798_p2   |         -|   0|  0|   31|          24|          24|
    |sub_ln73_107_fu_299880_p2   |         -|   0|  0|   30|          23|          23|
    |sub_ln73_108_fu_299941_p2   |         -|   0|  0|   28|          21|          21|
    |sub_ln73_109_fu_304954_p2   |         -|   0|  0|   29|           1|          22|
    |sub_ln73_10_fu_304694_p2    |         -|   0|  0|   30|          23|          23|
    |sub_ln73_110_fu_304974_p2   |         -|   0|  0|   30|          23|          23|
    |sub_ln73_111_fu_305011_p2   |         -|   0|  0|   29|          22|          22|
    |sub_ln73_112_fu_305042_p2   |         -|   0|  0|   30|           1|          23|
    |sub_ln73_113_fu_305052_p2   |         -|   0|  0|   31|          24|          24|
    |sub_ln73_114_fu_305083_p2   |         -|   0|  0|   30|          23|          23|
    |sub_ln73_115_fu_305114_p2   |         -|   0|  0|   28|          21|          21|
    |sub_ln73_116_fu_305134_p2   |         -|   0|  0|   30|          23|          23|
    |sub_ln73_117_fu_298331_p2   |         -|   0|  0|   30|           1|          23|
    |sub_ln73_118_fu_298347_p2   |         -|   0|  0|   30|          23|          23|
    |sub_ln73_119_fu_298363_p2   |         -|   0|  0|   28|          21|          21|
    |sub_ln73_11_fu_295124_p2    |         -|   0|  0|   27|           1|          20|
    |sub_ln73_120_fu_300083_p2   |         -|   0|  0|   29|          22|          22|
    |sub_ln73_121_fu_300114_p2   |         -|   0|  0|   30|           1|          23|
    |sub_ln73_122_fu_300135_p2   |         -|   0|  0|   31|          24|          24|
    |sub_ln73_123_fu_300155_p2   |         -|   0|  0|   29|           1|          22|
    |sub_ln73_124_fu_300180_p2   |         -|   0|  0|   30|          23|          23|
    |sub_ln73_125_fu_300215_p2   |         -|   0|  0|   30|          23|          23|
    |sub_ln73_126_fu_300235_p2   |         -|   0|  0|   28|          21|          21|
    |sub_ln73_127_fu_300303_p2   |         -|   0|  0|   30|          23|          23|
    |sub_ln73_128_fu_300342_p2   |         -|   0|  0|   30|          23|          23|
    |sub_ln73_129_fu_300404_p2   |         -|   0|  0|   31|          24|          24|
    |sub_ln73_12_fu_295145_p2    |         -|   0|  0|   28|          21|          21|
    |sub_ln73_130_fu_300439_p2   |         -|   0|  0|   29|          22|          22|
    |sub_ln73_131_fu_300467_p2   |         -|   0|  0|   30|          23|          23|
    |sub_ln73_132_fu_300483_p2   |         -|   0|  0|   30|          23|          23|
    |sub_ln73_133_fu_305211_p2   |         -|   0|  0|   28|           1|          21|
    |sub_ln73_134_fu_305221_p2   |         -|   0|  0|   29|          22|          22|
    |sub_ln73_135_fu_305247_p2   |         -|   0|  0|   28|          21|          21|
    |sub_ln73_136_fu_300530_p2   |         -|   0|  0|   30|           1|          23|
    |sub_ln73_137_fu_300551_p2   |         -|   0|  0|   31|          24|          24|
    |sub_ln73_138_fu_305281_p2   |         -|   0|  0|   31|          24|          24|
    |sub_ln73_139_fu_300574_p2   |         -|   0|  0|   30|          23|          23|
    |sub_ln73_13_fu_295180_p2    |         -|   0|  0|   30|           1|          23|
    |sub_ln73_140_fu_300612_p2   |         -|   0|  0|   30|          23|          23|
    |sub_ln73_141_fu_300654_p2   |         -|   0|  0|   28|           1|          21|
    |sub_ln73_142_fu_300674_p2   |         -|   0|  0|   28|          21|          21|
    |sub_ln73_143_fu_305401_p2   |         -|   0|  0|   30|           1|          23|
    |sub_ln73_144_fu_305411_p2   |         -|   0|  0|   31|          24|          24|
    |sub_ln73_145_fu_298546_p2   |         -|   0|  0|   29|          22|          22|
    |sub_ln73_146_fu_298566_p2   |         -|   0|  0|   29|           1|          22|
    |sub_ln73_147_fu_298576_p2   |         -|   0|  0|   30|          23|          23|
    |sub_ln73_148_fu_305430_p2   |         -|   0|  0|   29|          22|          22|
    |sub_ln73_149_fu_305460_p2   |         -|   0|  0|   29|          22|          22|
    |sub_ln73_14_fu_295205_p2    |         -|   0|  0|   31|          24|          24|
    |sub_ln73_150_fu_305478_p2   |         -|   0|  0|   31|          24|          24|
    |sub_ln73_151_fu_305509_p2   |         -|   0|  0|   28|          21|          21|
    |sub_ln73_152_fu_300875_p2   |         -|   0|  0|   29|          22|          22|
    |sub_ln73_153_fu_300910_p2   |         -|   0|  0|   30|           1|          23|
    |sub_ln73_154_fu_300935_p2   |         -|   0|  0|   31|          24|          24|
    |sub_ln73_155_fu_300962_p2   |         -|   0|  0|   29|          22|          22|
    |sub_ln73_156_fu_301093_p2   |         -|   0|  0|   30|          23|          23|
    |sub_ln73_157_fu_301135_p2   |         -|   0|  0|   31|          24|          24|
    |sub_ln73_158_fu_301196_p2   |         -|   0|  0|   29|          22|          22|
    |sub_ln73_159_fu_301220_p2   |         -|   0|  0|   30|          23|          23|
    |sub_ln73_15_fu_295236_p2    |         -|   0|  0|   29|          22|          22|
    |sub_ln73_160_fu_301265_p2   |         -|   0|  0|   30|           1|          23|
    |sub_ln73_161_fu_301275_p2   |         -|   0|  0|   31|          24|          24|
    |sub_ln73_162_fu_301306_p2   |         -|   0|  0|   29|           1|          22|
    |sub_ln73_163_fu_301331_p2   |         -|   0|  0|   30|          23|          23|
    |sub_ln73_164_fu_301369_p2   |         -|   0|  0|   31|          24|          24|
    |sub_ln73_165_fu_301415_p2   |         -|   0|  0|   28|          21|          21|
    |sub_ln73_166_fu_301455_p2   |         -|   0|  0|   28|           1|          21|
    |sub_ln73_167_fu_301465_p2   |         -|   0|  0|   29|          22|          22|
    |sub_ln73_168_fu_301488_p2   |         -|   0|  0|   29|          22|          22|
    |sub_ln73_169_fu_301522_p2   |         -|   0|  0|   30|          23|          23|
    |sub_ln73_16_fu_295251_p2    |         -|   0|  0|   29|          22|          22|
    |sub_ln73_170_fu_301546_p2   |         -|   0|  0|   30|          23|          23|
    |sub_ln73_171_fu_305595_p2   |         -|   0|  0|   28|          21|          21|
    |sub_ln73_172_fu_305644_p2   |         -|   0|  0|   31|          24|          24|
    |sub_ln73_173_fu_301594_p2   |         -|   0|  0|   30|           1|          23|
    |sub_ln73_174_fu_301604_p2   |         -|   0|  0|   31|          24|          24|
    |sub_ln73_175_fu_305674_p2   |         -|   0|  0|   29|           1|          22|
    |sub_ln73_176_fu_305684_p2   |         -|   0|  0|   30|          23|          23|
    |sub_ln73_177_fu_305712_p2   |         -|   0|  0|   27|           1|          20|
    |sub_ln73_178_fu_305722_p2   |         -|   0|  0|   28|          21|          21|
    |sub_ln73_179_fu_301657_p2   |         -|   0|  0|   28|          21|          21|
    |sub_ln73_17_fu_295271_p2    |         -|   0|  0|   28|           1|          21|
    |sub_ln73_180_fu_301677_p2   |         -|   0|  0|   31|          24|          24|
    |sub_ln73_181_fu_301693_p2   |         -|   0|  0|   30|          23|          23|
    |sub_ln73_182_fu_301727_p2   |         -|   0|  0|   29|          22|          22|
    |sub_ln73_183_fu_301753_p2   |         -|   0|  0|   28|          21|          21|
    |sub_ln73_184_fu_301874_p2   |         -|   0|  0|   28|           1|          21|
    |sub_ln73_185_fu_301895_p2   |         -|   0|  0|   29|          22|          22|
    |sub_ln73_186_fu_301972_p2   |         -|   0|  0|   30|          23|          23|
    |sub_ln73_187_fu_302000_p2   |         -|   0|  0|   30|          23|          23|
    |sub_ln73_188_fu_302040_p2   |         -|   0|  0|   28|          21|          21|
    |sub_ln73_189_fu_302056_p2   |         -|   0|  0|   30|          23|          23|
    |sub_ln73_18_fu_295287_p2    |         -|   0|  0|   29|           1|          22|
    |sub_ln73_190_fu_302112_p2   |         -|   0|  0|   29|           1|          22|
    |sub_ln73_191_fu_302122_p2   |         -|   0|  0|   30|          23|          23|
    |sub_ln73_192_fu_302138_p2   |         -|   0|  0|   29|          22|          22|
    |sub_ln73_193_fu_302158_p2   |         -|   0|  0|   30|          23|          23|
    |sub_ln73_194_fu_302249_p2   |         -|   0|  0|   30|          23|          23|
    |sub_ln73_195_fu_302277_p2   |         -|   0|  0|   31|          24|          24|
    |sub_ln73_196_fu_302333_p2   |         -|   0|  0|   29|          22|          22|
    |sub_ln73_197_fu_302445_p2   |         -|   0|  0|   30|          23|          23|
    |sub_ln73_198_fu_302473_p2   |         -|   0|  0|   30|          23|          23|
    |sub_ln73_199_fu_302501_p2   |         -|   0|  0|   29|          22|          22|
    |sub_ln73_19_fu_295308_p2    |         -|   0|  0|   30|          23|          23|
    |sub_ln73_200_fu_306000_p2   |         -|   0|  0|   28|          21|          21|
    |sub_ln73_201_fu_302578_p2   |         -|   0|  0|   31|          24|          24|
    |sub_ln73_202_fu_302646_p2   |         -|   0|  0|   30|          23|          23|
    |sub_ln73_203_fu_310067_p2   |         -|   0|  0|   31|          24|          24|
    |sub_ln73_204_fu_310091_p2   |         -|   0|  0|   31|          24|          24|
    |sub_ln73_205_fu_310122_p2   |         -|   0|  0|   28|          21|          21|
    |sub_ln73_206_fu_302711_p2   |         -|   0|  0|   27|           1|          20|
    |sub_ln73_207_fu_302737_p2   |         -|   0|  0|   28|          21|          21|
    |sub_ln73_208_fu_302765_p2   |         -|   0|  0|   29|           1|          22|
    |sub_ln73_209_fu_302795_p2   |         -|   0|  0|   30|          23|          23|
    |sub_ln73_20_fu_295324_p2    |         -|   0|  0|   30|          23|          23|
    |sub_ln73_210_fu_302823_p2   |         -|   0|  0|   28|          21|          21|
    |sub_ln73_211_fu_302839_p2   |         -|   0|  0|   30|          23|          23|
    |sub_ln73_212_fu_302855_p2   |         -|   0|  0|   28|           1|          21|
    |sub_ln73_213_fu_302865_p2   |         -|   0|  0|   29|          22|          22|
    |sub_ln73_214_fu_302929_p2   |         -|   0|  0|   31|           1|          24|
    |sub_ln73_215_fu_302939_p2   |         -|   0|  0|   32|          25|          25|
    |sub_ln73_216_fu_303005_p2   |         -|   0|  0|   28|           1|          21|
    |sub_ln73_217_fu_303027_p2   |         -|   0|  0|   29|          22|          22|
    |sub_ln73_218_fu_303055_p2   |         -|   0|  0|   29|           1|          22|
    |sub_ln73_219_fu_303077_p2   |         -|   0|  0|   30|          23|          23|
    |sub_ln73_21_fu_297021_p2    |         -|   0|  0|   31|           1|          24|
    |sub_ln73_220_fu_303178_p2   |         -|   0|  0|   29|          22|          22|
    |sub_ln73_221_fu_306219_p2   |         -|   0|  0|   28|          21|          21|
    |sub_ln73_222_fu_306250_p2   |         -|   0|  0|   28|          21|          21|
    |sub_ln73_223_fu_303198_p2   |         -|   0|  0|   29|           1|          22|
    |sub_ln73_224_fu_306321_p2   |         -|   0|  0|   28|           1|          21|
    |sub_ln73_225_fu_306331_p2   |         -|   0|  0|   29|          22|          22|
    |sub_ln73_226_fu_310223_p2   |         -|   0|  0|   29|          22|          22|
    |sub_ln73_227_fu_310253_p2   |         -|   0|  0|   30|          23|          23|
    |sub_ln73_228_fu_310315_p2   |         -|   0|  0|   30|          23|          23|
    |sub_ln73_229_fu_310335_p2   |         -|   0|  0|   29|          22|          22|
    |sub_ln73_22_fu_297046_p2    |         -|   0|  0|   32|          25|          25|
    |sub_ln73_230_fu_306381_p2   |         -|   0|  0|   31|           1|          24|
    |sub_ln73_231_fu_310368_p2   |         -|   0|  0|   32|          25|          25|
    |sub_ln73_232_fu_310403_p2   |         -|   0|  0|   32|          25|          25|
    |sub_ln73_233_fu_306433_p2   |         -|   0|  0|   29|          22|          22|
    |sub_ln73_234_fu_306480_p2   |         -|   0|  0|   30|          23|          23|
    |sub_ln73_235_fu_310459_p2   |         -|   0|  0|   28|           1|          21|
    |sub_ln73_236_fu_310469_p2   |         -|   0|  0|   29|          22|          22|
    |sub_ln73_237_fu_310488_p2   |         -|   0|  0|   28|          21|          21|
    |sub_ln73_238_fu_306550_p2   |         -|   0|  0|   28|          21|          21|
    |sub_ln73_239_fu_310530_p2   |         -|   0|  0|   29|           1|          22|
    |sub_ln73_23_fu_297062_p2    |         -|   0|  0|   28|           1|          21|
    |sub_ln73_240_fu_310555_p2   |         -|   0|  0|   30|          23|          23|
    |sub_ln73_241_fu_310582_p2   |         -|   0|  0|   29|          22|          22|
    |sub_ln73_242_fu_306726_p2   |         -|   0|  0|   29|          22|          22|
    |sub_ln73_243_fu_310732_p2   |         -|   0|  0|   28|           1|          21|
    |sub_ln73_244_fu_310753_p2   |         -|   0|  0|   29|          22|          22|
    |sub_ln73_245_fu_310807_p2   |         -|   0|  0|   28|           1|          21|
    |sub_ln73_246_fu_310832_p2   |         -|   0|  0|   29|          22|          22|
    |sub_ln73_247_fu_306780_p2   |         -|   0|  0|   29|          22|          22|
    |sub_ln73_248_fu_310882_p2   |         -|   0|  0|   30|          23|          23|
    |sub_ln73_249_fu_310913_p2   |         -|   0|  0|   31|          24|          24|
    |sub_ln73_24_fu_297072_p2    |         -|   0|  0|   29|          22|          22|
    |sub_ln73_250_fu_306800_p2   |         -|   0|  0|   29|          22|          22|
    |sub_ln73_251_fu_310982_p2   |         -|   0|  0|   28|           1|          21|
    |sub_ln73_252_fu_303317_p2   |         -|   0|  0|   30|           1|          23|
    |sub_ln73_253_fu_306840_p2   |         -|   0|  0|   31|          24|          24|
    |sub_ln73_254_fu_306882_p2   |         -|   0|  0|   29|          22|          22|
    |sub_ln73_255_fu_311024_p2   |         -|   0|  0|   31|          24|          24|
    |sub_ln73_256_fu_306915_p2   |         -|   0|  0|   31|          24|          24|
    |sub_ln73_257_fu_306979_p2   |         -|   0|  0|   29|          22|          22|
    |sub_ln73_258_fu_311091_p2   |         -|   0|  0|   30|           1|          23|
    |sub_ln73_259_fu_311126_p2   |         -|   0|  0|   28|           1|          21|
    |sub_ln73_25_fu_297098_p2    |         -|   0|  0|   31|          24|          24|
    |sub_ln73_260_fu_307017_p2   |         -|   0|  0|   31|           1|          24|
    |sub_ln73_261_fu_311160_p2   |         -|   0|  0|   32|          25|          25|
    |sub_ln73_262_fu_311187_p2   |         -|   0|  0|   31|          24|          24|
    |sub_ln73_263_fu_307023_p2   |         -|   0|  0|   31|          24|          24|
    |sub_ln73_264_fu_311210_p2   |         -|   0|  0|   28|          21|          21|
    |sub_ln73_265_fu_298786_p2   |         -|   0|  0|   29|          22|          22|
    |sub_ln73_266_fu_303345_p2   |         -|   0|  0|   30|          23|          23|
    |sub_ln73_267_fu_307156_p2   |         -|   0|  0|   28|          21|          21|
    |sub_ln73_268_fu_307255_p2   |         -|   0|  0|   31|          24|          24|
    |sub_ln73_269_fu_307271_p2   |         -|   0|  0|   28|           1|          21|
    |sub_ln73_26_fu_297129_p2    |         -|   0|  0|   30|           1|          23|
    |sub_ln73_270_fu_307287_p2   |         -|   0|  0|   31|           1|          24|
    |sub_ln73_271_fu_307297_p2   |         -|   0|  0|   32|          25|          25|
    |sub_ln73_272_fu_307372_p2   |         -|   0|  0|   30|           1|          23|
    |sub_ln73_273_fu_307397_p2   |         -|   0|  0|   31|          24|          24|
    |sub_ln73_274_fu_307413_p2   |         -|   0|  0|   30|          23|          23|
    |sub_ln73_275_fu_307467_p2   |         -|   0|  0|   29|          22|          22|
    |sub_ln73_276_fu_307494_p2   |         -|   0|  0|   30|          23|          23|
    |sub_ln73_277_fu_311426_p2   |         -|   0|  0|   31|          24|          24|
    |sub_ln73_278_fu_311453_p2   |         -|   0|  0|   30|           1|          23|
    |sub_ln73_279_fu_311474_p2   |         -|   0|  0|   31|          24|          24|
    |sub_ln73_27_fu_297139_p2    |         -|   0|  0|   31|          24|          24|
    |sub_ln73_280_fu_311505_p2   |         -|   0|  0|   30|          23|          23|
    |sub_ln73_281_fu_311525_p2   |         -|   0|  0|   30|          23|          23|
    |sub_ln73_282_fu_311559_p2   |         -|   0|  0|   30|          23|          23|
    |sub_ln73_283_fu_311590_p2   |         -|   0|  0|   29|          22|          22|
    |sub_ln73_284_fu_311606_p2   |         -|   0|  0|   31|          24|          24|
    |sub_ln73_285_fu_311626_p2   |         -|   0|  0|   30|          23|          23|
    |sub_ln73_286_fu_311658_p2   |         -|   0|  0|   28|          21|          21|
    |sub_ln73_287_fu_311719_p2   |         -|   0|  0|   29|          22|          22|
    |sub_ln73_288_fu_311747_p2   |         -|   0|  0|   29|           1|          22|
    |sub_ln73_289_fu_311757_p2   |         -|   0|  0|   30|          23|          23|
    |sub_ln73_28_fu_297155_p2    |         -|   0|  0|   30|          23|          23|
    |sub_ln73_290_fu_311799_p2   |         -|   0|  0|   28|          21|          21|
    |sub_ln73_291_fu_311861_p2   |         -|   0|  0|   31|          24|          24|
    |sub_ln73_292_fu_311907_p2   |         -|   0|  0|   28|           1|          21|
    |sub_ln73_293_fu_307632_p2   |         -|   0|  0|   29|          22|          22|
    |sub_ln73_294_fu_311956_p2   |         -|   0|  0|   30|          23|          23|
    |sub_ln73_295_fu_307694_p2   |         -|   0|  0|   30|          23|          23|
    |sub_ln73_296_fu_312032_p2   |         -|   0|  0|   29|          22|          22|
    |sub_ln73_297_fu_312052_p2   |         -|   0|  0|   30|          23|          23|
    |sub_ln73_298_fu_312067_p2   |         -|   0|  0|   29|           1|          22|
    |sub_ln73_299_fu_312077_p2   |         -|   0|  0|   30|          23|          23|
    |sub_ln73_29_fu_309272_p2    |         -|   0|  0|   30|          23|          23|
    |sub_ln73_2_fu_304450_p2     |         -|   0|  0|   30|          23|          23|
    |sub_ln73_300_fu_307740_p2   |         -|   0|  0|   28|          21|          21|
    |sub_ln73_301_fu_312119_p2   |         -|   0|  0|   31|          24|          24|
    |sub_ln73_302_fu_312135_p2   |         -|   0|  0|   31|          24|          24|
    |sub_ln73_303_fu_312151_p2   |         -|   0|  0|   29|          22|          22|
    |sub_ln73_304_fu_307760_p2   |         -|   0|  0|   28|           1|          21|
    |sub_ln73_305_fu_307770_p2   |         -|   0|  0|   29|          22|          22|
    |sub_ln73_306_fu_312170_p2   |         -|   0|  0|   30|           1|          23|
    |sub_ln73_307_fu_312203_p2   |         -|   0|  0|   31|          24|          24|
    |sub_ln73_308_fu_312284_p2   |         -|   0|  0|   29|          22|          22|
    |sub_ln73_309_fu_312300_p2   |         -|   0|  0|   29|           1|          22|
    |sub_ln73_30_fu_309318_p2    |         -|   0|  0|   29|          22|          22|
    |sub_ln73_310_fu_312310_p2   |         -|   0|  0|   30|          23|          23|
    |sub_ln73_311_fu_312338_p2   |         -|   0|  0|   28|          21|          21|
    |sub_ln73_312_fu_312370_p2   |         -|   0|  0|   30|          23|          23|
    |sub_ln73_313_fu_312386_p2   |         -|   0|  0|   30|           1|          23|
    |sub_ln73_314_fu_312396_p2   |         -|   0|  0|   31|          24|          24|
    |sub_ln73_315_fu_312440_p2   |         -|   0|  0|   29|          22|          22|
    |sub_ln73_316_fu_312470_p2   |         -|   0|  0|   29|          22|          22|
    |sub_ln73_317_fu_312490_p2   |         -|   0|  0|   31|          24|          24|
    |sub_ln73_318_fu_312601_p2   |         -|   0|  0|   29|           1|          22|
    |sub_ln73_319_fu_312626_p2   |         -|   0|  0|   30|          23|          23|
    |sub_ln73_31_fu_309334_p2    |         -|   0|  0|   29|          22|          22|
    |sub_ln73_320_fu_312642_p2   |         -|   0|  0|   30|          23|          23|
    |sub_ln73_321_fu_312696_p2   |         -|   0|  0|   30|           1|          23|
    |sub_ln73_322_fu_312706_p2   |         -|   0|  0|   31|          24|          24|
    |sub_ln73_323_fu_312722_p2   |         -|   0|  0|   30|          23|          23|
    |sub_ln73_324_fu_312738_p2   |         -|   0|  0|   28|          21|          21|
    |sub_ln73_325_fu_312758_p2   |         -|   0|  0|   30|          23|          23|
    |sub_ln73_326_fu_312785_p2   |         -|   0|  0|   27|           1|          20|
    |sub_ln73_327_fu_312795_p2   |         -|   0|  0|   28|          21|          21|
    |sub_ln73_328_fu_307808_p2   |         -|   0|  0|   29|          22|          22|
    |sub_ln73_329_fu_312877_p2   |         -|   0|  0|   28|          21|          21|
    |sub_ln73_32_fu_309369_p2    |         -|   0|  0|   30|          23|          23|
    |sub_ln73_330_fu_307832_p2   |         -|   0|  0|   29|          22|          22|
    |sub_ln73_331_fu_312940_p2   |         -|   0|  0|   31|          24|          24|
    |sub_ln73_332_fu_312971_p2   |         -|   0|  0|   28|           1|          21|
    |sub_ln73_333_fu_312981_p2   |         -|   0|  0|   29|          22|          22|
    |sub_ln73_334_fu_313086_p2   |         -|   0|  0|   31|           1|          24|
    |sub_ln73_335_fu_313111_p2   |         -|   0|  0|   32|          25|          25|
    |sub_ln73_336_fu_313165_p2   |         -|   0|  0|   28|          21|          21|
    |sub_ln73_337_fu_313181_p2   |         -|   0|  0|   30|          23|          23|
    |sub_ln73_338_fu_313201_p2   |         -|   0|  0|   28|          21|          21|
    |sub_ln73_339_fu_313289_p2   |         -|   0|  0|   30|          23|          23|
    |sub_ln73_33_fu_309389_p2    |         -|   0|  0|   28|           1|          21|
    |sub_ln73_340_fu_313305_p2   |         -|   0|  0|   30|           1|          23|
    |sub_ln73_341_fu_313327_p2   |         -|   0|  0|   31|          24|          24|
    |sub_ln73_342_fu_313365_p2   |         -|   0|  0|   29|          22|          22|
    |sub_ln73_343_fu_313433_p2   |         -|   0|  0|   29|           1|          22|
    |sub_ln73_344_fu_313443_p2   |         -|   0|  0|   30|          23|          23|
    |sub_ln73_345_fu_316096_p2   |         -|   0|  0|   31|          24|          24|
    |sub_ln73_346_fu_316146_p2   |         -|   0|  0|   29|          22|          22|
    |sub_ln73_347_fu_313535_p2   |         -|   0|  0|   28|          21|          21|
    |sub_ln73_348_fu_313591_p2   |         -|   0|  0|   28|          21|          21|
    |sub_ln73_349_fu_316251_p2   |         -|   0|  0|   29|          22|          22|
    |sub_ln73_34_fu_309410_p2    |         -|   0|  0|   29|          22|          22|
    |sub_ln73_350_fu_316317_p2   |         -|   0|  0|   29|          22|          22|
    |sub_ln73_351_fu_316348_p2   |         -|   0|  0|   29|           1|          22|
    |sub_ln73_352_fu_316358_p2   |         -|   0|  0|   30|          23|          23|
    |sub_ln73_353_fu_316387_p2   |         -|   0|  0|   28|           1|          21|
    |sub_ln73_354_fu_316397_p2   |         -|   0|  0|   29|          22|          22|
    |sub_ln73_355_fu_316441_p2   |         -|   0|  0|   31|          24|          24|
    |sub_ln73_356_fu_316464_p2   |         -|   0|  0|   28|          21|          21|
    |sub_ln73_357_fu_316483_p2   |         -|   0|  0|   29|          22|          22|
    |sub_ln73_358_fu_316507_p2   |         -|   0|  0|   30|          23|          23|
    |sub_ln73_359_fu_316537_p2   |         -|   0|  0|   29|          22|          22|
    |sub_ln73_35_fu_309429_p2    |         -|   0|  0|   29|           1|          22|
    |sub_ln73_360_fu_316572_p2   |         -|   0|  0|   29|          22|          22|
    |sub_ln73_361_fu_316596_p2   |         -|   0|  0|   29|           1|          22|
    |sub_ln73_362_fu_316731_p2   |         -|   0|  0|   29|          22|          22|
    |sub_ln73_363_fu_316758_p2   |         -|   0|  0|   31|          24|          24|
    |sub_ln73_364_fu_316835_p2   |         -|   0|  0|   31|          24|          24|
    |sub_ln73_365_fu_316851_p2   |         -|   0|  0|   29|          22|          22|
    |sub_ln73_366_fu_316881_p2   |         -|   0|  0|   31|          24|          24|
    |sub_ln73_367_fu_316912_p2   |         -|   0|  0|   30|           1|          23|
    |sub_ln73_368_fu_316958_p2   |         -|   0|  0|   31|          24|          24|
    |sub_ln73_369_fu_317062_p2   |         -|   0|  0|   31|          24|          24|
    |sub_ln73_36_fu_309449_p2    |         -|   0|  0|   30|          23|          23|
    |sub_ln73_370_fu_317089_p2   |         -|   0|  0|   29|          22|          22|
    |sub_ln73_371_fu_317165_p2   |         -|   0|  0|   30|          23|          23|
    |sub_ln73_372_fu_313866_p2   |         -|   0|  0|   28|          21|          21|
    |sub_ln73_373_fu_313886_p2   |         -|   0|  0|   30|          23|          23|
    |sub_ln73_374_fu_317268_p2   |         -|   0|  0|   30|          23|          23|
    |sub_ln73_375_fu_317306_p2   |         -|   0|  0|   29|          22|          22|
    |sub_ln73_376_fu_317424_p2   |         -|   0|  0|   30|           1|          23|
    |sub_ln73_377_fu_317449_p2   |         -|   0|  0|   31|          24|          24|
    |sub_ln73_378_fu_317465_p2   |         -|   0|  0|   28|           1|          21|
    |sub_ln73_379_fu_317490_p2   |         -|   0|  0|   29|          22|          22|
    |sub_ln73_37_fu_295415_p2    |         -|   0|  0|   30|          23|          23|
    |sub_ln73_380_fu_317571_p2   |         -|   0|  0|   31|          24|          24|
    |sub_ln73_381_fu_317598_p2   |         -|   0|  0|   27|           1|          20|
    |sub_ln73_382_fu_317608_p2   |         -|   0|  0|   28|          21|          21|
    |sub_ln73_383_fu_317695_p2   |         -|   0|  0|   28|          21|          21|
    |sub_ln73_384_fu_317718_p2   |         -|   0|  0|   30|          23|          23|
    |sub_ln73_385_fu_317745_p2   |         -|   0|  0|   29|           1|          22|
    |sub_ln73_386_fu_317766_p2   |         -|   0|  0|   30|          23|          23|
    |sub_ln73_387_fu_317782_p2   |         -|   0|  0|   30|          23|          23|
    |sub_ln73_388_fu_317798_p2   |         -|   0|  0|   30|          23|          23|
    |sub_ln73_389_fu_317830_p2   |         -|   0|  0|   28|           1|          21|
    |sub_ln73_38_fu_295445_p2    |         -|   0|  0|   30|          23|          23|
    |sub_ln73_390_fu_317840_p2   |         -|   0|  0|   29|          22|          22|
    |sub_ln73_391_fu_313934_p2   |         -|   0|  0|   31|          24|          24|
    |sub_ln73_392_fu_313977_p2   |         -|   0|  0|   29|          22|          22|
    |sub_ln73_393_fu_313993_p2   |         -|   0|  0|   29|          22|          22|
    |sub_ln73_394_fu_317954_p2   |         -|   0|  0|   29|          22|          22|
    |sub_ln73_395_fu_317973_p2   |         -|   0|  0|   29|           1|          22|
    |sub_ln73_396_fu_317982_p2   |         -|   0|  0|   30|          23|          23|
    |sub_ln73_397_fu_318069_p2   |         -|   0|  0|   29|          22|          22|
    |sub_ln73_398_fu_318104_p2   |         -|   0|  0|   29|          22|          22|
    |sub_ln73_399_fu_318131_p2   |         -|   0|  0|   30|          23|          23|
    |sub_ln73_39_fu_295476_p2    |         -|   0|  0|   29|          22|          22|
    |sub_ln73_3_fu_304496_p2     |         -|   0|  0|   30|          23|          23|
    |sub_ln73_400_fu_318158_p2   |         -|   0|  0|   30|          23|          23|
    |sub_ln73_401_fu_318262_p2   |         -|   0|  0|   31|          24|          24|
    |sub_ln73_402_fu_318318_p2   |         -|   0|  0|   28|           1|          21|
    |sub_ln73_403_fu_318388_p2   |         -|   0|  0|   28|           1|          21|
    |sub_ln73_404_fu_318422_p2   |         -|   0|  0|   29|          22|          22|
    |sub_ln73_405_fu_318438_p2   |         -|   0|  0|   28|          21|          21|
    |sub_ln73_406_fu_318470_p2   |         -|   0|  0|   29|           1|          22|
    |sub_ln73_407_fu_318480_p2   |         -|   0|  0|   30|          23|          23|
    |sub_ln73_408_fu_318508_p2   |         -|   0|  0|   28|          21|          21|
    |sub_ln73_409_fu_318568_p2   |         -|   0|  0|   30|          23|          23|
    |sub_ln73_40_fu_295491_p2    |         -|   0|  0|   29|          22|          22|
    |sub_ln73_410_fu_318625_p2   |         -|   0|  0|   30|          23|          23|
    |sub_ln73_411_fu_318674_p2   |         -|   0|  0|   30|           1|          23|
    |sub_ln73_412_fu_318684_p2   |         -|   0|  0|   31|          24|          24|
    |sub_ln73_413_fu_318719_p2   |         -|   0|  0|   28|          21|          21|
    |sub_ln73_414_fu_318777_p2   |         -|   0|  0|   31|          24|          24|
    |sub_ln73_415_fu_318830_p2   |         -|   0|  0|   29|          22|          22|
    |sub_ln73_416_fu_318846_p2   |         -|   0|  0|   29|           1|          22|
    |sub_ln73_417_fu_318867_p2   |         -|   0|  0|   30|          23|          23|
    |sub_ln73_418_fu_318909_p2   |         -|   0|  0|   30|          23|          23|
    |sub_ln73_419_fu_318925_p2   |         -|   0|  0|   29|          22|          22|
    |sub_ln73_41_fu_295530_p2    |         -|   0|  0|   28|           1|          21|
    |sub_ln73_420_fu_326138_p2   |         -|   0|  0|   31|           1|          24|
    |sub_ln73_421_fu_326163_p2   |         -|   0|  0|   32|          25|          25|
    |sub_ln73_422_fu_326202_p2   |         -|   0|  0|   31|          24|          24|
    |sub_ln73_423_fu_326241_p2   |         -|   0|  0|   28|           1|          21|
    |sub_ln73_424_fu_326354_p2   |         -|   0|  0|   31|          24|          24|
    |sub_ln73_425_fu_321662_p2   |         -|   0|  0|   29|          22|          22|
    |sub_ln73_426_fu_307881_p2   |         -|   0|  0|   28|          21|          21|
    |sub_ln73_427_fu_321754_p2   |         -|   0|  0|   30|           1|          23|
    |sub_ln73_428_fu_321764_p2   |         -|   0|  0|   31|          24|          24|
    |sub_ln73_429_fu_321824_p2   |         -|   0|  0|   30|          23|          23|
    |sub_ln73_42_fu_295540_p2    |         -|   0|  0|   29|          22|          22|
    |sub_ln73_430_fu_321900_p2   |         -|   0|  0|   29|          22|          22|
    |sub_ln73_431_fu_321952_p2   |         -|   0|  0|   30|          23|          23|
    |sub_ln73_432_fu_322013_p2   |         -|   0|  0|   30|           1|          23|
    |sub_ln73_433_fu_322039_p2   |         -|   0|  0|   31|          24|          24|
    |sub_ln73_434_fu_322067_p2   |         -|   0|  0|   30|          23|          23|
    |sub_ln73_435_fu_322095_p2   |         -|   0|  0|   29|           1|          22|
    |sub_ln73_436_fu_322105_p2   |         -|   0|  0|   30|          23|          23|
    |sub_ln73_437_fu_322121_p2   |         -|   0|  0|   29|          22|          22|
    |sub_ln73_438_fu_322153_p2   |         -|   0|  0|   28|           1|          21|
    |sub_ln73_439_fu_322169_p2   |         -|   0|  0|   30|          23|          23|
    |sub_ln73_43_fu_295585_p2    |         -|   0|  0|   30|          23|          23|
    |sub_ln73_440_fu_322189_p2   |         -|   0|  0|   29|          22|          22|
    |sub_ln73_441_fu_322274_p2   |         -|   0|  0|   30|          23|          23|
    |sub_ln73_442_fu_322302_p2   |         -|   0|  0|   28|           1|          21|
    |sub_ln73_443_fu_322312_p2   |         -|   0|  0|   29|          22|          22|
    |sub_ln73_444_fu_322356_p2   |         -|   0|  0|   30|           1|          23|
    |sub_ln73_445_fu_322378_p2   |         -|   0|  0|   31|          24|          24|
    |sub_ln73_446_fu_326638_p2   |         -|   0|  0|   29|          22|          22|
    |sub_ln73_447_fu_326704_p2   |         -|   0|  0|   30|          23|          23|
    |sub_ln73_448_fu_326728_p2   |         -|   0|  0|   29|          22|          22|
    |sub_ln73_449_fu_326752_p2   |         -|   0|  0|   29|           1|          22|
    |sub_ln73_44_fu_295659_p2    |         -|   0|  0|   28|          21|          21|
    |sub_ln73_450_fu_326762_p2   |         -|   0|  0|   30|          23|          23|
    |sub_ln73_451_fu_326789_p2   |         -|   0|  0|   28|           1|          21|
    |sub_ln73_452_fu_326813_p2   |         -|   0|  0|   29|          22|          22|
    |sub_ln73_453_fu_326829_p2   |         -|   0|  0|   29|          22|          22|
    |sub_ln73_454_fu_322457_p2   |         -|   0|  0|   29|           1|          22|
    |sub_ln73_455_fu_322487_p2   |         -|   0|  0|   30|          23|          23|
    |sub_ln73_456_fu_322543_p2   |         -|   0|  0|   30|           1|          23|
    |sub_ln73_457_fu_322553_p2   |         -|   0|  0|   31|          24|          24|
    |sub_ln73_458_fu_322585_p2   |         -|   0|  0|   27|           1|          20|
    |sub_ln73_459_fu_322595_p2   |         -|   0|  0|   28|          21|          21|
    |sub_ln73_45_fu_295675_p2    |         -|   0|  0|   30|           1|          23|
    |sub_ln73_460_fu_322623_p2   |         -|   0|  0|   28|          21|          21|
    |sub_ln73_461_fu_322643_p2   |         -|   0|  0|   29|          22|          22|
    |sub_ln73_462_fu_322671_p2   |         -|   0|  0|   31|          24|          24|
    |sub_ln73_463_fu_322729_p2   |         -|   0|  0|   30|          23|          23|
    |sub_ln73_464_fu_322775_p2   |         -|   0|  0|   28|          21|          21|
    |sub_ln73_465_fu_322806_p2   |         -|   0|  0|   31|           1|          24|
    |sub_ln73_466_fu_322820_p2   |         -|   0|  0|   32|          25|          25|
    |sub_ln73_467_fu_326916_p2   |         -|   0|  0|   29|          22|          22|
    |sub_ln73_468_fu_326996_p2   |         -|   0|  0|   30|          23|          23|
    |sub_ln73_469_fu_327016_p2   |         -|   0|  0|   29|          22|          22|
    |sub_ln73_46_fu_295685_p2    |         -|   0|  0|   31|          24|          24|
    |sub_ln73_470_fu_322846_p2   |         -|   0|  0|   28|          21|          21|
    |sub_ln73_471_fu_322893_p2   |         -|   0|  0|   30|          23|          23|
    |sub_ln73_472_fu_322931_p2   |         -|   0|  0|   31|          24|          24|
    |sub_ln73_473_fu_323023_p2   |         -|   0|  0|   27|           1|          20|
    |sub_ln73_474_fu_323033_p2   |         -|   0|  0|   28|          21|          21|
    |sub_ln73_475_fu_323049_p2   |         -|   0|  0|   28|           1|          21|
    |sub_ln73_476_fu_323069_p2   |         -|   0|  0|   28|          21|          21|
    |sub_ln73_477_fu_323133_p2   |         -|   0|  0|   30|           1|          23|
    |sub_ln73_478_fu_323159_p2   |         -|   0|  0|   31|          24|          24|
    |sub_ln73_479_fu_323215_p2   |         -|   0|  0|   29|          22|          22|
    |sub_ln73_47_fu_299402_p2    |         -|   0|  0|   28|          21|          21|
    |sub_ln73_480_fu_323231_p2   |         -|   0|  0|   30|          23|          23|
    |sub_ln73_481_fu_323343_p2   |         -|   0|  0|   29|           1|          22|
    |sub_ln73_482_fu_323353_p2   |         -|   0|  0|   30|          23|          23|
    |sub_ln73_483_fu_323391_p2   |         -|   0|  0|   28|          21|          21|
    |sub_ln73_484_fu_323437_p2   |         -|   0|  0|   31|          24|          24|
    |sub_ln73_485_fu_327162_p2   |         -|   0|  0|   29|          22|          22|
    |sub_ln73_486_fu_327188_p2   |         -|   0|  0|   29|          22|          22|
    |sub_ln73_487_fu_327301_p2   |         -|   0|  0|   30|          23|          23|
    |sub_ln73_488_fu_327339_p2   |         -|   0|  0|   30|          23|          23|
    |sub_ln73_489_fu_327371_p2   |         -|   0|  0|   28|          21|          21|
    |sub_ln73_48_fu_299437_p2    |         -|   0|  0|   30|          23|          23|
    |sub_ln73_490_fu_323515_p2   |         -|   0|  0|   27|           1|          20|
    |sub_ln73_491_fu_323540_p2   |         -|   0|  0|   28|          21|          21|
    |sub_ln73_492_fu_327429_p2   |         -|   0|  0|   30|          23|          23|
    |sub_ln73_493_fu_323567_p2   |         -|   0|  0|   28|          21|          21|
    |sub_ln73_494_fu_323587_p2   |         -|   0|  0|   28|           1|          21|
    |sub_ln73_495_fu_323597_p2   |         -|   0|  0|   29|          22|          22|
    |sub_ln73_496_fu_327467_p2   |         -|   0|  0|   29|          22|          22|
    |sub_ln73_497_fu_327487_p2   |         -|   0|  0|   30|          23|          23|
    |sub_ln73_498_fu_323662_p2   |         -|   0|  0|   31|          24|          24|
    |sub_ln73_499_fu_323689_p2   |         -|   0|  0|   28|          21|          21|
    |sub_ln73_49_fu_297266_p2    |         -|   0|  0|   29|           1|          22|
    |sub_ln73_4_fu_304541_p2     |         -|   0|  0|   28|          21|          21|
    |sub_ln73_500_fu_323763_p2   |         -|   0|  0|   28|          21|          21|
    |sub_ln73_501_fu_327604_p2   |         -|   0|  0|   30|           1|          23|
    |sub_ln73_502_fu_327630_p2   |         -|   0|  0|   31|          24|          24|
    |sub_ln73_503_fu_327674_p2   |         -|   0|  0|   29|          22|          22|
    |sub_ln73_504_fu_327694_p2   |         -|   0|  0|   29|           1|          22|
    |sub_ln73_505_fu_327704_p2   |         -|   0|  0|   30|          23|          23|
    |sub_ln73_506_fu_327720_p2   |         -|   0|  0|   30|          23|          23|
    |sub_ln73_507_fu_327748_p2   |         -|   0|  0|   28|          21|          21|
    |sub_ln73_508_fu_327778_p2   |         -|   0|  0|   30|          23|          23|
    |sub_ln73_509_fu_327798_p2   |         -|   0|  0|   29|          22|          22|
    |sub_ln73_50_fu_299479_p2    |         -|   0|  0|   30|          23|          23|
    |sub_ln73_510_fu_327844_p2   |         -|   0|  0|   28|           1|          21|
    |sub_ln73_511_fu_323793_p2   |         -|   0|  0|   29|           1|          22|
    |sub_ln73_512_fu_323828_p2   |         -|   0|  0|   30|          23|          23|
    |sub_ln73_513_fu_327901_p2   |         -|   0|  0|   30|          23|          23|
    |sub_ln73_514_fu_323844_p2   |         -|   0|  0|   29|          22|          22|
    |sub_ln73_515_fu_318984_p2   |         -|   0|  0|   27|           1|          20|
    |sub_ln73_516_fu_319005_p2   |         -|   0|  0|   28|          21|          21|
    |sub_ln73_517_fu_327962_p2   |         -|   0|  0|   28|          21|          21|
    |sub_ln73_518_fu_328010_p2   |         -|   0|  0|   30|          23|          23|
    |sub_ln73_519_fu_328046_p2   |         -|   0|  0|   28|          21|          21|
    |sub_ln73_51_fu_299499_p2    |         -|   0|  0|   28|          21|          21|
    |sub_ln73_520_fu_328088_p2   |         -|   0|  0|   29|          22|          22|
    |sub_ln73_521_fu_328144_p2   |         -|   0|  0|   30|          23|          23|
    |sub_ln73_522_fu_328176_p2   |         -|   0|  0|   30|          23|          23|
    |sub_ln73_523_fu_328196_p2   |         -|   0|  0|   29|          22|          22|
    |sub_ln73_524_fu_328212_p2   |         -|   0|  0|   30|          23|          23|
    |sub_ln73_525_fu_328285_p2   |         -|   0|  0|   29|          22|          22|
    |sub_ln73_526_fu_333199_p2   |         -|   0|  0|   31|          24|          24|
    |sub_ln73_527_fu_328301_p2   |         -|   0|  0|   29|          22|          22|
    |sub_ln73_528_fu_328341_p2   |         -|   0|  0|   29|          22|          22|
    |sub_ln73_529_fu_333290_p2   |         -|   0|  0|   29|          22|          22|
    |sub_ln73_52_fu_295783_p2    |         -|   0|  0|   29|           1|          22|
    |sub_ln73_530_fu_333320_p2   |         -|   0|  0|   30|          23|          23|
    |sub_ln73_531_fu_328428_p2   |         -|   0|  0|   29|          22|          22|
    |sub_ln73_532_fu_328448_p2   |         -|   0|  0|   29|           1|          22|
    |sub_ln73_533_fu_328458_p2   |         -|   0|  0|   30|          23|          23|
    |sub_ln73_534_fu_328486_p2   |         -|   0|  0|   31|          24|          24|
    |sub_ln73_535_fu_328538_p2   |         -|   0|  0|   28|          21|          21|
    |sub_ln73_536_fu_328558_p2   |         -|   0|  0|   28|          21|          21|
    |sub_ln73_537_fu_328641_p2   |         -|   0|  0|   28|          21|          21|
    |sub_ln73_538_fu_328677_p2   |         -|   0|  0|   28|          21|          21|
    |sub_ln73_539_fu_328709_p2   |         -|   0|  0|   31|           1|          24|
    |sub_ln73_53_fu_295809_p2    |         -|   0|  0|   30|          23|          23|
    |sub_ln73_540_fu_328733_p2   |         -|   0|  0|   32|          25|          25|
    |sub_ln73_541_fu_328797_p2   |         -|   0|  0|   28|           1|          21|
    |sub_ln73_542_fu_328885_p2   |         -|   0|  0|   29|           1|          22|
    |sub_ln73_543_fu_328910_p2   |         -|   0|  0|   30|          23|          23|
    |sub_ln73_544_fu_328964_p2   |         -|   0|  0|   31|          24|          24|
    |sub_ln73_545_fu_328980_p2   |         -|   0|  0|   30|           1|          23|
    |sub_ln73_546_fu_329000_p2   |         -|   0|  0|   31|          24|          24|
    |sub_ln73_547_fu_329035_p2   |         -|   0|  0|   28|          21|          21|
    |sub_ln73_548_fu_329051_p2   |         -|   0|  0|   31|          24|          24|
    |sub_ln73_549_fu_329067_p2   |         -|   0|  0|   30|          23|          23|
    |sub_ln73_54_fu_295883_p2    |         -|   0|  0|   29|          22|          22|
    |sub_ln73_550_fu_329100_p2   |         -|   0|  0|   31|           1|          24|
    |sub_ln73_551_fu_329110_p2   |         -|   0|  0|   32|          25|          25|
    |sub_ln73_552_fu_323887_p2   |         -|   0|  0|   28|           1|          21|
    |sub_ln73_553_fu_323913_p2   |         -|   0|  0|   29|          22|          22|
    |sub_ln73_554_fu_329161_p2   |         -|   0|  0|   30|           1|          23|
    |sub_ln73_555_fu_329188_p2   |         -|   0|  0|   29|           1|          22|
    |sub_ln73_556_fu_323941_p2   |         -|   0|  0|   27|           1|          20|
    |sub_ln73_557_fu_323951_p2   |         -|   0|  0|   28|          21|          21|
    |sub_ln73_558_fu_323967_p2   |         -|   0|  0|   28|          21|          21|
    |sub_ln73_559_fu_329226_p2   |         -|   0|  0|   30|          23|          23|
    |sub_ln73_55_fu_295931_p2    |         -|   0|  0|   31|          24|          24|
    |sub_ln73_560_fu_329346_p2   |         -|   0|  0|   29|          22|          22|
    |sub_ln73_561_fu_329366_p2   |         -|   0|  0|   28|          21|          21|
    |sub_ln73_562_fu_329406_p2   |         -|   0|  0|   28|           1|          21|
    |sub_ln73_563_fu_329427_p2   |         -|   0|  0|   29|          22|          22|
    |sub_ln73_564_fu_329483_p2   |         -|   0|  0|   30|           1|          23|
    |sub_ln73_565_fu_329511_p2   |         -|   0|  0|   28|          21|          21|
    |sub_ln73_566_fu_333616_p2   |         -|   0|  0|   31|           1|          24|
    |sub_ln73_567_fu_333626_p2   |         -|   0|  0|   32|          25|          25|
    |sub_ln73_568_fu_329631_p2   |         -|   0|  0|   29|          22|          22|
    |sub_ln73_569_fu_329647_p2   |         -|   0|  0|   28|          21|          21|
    |sub_ln73_56_fu_295957_p2    |         -|   0|  0|   30|          23|          23|
    |sub_ln73_570_fu_329667_p2   |         -|   0|  0|   28|          21|          21|
    |sub_ln73_571_fu_329733_p2   |         -|   0|  0|   29|          22|          22|
    |sub_ln73_572_fu_333731_p2   |         -|   0|  0|   29|           1|          22|
    |sub_ln73_573_fu_333740_p2   |         -|   0|  0|   30|          23|          23|
    |sub_ln73_574_fu_329763_p2   |         -|   0|  0|   29|          22|          22|
    |sub_ln73_575_fu_333767_p2   |         -|   0|  0|   30|           1|          23|
    |sub_ln73_576_fu_329799_p2   |         -|   0|  0|   29|           1|          22|
    |sub_ln73_577_fu_329843_p2   |         -|   0|  0|   30|          23|          23|
    |sub_ln73_578_fu_329919_p2   |         -|   0|  0|   29|          22|          22|
    |sub_ln73_579_fu_329951_p2   |         -|   0|  0|   31|          24|          24|
    |sub_ln73_57_fu_296038_p2    |         -|   0|  0|   28|          21|          21|
    |sub_ln73_580_fu_330003_p2   |         -|   0|  0|   31|          24|          24|
    |sub_ln73_581_fu_330023_p2   |         -|   0|  0|   28|           1|          21|
    |sub_ln73_582_fu_333818_p2   |         -|   0|  0|   30|          23|          23|
    |sub_ln73_583_fu_333889_p2   |         -|   0|  0|   29|           1|          22|
    |sub_ln73_584_fu_333914_p2   |         -|   0|  0|   30|          23|          23|
    |sub_ln73_585_fu_333952_p2   |         -|   0|  0|   31|          24|          24|
    |sub_ln73_586_fu_333995_p2   |         -|   0|  0|   30|           1|          23|
    |sub_ln73_587_fu_334019_p2   |         -|   0|  0|   31|          24|          24|
    |sub_ln73_588_fu_330072_p2   |         -|   0|  0|   30|          23|          23|
    |sub_ln73_589_fu_330099_p2   |         -|   0|  0|   29|          22|          22|
    |sub_ln73_58_fu_296098_p2    |         -|   0|  0|   28|          21|          21|
    |sub_ln73_590_fu_330129_p2   |         -|   0|  0|   30|          23|          23|
    |sub_ln73_591_fu_319035_p2   |         -|   0|  0|   28|          21|          21|
    |sub_ln73_592_fu_330160_p2   |         -|   0|  0|   31|          24|          24|
    |sub_ln73_593_fu_334097_p2   |         -|   0|  0|   30|          23|          23|
    |sub_ln73_594_fu_330237_p2   |         -|   0|  0|   29|          22|          22|
    |sub_ln73_595_fu_330269_p2   |         -|   0|  0|   28|          21|          21|
    |sub_ln73_596_fu_330333_p2   |         -|   0|  0|   28|          21|          21|
    |sub_ln73_597_fu_324009_p2   |         -|   0|  0|   28|          21|          21|
    |sub_ln73_598_fu_334233_p2   |         -|   0|  0|   30|          23|          23|
    |sub_ln73_599_fu_324029_p2   |         -|   0|  0|   28|           1|          21|
    |sub_ln73_59_fu_296130_p2    |         -|   0|  0|   30|           1|          23|
    |sub_ln73_5_fu_304561_p2     |         -|   0|  0|   27|           1|          20|
    |sub_ln73_600_fu_324075_p2   |         -|   0|  0|   28|          21|          21|
    |sub_ln73_601_fu_324091_p2   |         -|   0|  0|   28|          21|          21|
    |sub_ln73_602_fu_324126_p2   |         -|   0|  0|   27|           1|          20|
    |sub_ln73_603_fu_324151_p2   |         -|   0|  0|   28|          21|          21|
    |sub_ln73_604_fu_324178_p2   |         -|   0|  0|   30|          23|          23|
    |sub_ln73_605_fu_324209_p2   |         -|   0|  0|   31|          24|          24|
    |sub_ln73_606_fu_324225_p2   |         -|   0|  0|   30|           1|          23|
    |sub_ln73_607_fu_324245_p2   |         -|   0|  0|   30|          23|          23|
    |sub_ln73_608_fu_324276_p2   |         -|   0|  0|   28|          21|          21|
    |sub_ln73_609_fu_324296_p2   |         -|   0|  0|   28|           1|          21|
    |sub_ln73_60_fu_296152_p2    |         -|   0|  0|   31|          24|          24|
    |sub_ln73_610_fu_330398_p2   |         -|   0|  0|   29|          22|          22|
    |sub_ln73_611_fu_330430_p2   |         -|   0|  0|   30|          23|          23|
    |sub_ln73_612_fu_330490_p2   |         -|   0|  0|   28|          21|          21|
    |sub_ln73_613_fu_330522_p2   |         -|   0|  0|   31|           1|          24|
    |sub_ln73_614_fu_330532_p2   |         -|   0|  0|   32|          25|          25|
    |sub_ln73_615_fu_330548_p2   |         -|   0|  0|   30|           1|          23|
    |sub_ln73_616_fu_330570_p2   |         -|   0|  0|   31|          24|          24|
    |sub_ln73_617_fu_330602_p2   |         -|   0|  0|   31|          24|          24|
    |sub_ln73_618_fu_330618_p2   |         -|   0|  0|   29|          22|          22|
    |sub_ln73_619_fu_330656_p2   |         -|   0|  0|   28|           1|          21|
    |sub_ln73_61_fu_296180_p2    |         -|   0|  0|   31|          24|          24|
    |sub_ln73_620_fu_330677_p2   |         -|   0|  0|   29|          22|          22|
    |sub_ln73_621_fu_330720_p2   |         -|   0|  0|   28|          21|          21|
    |sub_ln73_622_fu_330762_p2   |         -|   0|  0|   30|          23|          23|
    |sub_ln73_623_fu_330796_p2   |         -|   0|  0|   30|           1|          23|
    |sub_ln73_624_fu_330806_p2   |         -|   0|  0|   31|          24|          24|
    |sub_ln73_625_fu_330846_p2   |         -|   0|  0|   28|           1|          21|
    |sub_ln73_626_fu_330856_p2   |         -|   0|  0|   29|          22|          22|
    |sub_ln73_627_fu_334435_p2   |         -|   0|  0|   31|          24|          24|
    |sub_ln73_628_fu_330884_p2   |         -|   0|  0|   28|          21|          21|
    |sub_ln73_629_fu_319077_p2   |         -|   0|  0|   29|          22|          22|
    |sub_ln73_62_fu_297372_p2    |         -|   0|  0|   31|          24|          24|
    |sub_ln73_630_fu_319143_p2   |         -|   0|  0|   28|          21|          21|
    |sub_ln73_631_fu_319158_p2   |         -|   0|  0|   30|           1|          23|
    |sub_ln73_632_fu_319183_p2   |         -|   0|  0|   31|          24|          24|
    |sub_ln73_633_fu_319199_p2   |         -|   0|  0|   29|           1|          22|
    |sub_ln73_634_fu_319220_p2   |         -|   0|  0|   30|          23|          23|
    |sub_ln73_635_fu_319236_p2   |         -|   0|  0|   30|          23|          23|
    |sub_ln73_636_fu_319256_p2   |         -|   0|  0|   30|          23|          23|
    |sub_ln73_63_fu_297396_p2    |         -|   0|  0|   31|           1|          24|
    |sub_ln73_64_fu_297428_p2    |         -|   0|  0|   32|          25|          25|
    |sub_ln73_65_fu_309493_p2    |         -|   0|  0|   29|          22|          22|
    |sub_ln73_66_fu_309524_p2    |         -|   0|  0|   29|          22|          22|
    |sub_ln73_67_fu_297496_p2    |         -|   0|  0|   30|          23|          23|
    |sub_ln73_68_fu_297605_p2    |         -|   0|  0|   29|           1|          22|
    |sub_ln73_69_fu_297615_p2    |         -|   0|  0|   30|          23|          23|
    |sub_ln73_6_fu_304586_p2     |         -|   0|  0|   28|          21|          21|
    |sub_ln73_70_fu_297635_p2    |         -|   0|  0|   29|          22|          22|
    |sub_ln73_71_fu_297650_p2    |         -|   0|  0|   28|           1|          21|
    |sub_ln73_72_fu_297660_p2    |         -|   0|  0|   29|          22|          22|
    |sub_ln73_73_fu_297676_p2    |         -|   0|  0|   28|          21|          21|
    |sub_ln73_74_fu_297721_p2    |         -|   0|  0|   29|          22|          22|
    |sub_ln73_75_fu_297783_p2    |         -|   0|  0|   30|          23|          23|
    |sub_ln73_76_fu_299586_p2    |         -|   0|  0|   31|          24|          24|
    |sub_ln73_77_fu_299606_p2    |         -|   0|  0|   31|          24|          24|
    |sub_ln73_78_fu_309565_p2    |         -|   0|  0|   29|          22|          22|
    |sub_ln73_79_fu_309592_p2    |         -|   0|  0|   28|           1|          21|
    |sub_ln73_7_fu_304602_p2     |         -|   0|  0|   28|           1|          21|
    |sub_ln73_80_fu_309621_p2    |         -|   0|  0|   29|          22|          22|
    |sub_ln73_81_fu_309641_p2    |         -|   0|  0|   29|          22|          22|
    |sub_ln73_82_fu_309691_p2    |         -|   0|  0|   28|          21|          21|
    |sub_ln73_83_fu_309711_p2    |         -|   0|  0|   29|           1|          22|
    |sub_ln73_84_fu_309732_p2    |         -|   0|  0|   30|          23|          23|
    |sub_ln73_85_fu_309748_p2    |         -|   0|  0|   30|          23|          23|
    |sub_ln73_86_fu_309793_p2    |         -|   0|  0|   28|           1|          21|
    |sub_ln73_87_fu_309818_p2    |         -|   0|  0|   29|          22|          22|
    |sub_ln73_88_fu_309860_p2    |         -|   0|  0|   31|          24|          24|
    |sub_ln73_89_fu_299648_p2    |         -|   0|  0|   30|          23|          23|
    |sub_ln73_8_fu_304622_p2     |         -|   0|  0|   29|          22|          22|
    |sub_ln73_90_fu_309880_p2    |         -|   0|  0|   29|          22|          22|
    |sub_ln73_91_fu_309896_p2    |         -|   0|  0|   28|          21|          21|
    |sub_ln73_92_fu_304833_p2    |         -|   0|  0|   31|          24|          24|
    |sub_ln73_93_fu_304853_p2    |         -|   0|  0|   31|           1|          24|
    |sub_ln73_94_fu_304874_p2    |         -|   0|  0|   32|          25|          25|
    |sub_ln73_95_fu_304904_p2    |         -|   0|  0|   31|          24|          24|
    |sub_ln73_96_fu_297959_p2    |         -|   0|  0|   28|          21|          21|
    |sub_ln73_97_fu_298051_p2    |         -|   0|  0|   28|          21|          21|
    |sub_ln73_98_fu_298091_p2    |         -|   0|  0|   28|           1|          21|
    |sub_ln73_99_fu_298101_p2    |         -|   0|  0|   29|          22|          22|
    |sub_ln73_9_fu_304678_p2     |         -|   0|  0|   30|          23|          23|
    |sub_ln73_fu_304425_p2       |         -|   0|  0|   29|           1|          22|
    +----------------------------+----------+----+---+-----+------------+------------+
    |Total                       |          |   0|  0|66352|       50280|       53470|
    +----------------------------+----------+----+---+-----+------------+------------+

    * Multiplexer: 
    +---------------+-----+-----------+-----+-----------+
    |      Name     | LUT | Input Size| Bits| Total Bits|
    +---------------+-----+-----------+-----+-----------+
    |ap_NS_fsm      |   60|         14|    1|         14|
    |grp_fu_746_p0  |   53|         11|   16|        176|
    |grp_fu_746_p1  |   26|          5|    8|         40|
    |grp_fu_747_p0  |   53|         11|   16|        176|
    |grp_fu_747_p1  |   26|          5|    8|         40|
    |grp_fu_748_p0  |   53|         11|   16|        176|
    |grp_fu_748_p1  |   26|          5|   10|         50|
    |grp_fu_749_p0  |   53|         11|   16|        176|
    |grp_fu_749_p1  |   20|          4|    8|         32|
    |grp_fu_750_p0  |   53|         11|   16|        176|
    |grp_fu_750_p1  |   31|          6|   10|         60|
    |grp_fu_751_p0  |   53|         11|   16|        176|
    |grp_fu_751_p1  |   20|          4|    8|         32|
    |grp_fu_752_p0  |   53|         11|   16|        176|
    |grp_fu_752_p1  |   20|          4|    8|         32|
    |grp_fu_753_p0  |   55|         12|   16|        192|
    |grp_fu_753_p1  |   20|          4|    9|         36|
    |grp_fu_754_p0  |   55|         12|   16|        192|
    |grp_fu_754_p1  |   37|          7|    9|         63|
    |grp_fu_755_p0  |   55|         12|   16|        192|
    |grp_fu_755_p1  |   26|          5|    9|         45|
    |grp_fu_756_p0  |   53|         11|   16|        176|
    |grp_fu_756_p1  |   26|          5|    8|         40|
    |grp_fu_757_p0  |   53|         11|   16|        176|
    |grp_fu_757_p1  |   26|          5|    9|         45|
    |grp_fu_758_p0  |   53|         11|   16|        176|
    |grp_fu_758_p1  |   26|          5|   10|         50|
    |grp_fu_759_p0  |   53|         11|   16|        176|
    |grp_fu_759_p1  |   14|          3|    8|         24|
    |grp_fu_760_p0  |   55|         12|   16|        192|
    |grp_fu_760_p1  |   26|          5|    9|         45|
    |grp_fu_761_p0  |   55|         12|   16|        192|
    |grp_fu_761_p1  |   20|          4|    9|         36|
    |grp_fu_762_p0  |   53|         11|   16|        176|
    |grp_fu_762_p1  |   20|          4|    9|         36|
    |grp_fu_763_p0  |   53|         11|   16|        176|
    |grp_fu_763_p1  |   26|          5|    8|         40|
    |grp_fu_764_p0  |   53|         11|   16|        176|
    |grp_fu_764_p1  |   26|          5|   10|         50|
    |grp_fu_765_p0  |   53|         11|   16|        176|
    |grp_fu_765_p1  |   20|          4|    9|         36|
    |grp_fu_766_p0  |   55|         12|   16|        192|
    |grp_fu_766_p1  |   37|          7|    9|         63|
    |grp_fu_767_p0  |   53|         11|   16|        176|
    |grp_fu_767_p1  |   20|          4|    8|         32|
    |grp_fu_768_p0  |   55|         12|   16|        192|
    |grp_fu_768_p1  |   20|          4|   10|         40|
    |grp_fu_769_p0  |   53|         11|   16|        176|
    |grp_fu_769_p1  |   26|          5|    8|         40|
    |grp_fu_770_p0  |   55|         12|   16|        192|
    |grp_fu_770_p1  |   37|          7|   10|         70|
    |grp_fu_771_p0  |   55|         12|   16|        192|
    |grp_fu_771_p1  |   20|          4|    9|         36|
    |grp_fu_772_p0  |   53|         11|   16|        176|
    |grp_fu_772_p1  |   26|          5|    9|         45|
    |grp_fu_773_p0  |   55|         12|   16|        192|
    |grp_fu_773_p1  |   14|          3|    7|         21|
    |grp_fu_774_p0  |   53|         11|   16|        176|
    |grp_fu_774_p1  |   37|          7|   10|         70|
    |grp_fu_775_p0  |   53|         11|   16|        176|
    |grp_fu_775_p1  |   20|          4|    8|         32|
    |grp_fu_776_p0  |   55|         12|   16|        192|
    |grp_fu_776_p1  |   26|          5|    9|         45|
    |grp_fu_777_p0  |   53|         11|   16|        176|
    |grp_fu_777_p1  |   26|          5|    8|         40|
    |grp_fu_778_p0  |   53|         11|   16|        176|
    |grp_fu_778_p1  |   20|          4|    9|         36|
    |grp_fu_779_p0  |   53|         11|   16|        176|
    |grp_fu_779_p1  |   31|          6|    9|         54|
    |grp_fu_780_p0  |   53|         11|   16|        176|
    |grp_fu_780_p1  |   14|          3|    8|         24|
    |grp_fu_781_p0  |   53|         11|   16|        176|
    |grp_fu_781_p1  |   26|          5|    9|         45|
    |grp_fu_782_p0  |   55|         12|   16|        192|
    |grp_fu_782_p1  |   26|          5|    9|         45|
    |grp_fu_783_p0  |   53|         11|   16|        176|
    |grp_fu_783_p1  |   20|          4|    9|         36|
    |grp_fu_784_p0  |   53|         11|   16|        176|
    |grp_fu_784_p1  |   26|          5|   10|         50|
    |grp_fu_785_p0  |   53|         11|   16|        176|
    |grp_fu_785_p1  |   26|          5|   10|         50|
    |grp_fu_786_p0  |   55|         12|   16|        192|
    |grp_fu_786_p1  |   20|          4|    9|         36|
    |grp_fu_787_p0  |   53|         11|   16|        176|
    |grp_fu_787_p1  |   26|          5|    9|         45|
    |grp_fu_788_p0  |   55|         12|   16|        192|
    |grp_fu_788_p1  |   31|          6|    9|         54|
    |grp_fu_789_p0  |   53|         11|   16|        176|
    |grp_fu_789_p1  |   31|          6|    9|         54|
    |grp_fu_790_p0  |   55|         12|   16|        192|
    |grp_fu_790_p1  |   26|          5|    9|         45|
    |grp_fu_791_p0  |   55|         12|   16|        192|
    |grp_fu_791_p1  |   20|          4|    8|         32|
    |grp_fu_792_p0  |   55|         12|   16|        192|
    |grp_fu_792_p1  |   20|          4|    7|         28|
    |grp_fu_793_p0  |   55|         12|   16|        192|
    |grp_fu_793_p1  |   31|          6|   10|         60|
    |grp_fu_794_p0  |   53|         11|   16|        176|
    |grp_fu_794_p1  |   14|          3|    8|         24|
    |grp_fu_795_p0  |   53|         11|   16|        176|
    |grp_fu_795_p1  |   20|          4|    9|         36|
    |grp_fu_796_p0  |   53|         11|   16|        176|
    |grp_fu_796_p1  |   26|          5|    9|         45|
    |grp_fu_797_p0  |   53|         11|   16|        176|
    |grp_fu_797_p1  |   20|          4|    7|         28|
    |grp_fu_798_p0  |   55|         12|   16|        192|
    |grp_fu_798_p1  |   26|          5|    9|         45|
    |grp_fu_799_p0  |   55|         12|   16|        192|
    |grp_fu_799_p1  |   31|          6|    9|         54|
    |grp_fu_800_p0  |   53|         11|   16|        176|
    |grp_fu_800_p1  |   20|          4|    8|         32|
    |grp_fu_801_p0  |   53|         11|   16|        176|
    |grp_fu_801_p1  |   20|          4|    9|         36|
    |grp_fu_802_p0  |   53|         11|   16|        176|
    |grp_fu_802_p1  |   20|          4|    8|         32|
    |grp_fu_803_p0  |   53|         11|   16|        176|
    |grp_fu_803_p1  |   20|          4|    9|         36|
    |grp_fu_804_p0  |   53|         11|   16|        176|
    |grp_fu_804_p1  |   26|          5|   10|         50|
    |grp_fu_805_p0  |   55|         12|   16|        192|
    |grp_fu_805_p1  |   20|          4|    9|         36|
    |grp_fu_806_p0  |   53|         11|   16|        176|
    |grp_fu_806_p1  |   31|          6|    9|         54|
    |grp_fu_807_p0  |   53|         11|   16|        176|
    |grp_fu_807_p1  |   26|          5|    9|         45|
    |grp_fu_808_p0  |   53|         11|   16|        176|
    |grp_fu_808_p1  |   20|          4|    9|         36|
    |grp_fu_809_p0  |   55|         12|   16|        192|
    |grp_fu_809_p1  |   20|          4|    9|         36|
    |grp_fu_810_p0  |   55|         12|   16|        192|
    |grp_fu_810_p1  |   31|          6|    9|         54|
    |grp_fu_811_p0  |   55|         12|   16|        192|
    |grp_fu_811_p1  |   31|          6|    9|         54|
    |grp_fu_812_p0  |   53|         11|   16|        176|
    |grp_fu_812_p1  |   20|          4|    8|         32|
    |grp_fu_813_p0  |   55|         12|   16|        192|
    |grp_fu_813_p1  |   31|          6|    9|         54|
    |grp_fu_814_p0  |   55|         12|   16|        192|
    |grp_fu_814_p1  |   20|          4|    8|         32|
    |grp_fu_815_p0  |   53|         11|   16|        176|
    |grp_fu_815_p1  |   20|          4|    8|         32|
    |grp_fu_816_p0  |   55|         12|   16|        192|
    |grp_fu_816_p1  |   31|          6|    9|         54|
    |grp_fu_817_p0  |   53|         11|   16|        176|
    |grp_fu_817_p1  |   20|          4|    7|         28|
    |grp_fu_818_p0  |   55|         12|   16|        192|
    |grp_fu_818_p1  |   20|          4|    8|         32|
    |grp_fu_819_p0  |   55|         12|   16|        192|
    |grp_fu_819_p1  |   26|          5|    9|         45|
    |grp_fu_820_p0  |   53|         11|   16|        176|
    |grp_fu_820_p1  |   26|          5|    9|         45|
    |grp_fu_821_p0  |   55|         12|   16|        192|
    |grp_fu_821_p1  |   20|          4|    9|         36|
    |grp_fu_822_p0  |   53|         11|   16|        176|
    |grp_fu_822_p1  |   20|          4|    9|         36|
    |grp_fu_823_p0  |   55|         12|   16|        192|
    |grp_fu_823_p1  |   26|          5|    9|         45|
    |grp_fu_824_p0  |   55|         12|   16|        192|
    |grp_fu_824_p1  |   26|          5|    9|         45|
    |grp_fu_825_p0  |   53|         11|   16|        176|
    |grp_fu_825_p1  |   20|          4|    8|         32|
    |grp_fu_826_p0  |   53|         11|   16|        176|
    |grp_fu_826_p1  |   37|          7|   10|         70|
    |grp_fu_827_p0  |   55|         12|   16|        192|
    |grp_fu_827_p1  |   26|          5|    9|         45|
    |grp_fu_828_p0  |   53|         11|   16|        176|
    |grp_fu_828_p1  |   26|          5|    9|         45|
    |grp_fu_829_p0  |   53|         11|   16|        176|
    |grp_fu_829_p1  |   20|          4|    8|         32|
    |grp_fu_830_p0  |   55|         12|   16|        192|
    |grp_fu_830_p1  |   26|          5|    9|         45|
    |grp_fu_831_p0  |   53|         11|   16|        176|
    |grp_fu_831_p1  |   26|          5|   10|         50|
    |grp_fu_832_p0  |   53|         11|   16|        176|
    |grp_fu_832_p1  |   26|          5|    9|         45|
    |grp_fu_833_p0  |   55|         12|   16|        192|
    |grp_fu_833_p1  |   31|          6|    9|         54|
    |grp_fu_834_p0  |   53|         11|   16|        176|
    |grp_fu_834_p1  |   26|          5|    9|         45|
    |grp_fu_835_p0  |   55|         12|   16|        192|
    |grp_fu_835_p1  |   20|          4|    9|         36|
    |grp_fu_836_p0  |   53|         11|   16|        176|
    |grp_fu_836_p1  |   26|          5|    9|         45|
    |grp_fu_837_p0  |   53|         11|   16|        176|
    |grp_fu_837_p1  |   26|          5|    9|         45|
    |grp_fu_838_p0  |   55|         12|   16|        192|
    |grp_fu_838_p1  |   37|          7|   10|         70|
    |grp_fu_839_p0  |   55|         12|   16|        192|
    |grp_fu_839_p1  |   37|          7|   10|         70|
    |grp_fu_840_p0  |   55|         12|   16|        192|
    |grp_fu_840_p1  |   20|          4|    9|         36|
    |grp_fu_841_p0  |   53|         11|   16|        176|
    |grp_fu_841_p1  |   26|          5|   10|         50|
    |grp_fu_842_p0  |   53|         11|   16|        176|
    |grp_fu_842_p1  |   26|          5|   10|         50|
    |grp_fu_843_p0  |   53|         11|   16|        176|
    |grp_fu_843_p1  |   20|          4|    9|         36|
    |grp_fu_844_p0  |   53|         11|   16|        176|
    |grp_fu_844_p1  |   20|          4|    8|         32|
    |grp_fu_845_p0  |   53|         11|   16|        176|
    |grp_fu_845_p1  |   26|          5|    9|         45|
    |grp_fu_846_p0  |   53|         11|   16|        176|
    |grp_fu_846_p1  |   37|          7|   10|         70|
    |grp_fu_847_p0  |   55|         12|   16|        192|
    |grp_fu_847_p1  |   14|          3|    8|         24|
    |grp_fu_848_p0  |   55|         12|   16|        192|
    |grp_fu_848_p1  |   20|          4|    9|         36|
    |grp_fu_849_p0  |   53|         11|   16|        176|
    |grp_fu_849_p1  |   26|          5|   10|         50|
    |grp_fu_850_p0  |   53|         11|   16|        176|
    |grp_fu_850_p1  |   26|          5|    9|         45|
    |grp_fu_851_p0  |   55|         12|   16|        192|
    |grp_fu_851_p1  |   37|          7|   10|         70|
    |grp_fu_852_p0  |   55|         12|   16|        192|
    |grp_fu_852_p1  |   20|          4|    9|         36|
    |grp_fu_853_p0  |   53|         11|   16|        176|
    |grp_fu_853_p1  |   20|          4|    9|         36|
    |grp_fu_854_p0  |   53|         11|   16|        176|
    |grp_fu_854_p1  |   26|          5|    9|         45|
    |grp_fu_855_p0  |   55|         12|   16|        192|
    |grp_fu_855_p1  |   26|          5|    9|         45|
    |grp_fu_856_p0  |   55|         12|   16|        192|
    |grp_fu_856_p1  |   31|          6|    9|         54|
    |grp_fu_857_p0  |   55|         12|   16|        192|
    |grp_fu_857_p1  |   20|          4|    8|         32|
    |grp_fu_858_p0  |   53|         11|   16|        176|
    |grp_fu_858_p1  |   20|          4|    9|         36|
    |grp_fu_859_p0  |   53|         11|   16|        176|
    |grp_fu_859_p1  |   20|          4|   10|         40|
    |grp_fu_860_p0  |   55|         12|   16|        192|
    |grp_fu_860_p1  |   20|          4|   10|         40|
    |grp_fu_861_p0  |   55|         12|   16|        192|
    |grp_fu_861_p1  |   26|          5|   10|         50|
    |grp_fu_862_p0  |   53|         11|   16|        176|
    |grp_fu_862_p1  |   20|          4|    9|         36|
    |grp_fu_863_p0  |   53|         11|   16|        176|
    |grp_fu_863_p1  |   20|          4|    9|         36|
    |grp_fu_864_p0  |   53|         11|   16|        176|
    |grp_fu_864_p1  |   20|          4|    8|         32|
    |grp_fu_865_p0  |   55|         12|   16|        192|
    |grp_fu_865_p1  |   20|          4|   10|         40|
    |grp_fu_866_p0  |   53|         11|   16|        176|
    |grp_fu_866_p1  |   20|          4|    8|         32|
    |grp_fu_867_p0  |   55|         12|   16|        192|
    |grp_fu_867_p1  |   37|          7|    9|         63|
    |grp_fu_868_p0  |   53|         11|   16|        176|
    |grp_fu_868_p1  |   26|          5|    9|         45|
    |grp_fu_869_p0  |   53|         11|   16|        176|
    |grp_fu_869_p1  |   20|          4|    8|         32|
    |grp_fu_870_p0  |   53|         11|   16|        176|
    |grp_fu_870_p1  |   26|          5|    8|         40|
    |grp_fu_871_p0  |   53|         11|   16|        176|
    |grp_fu_871_p1  |   20|          4|    9|         36|
    |grp_fu_872_p0  |   53|         11|   16|        176|
    |grp_fu_872_p1  |   26|          5|    8|         40|
    |grp_fu_873_p0  |   53|         11|   16|        176|
    |grp_fu_873_p1  |   20|          4|    9|         36|
    |grp_fu_874_p0  |   53|         11|   16|        176|
    |grp_fu_874_p1  |   26|          5|    9|         45|
    |grp_fu_875_p0  |   53|         11|   16|        176|
    |grp_fu_875_p1  |   26|          5|    8|         40|
    |grp_fu_876_p0  |   53|         11|   16|        176|
    |grp_fu_876_p1  |   20|          4|    8|         32|
    |grp_fu_877_p0  |   55|         12|   16|        192|
    |grp_fu_877_p1  |   31|          6|   10|         60|
    |grp_fu_878_p0  |   53|         11|   16|        176|
    |grp_fu_878_p1  |   20|          4|    9|         36|
    |grp_fu_879_p0  |   53|         11|   16|        176|
    |grp_fu_879_p1  |   20|          4|    9|         36|
    |grp_fu_880_p0  |   53|         11|   16|        176|
    |grp_fu_880_p1  |   37|          7|   10|         70|
    |grp_fu_881_p0  |   53|         11|   16|        176|
    |grp_fu_881_p1  |   20|          4|    8|         32|
    |grp_fu_882_p0  |   53|         11|   16|        176|
    |grp_fu_882_p1  |   20|          4|    9|         36|
    |grp_fu_883_p0  |   55|         12|   16|        192|
    |grp_fu_883_p1  |   26|          5|    9|         45|
    |grp_fu_884_p0  |   53|         11|   16|        176|
    |grp_fu_884_p1  |   26|          5|    9|         45|
    |grp_fu_885_p0  |   55|         12|   16|        192|
    |grp_fu_885_p1  |   31|          6|   10|         60|
    |grp_fu_886_p0  |   55|         12|   16|        192|
    |grp_fu_886_p1  |   26|          5|    9|         45|
    |grp_fu_887_p0  |   55|         12|   16|        192|
    |grp_fu_887_p1  |   26|          5|    9|         45|
    |grp_fu_888_p0  |   55|         12|   16|        192|
    |grp_fu_888_p1  |   26|          5|    9|         45|
    |grp_fu_889_p0  |   55|         12|   16|        192|
    |grp_fu_889_p1  |   26|          5|   10|         50|
    |grp_fu_890_p0  |   55|         12|   16|        192|
    |grp_fu_890_p1  |   20|          4|   10|         40|
    |grp_fu_891_p0  |   53|         11|   16|        176|
    |grp_fu_891_p1  |   31|          6|    9|         54|
    +---------------+-----+-----------+-----+-----------+
    |Total          |11497|       2377| 3638|      32918|
    +---------------+-----+-----------+-----+-----------+

    * Register: 
    +---------------------------+-----+----+-----+-----------+
    |            Name           |  FF | LUT| Bits| Const Bits|
    +---------------------------+-----+----+-----+-----------+
    |a_100_reg_343109           |   16|   0|   16|          0|
    |a_101_reg_343132           |   16|   0|   16|          0|
    |a_102_reg_346248           |   16|   0|   16|          0|
    |a_104_reg_343156           |   16|   0|   16|          0|
    |a_105_reg_343176           |   16|   0|   16|          0|
    |a_106_reg_343203           |   16|   0|   16|          0|
    |a_107_reg_343227           |   16|   0|   16|          0|
    |a_109_reg_347263           |   16|   0|   16|          0|
    |a_110_reg_347307           |   16|   0|   16|          0|
    |a_111_reg_347355           |   16|   0|   16|          0|
    |a_112_reg_343246           |   16|   0|   16|          0|
    |a_113_reg_347383           |   16|   0|   16|          0|
    |a_114_reg_343274           |   16|   0|   16|          0|
    |a_115_reg_343291           |   16|   0|   16|          0|
    |a_116_reg_343313           |   16|   0|   16|          0|
    |a_117_reg_343344           |   16|   0|   16|          0|
    |a_118_reg_343373           |   16|   0|   16|          0|
    |a_119_reg_343395           |   16|   0|   16|          0|
    |a_121_reg_348265           |   16|   0|   16|          0|
    |a_122_reg_343415           |   16|   0|   16|          0|
    |a_123_reg_343441           |   16|   0|   16|          0|
    |a_124_reg_343462           |   16|   0|   16|          0|
    |a_125_reg_343485           |   16|   0|   16|          0|
    |a_129_reg_343503           |   16|   0|   16|          0|
    |a_131_reg_343524           |   16|   0|   16|          0|
    |a_132_reg_343549           |   16|   0|   16|          0|
    |a_134_reg_343581           |   16|   0|   16|          0|
    |a_135_reg_349197           |   16|   0|   16|          0|
    |a_136_reg_343603           |   16|   0|   16|          0|
    |a_137_reg_343623           |   16|   0|   16|          0|
    |a_139_reg_343642           |   16|   0|   16|          0|
    |a_141_reg_349990           |   16|   0|   16|          0|
    |a_144_reg_343671           |   16|   0|   16|          0|
    |a_145_reg_349265           |   16|   0|   16|          0|
    |a_146_reg_343703           |   16|   0|   16|          0|
    |a_147_reg_350140           |   16|   0|   16|          0|
    |a_148_reg_350181           |   16|   0|   16|          0|
    |a_149_reg_350205           |   16|   0|   16|          0|
    |a_150_reg_350239           |   16|   0|   16|          0|
    |a_151_reg_343724           |   16|   0|   16|          0|
    |a_152_reg_343749           |   16|   0|   16|          0|
    |a_153_reg_350282           |   16|   0|   16|          0|
    |a_154_reg_343775           |   16|   0|   16|          0|
    |a_155_reg_343798           |   16|   0|   16|          0|
    |a_156_reg_350306           |   16|   0|   16|          0|
    |a_157_reg_343817           |   16|   0|   16|          0|
    |a_158_reg_350356           |   16|   0|   16|          0|
    |a_159_reg_343836           |   16|   0|   16|          0|
    |a_53_reg_342646            |   16|   0|   16|          0|
    |a_54_reg_342676            |   16|   0|   16|          0|
    |a_55_reg_342701            |   16|   0|   16|          0|
    |a_56_reg_342736            |   16|   0|   16|          0|
    |a_57_reg_342765            |   16|   0|   16|          0|
    |a_58_reg_342795            |   16|   0|   16|          0|
    |a_61_reg_343987            |   16|   0|   16|          0|
    |a_62_reg_342815            |   16|   0|   16|          0|
    |a_63_reg_344012            |   16|   0|   16|          0|
    |a_64_reg_344027            |   16|   0|   16|          0|
    |a_65_reg_344047            |   16|   0|   16|          0|
    |a_66_reg_344083            |   16|   0|   16|          0|
    |a_67_reg_342834            |   16|   0|   16|          0|
    |a_68_reg_344130            |   16|   0|   16|          0|
    |a_69_reg_344161            |   16|   0|   16|          0|
    |a_71_reg_342855            |   16|   0|   16|          0|
    |a_72_reg_342874            |   16|   0|   16|          0|
    |a_73_reg_342898            |   16|   0|   16|          0|
    |a_74_reg_344523            |   16|   0|   16|          0|
    |a_75_reg_344557            |   16|   0|   16|          0|
    |a_76_reg_344593            |   16|   0|   16|          0|
    |a_77_reg_344623            |   16|   0|   16|          0|
    |a_78_reg_344653            |   16|   0|   16|          0|
    |a_79_reg_342917            |   16|   0|   16|          0|
    |a_80_reg_344704            |   16|   0|   16|          0|
    |a_84_reg_345213            |   16|   0|   16|          0|
    |a_85_reg_345237            |   16|   0|   16|          0|
    |a_88_reg_345347            |   16|   0|   16|          0|
    |a_89_reg_345369            |   16|   0|   16|          0|
    |a_90_reg_345403            |   16|   0|   16|          0|
    |a_91_reg_346026            |   16|   0|   16|          0|
    |a_92_reg_342938            |   16|   0|   16|          0|
    |a_93_reg_342957            |   16|   0|   16|          0|
    |a_94_reg_342981            |   16|   0|   16|          0|
    |a_95_reg_346088            |   16|   0|   16|          0|
    |a_96_reg_343005            |   16|   0|   16|          0|
    |a_97_reg_343036            |   16|   0|   16|          0|
    |a_98_reg_343061            |   16|   0|   16|          0|
    |a_99_reg_343079            |   16|   0|   16|          0|
    |a_reg_342601               |   16|   0|   16|          0|
    |add_ln58_1000_reg_347625   |   15|   0|   15|          0|
    |add_ln58_1004_reg_350633   |   14|   0|   14|          0|
    |add_ln58_1006_reg_347630   |   13|   0|   13|          0|
    |add_ln58_1007_reg_348594   |   14|   0|   14|          0|
    |add_ln58_1009_reg_351445   |   16|   0|   16|          0|
    |add_ln58_1011_reg_351900   |   16|   0|   16|          0|
    |add_ln58_1014_reg_344821   |   15|   0|   15|          0|
    |add_ln58_1015_reg_344826   |   16|   0|   16|          0|
    |add_ln58_1017_reg_347635   |   16|   0|   16|          0|
    |add_ln58_1018_reg_345630   |   15|   0|   15|          0|
    |add_ln58_1021_reg_346471   |   15|   0|   15|          0|
    |add_ln58_1025_reg_347640   |   15|   0|   15|          0|
    |add_ln58_1027_reg_347645   |   16|   0|   16|          0|
    |add_ln58_1034_reg_348599   |   16|   0|   16|          0|
    |add_ln58_1035_reg_349509   |   16|   0|   16|          0|
    |add_ln58_1036_reg_352255   |   16|   0|   16|          0|
    |add_ln58_1037_reg_349514   |   16|   0|   16|          0|
    |add_ln58_1041_reg_350638   |   16|   0|   16|          0|
    |add_ln58_1042_reg_351450   |   16|   0|   16|          0|
    |add_ln58_1045_reg_351455   |   16|   0|   16|          0|
    |add_ln58_1046_reg_352260   |   16|   0|   16|          0|
    |add_ln58_1049_reg_351905   |   16|   0|   16|          0|
    |add_ln58_1051_reg_351910   |   15|   0|   15|          0|
    |add_ln58_1057_reg_346476   |   16|   0|   16|          0|
    |add_ln58_1059_reg_352265   |   16|   0|   16|          0|
    |add_ln58_1063_reg_347650   |   16|   0|   16|          0|
    |add_ln58_1065_reg_348604   |   16|   0|   16|          0|
    |add_ln58_1067_reg_350643   |   16|   0|   16|          0|
    |add_ln58_1072_reg_351915   |   16|   0|   16|          0|
    |add_ln58_1073_reg_345635   |   15|   0|   15|          0|
    |add_ln58_1074_reg_346481   |   16|   0|   16|          0|
    |add_ln58_1076_reg_349519   |   16|   0|   16|          0|
    |add_ln58_1078_reg_349524   |   15|   0|   15|          0|
    |add_ln58_1080_reg_350648   |   15|   0|   15|          0|
    |add_ln58_1083_reg_351460   |   16|   0|   16|          0|
    |add_ln58_1084_reg_351920   |   16|   0|   16|          0|
    |add_ln58_1086_reg_350653   |   15|   0|   15|          0|
    |add_ln58_1089_reg_348609   |   15|   0|   15|          0|
    |add_ln58_1090_reg_351465   |   16|   0|   16|          0|
    |add_ln58_1091_reg_344246   |   14|   0|   14|          0|
    |add_ln58_1092_reg_344831   |   15|   0|   15|          0|
    |add_ln58_1093_reg_346486   |   14|   0|   14|          0|
    |add_ln58_1094_reg_344251   |   14|   0|   14|          0|
    |add_ln58_1096_reg_347655   |   16|   0|   16|          0|
    |add_ln58_1099_reg_350658   |   15|   0|   15|          0|
    |add_ln58_1100_reg_350663   |   14|   0|   14|          0|
    |add_ln58_1103_reg_346491   |   13|   0|   13|          0|
    |add_ln58_1104_reg_347660   |   14|   0|   14|          0|
    |add_ln58_1105_reg_350668   |   13|   0|   13|          0|
    |add_ln58_1106_reg_350673   |   13|   0|   13|          0|
    |add_ln58_1109_reg_351470   |   16|   0|   16|          0|
    |add_ln58_1110_reg_351925   |   16|   0|   16|          0|
    |add_ln58_1111_reg_352270   |   16|   0|   16|          0|
    |add_ln58_1113_reg_344256   |   15|   0|   15|          0|
    |add_ln58_1114_reg_344836   |   14|   0|   14|          0|
    |add_ln58_1116_reg_345640   |   16|   0|   16|          0|
    |add_ln58_1118_reg_345645   |   15|   0|   15|          0|
    |add_ln58_1121_reg_346496   |   16|   0|   16|          0|
    |add_ln58_1124_reg_347665   |   16|   0|   16|          0|
    |add_ln58_1128_reg_347670   |   14|   0|   14|          0|
    |add_ln58_1130_reg_347675   |   13|   0|   13|          0|
    |add_ln58_1133_reg_348614   |   16|   0|   16|          0|
    |add_ln58_1134_reg_349529   |   16|   0|   16|          0|
    |add_ln58_1135_reg_349534   |   15|   0|   15|          0|
    |add_ln58_1137_reg_350678   |   15|   0|   15|          0|
    |add_ln58_1138_reg_351475   |   16|   0|   16|          0|
    |add_ln58_1139_reg_351480   |   15|   0|   15|          0|
    |add_ln58_1142_reg_351930   |   15|   0|   15|          0|
    |add_ln58_1146_reg_351935   |   16|   0|   16|          0|
    |add_ln58_1148_reg_351940   |   15|   0|   15|          0|
    |add_ln58_1150_reg_344261   |   16|   0|   16|          0|
    |add_ln58_1153_reg_344841   |   16|   0|   16|          0|
    |add_ln58_1156_reg_352275   |   16|   0|   16|          0|
    |add_ln58_1158_reg_346501   |   16|   0|   16|          0|
    |add_ln58_1160_reg_347680   |   16|   0|   16|          0|
    |add_ln58_1162_reg_348619   |   16|   0|   16|          0|
    |add_ln58_1167_reg_350683   |   16|   0|   16|          0|
    |add_ln58_1170_reg_344846   |   15|   0|   15|          0|
    |add_ln58_1173_reg_345650   |   15|   0|   15|          0|
    |add_ln58_1177_reg_346506   |   16|   0|   16|          0|
    |add_ln58_1178_reg_351485   |   16|   0|   16|          0|
    |add_ln58_1180_reg_348624   |   15|   0|   15|          0|
    |add_ln58_1184_reg_349539   |   16|   0|   16|          0|
    |add_ln58_1185_reg_350688   |   15|   0|   15|          0|
    |add_ln58_1189_reg_351945   |   16|   0|   16|          0|
    |add_ln58_1192_reg_349544   |   15|   0|   15|          0|
    |add_ln58_1194_reg_351490   |   15|   0|   15|          0|
    |add_ln58_1196_reg_345655   |   14|   0|   14|          0|
    |add_ln58_1198_reg_346511   |   13|   0|   13|          0|
    |add_ln58_1199_reg_347685   |   14|   0|   14|          0|
    |add_ln58_1201_reg_351950   |   16|   0|   16|          0|
    |add_ln58_1203_reg_352280   |   16|   0|   16|          0|
    |add_ln58_1206_reg_344266   |   15|   0|   15|          0|
    |add_ln58_1207_reg_344851   |   15|   0|   15|          0|
    |add_ln58_1210_reg_344856   |   15|   0|   15|          0|
    |add_ln58_1213_reg_345660   |   15|   0|   15|          0|
    |add_ln58_1214_reg_347690   |   16|   0|   16|          0|
    |add_ln58_1217_reg_346516   |   14|   0|   14|          0|
    |add_ln58_1219_reg_347695   |   16|   0|   16|          0|
    |add_ln58_1221_reg_348629   |   15|   0|   15|          0|
    |add_ln58_1223_reg_348634   |   14|   0|   14|          0|
    |add_ln58_1227_reg_349549   |   16|   0|   16|          0|
    |add_ln58_1228_reg_352285   |   16|   0|   16|          0|
    |add_ln58_1229_reg_348639   |   13|   0|   13|          0|
    |add_ln58_1230_reg_349554   |   15|   0|   15|          0|
    |add_ln58_1231_reg_350693   |   16|   0|   16|          0|
    |add_ln58_1233_reg_352290   |   16|   0|   16|          0|
    |add_ln58_1235_reg_350698   |   15|   0|   15|          0|
    |add_ln58_1237_reg_350703   |   15|   0|   15|          0|
    |add_ln58_1239_reg_351495   |   16|   0|   16|          0|
    |add_ln58_1242_reg_351955   |   13|   0|   13|          0|
    |add_ln58_1244_reg_351960   |   15|   0|   15|          0|
    |add_ln58_1250_reg_346521   |   16|   0|   16|          0|
    |add_ln58_1252_reg_352295   |   16|   0|   16|          0|
    |add_ln58_1256_reg_347700   |   16|   0|   16|          0|
    |add_ln58_1258_reg_347705   |   16|   0|   16|          0|
    |add_ln58_1260_reg_348644   |   16|   0|   16|          0|
    |add_ln58_1265_reg_349559   |   16|   0|   16|          0|
    |add_ln58_1267_reg_350708   |   16|   0|   16|          0|
    |add_ln58_1271_reg_344861   |   15|   0|   15|          0|
    |add_ln58_1276_reg_345665   |   16|   0|   16|          0|
    |add_ln58_1277_reg_351965   |   16|   0|   16|          0|
    |add_ln58_1279_reg_346526   |   15|   0|   15|          0|
    |add_ln58_1283_reg_348649   |   16|   0|   16|          0|
    |add_ln58_1284_reg_350713   |   15|   0|   15|          0|
    |add_ln58_1287_reg_344271   |   14|   0|   14|          0|
    |add_ln58_1289_reg_351970   |   16|   0|   16|          0|
    |add_ln58_1291_reg_346531   |   14|   0|   14|          0|
    |add_ln58_1292_reg_347710   |   15|   0|   15|          0|
    |add_ln58_1293_reg_348654   |   14|   0|   14|          0|
    |add_ln58_1294_reg_349564   |   15|   0|   15|          0|
    |add_ln58_1296_reg_350718   |   14|   0|   14|          0|
    |add_ln58_1298_reg_346536   |   14|   0|   14|          0|
    |add_ln58_1299_reg_347715   |   13|   0|   13|          0|
    |add_ln58_1300_reg_348659   |   15|   0|   15|          0|
    |add_ln58_1302_reg_351500   |   16|   0|   16|          0|
    |add_ln58_1304_reg_352300   |   16|   0|   16|          0|
    |add_ln58_1307_reg_344276   |   15|   0|   15|          0|
    |add_ln58_1308_reg_344866   |   15|   0|   15|          0|
    |add_ln58_1311_reg_345670   |   14|   0|   14|          0|
    |add_ln58_1312_reg_346541   |   15|   0|   15|          0|
    |add_ln58_1313_reg_345675   |   15|   0|   15|          0|
    |add_ln58_1318_reg_345680   |   15|   0|   15|          0|
    |add_ln58_1320_reg_346546   |   16|   0|   16|          0|
    |add_ln58_1327_reg_347720   |   16|   0|   16|          0|
    |add_ln58_1328_reg_348664   |   16|   0|   16|          0|
    |add_ln58_1329_reg_352305   |   16|   0|   16|          0|
    |add_ln58_1330_reg_348669   |   14|   0|   14|          0|
    |add_ln58_1333_reg_349569   |   15|   0|   15|          0|
    |add_ln58_1335_reg_349574   |   16|   0|   16|          0|
    |add_ln58_1338_reg_350723   |   14|   0|   14|          0|
    |add_ln58_1342_reg_350728   |   15|   0|   15|          0|
    |add_ln58_1343_reg_349579   |   13|   0|   13|          0|
    |add_ln58_1344_reg_350733   |   14|   0|   14|          0|
    |add_ln58_1347_reg_351505   |   14|   0|   14|          0|
    |add_ln58_1348_reg_351510   |   15|   0|   15|          0|
    |add_ln58_1352_reg_351975   |   16|   0|   16|          0|
    |add_ln58_1353_reg_352310   |   16|   0|   16|          0|
    |add_ln58_1358_reg_344871   |   16|   0|   16|          0|
    |add_ln58_1360_reg_346551   |   16|   0|   16|          0|
    |add_ln58_1364_reg_347725   |   16|   0|   16|          0|
    |add_ln58_1365_reg_351980   |   16|   0|   16|          0|
    |add_ln58_1367_reg_348674   |   16|   0|   16|          0|
    |add_ln58_1369_reg_351515   |   16|   0|   16|          0|
    |add_ln58_1373_reg_345685   |   15|   0|   15|          0|
    |add_ln58_1374_reg_345690   |   15|   0|   15|          0|
    |add_ln58_1375_reg_346556   |   16|   0|   16|          0|
    |add_ln58_1377_reg_351985   |   16|   0|   16|          0|
    |add_ln58_1379_reg_346561   |   15|   0|   15|          0|
    |add_ln58_1383_reg_350738   |   16|   0|   16|          0|
    |add_ln58_1384_reg_351990   |   15|   0|   15|          0|
    |add_ln58_1386_reg_347730   |   14|   0|   14|          0|
    |add_ln58_1391_reg_346566   |   15|   0|   15|          0|
    |add_ln58_1392_reg_347735   |   14|   0|   14|          0|
    |add_ln58_1393_reg_348679   |   15|   0|   15|          0|
    |add_ln58_1395_reg_348684   |   14|   0|   14|          0|
    |add_ln58_1396_reg_349584   |   15|   0|   15|          0|
    |add_ln58_1397_reg_350743   |   14|   0|   14|          0|
    |add_ln58_1398_reg_344281   |   13|   0|   13|          0|
    |add_ln58_1401_reg_351520   |   16|   0|   16|          0|
    |add_ln58_1402_reg_352315   |   16|   0|   16|          0|
    |add_ln58_1405_reg_344286   |   14|   0|   14|          0|
    |add_ln58_1408_reg_344876   |   16|   0|   16|          0|
    |add_ln58_1410_reg_344881   |   15|   0|   15|          0|
    |add_ln58_1412_reg_345695   |   15|   0|   15|          0|
    |add_ln58_1413_reg_346571   |   16|   0|   16|          0|
    |add_ln58_1416_reg_345700   |   16|   0|   16|          0|
    |add_ln58_1417_reg_346576   |   13|   0|   13|          0|
    |add_ln58_1418_reg_347740   |   15|   0|   15|          0|
    |add_ln58_1421_reg_347745   |   15|   0|   15|          0|
    |add_ln58_1425_reg_348689   |   16|   0|   16|          0|
    |add_ln58_1426_reg_349589   |   16|   0|   16|          0|
    |add_ln58_1429_reg_348694   |   15|   0|   15|          0|
    |add_ln58_1432_reg_349594   |   14|   0|   14|          0|
    |add_ln58_1433_reg_350748   |   14|   0|   14|          0|
    |add_ln58_1437_reg_349599   |   13|   0|   13|          0|
    |add_ln58_1438_reg_350753   |   16|   0|   16|          0|
    |add_ln58_1440_reg_351525   |   15|   0|   15|          0|
    |add_ln58_1444_reg_345705   |   16|   0|   16|          0|
    |add_ln58_1446_reg_351995   |   16|   0|   16|          0|
    |add_ln58_1450_reg_346581   |   16|   0|   16|          0|
    |add_ln58_1452_reg_350758   |   16|   0|   16|          0|
    |add_ln58_1454_reg_350763   |   16|   0|   16|          0|
    |add_ln58_1456_reg_344291   |   15|   0|   15|          0|
    |add_ln58_1459_reg_351530   |   16|   0|   16|          0|
    |add_ln58_1461_reg_346586   |   16|   0|   16|          0|
    |add_ln58_1463_reg_349604   |   16|   0|   16|          0|
    |add_ln58_1465_reg_350768   |   15|   0|   15|          0|
    |add_ln58_1469_reg_351535   |   16|   0|   16|          0|
    |add_ln58_1470_reg_352000   |   16|   0|   16|          0|
    |add_ln58_1472_reg_345710   |   14|   0|   14|          0|
    |add_ln58_1474_reg_346591   |   14|   0|   14|          0|
    |add_ln58_1475_reg_347750   |   15|   0|   15|          0|
    |add_ln58_1476_reg_349609   |   16|   0|   16|          0|
    |add_ln58_1477_reg_346596   |   14|   0|   14|          0|
    |add_ln58_1479_reg_344296   |   14|   0|   14|          0|
    |add_ln58_1481_reg_348699   |   16|   0|   16|          0|
    |add_ln58_1485_reg_346601   |   13|   0|   13|          0|
    |add_ln58_1486_reg_347755   |   14|   0|   14|          0|
    |add_ln58_1488_reg_347760   |   13|   0|   13|          0|
    |add_ln58_1489_reg_348704   |   14|   0|   14|          0|
    |add_ln58_1490_reg_348709   |   13|   0|   13|          0|
    |add_ln58_1492_reg_349614   |   15|   0|   15|          0|
    |add_ln58_1493_reg_352005   |   16|   0|   16|          0|
    |add_ln58_1498_reg_344886   |   15|   0|   15|          0|
    |add_ln58_1499_reg_345715   |   15|   0|   15|          0|
    |add_ln58_1503_reg_345720   |   15|   0|   15|          0|
    |add_ln58_1506_reg_346606   |   16|   0|   16|          0|
    |add_ln58_1508_reg_347765   |   14|   0|   14|          0|
    |add_ln58_1511_reg_347770   |   15|   0|   15|          0|
    |add_ln58_1513_reg_347775   |   14|   0|   14|          0|
    |add_ln58_1515_reg_347780   |   14|   0|   14|          0|
    |add_ln58_1518_reg_348714   |   16|   0|   16|          0|
    |add_ln58_1520_reg_349619   |   16|   0|   16|          0|
    |add_ln58_1523_reg_350773   |   16|   0|   16|          0|
    |add_ln58_1529_reg_350778   |   16|   0|   16|          0|
    |add_ln58_1536_reg_345725   |   16|   0|   16|          0|
    |add_ln58_1540_reg_346611   |   16|   0|   16|          0|
    |add_ln58_1542_reg_352010   |   16|   0|   16|          0|
    |add_ln58_1546_reg_347785   |   16|   0|   16|          0|
    |add_ln58_1548_reg_348719   |   16|   0|   16|          0|
    |add_ln58_1550_reg_350783   |   16|   0|   16|          0|
    |add_ln58_1555_reg_352015   |   16|   0|   16|          0|
    |add_ln58_1556_reg_347790   |   15|   0|   15|          0|
    |add_ln58_1559_reg_345730   |   16|   0|   16|          0|
    |add_ln58_1561_reg_347795   |   15|   0|   15|          0|
    |add_ln58_1563_reg_349624   |   15|   0|   15|          0|
    |add_ln58_1565_reg_350788   |   16|   0|   16|          0|
    |add_ln58_1566_reg_352020   |   16|   0|   16|          0|
    |add_ln58_1568_reg_351540   |   15|   0|   15|          0|
    |add_ln58_1572_reg_352025   |   16|   0|   16|          0|
    |add_ln58_1573_reg_348724   |   15|   0|   15|          0|
    |add_ln58_1575_reg_345735   |   14|   0|   14|          0|
    |add_ln58_1576_reg_346616   |   15|   0|   15|          0|
    |add_ln58_1577_reg_349629   |   16|   0|   16|          0|
    |add_ln58_1580_reg_348729   |   15|   0|   15|          0|
    |add_ln58_1584_reg_344301   |   13|   0|   13|          0|
    |add_ln58_1585_reg_349634   |   14|   0|   14|          0|
    |add_ln58_1587_reg_344306   |   13|   0|   13|          0|
    |add_ln58_1588_reg_348734   |   14|   0|   14|          0|
    |add_ln58_1589_reg_350793   |   15|   0|   15|          0|
    |add_ln58_1590_reg_351545   |   16|   0|   16|          0|
    |add_ln58_1594_reg_344311   |   15|   0|   15|          0|
    |add_ln58_1596_reg_344891   |   13|   0|   13|          0|
    |add_ln58_1597_reg_345740   |   14|   0|   14|          0|
    |add_ln58_1600_reg_345745   |   15|   0|   15|          0|
    |add_ln58_1601_reg_345750   |   14|   0|   14|          0|
    |add_ln58_1603_reg_346621   |   16|   0|   16|          0|
    |add_ln58_1606_reg_346626   |   16|   0|   16|          0|
    |add_ln58_1608_reg_346631   |   14|   0|   14|          0|
    |add_ln58_1610_reg_344316   |   14|   0|   14|          0|
    |add_ln58_1612_reg_346636   |   13|   0|   13|          0|
    |add_ln58_1615_reg_347800   |   16|   0|   16|          0|
    |add_ln58_1616_reg_352330   |   16|   0|   16|          0|
    |add_ln58_1617_reg_347805   |   13|   0|   13|          0|
    |add_ln58_161_reg_347455    |   14|   0|   14|          0|
    |add_ln58_1621_reg_348739   |   15|   0|   15|          0|
    |add_ln58_1626_reg_349639   |   16|   0|   16|          0|
    |add_ln58_1629_reg_350798   |   16|   0|   16|          0|
    |add_ln58_1631_reg_351550   |   14|   0|   14|          0|
    |add_ln58_1634_reg_351555   |   15|   0|   15|          0|
    |add_ln58_1635_reg_351560   |   16|   0|   16|          0|
    |add_ln58_1639_reg_352030   |   16|   0|   16|          0|
    |add_ln58_163_reg_344191    |   15|   0|   15|          0|
    |add_ln58_1640_reg_352335   |   16|   0|   16|          0|
    |add_ln58_1643_reg_352035   |   16|   0|   16|          0|
    |add_ln58_1647_reg_345755   |   16|   0|   16|          0|
    |add_ln58_1651_reg_346641   |   16|   0|   16|          0|
    |add_ln58_1652_reg_352340   |   16|   0|   16|          0|
    |add_ln58_1654_reg_349644   |   16|   0|   16|          0|
    |add_ln58_1656_reg_351565   |   16|   0|   16|          0|
    |add_ln58_165_reg_344721    |   15|   0|   15|          0|
    |add_ln58_1661_reg_346646   |   16|   0|   16|          0|
    |add_ln58_1663_reg_352040   |   16|   0|   16|          0|
    |add_ln58_1665_reg_347810   |   15|   0|   15|          0|
    |add_ln58_1669_reg_349649   |   16|   0|   16|          0|
    |add_ln58_166_reg_345435    |   16|   0|   16|          0|
    |add_ln58_1670_reg_350803   |   15|   0|   15|          0|
    |add_ln58_1674_reg_351570   |   16|   0|   16|          0|
    |add_ln58_1676_reg_346651   |   14|   0|   14|          0|
    |add_ln58_1679_reg_345760   |   15|   0|   15|          0|
    |add_ln58_1681_reg_347815   |   14|   0|   14|          0|
    |add_ln58_1684_reg_346656   |   13|   0|   13|          0|
    |add_ln58_1685_reg_347820   |   15|   0|   15|          0|
    |add_ln58_1686_reg_348744   |   16|   0|   16|          0|
    |add_ln58_1688_reg_352045   |   16|   0|   16|          0|
    |add_ln58_168_reg_344726    |   15|   0|   15|          0|
    |add_ln58_1691_reg_344896   |   16|   0|   16|          0|
    |add_ln58_1694_reg_344901   |   15|   0|   15|          0|
    |add_ln58_1696_reg_345765   |   16|   0|   16|          0|
    |add_ln58_1699_reg_345770   |   16|   0|   16|          0|
    |add_ln58_1703_reg_346661   |   16|   0|   16|          0|
    |add_ln58_1705_reg_347825   |   16|   0|   16|          0|
    |add_ln58_1707_reg_347830   |   15|   0|   15|          0|
    |add_ln58_1711_reg_348749   |   16|   0|   16|          0|
    |add_ln58_1712_reg_349654   |   16|   0|   16|          0|
    |add_ln58_1713_reg_352345   |   16|   0|   16|          0|
    |add_ln58_1715_reg_348754   |   15|   0|   15|          0|
    |add_ln58_1718_reg_349659   |   16|   0|   16|          0|
    |add_ln58_171_reg_345440    |   16|   0|   16|          0|
    |add_ln58_1720_reg_349664   |   15|   0|   15|          0|
    |add_ln58_1722_reg_350808   |   15|   0|   15|          0|
    |add_ln58_1723_reg_351575   |   16|   0|   16|          0|
    |add_ln58_1726_reg_350813   |   15|   0|   15|          0|
    |add_ln58_1728_reg_351580   |   16|   0|   16|          0|
    |add_ln58_1730_reg_350818   |   14|   0|   14|          0|
    |add_ln58_1731_reg_351585   |   15|   0|   15|          0|
    |add_ln58_1735_reg_352050   |   16|   0|   16|          0|
    |add_ln58_1736_reg_352350   |   16|   0|   16|          0|
    |add_ln58_1741_reg_344906   |   16|   0|   16|          0|
    |add_ln58_1743_reg_345775   |   16|   0|   16|          0|
    |add_ln58_1747_reg_346666   |   16|   0|   16|          0|
    |add_ln58_174_reg_345445    |   16|   0|   16|          0|
    |add_ln58_1750_reg_347835   |   16|   0|   16|          0|
    |add_ln58_1752_reg_349669   |   16|   0|   16|          0|
    |add_ln58_1756_reg_347840   |   15|   0|   15|          0|
    |add_ln58_1757_reg_348759   |   16|   0|   16|          0|
    |add_ln58_1759_reg_350823   |   16|   0|   16|          0|
    |add_ln58_1761_reg_350828   |   15|   0|   15|          0|
    |add_ln58_1765_reg_351590   |   16|   0|   16|          0|
    |add_ln58_1766_reg_351595   |   15|   0|   15|          0|
    |add_ln58_1768_reg_344321   |   14|   0|   14|          0|
    |add_ln58_176_reg_347460    |   15|   0|   15|          0|
    |add_ln58_1772_reg_346671   |   14|   0|   14|          0|
    |add_ln58_1773_reg_347845   |   15|   0|   15|          0|
    |add_ln58_1774_reg_349674   |   14|   0|   14|          0|
    |add_ln58_1775_reg_350833   |   15|   0|   15|          0|
    |add_ln58_1777_reg_351600   |   14|   0|   14|          0|
    |add_ln58_1779_reg_350838   |   13|   0|   13|          0|
    |add_ln58_1780_reg_351605   |   14|   0|   14|          0|
    |add_ln58_1783_reg_352055   |   16|   0|   16|          0|
    |add_ln58_1784_reg_352355   |   16|   0|   16|          0|
    |add_ln58_1786_reg_344911   |   16|   0|   16|          0|
    |add_ln58_1789_reg_344916   |   16|   0|   16|          0|
    |add_ln58_178_reg_347465    |   16|   0|   16|          0|
    |add_ln58_1791_reg_345780   |   15|   0|   15|          0|
    |add_ln58_1795_reg_345785   |   16|   0|   16|          0|
    |add_ln58_1799_reg_346676   |   16|   0|   16|          0|
    |add_ln58_1801_reg_346681   |   16|   0|   16|          0|
    |add_ln58_1809_reg_347850   |   16|   0|   16|          0|
    |add_ln58_1810_reg_352360   |   16|   0|   16|          0|
    |add_ln58_1812_reg_348764   |   15|   0|   15|          0|
    |add_ln58_1815_reg_349679   |   16|   0|   16|          0|
    |add_ln58_1816_reg_350843   |   15|   0|   15|          0|
    |add_ln58_1820_reg_350848   |   15|   0|   15|          0|
    |add_ln58_1821_reg_352365   |   16|   0|   16|          0|
    |add_ln58_1824_reg_351610   |   15|   0|   15|          0|
    |add_ln58_1826_reg_352060   |   15|   0|   15|          0|
    |add_ln58_1829_reg_352065   |   15|   0|   15|          0|
    |add_ln58_1831_reg_346686   |   16|   0|   16|          0|
    |add_ln58_1834_reg_352370   |   16|   0|   16|          0|
    |add_ln58_1838_reg_346691   |   16|   0|   16|          0|
    |add_ln58_183_reg_348399    |   16|   0|   16|          0|
    |add_ln58_1840_reg_348769   |   16|   0|   16|          0|
    |add_ln58_1842_reg_349684   |   16|   0|   16|          0|
    |add_ln58_1847_reg_351615   |   16|   0|   16|          0|
    |add_ln58_1848_reg_352070   |   16|   0|   16|          0|
    |add_ln58_184_reg_349319    |   16|   0|   16|          0|
    |add_ln58_1850_reg_345790   |   16|   0|   16|          0|
    |add_ln58_1851_reg_345795   |   15|   0|   15|          0|
    |add_ln58_1852_reg_346696   |   16|   0|   16|          0|
    |add_ln58_1854_reg_347855   |   15|   0|   15|          0|
    |add_ln58_1856_reg_348774   |   15|   0|   15|          0|
    |add_ln58_1859_reg_350853   |   16|   0|   16|          0|
    |add_ln58_1860_reg_351620   |   16|   0|   16|          0|
    |add_ln58_1862_reg_351625   |   15|   0|   15|          0|
    |add_ln58_1866_reg_352075   |   16|   0|   16|          0|
    |add_ln58_186_reg_348404    |   15|   0|   15|          0|
    |add_ln58_1871_reg_348779   |   15|   0|   15|          0|
    |add_ln58_1872_reg_352080   |   16|   0|   16|          0|
    |add_ln58_1875_reg_350858   |   15|   0|   15|          0|
    |add_ln58_1876_reg_346701   |   13|   0|   13|          0|
    |add_ln58_1877_reg_350863   |   14|   0|   14|          0|
    |add_ln58_1879_reg_348784   |   13|   0|   13|          0|
    |add_ln58_1880_reg_349689   |   14|   0|   14|          0|
    |add_ln58_1881_reg_350868   |   13|   0|   13|          0|
    |add_ln58_1882_reg_350873   |   13|   0|   13|          0|
    |add_ln58_1885_reg_351630   |   16|   0|   16|          0|
    |add_ln58_1887_reg_352375   |   16|   0|   16|          0|
    |add_ln58_1889_reg_344326   |   15|   0|   15|          0|
    |add_ln58_188_reg_349324    |   15|   0|   15|          0|
    |add_ln58_1892_reg_345800   |   16|   0|   16|          0|
    |add_ln58_1893_reg_345805   |   14|   0|   14|          0|
    |add_ln58_1894_reg_346706   |   15|   0|   15|          0|
    |add_ln58_1896_reg_346711   |   15|   0|   15|          0|
    |add_ln58_1897_reg_347860   |   16|   0|   16|          0|
    |add_ln58_189_reg_350383    |   16|   0|   16|          0|
    |add_ln58_1900_reg_346716   |   15|   0|   15|          0|
    |add_ln58_1902_reg_347865   |   15|   0|   15|          0|
    |add_ln58_1908_reg_347870   |   16|   0|   16|          0|
    |add_ln58_1910_reg_348789   |   16|   0|   16|          0|
    |add_ln58_1911_reg_348794   |   14|   0|   14|          0|
    |add_ln58_1913_reg_349694   |   15|   0|   15|          0|
    |add_ln58_1914_reg_350878   |   16|   0|   16|          0|
    |add_ln58_1915_reg_350883   |   16|   0|   16|          0|
    |add_ln58_1919_reg_351635   |   16|   0|   16|          0|
    |add_ln58_191_reg_350388    |   15|   0|   15|          0|
    |add_ln58_1922_reg_352085   |   16|   0|   16|          0|
    |add_ln58_1924_reg_352090   |   14|   0|   14|          0|
    |add_ln58_1929_reg_344921   |   16|   0|   16|          0|
    |add_ln58_192_reg_350393    |   14|   0|   14|          0|
    |add_ln58_1931_reg_352380   |   16|   0|   16|          0|
    |add_ln58_1934_reg_345810   |   16|   0|   16|          0|
    |add_ln58_1936_reg_348799   |   16|   0|   16|          0|
    |add_ln58_1938_reg_349699   |   16|   0|   16|          0|
    |add_ln58_1943_reg_351640   |   16|   0|   16|          0|
    |add_ln58_1944_reg_344926   |   15|   0|   15|          0|
    |add_ln58_1947_reg_346721   |   16|   0|   16|          0|
    |add_ln58_1949_reg_348804   |   15|   0|   15|          0|
    |add_ln58_194_reg_351280    |   16|   0|   16|          0|
    |add_ln58_1953_reg_350888   |   16|   0|   16|          0|
    |add_ln58_1956_reg_350893   |   15|   0|   15|          0|
    |add_ln58_1958_reg_345815   |   14|   0|   14|          0|
    |add_ln58_1959_reg_346726   |   15|   0|   15|          0|
    |add_ln58_1960_reg_351645   |   16|   0|   16|          0|
    |add_ln58_1961_reg_344331   |   14|   0|   14|          0|
    |add_ln58_1962_reg_345820   |   15|   0|   15|          0|
    |add_ln58_1963_reg_348809   |   14|   0|   14|          0|
    |add_ln58_1965_reg_349704   |   16|   0|   16|          0|
    |add_ln58_1967_reg_350898   |   14|   0|   14|          0|
    |add_ln58_1969_reg_346731   |   13|   0|   13|          0|
    |add_ln58_1970_reg_347875   |   14|   0|   14|          0|
    |add_ln58_1972_reg_350903   |   13|   0|   13|          0|
    |add_ln58_1974_reg_350908   |   13|   0|   13|          0|
    |add_ln58_1977_reg_351650   |   16|   0|   16|          0|
    |add_ln58_1979_reg_352095   |   16|   0|   16|          0|
    |add_ln58_197_reg_351285    |   15|   0|   15|          0|
    |add_ln58_1981_reg_344336   |   14|   0|   14|          0|
    |add_ln58_1982_reg_344931   |   16|   0|   16|          0|
    |add_ln58_1985_reg_345825   |   16|   0|   16|          0|
    |add_ln58_1988_reg_345830   |   16|   0|   16|          0|
    |add_ln58_1992_reg_345835   |   15|   0|   15|          0|
    |add_ln58_1994_reg_346736   |   15|   0|   15|          0|
    |add_ln58_2001_reg_347880   |   16|   0|   16|          0|
    |add_ln58_2002_reg_352385   |   16|   0|   16|          0|
    |add_ln58_2004_reg_348814   |   15|   0|   15|          0|
    |add_ln58_2005_reg_348819   |   16|   0|   16|          0|
    |add_ln58_2009_reg_348824   |   15|   0|   15|          0|
    |add_ln58_2012_reg_349709   |   16|   0|   16|          0|
    |add_ln58_2015_reg_350913   |   16|   0|   16|          0|
    |add_ln58_2017_reg_350918   |   15|   0|   15|          0|
    |add_ln58_2019_reg_350923   |   14|   0|   14|          0|
    |add_ln58_201_reg_347470    |   16|   0|   16|          0|
    |add_ln58_2021_reg_350928   |   14|   0|   14|          0|
    |add_ln58_2024_reg_351655   |   16|   0|   16|          0|
    |add_ln58_2025_reg_352390   |   16|   0|   16|          0|
    |add_ln58_2029_reg_350933   |   16|   0|   16|          0|
    |add_ln58_2031_reg_348829   |   16|   0|   16|          0|
    |add_ln58_2035_reg_350938   |   16|   0|   16|          0|
    |add_ln58_2036_reg_352100   |   16|   0|   16|          0|
    |add_ln58_2038_reg_352105   |   16|   0|   16|          0|
    |add_ln58_2040_reg_352110   |   16|   0|   16|          0|
    |add_ln58_2045_reg_344341   |   16|   0|   16|          0|
    |add_ln58_2047_reg_352395   |   16|   0|   16|          0|
    |add_ln58_2049_reg_346741   |   15|   0|   15|          0|
    |add_ln58_204_reg_345450    |   16|   0|   16|          0|
    |add_ln58_2053_reg_347885   |   16|   0|   16|          0|
    |add_ln58_2054_reg_350943   |   15|   0|   15|          0|
    |add_ln58_2058_reg_352115   |   16|   0|   16|          0|
    |add_ln58_2060_reg_348834   |   14|   0|   14|          0|
    |add_ln58_2061_reg_349714   |   15|   0|   15|          0|
    |add_ln58_2063_reg_351660   |   15|   0|   15|          0|
    |add_ln58_2067_reg_350948   |   13|   0|   13|          0|
    |add_ln58_2068_reg_351665   |   14|   0|   14|          0|
    |add_ln58_2070_reg_352120   |   16|   0|   16|          0|
    |add_ln58_2071_reg_352400   |   16|   0|   16|          0|
    |add_ln58_2074_reg_344346   |   15|   0|   15|          0|
    |add_ln58_2078_reg_344936   |   16|   0|   16|          0|
    |add_ln58_207_reg_351775    |   16|   0|   16|          0|
    |add_ln58_2080_reg_345840   |   14|   0|   14|          0|
    |add_ln58_2082_reg_345845   |   15|   0|   15|          0|
    |add_ln58_2083_reg_346746   |   16|   0|   16|          0|
    |add_ln58_2086_reg_345850   |   15|   0|   15|          0|
    |add_ln58_2088_reg_346751   |   16|   0|   16|          0|
    |add_ln58_2095_reg_347890   |   16|   0|   16|          0|
    |add_ln58_2097_reg_348839   |   16|   0|   16|          0|
    |add_ln58_2098_reg_348844   |   16|   0|   16|          0|
    |add_ln58_2100_reg_349719   |   14|   0|   14|          0|
    |add_ln58_2101_reg_350953   |   15|   0|   15|          0|
    |add_ln58_2102_reg_352405   |   16|   0|   16|          0|
    |add_ln58_2103_reg_350958   |   16|   0|   16|          0|
    |add_ln58_2106_reg_351670   |   16|   0|   16|          0|
    |add_ln58_2107_reg_352410   |   16|   0|   16|          0|
    |add_ln58_210_reg_349329    |   16|   0|   16|          0|
    |add_ln58_2110_reg_352125   |   15|   0|   15|          0|
    |add_ln58_2112_reg_352130   |   16|   0|   16|          0|
    |add_ln58_2118_reg_348849   |   16|   0|   16|          0|
    |add_ln58_2120_reg_352415   |   16|   0|   16|          0|
    |add_ln58_2124_reg_349724   |   16|   0|   16|          0|
    |add_ln58_2126_reg_350963   |   16|   0|   16|          0|
    |add_ln58_212_reg_350398    |   16|   0|   16|          0|
    |add_ln58_2131_reg_346756   |   16|   0|   16|          0|
    |add_ln58_2133_reg_352135   |   16|   0|   16|          0|
    |add_ln58_2135_reg_349729   |   16|   0|   16|          0|
    |add_ln58_2137_reg_350968   |   16|   0|   16|          0|
    |add_ln58_2139_reg_350973   |   15|   0|   15|          0|
    |add_ln58_2141_reg_351675   |   15|   0|   15|          0|
    |add_ln58_2144_reg_352140   |   16|   0|   16|          0|
    |add_ln58_2149_reg_345855   |   14|   0|   14|          0|
    |add_ln58_2150_reg_346761   |   15|   0|   15|          0|
    |add_ln58_2151_reg_352145   |   16|   0|   16|          0|
    |add_ln58_2153_reg_348854   |   15|   0|   15|          0|
    |add_ln58_2154_reg_348859   |   14|   0|   14|          0|
    |add_ln58_2155_reg_348864   |   14|   0|   14|          0|
    |add_ln58_2157_reg_349734   |   16|   0|   16|          0|
    |add_ln58_2161_reg_347895   |   13|   0|   13|          0|
    |add_ln58_2162_reg_348869   |   14|   0|   14|          0|
    |add_ln58_2165_reg_349739   |   14|   0|   14|          0|
    |add_ln58_2166_reg_349744   |   13|   0|   13|          0|
    |add_ln58_2167_reg_349749   |   13|   0|   13|          0|
    |add_ln58_2169_reg_350978   |   15|   0|   15|          0|
    |add_ln58_216_reg_345455    |   15|   0|   15|          0|
    |add_ln58_2170_reg_352150   |   16|   0|   16|          0|
    |add_ln58_2172_reg_352420   |   16|   0|   16|          0|
    |add_ln58_2174_reg_344941   |   16|   0|   16|          0|
    |add_ln58_2177_reg_344946   |   15|   0|   15|          0|
    |add_ln58_217_reg_346286    |   16|   0|   16|          0|
    |add_ln58_2180_reg_345860   |   15|   0|   15|          0|
    |add_ln58_2182_reg_346766   |   15|   0|   15|          0|
    |add_ln58_2183_reg_347900   |   16|   0|   16|          0|
    |add_ln58_2186_reg_346771   |   15|   0|   15|          0|
    |add_ln58_2188_reg_346776   |   15|   0|   15|          0|
    |add_ln58_2194_reg_344351   |   15|   0|   15|          0|
    |add_ln58_2196_reg_347905   |   16|   0|   16|          0|
    |add_ln58_219_reg_351780    |   16|   0|   16|          0|
    |add_ln58_2202_reg_348874   |   16|   0|   16|          0|
    |add_ln58_2204_reg_349754   |   15|   0|   15|          0|
    |add_ln58_2205_reg_350983   |   16|   0|   16|          0|
    |add_ln58_220_reg_347475    |   15|   0|   15|          0|
    |add_ln58_2210_reg_351680   |   15|   0|   15|          0|
    |add_ln58_2212_reg_351685   |   16|   0|   16|          0|
    |add_ln58_2214_reg_351690   |   16|   0|   16|          0|
    |add_ln58_2217_reg_346781   |   16|   0|   16|          0|
    |add_ln58_221_reg_348409    |   16|   0|   16|          0|
    |add_ln58_2220_reg_352155   |   16|   0|   16|          0|
    |add_ln58_2224_reg_348879   |   16|   0|   16|          0|
    |add_ln58_2226_reg_348884   |   16|   0|   16|          0|
    |add_ln58_2228_reg_350988   |   16|   0|   16|          0|
    |add_ln58_2233_reg_352160   |   16|   0|   16|          0|
    |add_ln58_2234_reg_344356   |   15|   0|   15|          0|
    |add_ln58_2237_reg_344951   |   16|   0|   16|          0|
    |add_ln58_2239_reg_347910   |   15|   0|   15|          0|
    |add_ln58_223_reg_348414    |   16|   0|   16|          0|
    |add_ln58_2241_reg_347915   |   15|   0|   15|          0|
    |add_ln58_2244_reg_349759   |   16|   0|   16|          0|
    |add_ln58_2245_reg_351695   |   16|   0|   16|          0|
    |add_ln58_2247_reg_351700   |   15|   0|   15|          0|
    |add_ln58_2251_reg_352165   |   16|   0|   16|          0|
    |add_ln58_2252_reg_346786   |   14|   0|   14|          0|
    |add_ln58_2253_reg_347920   |   15|   0|   15|          0|
    |add_ln58_2254_reg_349764   |   14|   0|   14|          0|
    |add_ln58_2256_reg_350993   |   16|   0|   16|          0|
    |add_ln58_2260_reg_350998   |   14|   0|   14|          0|
    |add_ln58_2263_reg_345865   |   13|   0|   13|          0|
    |add_ln58_2264_reg_346791   |   14|   0|   14|          0|
    |add_ln58_2265_reg_351003   |   13|   0|   13|          0|
    |add_ln58_2266_reg_351008   |   13|   0|   13|          0|
    |add_ln58_2269_reg_351705   |   16|   0|   16|          0|
    |add_ln58_2276_reg_344956   |   15|   0|   15|          0|
    |add_ln58_2277_reg_344961   |   15|   0|   15|          0|
    |add_ln58_2280_reg_345870   |   14|   0|   14|          0|
    |add_ln58_2284_reg_345875   |   16|   0|   16|          0|
    |add_ln58_2286_reg_346796   |   16|   0|   16|          0|
    |add_ln58_2288_reg_346801   |   14|   0|   14|          0|
    |add_ln58_2293_reg_347925   |   16|   0|   16|          0|
    |add_ln58_2294_reg_352430   |   16|   0|   16|          0|
    |add_ln58_2298_reg_348889   |   16|   0|   16|          0|
    |add_ln58_229_reg_349334    |   16|   0|   16|          0|
    |add_ln58_2300_reg_349769   |   15|   0|   15|          0|
    |add_ln58_2302_reg_349774   |   15|   0|   15|          0|
    |add_ln58_2303_reg_351013   |   16|   0|   16|          0|
    |add_ln58_2306_reg_351018   |   15|   0|   15|          0|
    |add_ln58_2308_reg_352170   |   15|   0|   15|          0|
    |add_ln58_230_reg_350403    |   16|   0|   16|          0|
    |add_ln58_2312_reg_345880   |   16|   0|   16|          0|
    |add_ln58_2314_reg_352435   |   16|   0|   16|          0|
    |add_ln58_2318_reg_346806   |   16|   0|   16|          0|
    |add_ln58_2320_reg_346811   |   16|   0|   16|          0|
    |add_ln58_2322_reg_348894   |   16|   0|   16|          0|
    |add_ln58_2327_reg_349779   |   16|   0|   16|          0|
    |add_ln58_2329_reg_351023   |   16|   0|   16|          0|
    |add_ln58_232_reg_351290    |   15|   0|   15|          0|
    |add_ln58_2331_reg_351710   |   16|   0|   16|          0|
    |add_ln58_2335_reg_345885   |   15|   0|   15|          0|
    |add_ln58_2336_reg_346816   |   16|   0|   16|          0|
    |add_ln58_2338_reg_352175   |   16|   0|   16|          0|
    |add_ln58_2340_reg_347930   |   15|   0|   15|          0|
    |add_ln58_2341_reg_349784   |   15|   0|   15|          0|
    |add_ln58_2343_reg_351028   |   16|   0|   16|          0|
    |add_ln58_2348_reg_352180   |   16|   0|   16|          0|
    |add_ln58_234_reg_349339    |   15|   0|   15|          0|
    |add_ln58_2351_reg_349789   |   15|   0|   15|          0|
    |add_ln58_2352_reg_351033   |   14|   0|   14|          0|
    |add_ln58_2355_reg_351038   |   14|   0|   14|          0|
    |add_ln58_2357_reg_349794   |   13|   0|   13|          0|
    |add_ln58_2358_reg_351043   |   14|   0|   14|          0|
    |add_ln58_2360_reg_351715   |   16|   0|   16|          0|
    |add_ln58_2362_reg_352440   |   16|   0|   16|          0|
    |add_ln58_2365_reg_344966   |   15|   0|   15|          0|
    |add_ln58_2367_reg_345890   |   14|   0|   14|          0|
    |add_ln58_2368_reg_346821   |   16|   0|   16|          0|
    |add_ln58_2370_reg_346826   |   15|   0|   15|          0|
    |add_ln58_2371_reg_346831   |   16|   0|   16|          0|
    |add_ln58_2374_reg_347935   |   16|   0|   16|          0|
    |add_ln58_2377_reg_347940   |   15|   0|   15|          0|
    |add_ln58_2379_reg_348899   |   15|   0|   15|          0|
    |add_ln58_237_reg_344731    |   14|   0|   14|          0|
    |add_ln58_2382_reg_349799   |   15|   0|   15|          0|
    |add_ln58_2383_reg_349804   |   14|   0|   14|          0|
    |add_ln58_2387_reg_351048   |   16|   0|   16|          0|
    |add_ln58_2388_reg_351720   |   16|   0|   16|          0|
    |add_ln58_238_reg_345460    |   15|   0|   15|          0|
    |add_ln58_2390_reg_351053   |   15|   0|   15|          0|
    |add_ln58_2392_reg_351058   |   15|   0|   15|          0|
    |add_ln58_2393_reg_351725   |   16|   0|   16|          0|
    |add_ln58_2394_reg_351730   |   16|   0|   16|          0|
    |add_ln58_2396_reg_351735   |   14|   0|   14|          0|
    |add_ln58_2399_reg_352185   |   16|   0|   16|          0|
    |add_ln58_239_reg_345465    |   14|   0|   14|          0|
    |add_ln58_2404_reg_344971   |   16|   0|   16|          0|
    |add_ln58_2406_reg_345895   |   16|   0|   16|          0|
    |add_ln58_2411_reg_347945   |   16|   0|   16|          0|
    |add_ln58_2413_reg_352445   |   16|   0|   16|          0|
    |add_ln58_2416_reg_349809   |   16|   0|   16|          0|
    |add_ln58_2418_reg_351740   |   16|   0|   16|          0|
    |add_ln58_241_reg_346291    |   16|   0|   16|          0|
    |add_ln58_2423_reg_348904   |   15|   0|   15|          0|
    |add_ln58_2424_reg_351745   |   16|   0|   16|          0|
    |add_ln58_2426_reg_352190   |   16|   0|   16|          0|
    |add_ln58_2427_reg_345900   |   15|   0|   15|          0|
    |add_ln58_2428_reg_346836   |   16|   0|   16|          0|
    |add_ln58_2429_reg_345905   |   15|   0|   15|          0|
    |add_ln58_2430_reg_346841   |   16|   0|   16|          0|
    |add_ln58_2432_reg_347950   |   15|   0|   15|          0|
    |add_ln58_2434_reg_347955   |   15|   0|   15|          0|
    |add_ln58_2437_reg_348909   |   16|   0|   16|          0|
    |add_ln58_2438_reg_349814   |   16|   0|   16|          0|
    |add_ln58_2440_reg_349819   |   15|   0|   15|          0|
    |add_ln58_2444_reg_351063   |   16|   0|   16|          0|
    |add_ln58_2450_reg_352195   |   16|   0|   16|          0|
    |add_ln58_2453_reg_348914   |   15|   0|   15|          0|
    |add_ln58_2454_reg_351750   |   14|   0|   14|          0|
    |add_ln58_2458_reg_345910   |   13|   0|   13|          0|
    |add_ln58_2459_reg_347960   |   14|   0|   14|          0|
    |add_ln58_2460_reg_348919   |   13|   0|   13|          0|
    |add_ln58_2461_reg_349824   |   13|   0|   13|          0|
    |add_ln58_2463_reg_351068   |   15|   0|   15|          0|
    |add_ln58_2464_reg_352200   |   16|   0|   16|          0|
    |add_ln58_2466_reg_352450   |   16|   0|   16|          0|
    |add_ln58_246_reg_346296    |   14|   0|   14|          0|
    |add_ln58_248_reg_349344    |   13|   0|   13|          0|
    |add_ln58_249_reg_350408    |   14|   0|   14|          0|
    |add_ln58_250_reg_350413    |   13|   0|   13|          0|
    |add_ln58_253_reg_351295    |   16|   0|   16|          0|
    |add_ln58_254_reg_351785    |   16|   0|   16|          0|
    |add_ln58_257_reg_344196    |   14|   0|   14|          0|
    |add_ln58_259_reg_345470    |   15|   0|   15|          0|
    |add_ln58_260_reg_346301    |   16|   0|   16|          0|
    |add_ln58_262_reg_345475    |   15|   0|   15|          0|
    |add_ln58_263_reg_346306    |   15|   0|   15|          0|
    |add_ln58_267_reg_346311    |   14|   0|   14|          0|
    |add_ln58_269_reg_347480    |   16|   0|   16|          0|
    |add_ln58_272_reg_347485    |   15|   0|   15|          0|
    |add_ln58_276_reg_348419    |   16|   0|   16|          0|
    |add_ln58_280_reg_349349    |   15|   0|   15|          0|
    |add_ln58_282_reg_350418    |   14|   0|   14|          0|
    |add_ln58_285_reg_350423    |   16|   0|   16|          0|
    |add_ln58_289_reg_351300    |   15|   0|   15|          0|
    |add_ln58_291_reg_351305    |   15|   0|   15|          0|
    |add_ln58_295_reg_344736    |   16|   0|   16|          0|
    |add_ln58_298_reg_351790    |   16|   0|   16|          0|
    |add_ln58_301_reg_345480    |   16|   0|   16|          0|
    |add_ln58_303_reg_347490    |   16|   0|   16|          0|
    |add_ln58_305_reg_348424    |   16|   0|   16|          0|
    |add_ln58_310_reg_349354    |   16|   0|   16|          0|
    |add_ln58_312_reg_350428    |   16|   0|   16|          0|
    |add_ln58_316_reg_344201    |   15|   0|   15|          0|
    |add_ln58_318_reg_346316    |   15|   0|   15|          0|
    |add_ln58_320_reg_347495    |   16|   0|   16|          0|
    |add_ln58_321_reg_351795    |   16|   0|   16|          0|
    |add_ln58_323_reg_350433    |   15|   0|   15|          0|
    |add_ln58_326_reg_351310    |   16|   0|   16|          0|
    |add_ln58_330_reg_347500    |   15|   0|   15|          0|
    |add_ln58_334_reg_349359    |   15|   0|   15|          0|
    |add_ln58_335_reg_350438    |   14|   0|   14|          0|
    |add_ln58_338_reg_346321    |   13|   0|   13|          0|
    |add_ln58_339_reg_348429    |   14|   0|   14|          0|
    |add_ln58_340_reg_350443    |   13|   0|   13|          0|
    |add_ln58_343_reg_351315    |   16|   0|   16|          0|
    |add_ln58_344_reg_351800    |   16|   0|   16|          0|
    |add_ln58_348_reg_344741    |   15|   0|   15|          0|
    |add_ln58_349_reg_345485    |   16|   0|   16|          0|
    |add_ln58_352_reg_345490    |   15|   0|   15|          0|
    |add_ln58_354_reg_345495    |   13|   0|   13|          0|
    |add_ln58_355_reg_346326    |   14|   0|   14|          0|
    |add_ln58_359_reg_347505    |   15|   0|   15|          0|
    |add_ln58_361_reg_348434    |   15|   0|   15|          0|
    |add_ln58_367_reg_349364    |   16|   0|   16|          0|
    |add_ln58_368_reg_350448    |   16|   0|   16|          0|
    |add_ln58_370_reg_350453    |   14|   0|   14|          0|
    |add_ln58_373_reg_350458    |   15|   0|   15|          0|
    |add_ln58_374_reg_351320    |   16|   0|   16|          0|
    |add_ln58_376_reg_351325    |   15|   0|   15|          0|
    |add_ln58_378_reg_351330    |   14|   0|   14|          0|
    |add_ln58_384_reg_345500    |   16|   0|   16|          0|
    |add_ln58_386_reg_346331    |   16|   0|   16|          0|
    |add_ln58_390_reg_348439    |   16|   0|   16|          0|
    |add_ln58_392_reg_351805    |   16|   0|   16|          0|
    |add_ln58_395_reg_349369    |   16|   0|   16|          0|
    |add_ln58_397_reg_350463    |   16|   0|   16|          0|
    |add_ln58_399_reg_351335    |   16|   0|   16|          0|
    |add_ln58_404_reg_351810    |   16|   0|   16|          0|
    |add_ln58_405_reg_344746    |   15|   0|   15|          0|
    |add_ln58_406_reg_347510    |   16|   0|   16|          0|
    |add_ln58_408_reg_345505    |   16|   0|   16|          0|
    |add_ln58_410_reg_346336    |   15|   0|   15|          0|
    |add_ln58_414_reg_347515    |   16|   0|   16|          0|
    |add_ln58_415_reg_348444    |   16|   0|   16|          0|
    |add_ln58_417_reg_348449    |   15|   0|   15|          0|
    |add_ln58_419_reg_350468    |   15|   0|   15|          0|
    |add_ln58_421_reg_351340    |   16|   0|   16|          0|
    |add_ln58_422_reg_344751    |   14|   0|   14|          0|
    |add_ln58_423_reg_345510    |   15|   0|   15|          0|
    |add_ln58_424_reg_348454    |   14|   0|   14|          0|
    |add_ln58_426_reg_349374    |   16|   0|   16|          0|
    |add_ln58_429_reg_350473    |   15|   0|   15|          0|
    |add_ln58_433_reg_345515    |   13|   0|   13|          0|
    |add_ln58_434_reg_346341    |   14|   0|   14|          0|
    |add_ln58_435_reg_344206    |   13|   0|   13|          0|
    |add_ln58_436_reg_348459    |   14|   0|   14|          0|
    |add_ln58_437_reg_349379    |   15|   0|   15|          0|
    |add_ln58_438_reg_351345    |   16|   0|   16|          0|
    |add_ln58_439_reg_351815    |   16|   0|   16|          0|
    |add_ln58_443_reg_344756    |   15|   0|   15|          0|
    |add_ln58_445_reg_345520    |   15|   0|   15|          0|
    |add_ln58_446_reg_346346    |   16|   0|   16|          0|
    |add_ln58_447_reg_345525    |   15|   0|   15|          0|
    |add_ln58_450_reg_346351    |   16|   0|   16|          0|
    |add_ln58_454_reg_346356    |   16|   0|   16|          0|
    |add_ln58_456_reg_346361    |   16|   0|   16|          0|
    |add_ln58_459_reg_347520    |   15|   0|   15|          0|
    |add_ln58_463_reg_348464    |   16|   0|   16|          0|
    |add_ln58_466_reg_348469    |   15|   0|   15|          0|
    |add_ln58_467_reg_349384    |   15|   0|   15|          0|
    |add_ln58_470_reg_349389    |   15|   0|   15|          0|
    |add_ln58_473_reg_350478    |   16|   0|   16|          0|
    |add_ln58_477_reg_351350    |   16|   0|   16|          0|
    |add_ln58_479_reg_351355    |   16|   0|   16|          0|
    |add_ln58_484_reg_344211    |   16|   0|   16|          0|
    |add_ln58_487_reg_351820    |   16|   0|   16|          0|
    |add_ln58_491_reg_344761    |   16|   0|   16|          0|
    |add_ln58_493_reg_345530    |   16|   0|   16|          0|
    |add_ln58_500_reg_346366    |   16|   0|   16|          0|
    |add_ln58_502_reg_348474    |   16|   0|   16|          0|
    |add_ln58_504_reg_350483    |   16|   0|   16|          0|
    |add_ln58_509_reg_346371    |   16|   0|   16|          0|
    |add_ln58_511_reg_351360    |   16|   0|   16|          0|
    |add_ln58_517_reg_350488    |   16|   0|   16|          0|
    |add_ln58_520_reg_347525    |   14|   0|   14|          0|
    |add_ln58_521_reg_348479    |   15|   0|   15|          0|
    |add_ln58_524_reg_348484    |   14|   0|   14|          0|
    |add_ln58_525_reg_349394    |   15|   0|   15|          0|
    |add_ln58_529_reg_349399    |   13|   0|   13|          0|
    |add_ln58_530_reg_350493    |   14|   0|   14|          0|
    |add_ln58_531_reg_350498    |   13|   0|   13|          0|
    |add_ln58_532_reg_350503    |   13|   0|   13|          0|
    |add_ln58_535_reg_351365    |   16|   0|   16|          0|
    |add_ln58_536_reg_351825    |   16|   0|   16|          0|
    |add_ln58_539_reg_344216    |   15|   0|   15|          0|
    |add_ln58_542_reg_344766    |   15|   0|   15|          0|
    |add_ln58_545_reg_344771    |   14|   0|   14|          0|
    |add_ln58_546_reg_345535    |   14|   0|   14|          0|
    |add_ln58_548_reg_346376    |   16|   0|   16|          0|
    |add_ln58_551_reg_345540    |   16|   0|   16|          0|
    |add_ln58_553_reg_346381    |   15|   0|   15|          0|
    |add_ln58_556_reg_347530    |   14|   0|   14|          0|
    |add_ln58_560_reg_348489    |   16|   0|   16|          0|
    |add_ln58_563_reg_348494    |   15|   0|   15|          0|
    |add_ln58_566_reg_349404    |   16|   0|   16|          0|
    |add_ln58_568_reg_349409    |   15|   0|   15|          0|
    |add_ln58_571_reg_350508    |   16|   0|   16|          0|
    |add_ln58_574_reg_350513    |   15|   0|   15|          0|
    |add_ln58_576_reg_351830    |   16|   0|   16|          0|
    |add_ln58_581_reg_344221    |   16|   0|   16|          0|
    |add_ln58_583_reg_351835    |   16|   0|   16|          0|
    |add_ln58_588_reg_345545    |   16|   0|   16|          0|
    |add_ln58_590_reg_346386    |   16|   0|   16|          0|
    |add_ln58_597_reg_349414    |   16|   0|   16|          0|
    |add_ln58_601_reg_346391    |   16|   0|   16|          0|
    |add_ln58_603_reg_347535    |   15|   0|   15|          0|
    |add_ln58_605_reg_347540    |   15|   0|   15|          0|
    |add_ln58_608_reg_348499    |   16|   0|   16|          0|
    |add_ln58_611_reg_348504    |   15|   0|   15|          0|
    |add_ln58_615_reg_350518    |   16|   0|   16|          0|
    |add_ln58_618_reg_350523    |   15|   0|   15|          0|
    |add_ln58_622_reg_345550    |   14|   0|   14|          0|
    |add_ln58_623_reg_348509    |   15|   0|   15|          0|
    |add_ln58_625_reg_347545    |   15|   0|   15|          0|
    |add_ln58_628_reg_350528    |   15|   0|   15|          0|
    |add_ln58_630_reg_349419    |   13|   0|   13|          0|
    |add_ln58_631_reg_350533    |   14|   0|   14|          0|
    |add_ln58_634_reg_351370    |   16|   0|   16|          0|
    |add_ln58_635_reg_351840    |   16|   0|   16|          0|
    |add_ln58_637_reg_344776    |   14|   0|   14|          0|
    |add_ln58_639_reg_344781    |   15|   0|   15|          0|
    |add_ln58_640_reg_345555    |   16|   0|   16|          0|
    |add_ln58_642_reg_345560    |   14|   0|   14|          0|
    |add_ln58_643_reg_345565    |   14|   0|   14|          0|
    |add_ln58_648_reg_347550    |   15|   0|   15|          0|
    |add_ln58_650_reg_347555    |   15|   0|   15|          0|
    |add_ln58_655_reg_344226    |   15|   0|   15|          0|
    |add_ln58_657_reg_348514    |   16|   0|   16|          0|
    |add_ln58_660_reg_350538    |   15|   0|   15|          0|
    |add_ln58_661_reg_351375    |   15|   0|   15|          0|
    |add_ln58_665_reg_350543    |   14|   0|   14|          0|
    |add_ln58_668_reg_351845    |   16|   0|   16|          0|
    |add_ln58_671_reg_348519    |   16|   0|   16|          0|
    |add_ln58_673_reg_345570    |   16|   0|   16|          0|
    |add_ln58_675_reg_347560    |   16|   0|   16|          0|
    |add_ln58_680_reg_349424    |   16|   0|   16|          0|
    |add_ln58_683_reg_349429    |   16|   0|   16|          0|
    |add_ln58_685_reg_351380    |   16|   0|   16|          0|
    |add_ln58_690_reg_344786    |   16|   0|   16|          0|
    |add_ln58_692_reg_351850    |   16|   0|   16|          0|
    |add_ln58_694_reg_347565    |   16|   0|   16|          0|
    |add_ln58_696_reg_346396    |   16|   0|   16|          0|
    |add_ln58_698_reg_346401    |   15|   0|   15|          0|
    |add_ln58_700_reg_347570    |   15|   0|   15|          0|
    |add_ln58_703_reg_348524    |   16|   0|   16|          0|
    |add_ln58_709_reg_349434    |   16|   0|   16|          0|
    |add_ln58_710_reg_350548    |   15|   0|   15|          0|
    |add_ln58_714_reg_351855    |   16|   0|   16|          0|
    |add_ln58_716_reg_348529    |   14|   0|   14|          0|
    |add_ln58_717_reg_349439    |   15|   0|   15|          0|
    |add_ln58_721_reg_345575    |   13|   0|   13|          0|
    |add_ln58_723_reg_350553    |   13|   0|   13|          0|
    |add_ln58_726_reg_351385    |   16|   0|   16|          0|
    |add_ln58_732_reg_344791    |   14|   0|   14|          0|
    |add_ln58_738_reg_345580    |   16|   0|   16|          0|
    |add_ln58_741_reg_346406    |   16|   0|   16|          0|
    |add_ln58_743_reg_346411    |   16|   0|   16|          0|
    |add_ln58_747_reg_344231    |   14|   0|   14|          0|
    |add_ln58_750_reg_347575    |   16|   0|   16|          0|
    |add_ln58_754_reg_348534    |   15|   0|   15|          0|
    |add_ln58_756_reg_348539    |   15|   0|   15|          0|
    |add_ln58_759_reg_348544    |   14|   0|   14|          0|
    |add_ln58_763_reg_350558    |   16|   0|   16|          0|
    |add_ln58_765_reg_351390    |   15|   0|   15|          0|
    |add_ln58_772_reg_351860    |   16|   0|   16|          0|
    |add_ln58_775_reg_344796    |   16|   0|   16|          0|
    |add_ln58_777_reg_346416    |   16|   0|   16|          0|
    |add_ln58_779_reg_347580    |   16|   0|   16|          0|
    |add_ln58_784_reg_349444    |   16|   0|   16|          0|
    |add_ln58_786_reg_350563    |   16|   0|   16|          0|
    |add_ln58_790_reg_348549    |   15|   0|   15|          0|
    |add_ln58_794_reg_349449    |   16|   0|   16|          0|
    |add_ln58_795_reg_351395    |   16|   0|   16|          0|
    |add_ln58_797_reg_350568    |   15|   0|   15|          0|
    |add_ln58_799_reg_348554    |   14|   0|   14|          0|
    |add_ln58_803_reg_350573    |   15|   0|   15|          0|
    |add_ln58_804_reg_350578    |   14|   0|   14|          0|
    |add_ln58_806_reg_351400    |   16|   0|   16|          0|
    |add_ln58_808_reg_344801    |   13|   0|   13|          0|
    |add_ln58_809_reg_345585    |   14|   0|   14|          0|
    |add_ln58_810_reg_348559    |   13|   0|   13|          0|
    |add_ln58_812_reg_349454    |   15|   0|   15|          0|
    |add_ln58_813_reg_350583    |   13|   0|   13|          0|
    |add_ln58_816_reg_350588    |   14|   0|   14|          0|
    |add_ln58_817_reg_351405    |   15|   0|   15|          0|
    |add_ln58_819_reg_351865    |   16|   0|   16|          0|
    |add_ln58_823_reg_344236    |   15|   0|   15|          0|
    |add_ln58_826_reg_345590    |   16|   0|   16|          0|
    |add_ln58_828_reg_345595    |   15|   0|   15|          0|
    |add_ln58_829_reg_345600    |   14|   0|   14|          0|
    |add_ln58_831_reg_346421    |   16|   0|   16|          0|
    |add_ln58_834_reg_346426    |   16|   0|   16|          0|
    |add_ln58_836_reg_347585    |   16|   0|   16|          0|
    |add_ln58_839_reg_347590    |   14|   0|   14|          0|
    |add_ln58_843_reg_348564    |   16|   0|   16|          0|
    |add_ln58_844_reg_349459    |   16|   0|   16|          0|
    |add_ln58_846_reg_348569    |   15|   0|   15|          0|
    |add_ln58_849_reg_349464    |   16|   0|   16|          0|
    |add_ln58_850_reg_350593    |   14|   0|   14|          0|
    |add_ln58_851_reg_351410    |   15|   0|   15|          0|
    |add_ln58_852_reg_350598    |   16|   0|   16|          0|
    |add_ln58_857_reg_351415    |   16|   0|   16|          0|
    |add_ln58_859_reg_351420    |   16|   0|   16|          0|
    |add_ln58_866_reg_351870    |   16|   0|   16|          0|
    |add_ln58_868_reg_352240    |   16|   0|   16|          0|
    |add_ln58_873_reg_346431    |   16|   0|   16|          0|
    |add_ln58_875_reg_348574    |   16|   0|   16|          0|
    |add_ln58_879_reg_349469    |   16|   0|   16|          0|
    |add_ln58_883_reg_344806    |   15|   0|   15|          0|
    |add_ln58_884_reg_346436    |   16|   0|   16|          0|
    |add_ln58_886_reg_345605    |   15|   0|   15|          0|
    |add_ln58_890_reg_346441    |   16|   0|   16|          0|
    |add_ln58_891_reg_351875    |   16|   0|   16|          0|
    |add_ln58_893_reg_348579    |   15|   0|   15|          0|
    |add_ln58_895_reg_349474    |   15|   0|   15|          0|
    |add_ln58_897_reg_350603    |   16|   0|   16|          0|
    |add_ln58_898_reg_346446    |   14|   0|   14|          0|
    |add_ln58_900_reg_346451    |   14|   0|   14|          0|
    |add_ln58_901_reg_347595    |   15|   0|   15|          0|
    |add_ln58_902_reg_351880    |   16|   0|   16|          0|
    |add_ln58_905_reg_349479    |   15|   0|   15|          0|
    |add_ln58_907_reg_351425    |   15|   0|   15|          0|
    |add_ln58_909_reg_351430    |   13|   0|   13|          0|
    |add_ln58_911_reg_349484    |   13|   0|   13|          0|
    |add_ln58_912_reg_349489    |   13|   0|   13|          0|
    |add_ln58_913_reg_350608    |   14|   0|   14|          0|
    |add_ln58_915_reg_351885    |   16|   0|   16|          0|
    |add_ln58_917_reg_352245    |   16|   0|   16|          0|
    |add_ln58_919_reg_344241    |   14|   0|   14|          0|
    |add_ln58_921_reg_344811    |   15|   0|   15|          0|
    |add_ln58_922_reg_345610    |   16|   0|   16|          0|
    |add_ln58_924_reg_344816    |   15|   0|   15|          0|
    |add_ln58_926_reg_346456    |   15|   0|   15|          0|
    |add_ln58_927_reg_347600    |   16|   0|   16|          0|
    |add_ln58_930_reg_347605    |   16|   0|   16|          0|
    |add_ln58_932_reg_347610    |   16|   0|   16|          0|
    |add_ln58_934_reg_348584    |   16|   0|   16|          0|
    |add_ln58_938_reg_349494    |   16|   0|   16|          0|
    |add_ln58_940_reg_350613    |   16|   0|   16|          0|
    |add_ln58_945_reg_350618    |   16|   0|   16|          0|
    |add_ln58_947_reg_351435    |   15|   0|   15|          0|
    |add_ln58_948_reg_351890    |   14|   0|   14|          0|
    |add_ln58_957_reg_345615    |   16|   0|   16|          0|
    |add_ln58_961_reg_347615    |   16|   0|   16|          0|
    |add_ln58_962_reg_351895    |   16|   0|   16|          0|
    |add_ln58_966_reg_345620    |   16|   0|   16|          0|
    |add_ln58_968_reg_347620    |   16|   0|   16|          0|
    |add_ln58_975_reg_349499    |   16|   0|   16|          0|
    |add_ln58_981_reg_346461    |   15|   0|   15|          0|
    |add_ln58_985_reg_348589    |   16|   0|   16|          0|
    |add_ln58_986_reg_350623    |   16|   0|   16|          0|
    |add_ln58_988_reg_349504    |   15|   0|   15|          0|
    |add_ln58_992_reg_350628    |   16|   0|   16|          0|
    |add_ln58_995_reg_345625    |   14|   0|   14|          0|
    |add_ln58_997_reg_351440    |   16|   0|   16|          0|
    |add_ln58_999_reg_346466    |   14|   0|   14|          0|
    |add_ln58_reg_346281        |   13|   0|   13|          0|
    |ap_CS_fsm                  |   13|   0|   13|          0|
    |mult_1001_reg_349875       |   14|   0|   14|          0|
    |mult_1004_reg_349232       |   12|   0|   12|          0|
    |mult_1008_reg_349237       |   13|   0|   13|          0|
    |mult_1011_reg_349885       |   14|   0|   14|          0|
    |mult_1017_reg_349250       |   15|   0|   15|          0|
    |mult_1030_reg_349895       |   15|   0|   15|          0|
    |mult_1032_reg_349900       |   15|   0|   15|          0|
    |mult_1034_reg_349905       |   13|   0|   13|          0|
    |mult_1035_reg_349910       |   14|   0|   14|          0|
    |mult_1036_reg_349915       |   14|   0|   14|          0|
    |mult_103_reg_343972        |   15|   0|   15|          0|
    |mult_1043_reg_349920       |   15|   0|   15|          0|
    |mult_1046_reg_349925       |   13|   0|   13|          0|
    |mult_1048_reg_349255       |   13|   0|   13|          0|
    |mult_1051_reg_349930       |   14|   0|   14|          0|
    |mult_1052_reg_349935       |   13|   0|   13|          0|
    |mult_1053_reg_349260       |   14|   0|   14|          0|
    |mult_1054_reg_349940       |   14|   0|   14|          0|
    |mult_1056_reg_348374       |   12|   0|   12|          0|
    |mult_1058_reg_349945       |   13|   0|   13|          0|
    |mult_1064_reg_349965       |   14|   0|   14|          0|
    |mult_1066_reg_349975       |   15|   0|   15|          0|
    |mult_1068_reg_349980       |   13|   0|   13|          0|
    |mult_1069_reg_349985       |   14|   0|   14|          0|
    |mult_1073_reg_350005       |   13|   0|   13|          0|
    |mult_1074_reg_350010       |   15|   0|   15|          0|
    |mult_1077_reg_350015       |   13|   0|   13|          0|
    |mult_107_reg_343977        |   15|   0|   15|          0|
    |mult_1083_reg_351073       |   13|   0|   13|          0|
    |mult_1084_reg_351078       |   14|   0|   14|          0|
    |mult_1086_reg_350025       |   14|   0|   14|          0|
    |mult_1091_reg_350035       |   14|   0|   14|          0|
    |mult_10_reg_345925         |   12|   0|   12|          0|
    |mult_1102_reg_350040       |   16|   0|   16|          0|
    |mult_1104_reg_350045       |   13|   0|   13|          0|
    |mult_1105_reg_350050       |   13|   0|   13|          0|
    |mult_1107_reg_350055       |   14|   0|   14|          0|
    |mult_1109_reg_350065       |   15|   0|   15|          0|
    |mult_1112_reg_350070       |   12|   0|   12|          0|
    |mult_1113_reg_350075       |   15|   0|   15|          0|
    |mult_1116_reg_350080       |   14|   0|   14|          0|
    |mult_1120_reg_343698       |   13|   0|   13|          0|
    |mult_1121_reg_350085       |   16|   0|   16|          0|
    |mult_1123_reg_349279       |   13|   0|   13|          0|
    |mult_1128_reg_350095       |   14|   0|   14|          0|
    |mult_1129_reg_350100       |   13|   0|   13|          0|
    |mult_1131_reg_349289       |   12|   0|   12|          0|
    |mult_1133_reg_350105       |   14|   0|   14|          0|
    |mult_113_reg_344381        |   16|   0|   16|          0|
    |mult_1142_reg_350125       |   16|   0|   16|          0|
    |mult_1143_reg_350130       |   13|   0|   13|          0|
    |mult_1145_reg_350135       |   13|   0|   13|          0|
    |mult_1146_reg_350176       |   14|   0|   14|          0|
    |mult_1152_reg_351083       |   16|   0|   16|          0|
    |mult_1154_reg_351088       |   16|   0|   16|          0|
    |mult_1155_reg_350195       |   13|   0|   13|          0|
    |mult_1165_reg_351108       |   14|   0|   14|          0|
    |mult_1166_reg_351113       |   14|   0|   14|          0|
    |mult_1168_reg_351118       |   15|   0|   15|          0|
    |mult_1180_reg_351138       |   15|   0|   15|          0|
    |mult_1181_reg_351143       |   14|   0|   14|          0|
    |mult_1184_reg_343744       |   12|   0|   12|          0|
    |mult_1185_reg_351154       |   14|   0|   14|          0|
    |mult_1187_reg_351159       |   15|   0|   15|          0|
    |mult_1194_reg_351169       |   15|   0|   15|          0|
    |mult_1195_reg_350262       |   14|   0|   14|          0|
    |mult_1196_reg_350267       |   13|   0|   13|          0|
    |mult_119_reg_344007        |   15|   0|   15|          0|
    |mult_1200_reg_351179       |   15|   0|   15|          0|
    |mult_1203_reg_350272       |   15|   0|   15|          0|
    |mult_1205_reg_351189       |   13|   0|   13|          0|
    |mult_1207_reg_351194       |   14|   0|   14|          0|
    |mult_1208_reg_351199       |   14|   0|   14|          0|
    |mult_120_reg_346866        |   13|   0|   13|          0|
    |mult_1220_reg_351214       |   14|   0|   14|          0|
    |mult_1225_reg_343793       |   12|   0|   12|          0|
    |mult_1231_reg_349294       |   12|   0|   12|          0|
    |mult_1234_reg_349299       |   12|   0|   12|          0|
    |mult_1236_reg_349304       |   15|   0|   15|          0|
    |mult_1238_reg_349309       |   14|   0|   14|          0|
    |mult_1248_reg_350315       |   16|   0|   16|          0|
    |mult_124_reg_344386        |   14|   0|   14|          0|
    |mult_1251_reg_350320       |   15|   0|   15|          0|
    |mult_1255_reg_350330       |   15|   0|   15|          0|
    |mult_1257_reg_351244       |   15|   0|   15|          0|
    |mult_1259_reg_350340       |   13|   0|   13|          0|
    |mult_1266_reg_351249       |   16|   0|   16|          0|
    |mult_1270_reg_350351       |   15|   0|   15|          0|
    |mult_1272_reg_350378       |   13|   0|   13|          0|
    |mult_1277_reg_351254       |   15|   0|   15|          0|
    |mult_1284_reg_343856       |   12|   0|   12|          0|
    |mult_1286_reg_348379       |   12|   0|   12|          0|
    |mult_1287_reg_348384       |   15|   0|   15|          0|
    |mult_1289_reg_348389       |   14|   0|   14|          0|
    |mult_1292_reg_348394       |   14|   0|   14|          0|
    |mult_130_reg_344391        |   14|   0|   14|          0|
    |mult_132_reg_344396        |   13|   0|   13|          0|
    |mult_135_reg_344401        |   13|   0|   13|          0|
    |mult_136_reg_344406        |   12|   0|   12|          0|
    |mult_13_reg_345930         |   14|   0|   14|          0|
    |mult_149_reg_344981        |   15|   0|   15|          0|
    |mult_14_reg_345935         |   14|   0|   14|          0|
    |mult_151_reg_346871        |   13|   0|   13|          0|
    |mult_152_reg_346876        |   13|   0|   13|          0|
    |mult_154_reg_346881        |   13|   0|   13|          0|
    |mult_15_reg_342666         |   15|   0|   15|          0|
    |mult_160_reg_346886        |   14|   0|   14|          0|
    |mult_167_reg_346891        |   13|   0|   13|          0|
    |mult_170_reg_344063        |   13|   0|   13|          0|
    |mult_173_reg_346896        |   13|   0|   13|          0|
    |mult_177_reg_346901        |   12|   0|   12|          0|
    |mult_179_reg_344068        |   15|   0|   15|          0|
    |mult_185_reg_345940        |   16|   0|   16|          0|
    |mult_18_reg_342671         |   15|   0|   15|          0|
    |mult_193_reg_344125        |   16|   0|   16|          0|
    |mult_196_reg_344421        |   12|   0|   12|          0|
    |mult_197_reg_344426        |   13|   0|   13|          0|
    |mult_199_reg_344431        |   15|   0|   15|          0|
    |mult_19_reg_343861         |   12|   0|   12|          0|
    |mult_1_reg_342621          |   12|   0|   12|          0|
    |mult_200_reg_344436        |   15|   0|   15|          0|
    |mult_207_reg_344986        |   14|   0|   14|          0|
    |mult_209_reg_345945        |   13|   0|   13|          0|
    |mult_213_reg_345950        |   14|   0|   14|          0|
    |mult_214_reg_344186        |   15|   0|   15|          0|
    |mult_217_reg_345955        |   15|   0|   15|          0|
    |mult_21_reg_343866         |   15|   0|   15|          0|
    |mult_224_reg_344451        |   14|   0|   14|          0|
    |mult_227_reg_344466        |   14|   0|   14|          0|
    |mult_231_reg_344471        |   12|   0|   12|          0|
    |mult_233_reg_344482        |   15|   0|   15|          0|
    |mult_236_reg_344991        |   13|   0|   13|          0|
    |mult_238_reg_344996        |   15|   0|   15|          0|
    |mult_239_reg_344487        |   12|   0|   12|          0|
    |mult_241_reg_345001        |   14|   0|   14|          0|
    |mult_245_reg_344492        |   14|   0|   14|          0|
    |mult_249_reg_344502        |   15|   0|   15|          0|
    |mult_24_reg_343871         |   13|   0|   13|          0|
    |mult_250_reg_342893        |   12|   0|   12|          0|
    |mult_257_reg_345006        |   14|   0|   14|          0|
    |mult_260_reg_345960        |   13|   0|   13|          0|
    |mult_262_reg_345011        |   15|   0|   15|          0|
    |mult_263_reg_345965        |   15|   0|   15|          0|
    |mult_264_reg_342912        |   12|   0|   12|          0|
    |mult_26_reg_343876         |   12|   0|   12|          0|
    |mult_270_reg_345016        |   12|   0|   12|          0|
    |mult_271_reg_344552        |   15|   0|   15|          0|
    |mult_274_reg_345970        |   15|   0|   15|          0|
    |mult_276_reg_344578        |   14|   0|   14|          0|
    |mult_278_reg_345975        |   13|   0|   13|          0|
    |mult_27_reg_343881         |   14|   0|   14|          0|
    |mult_280_reg_344583        |   13|   0|   13|          0|
    |mult_284_reg_345021        |   13|   0|   13|          0|
    |mult_288_reg_345027        |   15|   0|   15|          0|
    |mult_289_reg_344613        |   12|   0|   12|          0|
    |mult_290_reg_345032        |   13|   0|   13|          0|
    |mult_294_reg_345042        |   15|   0|   15|          0|
    |mult_2_reg_345915          |   14|   0|   14|          0|
    |mult_300_reg_345047        |   14|   0|   14|          0|
    |mult_301_reg_345052        |   15|   0|   15|          0|
    |mult_304_reg_345057        |   14|   0|   14|          0|
    |mult_305_reg_345062        |   15|   0|   15|          0|
    |mult_307_reg_345067        |   13|   0|   13|          0|
    |mult_316_reg_344684        |   15|   0|   15|          0|
    |mult_318_reg_345980        |   15|   0|   15|          0|
    |mult_319_reg_345077        |   15|   0|   15|          0|
    |mult_31_reg_344361         |   16|   0|   16|          0|
    |mult_320_reg_344694        |   13|   0|   13|          0|
    |mult_321_reg_345985        |   14|   0|   14|          0|
    |mult_324_reg_344699        |   15|   0|   15|          0|
    |mult_329_reg_345990        |   12|   0|   12|          0|
    |mult_32_reg_344366         |   13|   0|   13|          0|
    |mult_331_reg_345082        |   15|   0|   15|          0|
    |mult_333_reg_345087        |   13|   0|   13|          0|
    |mult_341_reg_345108        |   13|   0|   13|          0|
    |mult_342_reg_345113        |   14|   0|   14|          0|
    |mult_344_reg_345118        |   14|   0|   14|          0|
    |mult_345_reg_345123        |   15|   0|   15|          0|
    |mult_346_reg_345133        |   12|   0|   12|          0|
    |mult_347_reg_345138        |   14|   0|   14|          0|
    |mult_348_reg_345143        |   14|   0|   14|          0|
    |mult_349_reg_345148        |   15|   0|   15|          0|
    |mult_350_reg_345158        |   14|   0|   14|          0|
    |mult_354_reg_345163        |   14|   0|   14|          0|
    |mult_358_reg_345168        |   15|   0|   15|          0|
    |mult_364_reg_345173        |   13|   0|   13|          0|
    |mult_367_reg_345178        |   14|   0|   14|          0|
    |mult_369_reg_345188        |   14|   0|   14|          0|
    |mult_36_reg_344371         |   15|   0|   15|          0|
    |mult_371_reg_345193        |   14|   0|   14|          0|
    |mult_375_reg_345198        |   12|   0|   12|          0|
    |mult_376_reg_345203        |   12|   0|   12|          0|
    |mult_378_reg_345222        |   14|   0|   14|          0|
    |mult_381_reg_346000        |   12|   0|   12|          0|
    |mult_383_reg_345227        |   12|   0|   12|          0|
    |mult_393_reg_345246        |   14|   0|   14|          0|
    |mult_3_reg_342626          |   13|   0|   13|          0|
    |mult_405_reg_346906        |   12|   0|   12|          0|
    |mult_406_reg_345256        |   14|   0|   14|          0|
    |mult_407_reg_345261        |   15|   0|   15|          0|
    |mult_40_reg_342711         |   14|   0|   14|          0|
    |mult_410_reg_345271        |   12|   0|   12|          0|
    |mult_411_reg_345277        |   15|   0|   15|          0|
    |mult_412_reg_345282        |   14|   0|   14|          0|
    |mult_413_reg_345287        |   12|   0|   12|          0|
    |mult_414_reg_345292        |   14|   0|   14|          0|
    |mult_415_reg_345297        |   13|   0|   13|          0|
    |mult_416_reg_345302        |   13|   0|   13|          0|
    |mult_419_reg_345307        |   15|   0|   15|          0|
    |mult_41_reg_346846         |   13|   0|   13|          0|
    |mult_420_reg_345317        |   15|   0|   15|          0|
    |mult_421_reg_345322        |   16|   0|   16|          0|
    |mult_422_reg_345327        |   15|   0|   15|          0|
    |mult_423_reg_345332        |   13|   0|   13|          0|
    |mult_426_reg_345337        |   14|   0|   14|          0|
    |mult_42_reg_342716         |   15|   0|   15|          0|
    |mult_436_reg_345354        |   14|   0|   14|          0|
    |mult_43_reg_342721         |   12|   0|   12|          0|
    |mult_440_reg_345359        |   15|   0|   15|          0|
    |mult_441_reg_346006        |   13|   0|   13|          0|
    |mult_442_reg_345378        |   14|   0|   14|          0|
    |mult_443_reg_345383        |   13|   0|   13|          0|
    |mult_445_reg_346911        |   13|   0|   13|          0|
    |mult_447_reg_345388        |   15|   0|   15|          0|
    |mult_449_reg_346916        |   14|   0|   14|          0|
    |mult_450_reg_345398        |   13|   0|   13|          0|
    |mult_452_reg_346921        |   13|   0|   13|          0|
    |mult_458_reg_345415        |   15|   0|   15|          0|
    |mult_463_reg_346021        |   14|   0|   14|          0|
    |mult_464_reg_346926        |   13|   0|   13|          0|
    |mult_465_reg_346931        |   12|   0|   12|          0|
    |mult_469_reg_346033        |   12|   0|   12|          0|
    |mult_46_reg_346851         |   13|   0|   13|          0|
    |mult_470_reg_346936        |   14|   0|   14|          0|
    |mult_47_reg_342726         |   15|   0|   15|          0|
    |mult_485_reg_346946        |   13|   0|   13|          0|
    |mult_489_reg_346951        |   13|   0|   13|          0|
    |mult_48_reg_342731         |   13|   0|   13|          0|
    |mult_499_reg_346956        |   12|   0|   12|          0|
    |mult_49_reg_346856         |   13|   0|   13|          0|
    |mult_501_reg_346073        |   15|   0|   15|          0|
    |mult_504_reg_346083        |   14|   0|   14|          0|
    |mult_505_reg_343000        |   12|   0|   12|          0|
    |mult_507_reg_346097        |   13|   0|   13|          0|
    |mult_50_reg_346861         |   14|   0|   14|          0|
    |mult_510_reg_346961        |   14|   0|   14|          0|
    |mult_512_reg_346966        |   12|   0|   12|          0|
    |mult_515_reg_346971        |   15|   0|   15|          0|
    |mult_516_reg_346112        |   15|   0|   15|          0|
    |mult_517_reg_346976        |   12|   0|   12|          0|
    |mult_524_reg_345430        |   14|   0|   14|          0|
    |mult_525_reg_343026        |   12|   0|   12|          0|
    |mult_527_reg_346122        |   15|   0|   15|          0|
    |mult_528_reg_343031        |   13|   0|   13|          0|
    |mult_533_reg_346132        |   12|   0|   12|          0|
    |mult_536_reg_346153        |   15|   0|   15|          0|
    |mult_538_reg_346158        |   12|   0|   12|          0|
    |mult_539_reg_343056        |   13|   0|   13|          0|
    |mult_53_reg_343886         |   14|   0|   14|          0|
    |mult_540_reg_346163        |   16|   0|   16|          0|
    |mult_542_reg_346173        |   15|   0|   15|          0|
    |mult_545_reg_346178        |   14|   0|   14|          0|
    |mult_547_reg_346188        |   15|   0|   15|          0|
    |mult_54_reg_342755         |   15|   0|   15|          0|
    |mult_550_reg_346193        |   13|   0|   13|          0|
    |mult_551_reg_346198        |   14|   0|   14|          0|
    |mult_555_reg_346981        |   15|   0|   15|          0|
    |mult_557_reg_346986        |   15|   0|   15|          0|
    |mult_560_reg_346213        |   14|   0|   14|          0|
    |mult_562_reg_346991        |   14|   0|   14|          0|
    |mult_564_reg_346996        |   13|   0|   13|          0|
    |mult_565_reg_347001        |   15|   0|   15|          0|
    |mult_571_reg_346218        |   14|   0|   14|          0|
    |mult_573_reg_347006        |   14|   0|   14|          0|
    |mult_574_reg_347011        |   12|   0|   12|          0|
    |mult_578_reg_347021        |   15|   0|   15|          0|
    |mult_579_reg_346233        |   14|   0|   14|          0|
    |mult_582_reg_347031        |   12|   0|   12|          0|
    |mult_586_reg_346243        |   15|   0|   15|          0|
    |mult_58_reg_343891         |   14|   0|   14|          0|
    |mult_590_reg_347041        |   13|   0|   13|          0|
    |mult_592_reg_347046        |   14|   0|   14|          0|
    |mult_594_reg_347056        |   14|   0|   14|          0|
    |mult_596_reg_347066        |   15|   0|   15|          0|
    |mult_597_reg_347071        |   15|   0|   15|          0|
    |mult_599_reg_346276        |   13|   0|   13|          0|
    |mult_601_reg_347076        |   15|   0|   15|          0|
    |mult_602_reg_347081        |   15|   0|   15|          0|
    |mult_603_reg_347086        |   13|   0|   13|          0|
    |mult_605_reg_347091        |   14|   0|   14|          0|
    |mult_607_reg_347097        |   14|   0|   14|          0|
    |mult_608_reg_347102        |   15|   0|   15|          0|
    |mult_60_reg_342760         |   15|   0|   15|          0|
    |mult_610_reg_347117        |   13|   0|   13|          0|
    |mult_612_reg_347122        |   15|   0|   15|          0|
    |mult_613_reg_347127        |   14|   0|   14|          0|
    |mult_615_reg_347143        |   14|   0|   14|          0|
    |mult_617_reg_347148        |   14|   0|   14|          0|
    |mult_618_reg_347158        |   15|   0|   15|          0|
    |mult_619_reg_347163        |   14|   0|   14|          0|
    |mult_61_reg_343896         |   13|   0|   13|          0|
    |mult_625_reg_347168        |   14|   0|   14|          0|
    |mult_626_reg_347173        |   12|   0|   12|          0|
    |mult_631_reg_343198        |   11|   0|   11|          0|
    |mult_635_reg_347193        |   12|   0|   12|          0|
    |mult_641_reg_347203        |   13|   0|   13|          0|
    |mult_644_reg_343222        |   13|   0|   13|          0|
    |mult_655_reg_347208        |   15|   0|   15|          0|
    |mult_656_reg_347213        |   16|   0|   16|          0|
    |mult_65_reg_343902         |   13|   0|   13|          0|
    |mult_660_reg_347223        |   12|   0|   12|          0|
    |mult_664_reg_347228        |   12|   0|   12|          0|
    |mult_668_reg_347243        |   14|   0|   14|          0|
    |mult_669_reg_347248        |   15|   0|   15|          0|
    |mult_670_reg_347253        |   14|   0|   14|          0|
    |mult_674_reg_347258        |   14|   0|   14|          0|
    |mult_677_reg_347970        |   13|   0|   13|          0|
    |mult_678_reg_347277        |   15|   0|   15|          0|
    |mult_679_reg_347282        |   15|   0|   15|          0|
    |mult_681_reg_347287        |   14|   0|   14|          0|
    |mult_682_reg_347292        |   15|   0|   15|          0|
    |mult_684_reg_347297        |   14|   0|   14|          0|
    |mult_686_reg_347302        |   12|   0|   12|          0|
    |mult_692_reg_347329        |   14|   0|   14|          0|
    |mult_693_reg_347975        |   14|   0|   14|          0|
    |mult_694_reg_347339        |   13|   0|   13|          0|
    |mult_695_reg_347980        |   13|   0|   13|          0|
    |mult_697_reg_347985        |   12|   0|   12|          0|
    |mult_6_reg_345920          |   13|   0|   13|          0|
    |mult_701_reg_347990        |   14|   0|   14|          0|
    |mult_703_reg_347995        |   13|   0|   13|          0|
    |mult_705_reg_348000        |   13|   0|   13|          0|
    |mult_70_reg_343907         |   12|   0|   12|          0|
    |mult_717_reg_348010        |   13|   0|   13|          0|
    |mult_71_reg_343912         |   15|   0|   15|          0|
    |mult_720_reg_348015        |   15|   0|   15|          0|
    |mult_726_reg_348020        |   15|   0|   15|          0|
    |mult_728_reg_348030        |   15|   0|   15|          0|
    |mult_729_reg_348035        |   13|   0|   13|          0|
    |mult_730_reg_347410        |   16|   0|   16|          0|
    |mult_731_reg_348040        |   15|   0|   15|          0|
    |mult_732_reg_348045        |   15|   0|   15|          0|
    |mult_733_reg_348050        |   16|   0|   16|          0|
    |mult_735_reg_348055        |   14|   0|   14|          0|
    |mult_739_reg_347422        |   14|   0|   14|          0|
    |mult_740_reg_348065        |   14|   0|   14|          0|
    |mult_742_reg_343286        |   12|   0|   12|          0|
    |mult_747_reg_348080        |   14|   0|   14|          0|
    |mult_74_reg_342785         |   15|   0|   15|          0|
    |mult_757_reg_343334        |   12|   0|   12|          0|
    |mult_758_reg_348110        |   15|   0|   15|          0|
    |mult_759_reg_348115        |   13|   0|   13|          0|
    |mult_760_reg_343339        |   12|   0|   12|          0|
    |mult_761_reg_348130        |   15|   0|   15|          0|
    |mult_762_reg_348135        |   12|   0|   12|          0|
    |mult_764_reg_348145        |   15|   0|   15|          0|
    |mult_765_reg_343363        |   12|   0|   12|          0|
    |mult_767_reg_348150        |   14|   0|   14|          0|
    |mult_768_reg_348155        |   14|   0|   14|          0|
    |mult_769_reg_348160        |   14|   0|   14|          0|
    |mult_772_reg_348165        |   14|   0|   14|          0|
    |mult_777_reg_348175        |   13|   0|   13|          0|
    |mult_779_reg_347427        |   15|   0|   15|          0|
    |mult_785_reg_348185        |   16|   0|   16|          0|
    |mult_787_reg_347439        |   13|   0|   13|          0|
    |mult_789_reg_348195        |   15|   0|   15|          0|
    |mult_792_reg_348200        |   14|   0|   14|          0|
    |mult_793_reg_348205        |   13|   0|   13|          0|
    |mult_7_reg_342631          |   15|   0|   15|          0|
    |mult_800_reg_348220        |   13|   0|   13|          0|
    |mult_801_reg_348225        |   14|   0|   14|          0|
    |mult_808_reg_348245        |   15|   0|   15|          0|
    |mult_812_reg_348250        |   15|   0|   15|          0|
    |mult_814_reg_348260        |   14|   0|   14|          0|
    |mult_819_reg_348275        |   13|   0|   13|          0|
    |mult_822_reg_348280        |   14|   0|   14|          0|
    |mult_827_reg_348285        |   12|   0|   12|          0|
    |mult_832_reg_348290        |   14|   0|   14|          0|
    |mult_833_reg_348295        |   15|   0|   15|          0|
    |mult_839_reg_343436        |   12|   0|   12|          0|
    |mult_83_reg_342810         |   15|   0|   15|          0|
    |mult_840_reg_348305        |   14|   0|   14|          0|
    |mult_841_reg_348315        |   15|   0|   15|          0|
    |mult_846_reg_348325        |   15|   0|   15|          0|
    |mult_849_reg_348330        |   13|   0|   13|          0|
    |mult_84_reg_344976         |   12|   0|   12|          0|
    |mult_850_reg_348335        |   14|   0|   14|          0|
    |mult_851_reg_348340        |   15|   0|   15|          0|
    |mult_856_reg_348345        |   15|   0|   15|          0|
    |mult_858_reg_343457        |   12|   0|   12|          0|
    |mult_859_reg_348350        |   14|   0|   14|          0|
    |mult_860_reg_348355        |   14|   0|   14|          0|
    |mult_862_reg_348360        |   15|   0|   15|          0|
    |mult_865_reg_349829        |   16|   0|   16|          0|
    |mult_871_reg_343480        |   12|   0|   12|          0|
    |mult_875_reg_343498        |   12|   0|   12|          0|
    |mult_879_reg_348929        |   13|   0|   13|          0|
    |mult_882_reg_348934        |   15|   0|   15|          0|
    |mult_883_reg_348939        |   15|   0|   15|          0|
    |mult_891_reg_348965        |   14|   0|   14|          0|
    |mult_894_reg_348970        |   15|   0|   15|          0|
    |mult_895_reg_348981        |   14|   0|   14|          0|
    |mult_898_reg_348986        |   14|   0|   14|          0|
    |mult_899_reg_348991        |   13|   0|   13|          0|
    |mult_89_reg_343922         |   14|   0|   14|          0|
    |mult_900_reg_348996        |   12|   0|   12|          0|
    |mult_906_reg_349011        |   15|   0|   15|          0|
    |mult_907_reg_349016        |   14|   0|   14|          0|
    |mult_908_reg_349021        |   14|   0|   14|          0|
    |mult_90_reg_343927         |   15|   0|   15|          0|
    |mult_910_reg_349026        |   13|   0|   13|          0|
    |mult_913_reg_349036        |   15|   0|   15|          0|
    |mult_921_reg_349834        |   14|   0|   14|          0|
    |mult_924_reg_349839        |   13|   0|   13|          0|
    |mult_927_reg_349844        |   14|   0|   14|          0|
    |mult_92_reg_343932         |   13|   0|   13|          0|
    |mult_930_reg_349849        |   13|   0|   13|          0|
    |mult_932_reg_349047        |   14|   0|   14|          0|
    |mult_933_reg_349057        |   15|   0|   15|          0|
    |mult_934_reg_349062        |   12|   0|   12|          0|
    |mult_937_reg_349067        |   14|   0|   14|          0|
    |mult_938_reg_349072        |   13|   0|   13|          0|
    |mult_939_reg_349077        |   15|   0|   15|          0|
    |mult_93_reg_343937         |   15|   0|   15|          0|
    |mult_944_reg_349097        |   14|   0|   14|          0|
    |mult_945_reg_349102        |   15|   0|   15|          0|
    |mult_948_reg_349112        |   16|   0|   16|          0|
    |mult_94_reg_343942         |   15|   0|   15|          0|
    |mult_958_reg_343571        |   12|   0|   12|          0|
    |mult_959_reg_349122        |   14|   0|   14|          0|
    |mult_95_reg_343947         |   13|   0|   13|          0|
    |mult_960_reg_349127        |   15|   0|   15|          0|
    |mult_962_reg_349142        |   12|   0|   12|          0|
    |mult_963_reg_343576        |   12|   0|   12|          0|
    |mult_968_reg_349147        |   15|   0|   15|          0|
    |mult_969_reg_349152        |   14|   0|   14|          0|
    |mult_972_reg_349162        |   13|   0|   13|          0|
    |mult_974_reg_349167        |   14|   0|   14|          0|
    |mult_976_reg_349172        |   14|   0|   14|          0|
    |mult_980_reg_349182        |   14|   0|   14|          0|
    |mult_981_reg_349187        |   12|   0|   12|          0|
    |mult_987_reg_343598        |   12|   0|   12|          0|
    |mult_990_reg_349192        |   15|   0|   15|          0|
    |mult_996_reg_349859        |   13|   0|   13|          0|
    |mult_997_reg_349865        |   13|   0|   13|          0|
    |mult_99_reg_343957         |   12|   0|   12|          0|
    |mult_9_reg_342641          |   15|   0|   15|          0|
    |reg_292589                 |   14|   0|   14|          0|
    |reg_292593                 |   14|   0|   14|          0|
    |reg_292597                 |   13|   0|   13|          0|
    |reg_292601                 |   13|   0|   13|          0|
    |reg_292605                 |   15|   0|   15|          0|
    |reg_292609                 |   13|   0|   13|          0|
    |reg_292613                 |   13|   0|   13|          0|
    |reg_292617                 |   14|   0|   14|          0|
    |reg_292621                 |   15|   0|   15|          0|
    |reg_292625                 |   14|   0|   14|          0|
    |reg_292629                 |   14|   0|   14|          0|
    |reg_292633                 |   14|   0|   14|          0|
    |reg_292637                 |   12|   0|   12|          0|
    |reg_292641                 |   15|   0|   15|          0|
    |reg_292645                 |   12|   0|   12|          0|
    |reg_292649                 |   12|   0|   12|          0|
    |reg_292653                 |   12|   0|   12|          0|
    |reg_292657                 |   15|   0|   15|          0|
    |reg_292661                 |   13|   0|   13|          0|
    |reg_292665                 |   14|   0|   14|          0|
    |reg_292669                 |   14|   0|   14|          0|
    |reg_292673                 |   14|   0|   14|          0|
    |reg_292677                 |   14|   0|   14|          0|
    |reg_292681                 |   14|   0|   14|          0|
    |reg_292685                 |   13|   0|   13|          0|
    |reg_292689                 |   13|   0|   13|          0|
    |reg_292693                 |   14|   0|   14|          0|
    |reg_292697                 |   12|   0|   12|          0|
    |reg_292701                 |   14|   0|   14|          0|
    |reg_292705                 |   12|   0|   12|          0|
    |reg_292709                 |   13|   0|   13|          0|
    |reg_292713                 |   14|   0|   14|          0|
    |reg_292717                 |   15|   0|   15|          0|
    |reg_292721                 |   13|   0|   13|          0|
    |reg_292725                 |   13|   0|   13|          0|
    |reg_292729                 |   15|   0|   15|          0|
    |reg_292733                 |   15|   0|   15|          0|
    |reg_292737                 |   12|   0|   12|          0|
    |reg_292741                 |   14|   0|   14|          0|
    |reg_292745                 |   13|   0|   13|          0|
    |reg_292749                 |   15|   0|   15|          0|
    |reg_292753                 |   14|   0|   14|          0|
    |reg_292757                 |   14|   0|   14|          0|
    |reg_292761                 |   13|   0|   13|          0|
    |reg_292765                 |   14|   0|   14|          0|
    |reg_292769                 |   13|   0|   13|          0|
    |reg_292773                 |   14|   0|   14|          0|
    |reg_292777                 |   14|   0|   14|          0|
    |reg_292781                 |   12|   0|   12|          0|
    |reg_292785                 |   15|   0|   15|          0|
    |reg_292789                 |   15|   0|   15|          0|
    |reg_292793                 |   15|   0|   15|          0|
    |reg_292797                 |   15|   0|   15|          0|
    |reg_292801                 |   13|   0|   13|          0|
    |reg_292805                 |   14|   0|   14|          0|
    |reg_292809                 |   15|   0|   15|          0|
    |reg_292813                 |   15|   0|   15|          0|
    |reg_292817                 |   14|   0|   14|          0|
    |reg_292821                 |   12|   0|   12|          0|
    |reg_292825                 |   13|   0|   13|          0|
    |reg_292829                 |   14|   0|   14|          0|
    |reg_292833                 |   14|   0|   14|          0|
    |reg_292837                 |   14|   0|   14|          0|
    |reg_292841                 |   14|   0|   14|          0|
    |reg_292845                 |   13|   0|   13|          0|
    |reg_292849                 |   13|   0|   13|          0|
    |reg_292853                 |   13|   0|   13|          0|
    |reg_292857                 |   14|   0|   14|          0|
    |reg_292861                 |   14|   0|   14|          0|
    |reg_292865                 |   13|   0|   13|          0|
    |reg_292869                 |   15|   0|   15|          0|
    |reg_292873                 |   15|   0|   15|          0|
    |reg_292877                 |   13|   0|   13|          0|
    |reg_292881                 |   13|   0|   13|          0|
    |reg_292885                 |   13|   0|   13|          0|
    |reg_292889                 |   13|   0|   13|          0|
    |reg_292893                 |   13|   0|   13|          0|
    |reg_292897                 |   13|   0|   13|          0|
    |reg_292901                 |   12|   0|   12|          0|
    |reg_292905                 |   13|   0|   13|          0|
    |reg_292909                 |   13|   0|   13|          0|
    |reg_292913                 |   12|   0|   12|          0|
    |reg_292917                 |   12|   0|   12|          0|
    |reg_292921                 |   14|   0|   14|          0|
    |reg_292925                 |   13|   0|   13|          0|
    |reg_292929                 |   13|   0|   13|          0|
    |reg_292933                 |   13|   0|   13|          0|
    |reg_292937                 |   13|   0|   13|          0|
    |reg_292941                 |   13|   0|   13|          0|
    |reg_292945                 |   13|   0|   13|          0|
    |reg_292949                 |   12|   0|   12|          0|
    |reg_292953                 |   13|   0|   13|          0|
    |reg_292957                 |   13|   0|   13|          0|
    |reg_292961                 |   14|   0|   14|          0|
    |reg_292965                 |   13|   0|   13|          0|
    |reg_292969                 |   14|   0|   14|          0|
    |reg_292973                 |   13|   0|   13|          0|
    |reg_292977                 |   13|   0|   13|          0|
    |reg_292981                 |   13|   0|   13|          0|
    |reg_292985                 |   13|   0|   13|          0|
    |reg_292989                 |   13|   0|   13|          0|
    |reg_292993                 |   13|   0|   13|          0|
    |reg_292997                 |   12|   0|   12|          0|
    |reg_293001                 |   14|   0|   14|          0|
    |reg_293005                 |   13|   0|   13|          0|
    |reg_293009                 |   13|   0|   13|          0|
    |reg_293013                 |   12|   0|   12|          0|
    |reg_293017                 |   13|   0|   13|          0|
    |reg_293021                 |   14|   0|   14|          0|
    |reg_293025                 |   15|   0|   15|          0|
    |reg_293029                 |   15|   0|   15|          0|
    |reg_293033                 |   15|   0|   15|          0|
    |reg_293037                 |   13|   0|   13|          0|
    |reg_293041                 |   14|   0|   14|          0|
    |reg_293045                 |   14|   0|   14|          0|
    |reg_293049                 |   15|   0|   15|          0|
    |reg_293053                 |   14|   0|   14|          0|
    |reg_293057                 |   14|   0|   14|          0|
    |reg_293061                 |   12|   0|   12|          0|
    |reg_293065                 |   15|   0|   15|          0|
    |reg_293069                 |   14|   0|   14|          0|
    |reg_293073                 |   15|   0|   15|          0|
    |reg_293077                 |   14|   0|   14|          0|
    |reg_293081                 |   16|   0|   16|          0|
    |reg_293085                 |   14|   0|   14|          0|
    |reg_293089                 |   15|   0|   15|          0|
    |reg_293093                 |   15|   0|   15|          0|
    |reg_293097                 |   14|   0|   14|          0|
    |reg_293101                 |   13|   0|   13|          0|
    |reg_293105                 |   14|   0|   14|          0|
    |reg_293109                 |   15|   0|   15|          0|
    |reg_293113                 |   16|   0|   16|          0|
    |reg_293117                 |   14|   0|   14|          0|
    |reg_293121                 |   13|   0|   13|          0|
    |reg_293125                 |   14|   0|   14|          0|
    |reg_293129                 |   14|   0|   14|          0|
    |reg_293133                 |   14|   0|   14|          0|
    |reg_293137                 |   15|   0|   15|          0|
    |reg_293141                 |   14|   0|   14|          0|
    |reg_293145                 |   13|   0|   13|          0|
    |reg_293149                 |   14|   0|   14|          0|
    |reg_293153                 |   16|   0|   16|          0|
    |reg_293157                 |   16|   0|   16|          0|
    |reg_293161                 |   15|   0|   15|          0|
    |reg_293165                 |   13|   0|   13|          0|
    |reg_293169                 |   14|   0|   14|          0|
    |reg_293173                 |   14|   0|   14|          0|
    |reg_293177                 |   14|   0|   14|          0|
    |reg_293181                 |   15|   0|   15|          0|
    |reg_293185                 |   12|   0|   12|          0|
    |reg_293189                 |   15|   0|   15|          0|
    |reg_293193                 |   13|   0|   13|          0|
    |reg_293197                 |   14|   0|   14|          0|
    |reg_293201                 |   16|   0|   16|          0|
    |reg_293205                 |   15|   0|   15|          0|
    |reg_293209                 |   14|   0|   14|          0|
    |reg_293213                 |   14|   0|   14|          0|
    |reg_293217                 |   14|   0|   14|          0|
    |reg_293221                 |   14|   0|   14|          0|
    |reg_293225                 |   15|   0|   15|          0|
    |reg_293229                 |   14|   0|   14|          0|
    |reg_293233                 |   15|   0|   15|          0|
    |reg_293237                 |   14|   0|   14|          0|
    |reg_293241                 |   16|   0|   16|          0|
    |reg_293245                 |   16|   0|   16|          0|
    |reg_293249                 |   14|   0|   14|          0|
    |reg_293253                 |   15|   0|   15|          0|
    |reg_293257                 |   14|   0|   14|          0|
    |reg_293261                 |   14|   0|   14|          0|
    |reg_293265                 |   15|   0|   15|          0|
    |reg_293269                 |   14|   0|   14|          0|
    |reg_293273                 |   14|   0|   14|          0|
    |reg_293277                 |   14|   0|   14|          0|
    |reg_293281                 |   15|   0|   15|          0|
    |reg_293285                 |   14|   0|   14|          0|
    |reg_293289                 |   14|   0|   14|          0|
    |reg_293293                 |   14|   0|   14|          0|
    |reg_293297                 |   14|   0|   14|          0|
    |reg_293301                 |   11|   0|   11|          0|
    |reg_293305                 |   11|   0|   11|          0|
    |reg_293309                 |   14|   0|   14|          0|
    |reg_293313                 |   15|   0|   15|          0|
    |reg_293317                 |   14|   0|   14|          0|
    |reg_293321                 |   14|   0|   14|          0|
    |reg_293325                 |   11|   0|   11|          0|
    |reg_293329                 |   15|   0|   15|          0|
    |reg_293333                 |   15|   0|   15|          0|
    |reg_293337                 |   14|   0|   14|          0|
    |reg_293341                 |   14|   0|   14|          0|
    |reg_293345                 |   14|   0|   14|          0|
    |reg_293349                 |   14|   0|   14|          0|
    |reg_293353                 |   12|   0|   12|          0|
    |reg_293357                 |   14|   0|   14|          0|
    |reg_293361                 |   14|   0|   14|          0|
    |reg_293365                 |   15|   0|   15|          0|
    |reg_293369                 |   14|   0|   14|          0|
    |reg_293373                 |   14|   0|   14|          0|
    |reg_293377                 |   14|   0|   14|          0|
    |reg_293381                 |   15|   0|   15|          0|
    |reg_293385                 |   16|   0|   16|          0|
    |reg_293389                 |   15|   0|   15|          0|
    |reg_293393                 |   15|   0|   15|          0|
    |reg_293397                 |   15|   0|   15|          0|
    |reg_293401                 |   14|   0|   14|          0|
    |reg_293405                 |   15|   0|   15|          0|
    |reg_293409                 |   15|   0|   15|          0|
    |reg_293413                 |   14|   0|   14|          0|
    |reg_293417                 |   14|   0|   14|          0|
    |reg_293421                 |   14|   0|   14|          0|
    |reg_293425                 |   13|   0|   13|          0|
    |reg_293429                 |   13|   0|   13|          0|
    |reg_293433                 |   14|   0|   14|          0|
    |reg_293437                 |   14|   0|   14|          0|
    |reg_293441                 |   15|   0|   15|          0|
    |reg_293445                 |   16|   0|   16|          0|
    |reg_293449                 |   15|   0|   15|          0|
    |reg_293453                 |   14|   0|   14|          0|
    |reg_293457                 |   14|   0|   14|          0|
    |reg_293461                 |   16|   0|   16|          0|
    |reg_293465                 |   13|   0|   13|          0|
    |reg_293469                 |   12|   0|   12|          0|
    |reg_293473                 |   15|   0|   15|          0|
    |reg_293477                 |   14|   0|   14|          0|
    |reg_293481                 |   13|   0|   13|          0|
    |reg_293485                 |   14|   0|   14|          0|
    |reg_293489                 |   14|   0|   14|          0|
    |reg_293493                 |   14|   0|   14|          0|
    |reg_293497                 |   14|   0|   14|          0|
    |reg_293501                 |   15|   0|   15|          0|
    |reg_293505                 |   13|   0|   13|          0|
    |reg_293509                 |   13|   0|   13|          0|
    |reg_293513                 |   15|   0|   15|          0|
    |reg_293517                 |   15|   0|   15|          0|
    |reg_293521                 |   14|   0|   14|          0|
    |reg_293525                 |   14|   0|   14|          0|
    |reg_293529                 |   13|   0|   13|          0|
    |reg_293533                 |   15|   0|   15|          0|
    |reg_293537                 |   15|   0|   15|          0|
    |reg_293541                 |   15|   0|   15|          0|
    |reg_293545                 |   13|   0|   13|          0|
    |reg_293549                 |   13|   0|   13|          0|
    |reg_293553                 |   15|   0|   15|          0|
    |reg_293557                 |   16|   0|   16|          0|
    |reg_293561                 |   15|   0|   15|          0|
    |reg_293565                 |   14|   0|   14|          0|
    |reg_293569                 |   14|   0|   14|          0|
    |reg_293573                 |   15|   0|   15|          0|
    |reg_293577                 |   15|   0|   15|          0|
    |reg_293581                 |   14|   0|   14|          0|
    |reg_293585                 |   13|   0|   13|          0|
    |reg_293589                 |   15|   0|   15|          0|
    |reg_293593                 |   13|   0|   13|          0|
    |reg_293597                 |   13|   0|   13|          0|
    |reg_293601                 |   14|   0|   14|          0|
    |reg_293605                 |   15|   0|   15|          0|
    |reg_293609                 |   14|   0|   14|          0|
    |reg_293613                 |   15|   0|   15|          0|
    |reg_293617                 |   15|   0|   15|          0|
    |reg_293621                 |   15|   0|   15|          0|
    |reg_293625                 |   13|   0|   13|          0|
    |reg_293629                 |   14|   0|   14|          0|
    |reg_293633                 |   14|   0|   14|          0|
    |reg_293637                 |   15|   0|   15|          0|
    |reg_293641                 |   14|   0|   14|          0|
    |reg_293645                 |   13|   0|   13|          0|
    |reg_293649                 |   15|   0|   15|          0|
    |reg_293653                 |   14|   0|   14|          0|
    |reg_293657                 |   14|   0|   14|          0|
    |reg_293661                 |   15|   0|   15|          0|
    |reg_293665                 |   13|   0|   13|          0|
    |reg_293669                 |   13|   0|   13|          0|
    |reg_293673                 |   15|   0|   15|          0|
    |reg_293677                 |   16|   0|   16|          0|
    |reg_293681                 |   14|   0|   14|          0|
    |reg_293685                 |   13|   0|   13|          0|
    |reg_293689                 |   13|   0|   13|          0|
    |reg_293693                 |   15|   0|   15|          0|
    |reg_293697                 |   15|   0|   15|          0|
    |reg_293701                 |   14|   0|   14|          0|
    |reg_293705                 |   15|   0|   15|          0|
    |reg_293709                 |   15|   0|   15|          0|
    |reg_293713                 |   16|   0|   16|          0|
    |reg_293717                 |   16|   0|   16|          0|
    |reg_293721                 |   16|   0|   16|          0|
    |reg_293725                 |   15|   0|   15|          0|
    |reg_293729                 |   15|   0|   15|          0|
    |reg_293733                 |   16|   0|   16|          0|
    |reg_293737                 |   15|   0|   15|          0|
    |reg_293741                 |   15|   0|   15|          0|
    |reg_293745                 |   14|   0|   14|          0|
    |reg_293749                 |   16|   0|   16|          0|
    |reg_293753                 |   15|   0|   15|          0|
    |reg_293757                 |   13|   0|   13|          0|
    |reg_293761                 |   14|   0|   14|          0|
    |reg_293765                 |   16|   0|   16|          0|
    |reg_293769                 |   16|   0|   16|          0|
    |reg_293773                 |   16|   0|   16|          0|
    |reg_293777                 |   14|   0|   14|          0|
    |reg_293781                 |   13|   0|   13|          0|
    |reg_293785                 |   14|   0|   14|          0|
    |reg_293789                 |   13|   0|   13|          0|
    |reg_293793                 |   14|   0|   14|          0|
    |reg_293797                 |   14|   0|   14|          0|
    |reg_293801                 |   14|   0|   14|          0|
    |reg_293805                 |   14|   0|   14|          0|
    |reg_293809                 |   16|   0|   16|          0|
    |reg_293813                 |   15|   0|   15|          0|
    |reg_293817                 |   11|   0|   11|          0|
    |reg_293821                 |   15|   0|   15|          0|
    |reg_293825                 |   15|   0|   15|          0|
    |reg_293829                 |   15|   0|   15|          0|
    |reg_293833                 |   14|   0|   14|          0|
    |reg_293837                 |   14|   0|   14|          0|
    |reg_293841                 |   14|   0|   14|          0|
    |reg_293845                 |   15|   0|   15|          0|
    |reg_293849                 |   13|   0|   13|          0|
    |reg_293853                 |   15|   0|   15|          0|
    |reg_293857                 |   13|   0|   13|          0|
    |reg_293861                 |   13|   0|   13|          0|
    |reg_293865                 |   14|   0|   14|          0|
    |reg_293869                 |   14|   0|   14|          0|
    |reg_293873                 |   13|   0|   13|          0|
    |reg_293877                 |   16|   0|   16|          0|
    |reg_293881                 |   13|   0|   13|          0|
    |reg_293885                 |   15|   0|   15|          0|
    |reg_293889                 |   14|   0|   14|          0|
    |reg_293893                 |   14|   0|   14|          0|
    |reg_293897                 |   15|   0|   15|          0|
    |reg_293901                 |   14|   0|   14|          0|
    |reg_293905                 |   12|   0|   12|          0|
    |reg_293909                 |   14|   0|   14|          0|
    |reg_293913                 |   13|   0|   13|          0|
    |reg_293917                 |   14|   0|   14|          0|
    |reg_293921                 |   15|   0|   15|          0|
    |reg_293925                 |   14|   0|   14|          0|
    |reg_293929                 |   16|   0|   16|          0|
    |reg_293933                 |   14|   0|   14|          0|
    |reg_293937                 |   15|   0|   15|          0|
    |reg_293941                 |   15|   0|   15|          0|
    |reg_293945                 |   14|   0|   14|          0|
    |reg_293949                 |   15|   0|   15|          0|
    |reg_293953                 |   15|   0|   15|          0|
    |reg_293957                 |   16|   0|   16|          0|
    |reg_293961                 |   14|   0|   14|          0|
    |reg_293965                 |   15|   0|   15|          0|
    |reg_293969                 |   14|   0|   14|          0|
    |reg_293973                 |   15|   0|   15|          0|
    |reg_293977                 |   13|   0|   13|          0|
    |reg_293981                 |   13|   0|   13|          0|
    |reg_293985                 |   15|   0|   15|          0|
    |reg_293989                 |   12|   0|   12|          0|
    |reg_293993                 |   12|   0|   12|          0|
    |reg_293997                 |   14|   0|   14|          0|
    |reg_294001                 |   13|   0|   13|          0|
    |reg_294005                 |   16|   0|   16|          0|
    |reg_294009                 |   14|   0|   14|          0|
    |reg_294013                 |   14|   0|   14|          0|
    |reg_294017                 |   14|   0|   14|          0|
    |reg_294021                 |   15|   0|   15|          0|
    |reg_294025                 |   15|   0|   15|          0|
    |reg_294029                 |   15|   0|   15|          0|
    |reg_294033                 |   16|   0|   16|          0|
    |reg_294037                 |   14|   0|   14|          0|
    |reg_294041                 |   11|   0|   11|          0|
    |reg_294045                 |   14|   0|   14|          0|
    |reg_294049                 |   16|   0|   16|          0|
    |reg_294053                 |   15|   0|   15|          0|
    |reg_294057                 |   14|   0|   14|          0|
    |reg_294061                 |   14|   0|   14|          0|
    |reg_294065                 |   13|   0|   13|          0|
    |reg_294069                 |   15|   0|   15|          0|
    |sext_ln17_267_reg_347965   |   15|   0|   15|          0|
    |sext_ln17_367_reg_348090   |   14|   0|   14|          0|
    |sext_ln42_388_reg_348924   |   16|   0|   16|          0|
    |sext_ln42_524_reg_351770   |   16|   0|   16|          0|
    |shl_ln73_129_reg_344567    |   16|   0|   21|          5|
    |shl_ln73_317_reg_347271    |   16|   0|   19|          3|
    |shl_ln73_331_reg_347363    |   16|   0|   18|          2|
    |shl_ln73_392_reg_347444    |   16|   0|   19|          3|
    |shl_ln73_394_reg_347449    |   16|   0|   17|          1|
    |shl_ln73_527_reg_349284    |   16|   0|   19|          3|
    |sub_ln73_230_reg_346011    |   17|   0|   24|          7|
    |sub_ln73_252_reg_345425    |   17|   0|   23|          6|
    |sub_ln73_260_reg_346107    |   17|   0|   24|          7|
    |sub_ln73_49_reg_344376     |   17|   0|   22|          5|
    |sub_ln73_576_reg_350246    |   17|   0|   22|          5|
    |tmp_100_reg_344078         |   13|   0|   13|          0|
    |tmp_103_reg_344099         |   13|   0|   13|          0|
    |tmp_107_reg_344411         |   12|   0|   12|          0|
    |tmp_110_reg_344105         |   12|   0|   12|          0|
    |tmp_111_reg_344110         |   13|   0|   13|          0|
    |tmp_113_reg_351760         |   14|   0|   14|          0|
    |tmp_115_reg_344416         |   13|   0|   13|          0|
    |tmp_116_reg_344120         |   13|   0|   13|          0|
    |tmp_131_reg_344146         |   11|   0|   11|          0|
    |tmp_133_reg_344151         |   12|   0|   12|          0|
    |tmp_134_reg_344156         |   12|   0|   12|          0|
    |tmp_143_reg_344441         |   13|   0|   13|          0|
    |tmp_145_reg_344446         |   12|   0|   12|          0|
    |tmp_147_reg_344461         |   14|   0|   14|          0|
    |tmp_167_reg_344518         |   14|   0|   14|          0|
    |tmp_172_reg_344542         |   15|   0|   15|          0|
    |tmp_176_reg_344547         |   12|   0|   12|          0|
    |tmp_192_reg_344588         |   14|   0|   14|          0|
    |tmp_196_reg_344608         |   14|   0|   14|          0|
    |tmp_198_reg_344618         |   14|   0|   14|          0|
    |tmp_201_reg_345037         |   14|   0|   14|          0|
    |tmp_208_reg_344638         |   12|   0|   12|          0|
    |tmp_209_reg_344643         |   14|   0|   14|          0|
    |tmp_212_reg_344648         |   13|   0|   13|          0|
    |tmp_214_reg_344669         |   12|   0|   12|          0|
    |tmp_215_reg_344674         |   13|   0|   13|          0|
    |tmp_216_reg_344679         |   13|   0|   13|          0|
    |tmp_227_reg_345097         |   12|   0|   12|          0|
    |tmp_228_reg_345102         |   13|   0|   13|          0|
    |tmp_233_reg_345128         |   13|   0|   13|          0|
    |tmp_238_reg_345153         |   15|   0|   15|          0|
    |tmp_251_reg_345183         |   14|   0|   14|          0|
    |tmp_254_reg_345208         |   14|   0|   14|          0|
    |tmp_255_reg_345995         |   11|   0|   11|          0|
    |tmp_257_reg_345232         |   12|   0|   12|          0|
    |tmp_263_reg_345251         |   13|   0|   13|          0|
    |tmp_266_reg_345266         |   14|   0|   14|          0|
    |tmp_268_reg_345312         |   13|   0|   13|          0|
    |tmp_274_reg_345342         |   15|   0|   15|          0|
    |tmp_286_reg_345364         |   13|   0|   13|          0|
    |tmp_294_reg_345393         |   12|   0|   12|          0|
    |tmp_301_reg_346016         |   13|   0|   13|          0|
    |tmp_302_reg_345420         |   14|   0|   14|          0|
    |tmp_304_reg_346038         |   14|   0|   14|          0|
    |tmp_305_reg_346043         |   14|   0|   14|          0|
    |tmp_312_reg_346048         |   11|   0|   11|          0|
    |tmp_316_reg_346058         |   13|   0|   13|          0|
    |tmp_319_reg_346941         |   14|   0|   14|          0|
    |tmp_321_reg_346063         |   14|   0|   14|          0|
    |tmp_324_reg_346068         |   14|   0|   14|          0|
    |tmp_334_reg_346078         |   14|   0|   14|          0|
    |tmp_340_reg_346102         |   12|   0|   12|          0|
    |tmp_351_reg_346127         |   12|   0|   12|          0|
    |tmp_354_reg_346138         |   12|   0|   12|          0|
    |tmp_355_reg_346143         |   13|   0|   13|          0|
    |tmp_358_reg_346148         |   14|   0|   14|          0|
    |tmp_362_reg_346168         |   14|   0|   14|          0|
    |tmp_366_reg_346203         |   13|   0|   13|          0|
    |tmp_367_reg_346208         |   12|   0|   12|          0|
    |tmp_377_reg_343127         |   12|   0|   12|          0|
    |tmp_380_reg_347016         |   15|   0|   15|          0|
    |tmp_381_reg_346223         |   14|   0|   14|          0|
    |tmp_383_reg_346228         |   14|   0|   14|          0|
    |tmp_386_reg_347026         |   13|   0|   13|          0|
    |tmp_395_reg_343151         |   12|   0|   12|          0|
    |tmp_400_reg_346271         |   13|   0|   13|          0|
    |tmp_401_reg_347051         |   12|   0|   12|          0|
    |tmp_402_reg_347061         |   14|   0|   14|          0|
    |tmp_411_reg_347112         |   12|   0|   12|          0|
    |tmp_415_reg_347138         |   13|   0|   13|          0|
    |tmp_416_reg_347153         |   12|   0|   12|          0|
    |tmp_424_reg_347183         |   12|   0|   12|          0|
    |tmp_428_reg_347188         |   14|   0|   14|          0|
    |tmp_43_reg_343917          |   12|   0|   12|          0|
    |tmp_442_reg_347218         |   14|   0|   14|          0|
    |tmp_449_reg_347238         |   12|   0|   12|          0|
    |tmp_45_reg_351755          |   14|   0|   14|          0|
    |tmp_467_reg_347344         |   13|   0|   13|          0|
    |tmp_468_reg_347350         |   12|   0|   12|          0|
    |tmp_475_reg_347373         |   12|   0|   12|          0|
    |tmp_476_reg_348005         |   14|   0|   14|          0|
    |tmp_483_reg_343269         |   11|   0|   11|          0|
    |tmp_493_reg_348025         |   12|   0|   12|          0|
    |tmp_494_reg_347405         |   12|   0|   12|          0|
    |tmp_497_reg_348060         |   14|   0|   14|          0|
    |tmp_501_reg_348070         |   14|   0|   14|          0|
    |tmp_509_reg_348085         |   11|   0|   11|          0|
    |tmp_512_reg_348095         |   13|   0|   13|          0|
    |tmp_514_reg_348100         |   12|   0|   12|          0|
    |tmp_516_reg_343329         |   11|   0|   11|          0|
    |tmp_518_reg_348120         |   14|   0|   14|          0|
    |tmp_519_reg_348125         |   13|   0|   13|          0|
    |tmp_525_reg_348140         |   14|   0|   14|          0|
    |tmp_526_reg_343368         |   11|   0|   11|          0|
    |tmp_529_reg_348170         |   14|   0|   14|          0|
    |tmp_534_reg_348210         |   13|   0|   13|          0|
    |tmp_537_reg_348215         |   13|   0|   13|          0|
    |tmp_53_reg_342805          |   13|   0|   13|          0|
    |tmp_543_reg_348230         |   13|   0|   13|          0|
    |tmp_556_reg_348300         |   14|   0|   14|          0|
    |tmp_558_reg_348310         |   12|   0|   12|          0|
    |tmp_560_reg_348320         |   13|   0|   13|          0|
    |tmp_583_reg_348944         |   12|   0|   12|          0|
    |tmp_584_reg_348949         |   13|   0|   13|          0|
    |tmp_587_reg_348955         |   13|   0|   13|          0|
    |tmp_589_reg_348960         |   12|   0|   12|          0|
    |tmp_590_reg_348975         |   13|   0|   13|          0|
    |tmp_597_reg_349006         |   13|   0|   13|          0|
    |tmp_612_reg_349052         |   13|   0|   13|          0|
    |tmp_615_reg_349082         |   12|   0|   12|          0|
    |tmp_621_reg_343544         |   11|   0|   11|          0|
    |tmp_622_reg_349854         |   13|   0|   13|          0|
    |tmp_624_reg_349117         |   13|   0|   13|          0|
    |tmp_628_reg_349132         |   12|   0|   12|          0|
    |tmp_629_reg_349137         |   12|   0|   12|          0|
    |tmp_635_reg_349157         |   13|   0|   13|          0|
    |tmp_638_reg_349177         |   12|   0|   12|          0|
    |tmp_650_reg_349870         |   13|   0|   13|          0|
    |tmp_652_reg_349880         |   12|   0|   12|          0|
    |tmp_653_reg_349217         |   13|   0|   13|          0|
    |tmp_662_reg_349890         |   14|   0|   14|          0|
    |tmp_671_reg_343661         |   12|   0|   12|          0|
    |tmp_676_reg_343666         |   13|   0|   13|          0|
    |tmp_679_reg_349955         |   14|   0|   14|          0|
    |tmp_681_reg_349960         |   13|   0|   13|          0|
    |tmp_68_reg_343962          |   13|   0|   13|          0|
    |tmp_691_reg_350020         |   13|   0|   13|          0|
    |tmp_704_reg_350060         |   14|   0|   14|          0|
    |tmp_706_reg_343688         |   11|   0|   11|          0|
    |tmp_707_reg_343693         |   13|   0|   13|          0|
    |tmp_709_reg_350090         |   12|   0|   12|          0|
    |tmp_70_reg_343967          |   13|   0|   13|          0|
    |tmp_716_reg_350110         |   14|   0|   14|          0|
    |tmp_718_reg_350115         |   13|   0|   13|          0|
    |tmp_71_reg_343982          |   12|   0|   12|          0|
    |tmp_735_reg_350190         |   12|   0|   12|          0|
    |tmp_741_reg_351093         |   15|   0|   15|          0|
    |tmp_743_reg_350200         |   13|   0|   13|          0|
    |tmp_744_reg_351098         |   13|   0|   13|          0|
    |tmp_745_reg_350229         |   13|   0|   13|          0|
    |tmp_748_reg_351103         |   13|   0|   13|          0|
    |tmp_752_reg_350234         |   11|   0|   11|          0|
    |tmp_755_reg_351128         |   12|   0|   12|          0|
    |tmp_756_reg_350251         |   14|   0|   14|          0|
    |tmp_758_reg_351149         |   13|   0|   13|          0|
    |tmp_760_reg_351164         |   13|   0|   13|          0|
    |tmp_765_reg_351174         |   14|   0|   14|          0|
    |tmp_770_reg_351184         |   14|   0|   14|          0|
    |tmp_772_reg_350277         |   13|   0|   13|          0|
    |tmp_781_reg_351204         |   14|   0|   14|          0|
    |tmp_783_reg_350296         |   12|   0|   12|          0|
    |tmp_784_reg_350301         |   12|   0|   12|          0|
    |tmp_785_reg_351209         |   13|   0|   13|          0|
    |tmp_787_reg_343788         |   11|   0|   11|          0|
    |tmp_789_reg_351219         |   11|   0|   11|          0|
    |tmp_790_reg_351229         |   14|   0|   14|          0|
    |tmp_795_reg_351234         |   14|   0|   14|          0|
    |tmp_796_reg_349314         |   12|   0|   12|          0|
    |tmp_802_reg_351239         |   13|   0|   13|          0|
    |tmp_804_reg_350325         |   14|   0|   14|          0|
    |tmp_808_reg_350345         |   13|   0|   13|          0|
    |tmp_814_reg_351259         |   13|   0|   13|          0|
    |tmp_84_reg_344022          |   12|   0|   12|          0|
    |tmp_8_reg_342636           |   13|   0|   13|          0|
    |tmp_96_reg_344042          |   13|   0|   13|          0|
    |tmp_99_reg_344073          |   13|   0|   13|          0|
    |trunc_ln17_107_reg_349970  |   14|   0|   14|          0|
    |trunc_ln17_10_reg_344002   |   14|   0|   14|          0|
    |trunc_ln17_110_reg_350030  |   15|   0|   15|          0|
    |trunc_ln17_116_reg_350120  |   15|   0|   15|          0|
    |trunc_ln17_123_reg_351123  |   14|   0|   14|          0|
    |trunc_ln17_124_reg_351133  |   14|   0|   14|          0|
    |trunc_ln17_128_reg_351224  |   13|   0|   13|          0|
    |trunc_ln17_22_reg_344456   |   14|   0|   14|          0|
    |trunc_ln17_36_reg_345092   |   14|   0|   14|          0|
    |trunc_ln17_43_reg_346053   |   15|   0|   15|          0|
    |trunc_ln17_48_reg_346117   |   13|   0|   13|          0|
    |trunc_ln17_49_reg_346183   |   13|   0|   13|          0|
    |trunc_ln17_56_reg_347107   |   14|   0|   14|          0|
    |trunc_ln17_65_reg_347334   |   14|   0|   14|          0|
    |trunc_ln17_6_reg_342790    |   15|   0|   15|          0|
    |trunc_ln17_71_reg_348105   |   14|   0|   14|          0|
    |trunc_ln17_74_reg_348190   |   14|   0|   14|          0|
    |trunc_ln17_78_reg_348255   |   15|   0|   15|          0|
    |trunc_ln17_89_reg_349031   |   14|   0|   14|          0|
    |trunc_ln17_92_reg_349087   |   15|   0|   15|          0|
    |trunc_ln17_93_reg_349092   |   14|   0|   14|          0|
    |x_23_reg_352215            |   16|   0|   16|          0|
    |x_24_reg_352220            |   16|   0|   16|          0|
    |x_25_reg_352225            |   16|   0|   16|          0|
    |x_26_reg_352230            |   16|   0|   16|          0|
    |x_27_reg_352235            |   16|   0|   16|          0|
    |x_29_reg_352250            |   16|   0|   16|          0|
    |x_30_reg_352205            |   16|   0|   16|          0|
    |x_35_reg_352320            |   16|   0|   16|          0|
    |x_36_reg_352325            |   16|   0|   16|          0|
    |x_43_reg_352425            |   16|   0|   16|          0|
    |x_reg_352210               |   16|   0|   16|          0|
    |zext_ln17_370_reg_347368   |   12|   0|   14|          2|
    |zext_ln17_605_reg_351765   |   13|   0|   15|          2|
    |zext_ln70_100_reg_344507   |   16|   0|   22|          6|
    |zext_ln70_101_reg_344512   |   16|   0|   23|          7|
    |zext_ln70_103_reg_344531   |   16|   0|   21|          5|
    |zext_ln70_105_reg_344537   |   16|   0|   24|          8|
    |zext_ln70_110_reg_344603   |   16|   0|   23|          7|
    |zext_ln70_117_reg_344633   |   16|   0|   23|          7|
    |zext_ln70_11_reg_342685    |   16|   0|   22|          6|
    |zext_ln70_120_reg_344664   |   16|   0|   23|          7|
    |zext_ln70_123_reg_344689   |   16|   0|   24|          8|
    |zext_ln70_124_reg_342931   |   16|   0|   22|          6|
    |zext_ln70_129_reg_344715   |   16|   0|   22|          6|
    |zext_ln70_12_reg_342690    |   16|   0|   23|          7|
    |zext_ln70_14_reg_342695    |   16|   0|   21|          5|
    |zext_ln70_180_reg_342950   |   16|   0|   22|          6|
    |zext_ln70_182_reg_342969   |   16|   0|   21|          5|
    |zext_ln70_183_reg_342974   |   16|   0|   22|          6|
    |zext_ln70_186_reg_342993   |   16|   0|   22|          6|
    |zext_ln70_198_reg_343018   |   16|   0|   22|          6|
    |zext_ln70_199_reg_343051   |   16|   0|   22|          6|
    |zext_ln70_205_reg_343073   |   16|   0|   21|          5|
    |zext_ln70_20_reg_342744    |   16|   0|   23|          7|
    |zext_ln70_210_reg_343092   |   16|   0|   22|          6|
    |zext_ln70_212_reg_343097   |   16|   0|   23|          7|
    |zext_ln70_213_reg_343122   |   16|   0|   22|          6|
    |zext_ln70_218_reg_343145   |   16|   0|   22|          6|
    |zext_ln70_222_reg_346238   |   16|   0|   23|          7|
    |zext_ln70_224_reg_347036   |   16|   0|   23|          7|
    |zext_ln70_227_reg_346258   |   16|   0|   22|          6|
    |zext_ln70_22_reg_342749    |   16|   0|   22|          6|
    |zext_ln70_233_reg_347132   |   16|   0|   25|          9|
    |zext_ln70_235_reg_343170   |   16|   0|   22|          6|
    |zext_ln70_239_reg_343185   |   16|   0|   21|          5|
    |zext_ln70_23_reg_342773    |   16|   0|   23|          7|
    |zext_ln70_240_reg_347178   |   16|   0|   23|          7|
    |zext_ln70_241_reg_343191   |   16|   0|   22|          6|
    |zext_ln70_243_reg_343215   |   16|   0|   22|          6|
    |zext_ln70_244_reg_347198   |   16|   0|   23|          7|
    |zext_ln70_246_reg_343238   |   16|   0|   22|          6|
    |zext_ln70_253_reg_347233   |   16|   0|   23|          7|
    |zext_ln70_25_reg_342780    |   16|   0|   21|          5|
    |zext_ln70_263_reg_347318   |   16|   0|   21|          5|
    |zext_ln70_264_reg_347323   |   16|   0|   23|          7|
    |zext_ln70_270_reg_343261   |   16|   0|   23|          7|
    |zext_ln70_271_reg_347378   |   16|   0|   22|          6|
    |zext_ln70_276_reg_347394   |   16|   0|   21|          5|
    |zext_ln70_279_reg_347399   |   16|   0|   24|          8|
    |zext_ln70_289_reg_348075   |   16|   0|   23|          7|
    |zext_ln70_290_reg_343305   |   16|   0|   22|          6|
    |zext_ln70_298_reg_343356   |   16|   0|   21|          5|
    |zext_ln70_304_reg_348180   |   16|   0|   24|          8|
    |zext_ln70_306_reg_343388   |   16|   0|   23|          7|
    |zext_ln70_307_reg_343406   |   16|   0|   22|          6|
    |zext_ln70_314_reg_348235   |   16|   0|   22|          6|
    |zext_ln70_315_reg_348240   |   16|   0|   24|          8|
    |zext_ln70_320_reg_348270   |   16|   0|   22|          6|
    |zext_ln70_325_reg_343429   |   16|   0|   22|          6|
    |zext_ln70_327_reg_343452   |   16|   0|   21|          5|
    |zext_ln70_331_reg_343475   |   16|   0|   21|          5|
    |zext_ln70_333_reg_348365   |   16|   0|   23|          7|
    |zext_ln70_348_reg_349001   |   16|   0|   25|          9|
    |zext_ln70_355_reg_343517   |   16|   0|   22|          6|
    |zext_ln70_360_reg_349041   |   16|   0|   23|          7|
    |zext_ln70_362_reg_349107   |   16|   0|   23|          7|
    |zext_ln70_363_reg_343538   |   16|   0|   22|          6|
    |zext_ln70_370_reg_343563   |   16|   0|   21|          5|
    |zext_ln70_378_reg_343593   |   16|   0|   21|          5|
    |zext_ln70_381_reg_349207   |   16|   0|   23|          7|
    |zext_ln70_382_reg_349212   |   16|   0|   22|          6|
    |zext_ln70_385_reg_349222   |   16|   0|   23|          7|
    |zext_ln70_386_reg_343616   |   16|   0|   22|          6|
    |zext_ln70_388_reg_343636   |   16|   0|   21|          5|
    |zext_ln70_389_reg_349242   |   16|   0|   22|          6|
    |zext_ln70_38_reg_343952    |   16|   0|   23|          7|
    |zext_ln70_396_reg_343655   |   16|   0|   22|          6|
    |zext_ln70_401_reg_349950   |   16|   0|   23|          7|
    |zext_ln70_40_reg_343996    |   16|   0|   25|          9|
    |zext_ln70_420_reg_343683   |   16|   0|   22|          6|
    |zext_ln70_424_reg_349274   |   16|   0|   21|          5|
    |zext_ln70_427_reg_343716   |   16|   0|   23|          7|
    |zext_ln70_432_reg_350147   |   16|   0|   24|          8|
    |zext_ln70_433_reg_350153   |   16|   0|   21|          5|
    |zext_ln70_434_reg_350159   |   16|   0|   22|          6|
    |zext_ln70_435_reg_350164   |   16|   0|   23|          7|
    |zext_ln70_442_reg_350214   |   16|   0|   22|          6|
    |zext_ln70_449_reg_343737   |   16|   0|   22|          6|
    |zext_ln70_457_reg_343764   |   16|   0|   22|          6|
    |zext_ln70_469_reg_343811   |   16|   0|   21|          5|
    |zext_ln70_477_reg_343831   |   16|   0|   22|          6|
    |zext_ln70_478_reg_350335   |   16|   0|   21|          5|
    |zext_ln70_47_reg_342828    |   16|   0|   22|          6|
    |zext_ln70_483_reg_350366   |   16|   0|   21|          5|
    |zext_ln70_486_reg_350371   |   16|   0|   22|          6|
    |zext_ln70_490_reg_351264   |   16|   0|   22|          6|
    |zext_ln70_491_reg_351271   |   16|   0|   23|          7|
    |zext_ln70_492_reg_343850   |   16|   0|   21|          5|
    |zext_ln70_55_reg_344037    |   16|   0|   22|          6|
    |zext_ln70_5_reg_342611     |   16|   0|   21|          5|
    |zext_ln70_61_reg_344057    |   16|   0|   23|          7|
    |zext_ln70_63_reg_344094    |   16|   0|   21|          5|
    |zext_ln70_69_reg_342849    |   16|   0|   22|          6|
    |zext_ln70_6_reg_342616     |   16|   0|   23|          7|
    |zext_ln70_73_reg_344115    |   16|   0|   23|          7|
    |zext_ln70_75_reg_344141    |   16|   0|   24|          8|
    |zext_ln70_78_reg_344170    |   16|   0|   22|          6|
    |zext_ln70_79_reg_344175    |   16|   0|   23|          7|
    |zext_ln70_80_reg_344181    |   16|   0|   24|          8|
    |zext_ln70_8_reg_342656     |   16|   0|   23|          7|
    |zext_ln70_90_reg_344476    |   16|   0|   23|          7|
    |zext_ln70_91_reg_342869    |   16|   0|   22|          6|
    |zext_ln70_93_reg_342887    |   16|   0|   21|          5|
    |zext_ln70_94_reg_344497    |   16|   0|   23|          7|
    |zext_ln70_9_reg_342661     |   16|   0|   22|          6|
    |zext_ln73_186_reg_344572   |   16|   0|   22|          6|
    |zext_ln73_215_reg_345072   |   16|   0|   21|          5|
    |zext_ln73_382_reg_346264   |   16|   0|   23|          7|
    |zext_ln73_475_reg_347415   |   16|   0|   23|          7|
    |zext_ln73_505_reg_347432   |   16|   0|   22|          6|
    |zext_ln73_672_reg_349999   |   16|   0|   22|          6|
    |zext_ln73_716_reg_350170   |   16|   0|   23|          7|
    |zext_ln73_727_reg_350222   |   16|   0|   22|          6|
    |zext_ln73_748_reg_350256   |   16|   0|   23|          7|
    |zext_ln73_756_reg_350291   |   16|   0|   22|          6|
    +---------------------------+-----+----+-----+-----------+
    |Total                      |32279|   0|33101|        822|
    +---------------------------+-----+----+-----+-----------+



================================================================
== Interface
================================================================
* Summary: 
+--------------------------------------------------------------------------------------+-----+-----+------------+--------------------------------------------------------------------------------------+--------------+
|                                       RTL Ports                                      | Dir | Bits|  Protocol  |                                     Source Object                                    |    C Type    |
+--------------------------------------------------------------------------------------+-----+-----+------------+--------------------------------------------------------------------------------------+--------------+
|ap_clk                                                                                |   in|    1|  ap_ctrl_hs|                           dense_latency<ap_ufixed,ap_fixed<40,21,5,3,0>,config7_mult>|  return value|
|ap_rst                                                                                |   in|    1|  ap_ctrl_hs|                           dense_latency<ap_ufixed,ap_fixed<40,21,5,3,0>,config7_mult>|  return value|
|ap_start                                                                              |   in|    1|  ap_ctrl_hs|                           dense_latency<ap_ufixed,ap_fixed<40,21,5,3,0>,config7_mult>|  return value|
|ap_done                                                                               |  out|    1|  ap_ctrl_hs|                           dense_latency<ap_ufixed,ap_fixed<40,21,5,3,0>,config7_mult>|  return value|
|ap_idle                                                                               |  out|    1|  ap_ctrl_hs|                           dense_latency<ap_ufixed,ap_fixed<40,21,5,3,0>,config7_mult>|  return value|
|ap_ready                                                                              |  out|    1|  ap_ctrl_hs|                           dense_latency<ap_ufixed,ap_fixed<40,21,5,3,0>,config7_mult>|  return value|
|ap_return_0                                                                           |  out|   40|  ap_ctrl_hs|                           dense_latency<ap_ufixed,ap_fixed<40,21,5,3,0>,config7_mult>|  return value|
|ap_return_1                                                                           |  out|   40|  ap_ctrl_hs|                           dense_latency<ap_ufixed,ap_fixed<40,21,5,3,0>,config7_mult>|  return value|
|ap_return_2                                                                           |  out|   40|  ap_ctrl_hs|                           dense_latency<ap_ufixed,ap_fixed<40,21,5,3,0>,config7_mult>|  return value|
|ap_return_3                                                                           |  out|   40|  ap_ctrl_hs|                           dense_latency<ap_ufixed,ap_fixed<40,21,5,3,0>,config7_mult>|  return value|
|ap_return_4                                                                           |  out|   40|  ap_ctrl_hs|                           dense_latency<ap_ufixed,ap_fixed<40,21,5,3,0>,config7_mult>|  return value|
|ap_return_5                                                                           |  out|   40|  ap_ctrl_hs|                           dense_latency<ap_ufixed,ap_fixed<40,21,5,3,0>,config7_mult>|  return value|
|ap_return_6                                                                           |  out|   40|  ap_ctrl_hs|                           dense_latency<ap_ufixed,ap_fixed<40,21,5,3,0>,config7_mult>|  return value|
|ap_return_7                                                                           |  out|   40|  ap_ctrl_hs|                           dense_latency<ap_ufixed,ap_fixed<40,21,5,3,0>,config7_mult>|  return value|
|ap_return_8                                                                           |  out|   40|  ap_ctrl_hs|                           dense_latency<ap_ufixed,ap_fixed<40,21,5,3,0>,config7_mult>|  return value|
|ap_return_9                                                                           |  out|   40|  ap_ctrl_hs|                           dense_latency<ap_ufixed,ap_fixed<40,21,5,3,0>,config7_mult>|  return value|
|ap_return_10                                                                          |  out|   40|  ap_ctrl_hs|                           dense_latency<ap_ufixed,ap_fixed<40,21,5,3,0>,config7_mult>|  return value|
|ap_return_11                                                                          |  out|   40|  ap_ctrl_hs|                           dense_latency<ap_ufixed,ap_fixed<40,21,5,3,0>,config7_mult>|  return value|
|ap_return_12                                                                          |  out|   40|  ap_ctrl_hs|                           dense_latency<ap_ufixed,ap_fixed<40,21,5,3,0>,config7_mult>|  return value|
|ap_return_13                                                                          |  out|   40|  ap_ctrl_hs|                           dense_latency<ap_ufixed,ap_fixed<40,21,5,3,0>,config7_mult>|  return value|
|ap_return_14                                                                          |  out|   40|  ap_ctrl_hs|                           dense_latency<ap_ufixed,ap_fixed<40,21,5,3,0>,config7_mult>|  return value|
|ap_return_15                                                                          |  out|   40|  ap_ctrl_hs|                           dense_latency<ap_ufixed,ap_fixed<40,21,5,3,0>,config7_mult>|  return value|
|ap_return_16                                                                          |  out|   40|  ap_ctrl_hs|                           dense_latency<ap_ufixed,ap_fixed<40,21,5,3,0>,config7_mult>|  return value|
|ap_return_17                                                                          |  out|   40|  ap_ctrl_hs|                           dense_latency<ap_ufixed,ap_fixed<40,21,5,3,0>,config7_mult>|  return value|
|ap_return_18                                                                          |  out|   40|  ap_ctrl_hs|                           dense_latency<ap_ufixed,ap_fixed<40,21,5,3,0>,config7_mult>|  return value|
|ap_return_19                                                                          |  out|   40|  ap_ctrl_hs|                           dense_latency<ap_ufixed,ap_fixed<40,21,5,3,0>,config7_mult>|  return value|
|ap_return_20                                                                          |  out|   40|  ap_ctrl_hs|                           dense_latency<ap_ufixed,ap_fixed<40,21,5,3,0>,config7_mult>|  return value|
|ap_return_21                                                                          |  out|   40|  ap_ctrl_hs|                           dense_latency<ap_ufixed,ap_fixed<40,21,5,3,0>,config7_mult>|  return value|
|ap_return_22                                                                          |  out|   40|  ap_ctrl_hs|                           dense_latency<ap_ufixed,ap_fixed<40,21,5,3,0>,config7_mult>|  return value|
|ap_return_23                                                                          |  out|   40|  ap_ctrl_hs|                           dense_latency<ap_ufixed,ap_fixed<40,21,5,3,0>,config7_mult>|  return value|
|ap_ce                                                                                 |   in|    1|  ap_ctrl_hs|                           dense_latency<ap_ufixed,ap_fixed<40,21,5,3,0>,config7_mult>|  return value|
|void_compute_output_buffer_2d_array_const_ap_shift_reg_n_chan_stream_weig_18          |   in|   16|     ap_none|          void_compute_output_buffer_2d_array_const_ap_shift_reg_n_chan_stream_weig_18|       pointer|
|void_compute_output_buffer_2d_array_const_ap_shift_reg_n_chan_stream_weig_17          |   in|   16|     ap_none|          void_compute_output_buffer_2d_array_const_ap_shift_reg_n_chan_stream_weig_17|       pointer|
|void_compute_output_buffer_2d_array_const_ap_shift_reg_n_chan_stream_weig_16          |   in|   16|     ap_none|          void_compute_output_buffer_2d_array_const_ap_shift_reg_n_chan_stream_weig_16|       pointer|
|void_compute_output_buffer_2d_array_const_ap_shift_reg_n_chan_stream_weig_15          |   in|   16|     ap_none|          void_compute_output_buffer_2d_array_const_ap_shift_reg_n_chan_stream_weig_15|       pointer|
|void_compute_output_buffer_2d_array_const_ap_shift_reg_n_chan_stream_weig_14          |   in|   16|     ap_none|          void_compute_output_buffer_2d_array_const_ap_shift_reg_n_chan_stream_weig_14|       pointer|
|void_compute_output_buffer_2d_array_const_ap_shift_reg_n_chan_stream_weig_13          |   in|   16|     ap_none|          void_compute_output_buffer_2d_array_const_ap_shift_reg_n_chan_stream_weig_13|       pointer|
|void_compute_output_buffer_2d_array_const_ap_shift_reg_n_chan_stream_weig_12          |   in|   16|     ap_none|          void_compute_output_buffer_2d_array_const_ap_shift_reg_n_chan_stream_weig_12|       pointer|
|void_compute_output_buffer_2d_array_const_ap_shift_reg_n_chan_stream_weig_11          |   in|   16|     ap_none|          void_compute_output_buffer_2d_array_const_ap_shift_reg_n_chan_stream_weig_11|       pointer|
|void_compute_output_buffer_2d_array_const_ap_shift_reg_n_chan_stream_weig_10          |   in|   16|     ap_none|          void_compute_output_buffer_2d_array_const_ap_shift_reg_n_chan_stream_weig_10|       pointer|
|void_compute_output_buffer_2d_array_const_ap_shift_reg_n_chan_stream_weig_9           |   in|   16|     ap_none|           void_compute_output_buffer_2d_array_const_ap_shift_reg_n_chan_stream_weig_9|       pointer|
|p_ZZN4nnet24compute_output_buffer_2dINS_5arrayI9ap_ufixedILi16ELi6EL9ap_q_mode4EL_97  |   in|   16|     ap_none|  p_ZZN4nnet24compute_output_buffer_2dINS_5arrayI9ap_ufixedILi16ELi6EL9ap_q_mode4EL_97|       pointer|
|p_ZZN4nnet24compute_output_buffer_2dINS_5arrayI9ap_ufixedILi16ELi6EL9ap_q_mode4EL_88  |   in|   16|     ap_none|  p_ZZN4nnet24compute_output_buffer_2dINS_5arrayI9ap_ufixedILi16ELi6EL9ap_q_mode4EL_88|       pointer|
|p_ZZN4nnet24compute_output_buffer_2dINS_5arrayI9ap_ufixedILi16ELi6EL9ap_q_mode4EL_87  |   in|   16|     ap_none|  p_ZZN4nnet24compute_output_buffer_2dINS_5arrayI9ap_ufixedILi16ELi6EL9ap_q_mode4EL_87|       pointer|
|p_ZZN4nnet24compute_output_buffer_2dINS_5arrayI9ap_ufixedILi16ELi6EL9ap_q_mode4EL_86  |   in|   16|     ap_none|  p_ZZN4nnet24compute_output_buffer_2dINS_5arrayI9ap_ufixedILi16ELi6EL9ap_q_mode4EL_86|       pointer|
|p_ZZN4nnet24compute_output_buffer_2dINS_5arrayI9ap_ufixedILi16ELi6EL9ap_q_mode4EL_85  |   in|   16|     ap_none|  p_ZZN4nnet24compute_output_buffer_2dINS_5arrayI9ap_ufixedILi16ELi6EL9ap_q_mode4EL_85|       pointer|
|p_ZZN4nnet24compute_output_buffer_2dINS_5arrayI9ap_ufixedILi16ELi6EL9ap_q_mode4EL_84  |   in|   16|     ap_none|  p_ZZN4nnet24compute_output_buffer_2dINS_5arrayI9ap_ufixedILi16ELi6EL9ap_q_mode4EL_84|       pointer|
|p_ZZN4nnet24compute_output_buffer_2dINS_5arrayI9ap_ufixedILi16ELi6EL9ap_q_mode4EL_83  |   in|   16|     ap_none|  p_ZZN4nnet24compute_output_buffer_2dINS_5arrayI9ap_ufixedILi16ELi6EL9ap_q_mode4EL_83|       pointer|
|p_ZZN4nnet24compute_output_buffer_2dINS_5arrayI9ap_ufixedILi16ELi6EL9ap_q_mode4EL_82  |   in|   16|     ap_none|  p_ZZN4nnet24compute_output_buffer_2dINS_5arrayI9ap_ufixedILi16ELi6EL9ap_q_mode4EL_82|       pointer|
|p_ZZN4nnet24compute_output_buffer_2dINS_5arrayI9ap_ufixedILi16ELi6EL9ap_q_mode4EL_81  |   in|   16|     ap_none|  p_ZZN4nnet24compute_output_buffer_2dINS_5arrayI9ap_ufixedILi16ELi6EL9ap_q_mode4EL_81|       pointer|
|p_ZZN4nnet24compute_output_buffer_2dINS_5arrayI9ap_ufixedILi16ELi6EL9ap_q_mode4EL_80  |   in|   16|     ap_none|  p_ZZN4nnet24compute_output_buffer_2dINS_5arrayI9ap_ufixedILi16ELi6EL9ap_q_mode4EL_80|       pointer|
|p_ZZN4nnet24compute_output_buffer_2dINS_5arrayI9ap_ufixedILi16ELi6EL9ap_q_mode4EL_79  |   in|   16|     ap_none|  p_ZZN4nnet24compute_output_buffer_2dINS_5arrayI9ap_ufixedILi16ELi6EL9ap_q_mode4EL_79|       pointer|
|p_ZZN4nnet24compute_output_buffer_2dINS_5arrayI9ap_ufixedILi16ELi6EL9ap_q_mode4EL_78  |   in|   16|     ap_none|  p_ZZN4nnet24compute_output_buffer_2dINS_5arrayI9ap_ufixedILi16ELi6EL9ap_q_mode4EL_78|       pointer|
|p_ZZN4nnet24compute_output_buffer_2dINS_5arrayI9ap_ufixedILi16ELi6EL9ap_q_mode4EL_77  |   in|   16|     ap_none|  p_ZZN4nnet24compute_output_buffer_2dINS_5arrayI9ap_ufixedILi16ELi6EL9ap_q_mode4EL_77|       pointer|
|p_ZZN4nnet24compute_output_buffer_2dINS_5arrayI9ap_ufixedILi16ELi6EL9ap_q_mode4EL_76  |   in|   16|     ap_none|  p_ZZN4nnet24compute_output_buffer_2dINS_5arrayI9ap_ufixedILi16ELi6EL9ap_q_mode4EL_76|       pointer|
|p_ZZN4nnet24compute_output_buffer_2dINS_5arrayI9ap_ufixedILi16ELi6EL9ap_q_mode4EL_75  |   in|   16|     ap_none|  p_ZZN4nnet24compute_output_buffer_2dINS_5arrayI9ap_ufixedILi16ELi6EL9ap_q_mode4EL_75|       pointer|
|p_ZZN4nnet24compute_output_buffer_2dINS_5arrayI9ap_ufixedILi16ELi6EL9ap_q_mode4EL_74  |   in|   16|     ap_none|  p_ZZN4nnet24compute_output_buffer_2dINS_5arrayI9ap_ufixedILi16ELi6EL9ap_q_mode4EL_74|       pointer|
|p_ZZN4nnet24compute_output_buffer_2dINS_5arrayI9ap_ufixedILi16ELi6EL9ap_q_mode4EL_73  |   in|   16|     ap_none|  p_ZZN4nnet24compute_output_buffer_2dINS_5arrayI9ap_ufixedILi16ELi6EL9ap_q_mode4EL_73|       pointer|
|p_ZZN4nnet24compute_output_buffer_2dINS_5arrayI9ap_ufixedILi16ELi6EL9ap_q_mode4EL_72  |   in|   16|     ap_none|  p_ZZN4nnet24compute_output_buffer_2dINS_5arrayI9ap_ufixedILi16ELi6EL9ap_q_mode4EL_72|       pointer|
|p_ZZN4nnet24compute_output_buffer_2dINS_5arrayI9ap_ufixedILi16ELi6EL9ap_q_mode4EL_71  |   in|   16|     ap_none|  p_ZZN4nnet24compute_output_buffer_2dINS_5arrayI9ap_ufixedILi16ELi6EL9ap_q_mode4EL_71|       pointer|
|p_ZZN4nnet24compute_output_buffer_2dINS_5arrayI9ap_ufixedILi16ELi6EL9ap_q_mode4EL_70  |   in|   16|     ap_none|  p_ZZN4nnet24compute_output_buffer_2dINS_5arrayI9ap_ufixedILi16ELi6EL9ap_q_mode4EL_70|       pointer|
|p_ZZN4nnet24compute_output_buffer_2dINS_5arrayI9ap_ufixedILi16ELi6EL9ap_q_mode4EL_69  |   in|   16|     ap_none|  p_ZZN4nnet24compute_output_buffer_2dINS_5arrayI9ap_ufixedILi16ELi6EL9ap_q_mode4EL_69|       pointer|
|p_ZZN4nnet24compute_output_buffer_2dINS_5arrayI9ap_ufixedILi16ELi6EL9ap_q_mode4EL_68  |   in|   16|     ap_none|  p_ZZN4nnet24compute_output_buffer_2dINS_5arrayI9ap_ufixedILi16ELi6EL9ap_q_mode4EL_68|       pointer|
|p_ZZN4nnet24compute_output_buffer_2dINS_5arrayI9ap_ufixedILi16ELi6EL9ap_q_mode4EL_67  |   in|   16|     ap_none|  p_ZZN4nnet24compute_output_buffer_2dINS_5arrayI9ap_ufixedILi16ELi6EL9ap_q_mode4EL_67|       pointer|
|p_ZZN4nnet24compute_output_buffer_2dINS_5arrayI9ap_ufixedILi16ELi6EL9ap_q_mode4EL_66  |   in|   16|     ap_none|  p_ZZN4nnet24compute_output_buffer_2dINS_5arrayI9ap_ufixedILi16ELi6EL9ap_q_mode4EL_66|       pointer|
|p_ZZN4nnet24compute_output_buffer_2dINS_5arrayI9ap_ufixedILi16ELi6EL9ap_q_mode4EL_65  |   in|   16|     ap_none|  p_ZZN4nnet24compute_output_buffer_2dINS_5arrayI9ap_ufixedILi16ELi6EL9ap_q_mode4EL_65|       pointer|
|p_ZZN4nnet24compute_output_buffer_2dINS_5arrayI9ap_ufixedILi16ELi6EL9ap_q_mode4EL_64  |   in|   16|     ap_none|  p_ZZN4nnet24compute_output_buffer_2dINS_5arrayI9ap_ufixedILi16ELi6EL9ap_q_mode4EL_64|       pointer|
|p_ZZN4nnet24compute_output_buffer_2dINS_5arrayI9ap_ufixedILi16ELi6EL9ap_q_mode4EL_63  |   in|   16|     ap_none|  p_ZZN4nnet24compute_output_buffer_2dINS_5arrayI9ap_ufixedILi16ELi6EL9ap_q_mode4EL_63|       pointer|
|p_ZZN4nnet24compute_output_buffer_2dINS_5arrayI9ap_ufixedILi16ELi6EL9ap_q_mode4EL_62  |   in|   16|     ap_none|  p_ZZN4nnet24compute_output_buffer_2dINS_5arrayI9ap_ufixedILi16ELi6EL9ap_q_mode4EL_62|       pointer|
|p_ZZN4nnet24compute_output_buffer_2dINS_5arrayI9ap_ufixedILi16ELi6EL9ap_q_mode4EL_61  |   in|   16|     ap_none|  p_ZZN4nnet24compute_output_buffer_2dINS_5arrayI9ap_ufixedILi16ELi6EL9ap_q_mode4EL_61|       pointer|
|p_ZZN4nnet24compute_output_buffer_2dINS_5arrayI9ap_ufixedILi16ELi6EL9ap_q_mode4EL_60  |   in|   16|     ap_none|  p_ZZN4nnet24compute_output_buffer_2dINS_5arrayI9ap_ufixedILi16ELi6EL9ap_q_mode4EL_60|       pointer|
|p_ZZN4nnet24compute_output_buffer_2dINS_5arrayI9ap_ufixedILi16ELi6EL9ap_q_mode4EL_59  |   in|   16|     ap_none|  p_ZZN4nnet24compute_output_buffer_2dINS_5arrayI9ap_ufixedILi16ELi6EL9ap_q_mode4EL_59|       pointer|
|p_ZZN4nnet24compute_output_buffer_2dINS_5arrayI9ap_ufixedILi16ELi6EL9ap_q_mode4EL_58  |   in|   16|     ap_none|  p_ZZN4nnet24compute_output_buffer_2dINS_5arrayI9ap_ufixedILi16ELi6EL9ap_q_mode4EL_58|       pointer|
|p_ZZN4nnet24compute_output_buffer_2dINS_5arrayI9ap_ufixedILi16ELi6EL9ap_q_mode4EL_57  |   in|   16|     ap_none|  p_ZZN4nnet24compute_output_buffer_2dINS_5arrayI9ap_ufixedILi16ELi6EL9ap_q_mode4EL_57|       pointer|
|p_ZZN4nnet24compute_output_buffer_2dINS_5arrayI9ap_ufixedILi16ELi6EL9ap_q_mode4EL_56  |   in|   16|     ap_none|  p_ZZN4nnet24compute_output_buffer_2dINS_5arrayI9ap_ufixedILi16ELi6EL9ap_q_mode4EL_56|       pointer|
|p_ZZN4nnet24compute_output_buffer_2dINS_5arrayI9ap_ufixedILi16ELi6EL9ap_q_mode4EL_55  |   in|   16|     ap_none|  p_ZZN4nnet24compute_output_buffer_2dINS_5arrayI9ap_ufixedILi16ELi6EL9ap_q_mode4EL_55|       pointer|
|p_ZZN4nnet24compute_output_buffer_2dINS_5arrayI9ap_ufixedILi16ELi6EL9ap_q_mode4EL_54  |   in|   16|     ap_none|  p_ZZN4nnet24compute_output_buffer_2dINS_5arrayI9ap_ufixedILi16ELi6EL9ap_q_mode4EL_54|       pointer|
|p_ZZN4nnet24compute_output_buffer_2dINS_5arrayI9ap_ufixedILi16ELi6EL9ap_q_mode4EL_53  |   in|   16|     ap_none|  p_ZZN4nnet24compute_output_buffer_2dINS_5arrayI9ap_ufixedILi16ELi6EL9ap_q_mode4EL_53|       pointer|
|p_ZZN4nnet24compute_output_buffer_2dINS_5arrayI9ap_ufixedILi16ELi6EL9ap_q_mode4EL_52  |   in|   16|     ap_none|  p_ZZN4nnet24compute_output_buffer_2dINS_5arrayI9ap_ufixedILi16ELi6EL9ap_q_mode4EL_52|       pointer|
|p_ZZN4nnet24compute_output_buffer_2dINS_5arrayI9ap_ufixedILi16ELi6EL9ap_q_mode4EL_51  |   in|   16|     ap_none|  p_ZZN4nnet24compute_output_buffer_2dINS_5arrayI9ap_ufixedILi16ELi6EL9ap_q_mode4EL_51|       pointer|
|p_ZZN4nnet24compute_output_buffer_2dINS_5arrayI9ap_ufixedILi16ELi6EL9ap_q_mode4EL_50  |   in|   16|     ap_none|  p_ZZN4nnet24compute_output_buffer_2dINS_5arrayI9ap_ufixedILi16ELi6EL9ap_q_mode4EL_50|       pointer|
|p_ZZN4nnet24compute_output_buffer_2dINS_5arrayI9ap_ufixedILi16ELi6EL9ap_q_mode4EL_49  |   in|   16|     ap_none|  p_ZZN4nnet24compute_output_buffer_2dINS_5arrayI9ap_ufixedILi16ELi6EL9ap_q_mode4EL_49|       pointer|
|p_ZZN4nnet24compute_output_buffer_2dINS_5arrayI9ap_ufixedILi16ELi6EL9ap_q_mode4EL_48  |   in|   16|     ap_none|  p_ZZN4nnet24compute_output_buffer_2dINS_5arrayI9ap_ufixedILi16ELi6EL9ap_q_mode4EL_48|       pointer|
|p_ZZN4nnet24compute_output_buffer_2dINS_5arrayI9ap_ufixedILi16ELi6EL9ap_q_mode4EL_47  |   in|   16|     ap_none|  p_ZZN4nnet24compute_output_buffer_2dINS_5arrayI9ap_ufixedILi16ELi6EL9ap_q_mode4EL_47|       pointer|
|p_ZZN4nnet24compute_output_buffer_2dINS_5arrayI9ap_ufixedILi16ELi6EL9ap_q_mode4EL_46  |   in|   16|     ap_none|  p_ZZN4nnet24compute_output_buffer_2dINS_5arrayI9ap_ufixedILi16ELi6EL9ap_q_mode4EL_46|       pointer|
|p_ZZN4nnet24compute_output_buffer_2dINS_5arrayI9ap_ufixedILi16ELi6EL9ap_q_mode4EL_45  |   in|   16|     ap_none|  p_ZZN4nnet24compute_output_buffer_2dINS_5arrayI9ap_ufixedILi16ELi6EL9ap_q_mode4EL_45|       pointer|
|p_ZZN4nnet24compute_output_buffer_2dINS_5arrayI9ap_ufixedILi16ELi6EL9ap_q_mode4EL_44  |   in|   16|     ap_none|  p_ZZN4nnet24compute_output_buffer_2dINS_5arrayI9ap_ufixedILi16ELi6EL9ap_q_mode4EL_44|       pointer|
|p_ZZN4nnet24compute_output_buffer_2dINS_5arrayI9ap_ufixedILi16ELi6EL9ap_q_mode4EL_43  |   in|   16|     ap_none|  p_ZZN4nnet24compute_output_buffer_2dINS_5arrayI9ap_ufixedILi16ELi6EL9ap_q_mode4EL_43|       pointer|
|p_ZZN4nnet24compute_output_buffer_2dINS_5arrayI9ap_ufixedILi16ELi6EL9ap_q_mode4EL_42  |   in|   16|     ap_none|  p_ZZN4nnet24compute_output_buffer_2dINS_5arrayI9ap_ufixedILi16ELi6EL9ap_q_mode4EL_42|       pointer|
|p_ZZN4nnet24compute_output_buffer_2dINS_5arrayI9ap_ufixedILi16ELi6EL9ap_q_mode4EL_41  |   in|   16|     ap_none|  p_ZZN4nnet24compute_output_buffer_2dINS_5arrayI9ap_ufixedILi16ELi6EL9ap_q_mode4EL_41|       pointer|
|p_ZZN4nnet24compute_output_buffer_2dINS_5arrayI9ap_ufixedILi16ELi6EL9ap_q_mode4EL_40  |   in|   16|     ap_none|  p_ZZN4nnet24compute_output_buffer_2dINS_5arrayI9ap_ufixedILi16ELi6EL9ap_q_mode4EL_40|       pointer|
|p_ZZN4nnet24compute_output_buffer_2dINS_5arrayI9ap_ufixedILi16ELi6EL9ap_q_mode4EL_39  |   in|   16|     ap_none|  p_ZZN4nnet24compute_output_buffer_2dINS_5arrayI9ap_ufixedILi16ELi6EL9ap_q_mode4EL_39|       pointer|
|p_ZZN4nnet24compute_output_buffer_2dINS_5arrayI9ap_ufixedILi16ELi6EL9ap_q_mode4EL_38  |   in|   16|     ap_none|  p_ZZN4nnet24compute_output_buffer_2dINS_5arrayI9ap_ufixedILi16ELi6EL9ap_q_mode4EL_38|       pointer|
|p_ZZN4nnet24compute_output_buffer_2dINS_5arrayI9ap_ufixedILi16ELi6EL9ap_q_mode4EL_37  |   in|   16|     ap_none|  p_ZZN4nnet24compute_output_buffer_2dINS_5arrayI9ap_ufixedILi16ELi6EL9ap_q_mode4EL_37|       pointer|
|p_ZZN4nnet24compute_output_buffer_2dINS_5arrayI9ap_ufixedILi16ELi6EL9ap_q_mode4EL_36  |   in|   16|     ap_none|  p_ZZN4nnet24compute_output_buffer_2dINS_5arrayI9ap_ufixedILi16ELi6EL9ap_q_mode4EL_36|       pointer|
|p_ZZN4nnet24compute_output_buffer_2dINS_5arrayI9ap_ufixedILi16ELi6EL9ap_q_mode4EL_35  |   in|   16|     ap_none|  p_ZZN4nnet24compute_output_buffer_2dINS_5arrayI9ap_ufixedILi16ELi6EL9ap_q_mode4EL_35|       pointer|
|p_ZZN4nnet24compute_output_buffer_2dINS_5arrayI9ap_ufixedILi16ELi6EL9ap_q_mode4EL_34  |   in|   16|     ap_none|  p_ZZN4nnet24compute_output_buffer_2dINS_5arrayI9ap_ufixedILi16ELi6EL9ap_q_mode4EL_34|       pointer|
|p_ZZN4nnet24compute_output_buffer_2dINS_5arrayI9ap_ufixedILi16ELi6EL9ap_q_mode4EL_33  |   in|   16|     ap_none|  p_ZZN4nnet24compute_output_buffer_2dINS_5arrayI9ap_ufixedILi16ELi6EL9ap_q_mode4EL_33|       pointer|
|p_ZZN4nnet24compute_output_buffer_2dINS_5arrayI9ap_ufixedILi16ELi6EL9ap_q_mode4EL_32  |   in|   16|     ap_none|  p_ZZN4nnet24compute_output_buffer_2dINS_5arrayI9ap_ufixedILi16ELi6EL9ap_q_mode4EL_32|       pointer|
|p_ZZN4nnet24compute_output_buffer_2dINS_5arrayI9ap_ufixedILi16ELi6EL9ap_q_mode4EL_31  |   in|   16|     ap_none|  p_ZZN4nnet24compute_output_buffer_2dINS_5arrayI9ap_ufixedILi16ELi6EL9ap_q_mode4EL_31|       pointer|
|p_ZZN4nnet24compute_output_buffer_2dINS_5arrayI9ap_ufixedILi16ELi6EL9ap_q_mode4EL_30  |   in|   16|     ap_none|  p_ZZN4nnet24compute_output_buffer_2dINS_5arrayI9ap_ufixedILi16ELi6EL9ap_q_mode4EL_30|       pointer|
|p_ZZN4nnet24compute_output_buffer_2dINS_5arrayI9ap_ufixedILi16ELi6EL9ap_q_mode4EL_29  |   in|   16|     ap_none|  p_ZZN4nnet24compute_output_buffer_2dINS_5arrayI9ap_ufixedILi16ELi6EL9ap_q_mode4EL_29|       pointer|
|p_ZZN4nnet24compute_output_buffer_2dINS_5arrayI9ap_ufixedILi16ELi6EL9ap_q_mode4EL_28  |   in|   16|     ap_none|  p_ZZN4nnet24compute_output_buffer_2dINS_5arrayI9ap_ufixedILi16ELi6EL9ap_q_mode4EL_28|       pointer|
|p_ZZN4nnet24compute_output_buffer_2dINS_5arrayI9ap_ufixedILi16ELi6EL9ap_q_mode4EL_27  |   in|   16|     ap_none|  p_ZZN4nnet24compute_output_buffer_2dINS_5arrayI9ap_ufixedILi16ELi6EL9ap_q_mode4EL_27|       pointer|
|p_ZZN4nnet24compute_output_buffer_2dINS_5arrayI9ap_ufixedILi16ELi6EL9ap_q_mode4EL_26  |   in|   16|     ap_none|  p_ZZN4nnet24compute_output_buffer_2dINS_5arrayI9ap_ufixedILi16ELi6EL9ap_q_mode4EL_26|       pointer|
|p_ZZN4nnet24compute_output_buffer_2dINS_5arrayI9ap_ufixedILi16ELi6EL9ap_q_mode4EL_25  |   in|   16|     ap_none|  p_ZZN4nnet24compute_output_buffer_2dINS_5arrayI9ap_ufixedILi16ELi6EL9ap_q_mode4EL_25|       pointer|
|p_ZZN4nnet24compute_output_buffer_2dINS_5arrayI9ap_ufixedILi16ELi6EL9ap_q_mode4EL_24  |   in|   16|     ap_none|  p_ZZN4nnet24compute_output_buffer_2dINS_5arrayI9ap_ufixedILi16ELi6EL9ap_q_mode4EL_24|       pointer|
|p_ZZN4nnet24compute_output_buffer_2dINS_5arrayI9ap_ufixedILi16ELi6EL9ap_q_mode4EL_23  |   in|   16|     ap_none|  p_ZZN4nnet24compute_output_buffer_2dINS_5arrayI9ap_ufixedILi16ELi6EL9ap_q_mode4EL_23|       pointer|
|p_ZZN4nnet24compute_output_buffer_2dINS_5arrayI9ap_ufixedILi16ELi6EL9ap_q_mode4EL_22  |   in|   16|     ap_none|  p_ZZN4nnet24compute_output_buffer_2dINS_5arrayI9ap_ufixedILi16ELi6EL9ap_q_mode4EL_22|       pointer|
|p_ZZN4nnet24compute_output_buffer_2dINS_5arrayI9ap_ufixedILi16ELi6EL9ap_q_mode4EL_21  |   in|   16|     ap_none|  p_ZZN4nnet24compute_output_buffer_2dINS_5arrayI9ap_ufixedILi16ELi6EL9ap_q_mode4EL_21|       pointer|
|p_ZZN4nnet24compute_output_buffer_2dINS_5arrayI9ap_ufixedILi16ELi6EL9ap_q_mode4EL_20  |   in|   16|     ap_none|  p_ZZN4nnet24compute_output_buffer_2dINS_5arrayI9ap_ufixedILi16ELi6EL9ap_q_mode4EL_20|       pointer|
|p_ZZN4nnet24compute_output_buffer_2dINS_5arrayI9ap_ufixedILi16ELi6EL9ap_q_mode4EL_19  |   in|   16|     ap_none|  p_ZZN4nnet24compute_output_buffer_2dINS_5arrayI9ap_ufixedILi16ELi6EL9ap_q_mode4EL_19|       pointer|
|p_ZZN4nnet24compute_output_buffer_2dINS_5arrayI9ap_ufixedILi16ELi6EL9ap_q_mode4EL_18  |   in|   16|     ap_none|  p_ZZN4nnet24compute_output_buffer_2dINS_5arrayI9ap_ufixedILi16ELi6EL9ap_q_mode4EL_18|       pointer|
|p_ZZN4nnet24compute_output_buffer_2dINS_5arrayI9ap_ufixedILi16ELi6EL9ap_q_mode4EL_17  |   in|   16|     ap_none|  p_ZZN4nnet24compute_output_buffer_2dINS_5arrayI9ap_ufixedILi16ELi6EL9ap_q_mode4EL_17|       pointer|
|p_ZZN4nnet24compute_output_buffer_2dINS_5arrayI9ap_ufixedILi16ELi6EL9ap_q_mode4EL_16  |   in|   16|     ap_none|  p_ZZN4nnet24compute_output_buffer_2dINS_5arrayI9ap_ufixedILi16ELi6EL9ap_q_mode4EL_16|       pointer|
|p_ZZN4nnet24compute_output_buffer_2dINS_5arrayI9ap_ufixedILi16ELi6EL9ap_q_mode4EL_15  |   in|   16|     ap_none|  p_ZZN4nnet24compute_output_buffer_2dINS_5arrayI9ap_ufixedILi16ELi6EL9ap_q_mode4EL_15|       pointer|
|p_ZZN4nnet24compute_output_buffer_2dINS_5arrayI9ap_ufixedILi16ELi6EL9ap_q_mode4EL_14  |   in|   16|     ap_none|  p_ZZN4nnet24compute_output_buffer_2dINS_5arrayI9ap_ufixedILi16ELi6EL9ap_q_mode4EL_14|       pointer|
|p_ZZN4nnet24compute_output_buffer_2dINS_5arrayI9ap_ufixedILi16ELi6EL9ap_q_mode4EL_13  |   in|   16|     ap_none|  p_ZZN4nnet24compute_output_buffer_2dINS_5arrayI9ap_ufixedILi16ELi6EL9ap_q_mode4EL_13|       pointer|
|p_ZZN4nnet24compute_output_buffer_2dINS_5arrayI9ap_ufixedILi16ELi6EL9ap_q_mode4EL_12  |   in|   16|     ap_none|  p_ZZN4nnet24compute_output_buffer_2dINS_5arrayI9ap_ufixedILi16ELi6EL9ap_q_mode4EL_12|       pointer|
|p_ZZN4nnet24compute_output_buffer_2dINS_5arrayI9ap_ufixedILi16ELi6EL9ap_q_mode4EL_11  |   in|   16|     ap_none|  p_ZZN4nnet24compute_output_buffer_2dINS_5arrayI9ap_ufixedILi16ELi6EL9ap_q_mode4EL_11|       pointer|
|p_ZZN4nnet24compute_output_buffer_2dINS_5arrayI9ap_ufixedILi16ELi6EL9ap_q_mode4EL_10  |   in|   16|     ap_none|  p_ZZN4nnet24compute_output_buffer_2dINS_5arrayI9ap_ufixedILi16ELi6EL9ap_q_mode4EL_10|       pointer|
|p_ZZN4nnet24compute_output_buffer_2dINS_5arrayI9ap_ufixedILi16ELi6EL9ap_q_mode4EL_9   |   in|   16|     ap_none|   p_ZZN4nnet24compute_output_buffer_2dINS_5arrayI9ap_ufixedILi16ELi6EL9ap_q_mode4EL_9|       pointer|
|p_ZZN4nnet24compute_output_buffer_2dINS_5arrayI9ap_ufixedILi16ELi6EL9ap_q_mode4EL_8   |   in|   16|     ap_none|   p_ZZN4nnet24compute_output_buffer_2dINS_5arrayI9ap_ufixedILi16ELi6EL9ap_q_mode4EL_8|       pointer|
|p_ZZN4nnet24compute_output_buffer_2dINS_5arrayI9ap_ufixedILi16ELi6EL9ap_q_mode4EL_7   |   in|   16|     ap_none|   p_ZZN4nnet24compute_output_buffer_2dINS_5arrayI9ap_ufixedILi16ELi6EL9ap_q_mode4EL_7|       pointer|
|p_ZZN4nnet24compute_output_buffer_2dINS_5arrayI9ap_ufixedILi16ELi6EL9ap_q_mode4EL_6   |   in|   16|     ap_none|   p_ZZN4nnet24compute_output_buffer_2dINS_5arrayI9ap_ufixedILi16ELi6EL9ap_q_mode4EL_6|       pointer|
|p_ZZN4nnet24compute_output_buffer_2dINS_5arrayI9ap_ufixedILi16ELi6EL9ap_q_mode4EL_5   |   in|   16|     ap_none|   p_ZZN4nnet24compute_output_buffer_2dINS_5arrayI9ap_ufixedILi16ELi6EL9ap_q_mode4EL_5|       pointer|
|p_ZZN4nnet24compute_output_buffer_2dINS_5arrayI9ap_ufixedILi16ELi6EL9ap_q_mode4EL_4   |   in|   16|     ap_none|   p_ZZN4nnet24compute_output_buffer_2dINS_5arrayI9ap_ufixedILi16ELi6EL9ap_q_mode4EL_4|       pointer|
|p_ZZN4nnet24compute_output_buffer_2dINS_5arrayI9ap_ufixedILi16ELi6EL9ap_q_mode4EL_3   |   in|   16|     ap_none|   p_ZZN4nnet24compute_output_buffer_2dINS_5arrayI9ap_ufixedILi16ELi6EL9ap_q_mode4EL_3|       pointer|
|p_ZZN4nnet24compute_output_buffer_2dINS_5arrayI9ap_ufixedILi16ELi6EL9ap_q_mode4EL_2   |   in|   16|     ap_none|   p_ZZN4nnet24compute_output_buffer_2dINS_5arrayI9ap_ufixedILi16ELi6EL9ap_q_mode4EL_2|       pointer|
|p_ZZN4nnet24compute_output_buffer_2dINS_5arrayI9ap_ufixedILi16ELi6EL9ap_q_mode4EL_1   |   in|   16|     ap_none|   p_ZZN4nnet24compute_output_buffer_2dINS_5arrayI9ap_ufixedILi16ELi6EL9ap_q_mode4EL_1|       pointer|
|p_ZZN4nnet24compute_output_buffer_2dINS_5arrayI9ap_ufixedILi16ELi6EL9ap_q_mode4EL     |   in|   16|     ap_none|     p_ZZN4nnet24compute_output_buffer_2dINS_5arrayI9ap_ufixedILi16ELi6EL9ap_q_mode4EL|       pointer|
|p_ZZN4nnet24compute_output_buffer_2dINS_5arrayI9ap_ufixedILi16ELi6EL9ap_q_mode4EL_96  |   in|   16|     ap_none|  p_ZZN4nnet24compute_output_buffer_2dINS_5arrayI9ap_ufixedILi16ELi6EL9ap_q_mode4EL_96|       pointer|
|p_ZZN4nnet24compute_output_buffer_2dINS_5arrayI9ap_ufixedILi16ELi6EL9ap_q_mode4EL_95  |   in|   16|     ap_none|  p_ZZN4nnet24compute_output_buffer_2dINS_5arrayI9ap_ufixedILi16ELi6EL9ap_q_mode4EL_95|       pointer|
|p_ZZN4nnet24compute_output_buffer_2dINS_5arrayI9ap_ufixedILi16ELi6EL9ap_q_mode4EL_94  |   in|   16|     ap_none|  p_ZZN4nnet24compute_output_buffer_2dINS_5arrayI9ap_ufixedILi16ELi6EL9ap_q_mode4EL_94|       pointer|
|p_ZZN4nnet24compute_output_buffer_2dINS_5arrayI9ap_ufixedILi16ELi6EL9ap_q_mode4EL_93  |   in|   16|     ap_none|  p_ZZN4nnet24compute_output_buffer_2dINS_5arrayI9ap_ufixedILi16ELi6EL9ap_q_mode4EL_93|       pointer|
|p_ZZN4nnet24compute_output_buffer_2dINS_5arrayI9ap_ufixedILi16ELi6EL9ap_q_mode4EL_92  |   in|   16|     ap_none|  p_ZZN4nnet24compute_output_buffer_2dINS_5arrayI9ap_ufixedILi16ELi6EL9ap_q_mode4EL_92|       pointer|
|p_ZZN4nnet24compute_output_buffer_2dINS_5arrayI9ap_ufixedILi16ELi6EL9ap_q_mode4EL_91  |   in|   16|     ap_none|  p_ZZN4nnet24compute_output_buffer_2dINS_5arrayI9ap_ufixedILi16ELi6EL9ap_q_mode4EL_91|       pointer|
|p_ZZN4nnet24compute_output_buffer_2dINS_5arrayI9ap_ufixedILi16ELi6EL9ap_q_mode4EL_90  |   in|   16|     ap_none|  p_ZZN4nnet24compute_output_buffer_2dINS_5arrayI9ap_ufixedILi16ELi6EL9ap_q_mode4EL_90|       pointer|
|p_ZZN4nnet24compute_output_buffer_2dINS_5arrayI9ap_ufixedILi16ELi6EL9ap_q_mode4EL_89  |   in|   16|     ap_none|  p_ZZN4nnet24compute_output_buffer_2dINS_5arrayI9ap_ufixedILi16ELi6EL9ap_q_mode4EL_89|       pointer|
+--------------------------------------------------------------------------------------+-----+-----+------------+--------------------------------------------------------------------------------------+--------------+

